skillId	name	animTani	effectSfx	effectBone	dash
1	TestSkill	Data\source\player\F1\动作\F1b01bi攻击03_五毒HD.tani			120
2	空雾峰_1号BOSS_欠债	Data\source\player\F1\动作\F1b01aq攻击01.tani			0
4	空雾峰_1号BOSS_金钱漫天	Data\source\player\F1\动作\F1b01aq攻击01.tani			0
5	击倒	Data\source\player\F1\动作\F1b01aq攻击01.tani			0
6	击退到	Data\source\player\F1\动作\F1b01aq攻击01.tani			0
9	奇穴·任脉·十宣	Data\source\player\F1\动作\F1b01aq攻击02.tani			0
10	横扫千军	Data\source\player\F1\动作\F1b02xs攻击05.tani	data\source\other\特效\技能\SFX\被击\被击_闪光烟尘01_拳肉身.Sfx	S_fxmid	0
11	普通攻击-棍攻击	Data\source\player\F1\动作\F1b04gu攻击01_hd01.tani	data\source\other\HD特效\技能\Pss\被击\S_少林被击_普攻.pss	S_fxmid	0
13	普通攻击-剑攻击		data\source\other\HD特效\技能\Pss\被击\C_纯阳被击_普攻.pss	S_fxmid	0
14	普通攻击-拳套攻击	data\source\player\F1\动作\F1b01qt攻击01.tani	data\source\other\特效\技能\SFX\被击\被击_闪光烟尘01_拳肉身.Sfx	S_fxmid	0
15	普通攻击-双兵攻击	Data\source\player\F1\动作\F1b05ty攻击01_七秀普攻hd.tani	data\source\other\HD特效\技能\Pss\被击\Q_七秀被击_普攻.pss	S_fxmid	0
29	拱手	Data\source\player\F1\动作\F1b02dj拱手.ani			0
30	鼓掌	Data\source\player\F1\动作\F1b02dj鼓掌.tani			0
31	哭	Data\source\player\F1\动作\F1b02dj哭.tani			0
32	笑	Data\source\player\F1\动作\F1b02dj笑.tani			0
34	江湖-防身武艺-暗器攻击	Data\source\player\F1\动作\F1b01aq攻击01.tani			0
35	 基础环通2传功	Data\source\player\F1\动作\F1b02ty阵法02.tani			0
36	闪电链	data\source\player\F1\动作\F1b01qt攻击01.tani			0
39	练功针对ID10000	Data\source\player\F1\动作\F1b04ty攻击01.tani			0
48	骑乘跳跃用技能	data\source\player\F1\动作\F1H嘶叫01.ani			0
49	扫叶腿法-回风落叶	Data\source\player\F1\动作\F1b02xs攻击01.tani	data\source\other\特效\技能\SFX\被击\被击_闪光烟尘01_拳肉身.Sfx	S_fxmid	0
50	击飞	Data\source\player\F1\动作\F1b04ty攻击02.tani			0
51	晕	Data\source\player\F1\动作\F1b03cy攻击02_三柴hd.tani			0
52	回春妙手	Data\source\player\F1\动作\F1b02xs攻击02-02.tani			0
55	驱散换模BUFF	Data\source\player\F1\动作\F1b04ty攻击03.tani			0
56	任务AOE技能	Data\source\player\F1\动作\F1b04ty攻击03.tani			0
57	任务AOE释放	Data\source\player\F1\动作\F1b03cy攻击03_三柴hd.tani			0
58	猛虎下山	Data\source\player\F1\动作\F1b02xs攻击04.tani			0
59	NPC远程普通攻击	Data\source\player\F1\动作\F1b05ty攻击03_七秀普攻hd.tani			0
72	任脉·上脘(废弃)	Data\source\player\F1\动作\F1b02ty阵法02.tani			0
74	任脉·鸠尾(废弃)	Data\source\player\F1\动作\F1b02ty阵法02.tani			0
76	任脉·膻中(废弃)	Data\source\player\F1\动作\F1b02ty阵法02.tani			0
81	获得传送轻功	data\source\player\f1\动作\f1b01ty普通待机01_神行01.ani			0
100	星楼月影	data\source\player\F1\动作\F1s01wh技能12_星楼月影hd.tani			0
101	握针	data\source\player\F1\动作\F1s01wh针灸11_握针hd.tani			0
114	督脉·风府	Data\source\player\F1\动作\F1b02ty经脉01.tani			0
115	督脉·脑户	Data\source\player\F1\动作\F1b02ty经脉01.tani			0
116	督脉·后顶	Data\source\player\F1\动作\F1b02ty经脉01.tani			0
117	督脉·百会	Data\source\player\F1\动作\F1b02ty经脉01.tani			0
130	清心静气	data\source\player\F1\动作\F1swh01辅助技能01_清心HD.tani			0
131	碧水滔天	data\source\player\F1\动作\F1s01wh技能14_碧水HD.tani			0
132	春泥护花	data\source\player\F1\动作\F1s01wh技能15_春泥HD.tani			0
133	清风垂露	data\source\player\F1\动作\F1s01wh针灸17_垂露HD.tani			0
134	花语酥心	data\source\player\F1\动作\F1swh01辅助技能03.tani			0
136	水月无间	data\source\player\F1\动作\F1s01wh技能11_水月HD.tani			0
137	局针	data\source\player\F1\动作\F1swh01针灸02.tani			0
138	提针	data\source\player\F1\动作\F1s01wh针灸12b提针HD.tani			0
139	锋针	data\source\player\F1\动作\F1s01wh针灸19b缝针HD.tani			0
140	彼针	data\source\player\F1\动作\F1s01wh针灸15b彼针HD.tani			0
141	毫针	data\source\player\F1\动作\F1swh01针灸03-02.tani			0
142	长针	data\source\player\F1\动作\F1s01wh针灸13b长针hd.tani			0
143	大针	data\source\player\F1\动作\F1swh01针灸05-02.tani			0
153	带脉·光明	Data\source\player\F1\动作\F1b02ty经脉01.tani			0
154	带脉·外丘	Data\source\player\F1\动作\F1b02ty经脉01.tani			0
155	带脉·悬钟	Data\source\player\F1\动作\F1b02ty经脉02.tani			0
167	冲脉·幽门	Data\source\player\F1\动作\F1b02ty经脉01.tani			0
168	冲脉·关门	Data\source\player\F1\动作\F1b02ty经脉01.tani			0
169	冲脉·太乙	Data\source\player\F1\动作\F1b02ty经脉02.tani			0
181	少阳指	data\source\player\F1\动作\F1swh01点穴03.tani			0
183	厥阴指	data\source\player\F1\动作\F1s01wh点穴18_厥阴指hd.tani			0
184	少明指	data\source\player\F1\动作\F1s01wh点穴21b_少明指HD.tani			0
186	芙蓉并蒂	data\source\player\F1\动作\F1s01wh点穴20_芙蓉并蒂HD.tani			0
187	傍花随柳	data\source\player\F1\动作\F1swh01拂穴02.tani			0
188	浮花浪蕊	data\source\player\F1\动作\F1s01wh点穴22b_浮花浪蕊HD.tani			0
189	钟林毓秀	data\source\player\f1\动作\f1s01wh点穴14b_钟林毓秀hd.tani			0
230	万花伤害阵法施放	Data\source\player\F1\动作\F1b02ty阵法01.tani			0
300	凝神聚气	data\source\player\F1\动作\F1scy03聚气01-11.tani			0
302	五方行尽	data\source\player\F1\动作\F1scy03纯阳技能09-02.tani			0
303	三才化生	data\source\player\F1\动作\F1s03cy气技能18_三才hd.tani			0
305	九转归一	data\source\player\F1\动作\F1scy03气攻击01_九转HD.tani			0
307	剑冲阴阳	data\source\player\F1\动作\F1scy03技能03-01.tani			0
308	玄一无相	data\source\player\F1\动作\F1scy03技能01-01.tani			0
309	天地无极	data\source\player\F1\动作\F1s03cy剑技能11c.ani	data\source\other\HD特效\技能\Pss\被击\C_纯阳四象爆01.pss	S_fxmid	0
310	剑飞惊天	data\source\player\F1\动作\F1s03cy剑技能12_剑飞HD.tani	data\source\other\HD特效\技能\Pss\被击\C_纯阳剑飞被击01.pss	S_fxmid	0
311	万剑归宗	data\source\player\F1\动作\F1s03cy剑技能13_万剑HD.tani	data\source\other\HD特效\技能\Pss\被击\C_纯阳两仪爆02.pss	S_fxmid	0
312	坐忘无我	data\source\player\F1\动作\F1s03cy技能11_坐忘HD.tani			0
313	韬光养晦	data\source\player\F1\动作\F1scy03技能05-08.tani			0
314	吐故纳新	data\source\player\F1\动作\F1scy03气攻击01-07.tani			0
316	抱元守缺	data\source\player\F1\动作\F1scy03技能05-09.tani			0
327	三才化生_1点气	data\source\player\F1\动作\F1s03cy气技能13_五方HD.tani			0
328	三才化生_2点气	data\source\player\F1\动作\F1s03cy气技能13_五方HD.tani			0
329	三才化生_3点气	data\source\player\F1\动作\F1s03cy气技能13_五方HD.tani			0
330	三才化生_4点气	data\source\player\F1\动作\F1s03cy气技能13_五方HD.tani			0
331	三才化生_5点气	data\source\player\F1\动作\F1s03cy气技能13_五方HD.tani			0
337	剑冲阴阳_减治疗效果		data\source\other\HD特效\技能\Pss\被击\C_纯阳两仪爆01.pss	S_fxmid	0
338	玄一无相_减速		data\source\other\HD特效\技能\Pss\被击\C_纯阳两仪爆01.pss	S_fxmid	0
346	梯云纵	data\source\player\F1\动作\F1s03cy技能12a_梯云纵hd.tani			0
347	纯阳气宗阵法施放	Data\source\player\F1\动作\F1b02ty阵法01.tani			0
355	凭虚御风	data\source\player\F1\动作\F1scy03技能02_御风HD.tani			0
356	返本归元	data\source\player\F1\动作\F1scy03技能04-04.tani			0
357	化三清	data\source\player\F1\动作\F1s03cy技能14b_化三清HD.tani			0
358	生太极	data\source\player\F1\动作\F1s03cy技能16b_生太极hd.tani			0
359	破苍穹	data\source\player\F1\动作\F1s03cy技能15b_破苍穹HD.tani			0
360	冲阴阳	data\source\player\F1\动作\F1scy03技能05-04.tani			0
361	凌太虚	data\source\player\F1\动作\F1scy03技能05-05.tani			0
362	碎星辰	data\source\player\F1\动作\F1s03cy技能17b_碎星辰HD.tani			0
363	吞日月	data\source\player\F1\动作\F1s03cy技能18b_吞日月HD.tani			0
364	三环套月		data\source\other\HD特效\技能\Pss\被击\C_纯阳两仪爆02.pss	S_fxmid	0
368	六合独尊	data\source\player\F1\动作\F1s03cy气技能14_六合HD.tani			0
371	镇山河	data\source\player\F1\动作\F1s03cy技能13b_镇山河.tani			0
372	转乾坤	data\source\player\F1\动作\F1s03cy剑技能16_乾坤HD.tani			0
383	无我无剑_1点气	data\source\player\F1\动作\F1s03cy剑技能14_无我无剑HD.tani			0
386	无我无剑_2点气	data\source\player\F1\动作\F1s03cy剑技能14_无我无剑HD.tani			0
387	无我无剑_3点气	data\source\player\F1\动作\F1s03cy剑技能14_无我无剑HD.tani			0
388	无我无剑_4点气	data\source\player\F1\动作\F1s03cy剑技能14_无我无剑HD.tani			0
389	无我无剑_5点气	data\source\player\F1\动作\F1s03cy剑技能14_无我无剑HD.tani			0
390	无我无剑_6点气	data\source\player\F1\动作\F1s03cy剑技能14_无我无剑HD.tani			0
391	无我无剑_7点气	data\source\player\F1\动作\F1s03cy剑技能14_无我无剑HD.tani			0
392	无我无剑_8点气	data\source\player\F1\动作\F1s03cy剑技能14_无我无剑HD.tani			0
393	无我无剑_9点气	data\source\player\F1\动作\F1s03cy剑技能14_无我无剑HD.tani			0
394	无我无剑_10点气	data\source\player\F1\动作\F1s03cy剑技能14_无我无剑奇穴HD.tani			0
395	大道无术_1点气	data\source\player\F1\动作\F1scy03纯阳技能11_大道无术hd.tani			0
396	大道无术_2点气	data\source\player\F1\动作\F1scy03纯阳技能11_大道无术hd.tani			0
397	大道无术_3点气	data\source\player\F1\动作\F1scy03纯阳技能11_大道无术hd.tani			0
398	大道无术_4点气	data\source\player\F1\动作\F1scy03纯阳技能11_大道无术hd.tani			0
399	大道无术_5点气	data\source\player\F1\动作\F1scy03纯阳技能11_大道无术hd.tani			0
402	天策-定军	data\source\player\F1\动作\F1s04tc技能21_定军HD.tani	data\source\other\HD特效\技能\Pss\被击\T_天策被击02.pss	S_fxmid	0
404	天策-撼如雷	data\source\player\F1\动作\F1s04tc技能22_撼HD.tani			0
405	天策-徐如林	data\source\player\F1\动作\F1stc04技能01-02.tani			0
411	天策-掠如火	data\source\player\F1\动作\F1stc04技能01-03.tani			0
412	天策-疾如风	data\source\player\F1\动作\F1s04tc技能24_疾如风hd.tani			0
413	天策-守如山	data\source\player\F1\动作\F1s04tc技能23_守如山HD.tani			0
420	天策-乱(未启用)	data\source\player\F1\动作\F1stc04枪攻击10.tani	data\source\other\特效\技能\SFX\被击\被击_天策攻击09.Sfx	S_fxmid	0
421	大道无术_6点气	data\source\player\F1\动作\F1scy03纯阳技能11_大道无术hd.tani			0
422	天策-啸如虎	data\source\player\F1\动作\F1s04tc技能25_啸如虎01HD.tani			0
423	天策-灭	data\source\player\F1\动作\F1s04tc技能17_灭HD.tani			0
425	天策-御奔突	data\source\player\F1\动作\F1stc04骑乘02.tani	data\source\other\特效\技能\SFX\被击\被击_天策攻击09.Sfx	S_fxmid	0
426	天策-破坚阵	data\source\player\F1\动作\F1s04tc技能27_骑乘破坚阵HD.tani			0
427	天策-战八方	data\source\player\F1\动作\F1s04tc技能29_骑乘_战八方hd.tani			0
431	天策_子技能_突_伤害	data\source\player\F1\动作\F1s04tc技能14b_突HD.tani			0
432	天策_子技能_疾_伤害眩晕		data\source\other\HD特效\技能\Pss\被击\t_天策龙吟被击01.pss	S_fxmid	0
433	天策-任驰骋		data\source\other\特效\技能\SFX\被击\被击_天策攻击09.Sfx	S_fxmid	0
434	落星惊鸿阵3	data\source\player\F1\动作\F1stc04技能01-02.tani	data\source\other\特效\技能\SFX\被击\被击_天策攻击09.Sfx	S_fxmid	0
441	天策-穿	data\source\player\F1\动作\F1stc04枪攻击09.tani	data\source\other\特效\技能\SFX\被击\被击_天策攻击09.Sfx	S_fxmid	0
442	天策-御	data\source\player\F1\动作\F1s04tc技能15_御HD.tani			0
451	大道无术_7点气	data\source\player\F1\动作\F1scy03纯阳技能11_大道无术hd.tani			0
452	大道无术_8点气	data\source\player\F1\动作\F1scy03纯阳技能11_大道无术hd.tani			0
453	大道无术_9点气	data\source\player\F1\动作\F1scy03纯阳技能11_大道无术hd.tani			0
454	大道无术_10点气	data\source\player\F1\动作\F1scy03纯阳技能11_大道无术hd.tani			0
461	三才化生_6点气	data\source\player\F1\动作\F1s03cy气技能13_五方HD.tani			0
462	三才化生_7点气	data\source\player\F1\动作\F1s03cy气技能13_五方HD.tani			0
463	三才化生_8点气	data\source\player\F1\动作\F1s03cy气技能13_五方HD.tani			0
464	三才化生_9点气	data\source\player\F1\动作\F1s03cy气技能13_五方HD.tani			0
465	三才化生_10点气	data\source\player\F1\动作\F1s03cy气技能13_五方HD.tani			0
466	八卦洞玄_1点气	data\source\player\F1\动作\F1scy03纯阳技能10_八卦洞玄hd.tani			0
467	八卦洞玄_2点气	data\source\player\F1\动作\F1scy03纯阳技能10_八卦洞玄hd.tani			0
468	八卦洞玄_3点气	data\source\player\F1\动作\F1scy03纯阳技能10_八卦洞玄hd.tani			0
469	八卦洞玄_4点气	data\source\player\F1\动作\F1scy03纯阳技能10_八卦洞玄hd.tani			0
470	八卦洞玄_5点气	data\source\player\F1\动作\F1scy03纯阳技能10_八卦洞玄hd.tani			0
471	八卦洞玄_6点气	data\source\player\F1\动作\F1scy03纯阳技能10_八卦洞玄hd.tani			0
472	八卦洞玄_7点气	data\source\player\F1\动作\F1scy03纯阳技能10_八卦洞玄hd.tani			0
473	八卦洞玄_8点气	data\source\player\F1\动作\F1scy03纯阳技能10_八卦洞玄hd.tani			0
474	八卦洞玄_9点气	data\source\player\F1\动作\F1scy03纯阳技能10_八卦洞玄hd.tani			0
475	八卦洞玄_10点气	data\source\player\F1\动作\F1scy03纯阳技能10_八卦洞玄hd.tani			0
479	天策-裂苍穹	Data\source\player\F1\动作\F1stc04枪攻击17-骑乘.tani			0
480	天策-沧月	data\source\player\F1\动作\F1s04tc技能20_沧月hd.tani			0
482	天策-崩	data\source\player\F1\动作\F1s04tc技能19_崩HD.tani			0
526	七秀治疗阵法施放	Data\source\player\F1\动作\F1b02ty阵法01.tani			0
537	名动四方	data\source\player\F1\动作\F1s05qx剑舞开始_HD.tani			0
543	羿射九日(废弃)	data\source\player\F1\动作\F1sqx05袖舞14-02.tani			0
544	帝骖龙翔	data\source\player\F1\动作\F1s05qx剑技能23_帝骖龙翔HD.tani			0
545	婆罗门	data\source\player\F1\动作\F1s05qx剑技能18_婆罗门hd.tani			0
546	剑影留痕	data\source\player\F1\动作\F1s05qx剑技能16_剑影留痕HD.tani			0
547	剑心通明	data\source\player\F1\动作\F1s05qx剑技能11_剑心HD.tani			0
548	龙池乐	data\source\player\F1\动作\F1s05qx剑技能19_龙池乐HD.tani			0
549	雨霖铃	data\source\player\F1\动作\F1s05qx剑技能27_雨霖铃HD.tani			0
550	鹊踏枝	data\source\player\F1\动作\F1s05qx剑技能22_鹊踏枝HD.tani			0
551	心鼓弦	data\source\player\F1\动作\F1s05qx扇技能19b_心鼓弦HD.tani			0
552	邻里曲	data\source\player\F1\动作\F1s05qx剑技能17_邻里曲HD.tani			0
553	江海凝光	data\source\player\F1\动作\F1s05qx剑技能24_江海凝光HD.tani			0
554	翔鸾舞柳	data\source\player\F1\动作\F1s05qx扇技能11_上元HD.tani			0
555	风袖低昂	data\source\player\F1\动作\F1s05qx扇技能12_风袖HD.tani			0
556	上元点鬟	data\source\player\F1\动作\F1s05qx扇技能13_翔鸾HD.tani			0
557	天地低昂	data\source\player\F1\动作\F1s05qx剑技能20_天地低昂hd.tani			0
558	雷霆震怒	data\source\player\F1\动作\F1s05qx剑技能25_雷霆震怒hd.tani			0
559	剑神无我	data\source\player\F1\动作\F1sqx05袖舞02.tani			0
561	剑气长江	data\source\player\F1\动作\F1s05qx剑技能15_剑气长江hd.tani			0
562	剑主天地	data\source\player\F1\动作\F1sqx05双剑攻击04.tani			0
563	剑转流云	data\source\player\F1\动作\F1s05qx剑技能14_剑转流云HD.tani			0
564	剑灵寰宇	data\source\player\F1\动作\F1sqx05双剑攻击05.tani			0
565	回雪飘摇	data\source\player\F1\动作\F1s05qx扇技能14_回雪HD.tani			0
566	跳珠憾玉	data\source\player\F1\动作\F1s05qx扇技能17_跳珠HD.tani			0
567	左旋右转	data\source\player\F1\动作\F1s05qx扇技能21_左旋HD.tani			0
568	繁音急节	data\source\player\F1\动作\F1s05qx剑技能21_繁音急节HD.tani			0
569	王母挥袂	data\source\player\F1\动作\F1s05qx扇技能15_王母HD.tani			0
570	月华倾泻	data\source\player\F1\动作\F1sqx05袖舞14-01.tani			0
571	绛唇珠袖	data\source\player\F1\动作\F1s05qx剑技能26_绛唇珠袖hd.tani			0
574	蝶弄足	data\source\player\F1\动作\F1s05qx扇技能18_蝶弄足HD.tani			0
575	水榭花盈	data\source\player\F1\动作\F1s05qx扇技能20_水榭花盈HD.tani			0
588	人剑合一	data\source\player\F1\动作\F1s03cy剑技能15_人剑合一hd.tani			0
589	子技能_人剑合一		data\source\other\HD特效\技能\Pss\被击\C_纯阳两仪爆02.pss	S_fxmid	0
608	自绝经脉	Data\source\player\F1\动作\F1scy03自绝经脉02.tani			0
662	天策防御阵法释放	Data\source\player\F1\动作\F1b02ty阵法01.tani			0
709	七星拱瑞_NPC	data\source\player\F1\动作\F1s03cy气技能15b_七星HD.tani			0
710	七星拱瑞_player	data\source\player\F1\动作\F1s03cy气技能15b_七星HD.tani			0
713	天地无极_无Buff		data\source\other\HD特效\技能\Pss\被击\C_纯阳两仪爆01.pss	S_fxmid	0
740	少林防御阵法施放	Data\source\player\F1\动作\F1b02ty阵法01.tani			0
745	少林攻击阵法施放	Data\source\player\F1\动作\F1b02ty阵法01.tani			0
754	天策攻击阵法释放	Data\source\player\F1\动作\F1b02ty阵法01.tani			0
778	纯阳剑宗阵法施放	Data\source\player\F1\动作\F1b02ty阵法01.tani			0
781	七秀伤害阵法施放	Data\source\player\F1\动作\F1b02ty阵法01.tani			0
896	四象轮回_普通	data\source\player\F1\动作\F1s03cy气技能16b_四象HD.tani			0
897	四象轮回_定身及冰环	data\source\player\F1\动作\F1s03cy气技能16b_四象HD.tani			0
1020	万花治疗阵法施放	Data\source\player\F1\动作\F1b02ty阵法01.tani			0
1211	坐忘无我_增加吸收伤害100%	data\source\player\F1\动作\F1s03cy技能11_坐忘HD.tani			0
1543	元旦活动_彩球赤	Data\source\player\F1\动作\F1b02dj扔彩球02.tani			0
1544	元旦活动_彩球蓝	Data\source\player\F1\动作\F1b02dj扔彩球03.tani			0
1578	平湖断月	Data\source\player\F1\动作\F1s07cj轻剑技能13a_平湖断月hd.tani	data\source\other\特效\技能\SFX\被击\被击_藏剑攻击01_单手剑_肉体.Sfx	S_fxmid	0
1579	九溪弥烟	data\source\player\F1\动作\F1s07cj轻剑技能11_九溪HD.tani	data\source\other\特效\技能\SFX\被击\被击_藏剑攻击02_单手剑_肉体.Sfx	S_fxmid	0
1581	黄龙吐翠	data\source\player\F1\动作\F1s07cj轻剑技能14_黄龙HD.tani	data\source\other\特效\技能\SFX\被击\被击_藏剑攻击02_单手剑_肉体.Sfx	S_fxmid	0
1590	藏剑_秀水剑法_子技能_梦泉虎跑伤害	data\source\player\F1\动作\F1s07cj轻剑技能16a_梦泉虎跑hd.tani	data\source\other\特效\技能\SFX\被击\被击_藏剑攻击01_单手剑_肉体.Sfx	S_fxmid	0
1595	藏剑_灵峰剑式_子技能_云飞玉皇远距离	data\source\player\F1\动作\F1s07cj重剑技能11b_云飞HD.tani	data\source\other\特效\技能\SFX\被击\被击_藏剑攻击01_重剑_肉体.Sfx	S_fxmid	0
1597	藏剑_灵峰剑式_子技能_鹤归孤山近距离		data\source\other\特效\技能\SFX\被击\被击_藏剑攻击01_重剑_肉体.Sfx	S_fxmid	0
1598	藏剑_灵峰剑式_子技能_鹤归孤山远距离		data\source\other\特效\技能\SFX\被击\被击_藏剑攻击01_重剑_肉体.Sfx	S_fxmid	0
1600	夕照雷锋	data\source\player\F1\动作\f1scj07重剑攻击01a_01HD.tani	data\source\other\特效\技能\SFX\被击\被击_藏剑攻击03_重剑_肉体.Sfx	S_fxmid	0
1611	藏剑_灵峰剑式_子技能_霞流宝石非跳跃伤害	data\source\player\F1\动作\f1s07cj重剑技能17_霞流宝石hd.tani	data\source\other\特效\技能\SFX\被击\被击_藏剑攻击03_重剑_肉体.Sfx	S_fxmid	0
1613	峰插云景	data\source\player\F1\动作\F1s07cj重剑技能12_峰插HD.tani			0
1645	风来吴山	data\source\player\F1\动作\F1s07cj重剑技能15_风来吴山HD.tani			0
1651	断潮	data\source\player\F1\动作\F1scj07重剑攻击07-01.tani	data\source\other\特效\技能\SFX\被击\被击_藏剑攻击03_重剑_肉体.Sfx	S_fxmid	0
1664	雪断桥	data\source\player\F1\动作\F1scj07辅助技能04-01.tani			0
1667	梅隐香	data\source\player\F1\动作\F1scj07辅助技能04-03.tani			0
1668	云栖松	data\source\player\F1\动作\F1s07cj内功重剑18.ani			0
1680	狩猎_射击	data\source\player\F1\动作\F1stc04枪攻击20-陆战01.tani	data\source\other\特效\技能\SFX\被击\被击_射箭01.Sfx	S_fxmid	0
1682	高老庄_刺骨针(伤害)	data\source\player\F1\动作\F1stc04枪攻击20-陆战01.tani	data\source\other\特效\技能\SFX\被击\被击_射箭01.Sfx	S_fxmid	0
1702	宇文宝藏_鹧鸪弓	Data\source\player\F1\动作\F1b01aq攻击01.tani			0
1703	宇文宝藏_凝肌散	Data\source\player\F1\动作\F1b02dj扔馒头01.tani			0
1706	藏剑_君子风_听雷_问水诀	data\source\player\F1\动作\F1s07cj内功轻剑12_听雷HD.tani	data\source\other\特效\技能\SFX\被击\被击_藏剑攻击02_单手剑_肉体.Sfx	S_fxmid	0
1707	藏剑_君子风_听雷_山居剑意	data\source\player\F1\动作\F1s07cj内功重剑12_听雷HD.tani	data\source\other\特效\技能\SFX\被击\被击_藏剑攻击01_重剑_肉体.Sfx	S_fxmid	0
1709	藏剑_君子风_惊涛_问水诀	data\source\player\F1\动作\F1s07cj内功轻剑14_惊涛HD.tani			0
1710	藏剑_君子风_惊涛_山居剑意	data\source\player\F1\动作\F1s07cj内功重剑14_惊涛HD.tani			0
1711	藏剑_君子风_醉月_问水诀	data\source\player\F1\动作\F1s07cj内功轻剑15_醉月HD.tani			0
1712	藏剑_君子风_醉月_山居剑意	data\source\player\F1\动作\F1s07cj内功重剑15_醉月HD.tani	data\source\other\特效\技能\SFX\被击\被击_藏剑攻击03_重剑_肉体.Sfx	S_fxmid	0
1793	夜射天狼_连射	Data\source\player\F1\动作\F1b01aq攻击01.tani	data\source\other\特效\技能\SFX\被击\被击_闪光01_枪木质.Sfx	S_fxmid	0
1794	夜射天狼_瞄准射击	data\source\player\F1\动作\F1stc04枪攻击20-陆战02.tani	data\source\other\特效\技能\SFX\被击\被击_射箭01.Sfx	S_fxmid	0
1866	藏剑阵法释放	Data\source\player\F1\动作\F1b02ty阵法01.tani			0
1903	藏剑_君子风_子技能_问水诀_啸日_切换武器	data\source\player\F1\动作\F1s07cj内功重剑11_啸日HD.tani			0
1904	藏剑_君子风_子技能_山居剑意_啸日_切换武器	data\source\player\F1\动作\F1s07cj内功轻剑11_啸日HD.tani			0
1905	藏剑_风吴来山_伤害		data\source\other\特效\技能\SFX\被击\被击_藏剑攻击03_重剑_肉体.Sfx	S_fxmid	0
1911	百草园_推球	Data\source\player\F1\动作\F1b02xs攻击01.tani			0
1912	百草园_长传	Data\source\player\F1\动作\F1b02xs攻击01.tani			0
1913	百草园_抽射	Data\source\player\F1\动作\F1b02xs攻击01.tani			0
1914	百草园_海纳百川	Data\source\player\F1\动作\F1scy03自绝经脉02.tani			0
1915	百草园_小惩大诫	Data\source\player\F1\动作\F1b02dj扔煤球.tani			0
1916	百草园_惩前毖后	Data\source\player\F1\动作\F1b02dj扔饺子.tani			0
1917	百草园_无所遁形	Data\source\player\F1\动作\F1b02dj扔饺子.tani			0
1921	下棋_五子·疏星	Data\source\player\F1\动作\F1b02dj扔饺子.tani			0
1922	下棋_五子·金星	Data\source\player\F1\动作\F1b02dj扔饺子.tani			0
1923	下棋_五子·寒星	Data\source\player\F1\动作\F1b02dj扔饺子.tani			0
1940	摘星	data\source\player\F1\动作\F1scj07轻剑攻击02b-02.tani	data\source\other\特效\技能\SFX\被击\被击_藏剑攻击01_单手剑_肉体.Sfx	S_fxmid	0
1944	藏剑_灵峰剑式_子技能_霞流宝石跳跃伤害	data\source\player\F1\动作\F1scj07重剑攻击02-空中01.tani	data\source\other\特效\技能\SFX\被击\被击_藏剑攻击01_重剑_肉体.Sfx	S_fxmid	0
1960	任脉·曲骨	Data\source\player\F1\动作\F1b02ty经脉01.tani			0
1961	任脉·下脘	Data\source\player\F1\动作\F1b02ty经脉01.tani			0
1962	任脉·中脘	Data\source\player\F1\动作\F1b02ty经脉01.tani			0
1963	任脉·上脘	Data\source\player\F1\动作\F1b02ty经脉01.tani			0
1964	任脉·巨阙	Data\source\player\F1\动作\F1b02ty经脉01.tani			0
1965	任脉·鸠尾	Data\source\player\F1\动作\F1b02ty阵法02.tani			0
1966	任脉·膻中	Data\source\player\F1\动作\F1b02ty阵法02.tani			0
2209	蝎心	data\source\player\F1\动作\F1swd08毒攻击01_蝎心.tani			0
2210	蟾啸	data\source\player\F1\动作\F1swd08毒攻击02_蟾啸.tani			0
2211	蛇影	data\source\player\F1\动作\F1swd08毒攻击02_蛇影.tani			0
2212	百足	data\source\player\F1\动作\F1swd08毒攻击03_百足.tani			0
2213	千丝	data\source\player\F1\动作\F1swd08毒攻击02_千丝.tani			0
2214	夺命蛊	data\source\player\F1\动作\F1swd08蛊攻击01_夺命蛊.tani			0
2215	迷心蛊	data\source\player\F1\动作\F1swd08蛊攻击01_迷心蛊.tani			0
2216	枯残蛊	data\source\player\F1\动作\F1swd08蛊攻击01_枯残蛊.tani			0
2217	眠蛊	data\source\player\F1\动作\F1swd08蛊攻击02_眠蛊.tani			0
2218	幻蛊	data\source\player\F1\动作\F1swd08蛊攻击02_幻蛊.tani			0
2219	万蛊蚀心	data\source\player\F1\动作\F1swd08蛊攻击01_万蛊蚀心.tani			0
2220	凤凰蛊	data\source\player\F1\动作\F1swd08蛊攻击03_凤凰蛊.tani			0
2221	圣蝎引	data\source\player\F1\动作\F1swd08召唤01_圣蝎引.tani			0
2222	玉蟾引	data\source\player\F1\动作\F1swd08召唤01_玉蟾引.tani			0
2223	灵蛇引	data\source\player\F1\动作\F1swd08召唤01灵蛇引.tani			0
2224	风蜈引	data\source\player\F1\动作\F1swd08召唤01_风蜈引.tani			0
2225	天蛛引	data\source\player\F1\动作\F1swd08召唤01_天蛛引.tani			0
2226	蛊虫献祭	data\source\player\F1\动作\F1swd08牺牲01_粉身碎骨.tani			0
2227	蛊虫狂暴	data\source\player\F1\动作\F1swd08狂暴01_狂暴.tani			0
2229	涅槃重生	Data\source\player\F1\动作\F1swd08复活释放01_天赋.tani			0
2230	女娲补天	data\source\player\F1\动作\F1swd08变身01_变身.tani			0
2231	蛊惑众生	data\source\player\F1\动作\F1swd08治疗01_蛊惑众生.tani			0
2232	冰蚕牵丝	data\source\player\F1\动作\F1swd08治疗释放01_冰蚕牵丝.tani			0
2233	醉舞九天	data\source\player\F1\动作\F1swd08治疗02_蝶舞九天.tani			0
2234	仙王蛊鼎	data\source\player\F1\动作\F1swd08治疗释放02_仙王蛊鼎.tani			0
2481	五毒治疗阵法施放	Data\source\player\F1\动作\F1b02ty阵法01.tani			0
2487	五毒攻击阵法施放	Data\source\player\F1\动作\F1b02ty阵法01.tani			0
2563	攻击_金刚诀	data\source\player\F1\动作\F1ssl04buff01_zp金刚诀.tani			0
2581	防御_三世诸佛	data\source\player\F1\动作\F1ssl04攻击01_zp诵佛西渡.tani			0
2589	防御_归去来棍	data\source\player\F1\动作\F1ssl04攻击02_zp_hd01.tani			0
2592	天地无极_有玄一剑冲双Buff	data\source\player\F1\动作\F1s03cy剑技能11c.ani	data\source\other\HD特效\技能\Pss\被击\C_纯阳四象爆01.pss	S_fxmid	0
2620	天策-昂如岳	data\source\player\F1\动作\F1stc04buff01_zp背水一战.tani			0
2636	快雪时晴	data\source\player\F1\动作\f1s01wh点穴24_快雪hd.tani			0
2645	乱洒青荷	data\source\player\F1\动作\F1s01wh点穴17_乱洒HD.tani			0
2654	利针	data\source\player\F1\动作\F1s01wh针灸18b_利针hd.tani			0
2663	听风吹雪	data\source\player\F1\动作\F1s01wh针灸16_听风HD.tani			0
2674	气纯_五方行尽	data\source\player\F1\动作\F1s03cy气技能13_五方HD.tani			0
2681	气纯_紫气东来	data\source\player\F1\动作\F1s03cy技能19_紫气东来hd.tani			0
2690	剑冲阴阳	data\source\player\F1\动作\F1s03cy剑技能17a_剑冲阴阳HD.tani			0
2699	八荒归元	data\source\player\F1\动作\F1s03cy剑技能18_八荒HD.tani	data\source\other\HD特效\技能\Pss\被击\C_纯阳两仪爆02.pss	S_fxmid	0
2707	玳弦急曲	data\source\player\F1\动作\F1s05qx剑技能12_玳弦急曲HD.tani			0
2716	剑破虚空	data\source\player\F1\动作\F1s05qx剑技能13_剑破虚空HD.tani			0
2733	屈柘枝	data\source\player\F1\动作\F1sqx05buff01_zp霓裳劲舞.tani			0
2742	轻剑_踏雪寻梅	data\source\player\F1\动作\F1scj07轻剑01_zp曲水寻梅.tani	data\source\other\特效\技能\SFX\被击\被击_藏剑攻击02_单手剑_肉体.Sfx	S_fxmid	0
2750	香疏影	data\source\player\F1\动作\F1scj07辅助技能05香疏影.tani			0
2759	映波锁澜	data\source\player\F1\动作\F1scj07重剑攻击02-空中碧环阮墩.tani	data\source\other\特效\技能\SFX\被击\被击_藏剑攻击03_重剑_肉体.Sfx	S_fxmid	0
2768	潮鸣弦	data\source\player\F1\动作\F1scj07buff01_zp钟渡水.tani			0
2855	寂灭厅_2号Boss_玩家_五毒失心散_Const	Data\source\player\F1\动作\F1b02dj扔彩球01.tani			0
2896	藏剑_灵锋剑式_夕照雷锋_正常	data\source\player\F1\动作\f1scj07重剑攻击01a_01HD.tani	data\source\other\特效\技能\SFX\被击\被击_藏剑攻击03_重剑_肉体.Sfx	S_fxmid	0
2897	藏剑_灵锋剑式_夕照雷锋_疏影	data\source\player\F1\动作\f1scj07重剑攻击01a_01HD.tani	data\source\other\特效\技能\SFX\被击\被击_藏剑攻击03_重剑_肉体.Sfx	S_fxmid	100
2899	藏剑_灵锋剑式_云飞玉皇_近距离_疏影	data\source\player\F1\动作\F1s07cj重剑技能11b_云飞HD.tani	data\source\other\特效\技能\SFX\被击\被击_藏剑攻击01_重剑_肉体.Sfx	S_fxmid	100
2900	藏剑_灵锋剑式_云飞玉皇_远距离_疏影	data\source\player\F1\动作\F1s07cj重剑技能11b_云飞HD.tani	data\source\other\特效\技能\SFX\被击\被击_藏剑攻击01_重剑_肉体.Sfx	S_fxmid	100
2957	圣手织天	Data\source\player\F1\动作\F1swd08治疗释放04天赋.tani			0
2965	碧蝶引	Data\source\player\F1\动作\F1swd08增益02_天赋.tani			0
2983	七秀_国色天香_对友方治疗	data\source\player\F1\动作\F1sqx05袖舞01_zp从花细蝶.tani			0
2984	七秀_国色天香_对敌方伤害	data\source\player\F1\动作\F1sqx05袖舞01_zp从花细蝶.tani			0
3003	妙舞神扬	data\source\player\F1\动作\F1s05qx扇技能16b_妙舞HD.tani			0
3004	天策_子技能_突_施放	data\source\player\F1\动作\F1s04tc技能14a_突HD.tani			0
3034	荻花圣殿_万花武器特效	data\source\player\f1\动作\f1b02dj吹笛子01_hd.tani			0
3035	荻花圣殿_七秀武器特效	data\source\player\F1\动作\F1b06sh扇伞舞_01.tani			0
3087	化血镖	Data\source\player\F1\动作\F1stm09针攻击01毒芒针.tani			0
3088	孔雀翎	Data\source\player\F1\动作\F1stm09针攻击02孔雀.tani			0
3089	雷震子	Data\source\player\F1\动作\F1stm09控制03雷震子.tani	data\source\other\特效\技能\SFX\被击\被击_唐门被击01.sfx	Bip01 L Foot	0
3090	迷神钉	Data\source\player\F1\动作\F1stm09控制01迷神钉.tani			0
3091	3091 毒蒺藜(新孔雀)	Data\source\player\F1\动作\F1stm09针攻击02孔雀.tani			0
3092	梅花针	Data\source\player\F1\动作\F1stm09控制01毒蒺藜.tani			0
3093	暴雨梨花针	Data\source\player\F1\动作\F1stm09通道01梨花针.tani			0
3095	夺魄箭（记得改飞天）	Data\source\player\F1\动作\F1stm09弩攻击05夺魂箭.tani			0
3096	追命箭（记得改飞天）	Data\source\player\F1\动作\F1stm09弩攻击03夺命01.tani			0
3097	裂石弩（记得改飞天）	Data\source\player\F1\动作\F1stm09弩攻击01_裂石hd01.tani			0
3098	穿心弩（记得改飞天）	Data\source\player\F1\动作\F1stm09弩攻击05撕裂弩.tani			0
3100	连环弩	Data\source\player\F1\动作\F1stm09通道02连环弩.tani			0
3101	逐星箭（记得改飞天）	Data\source\player\F1\动作\F1stm09弩攻击01迅疾箭.tani			0
3104	断魂砂	Data\source\player\F1\动作\F1stm09机关攻击03断魂砂.tani			0
3105	蚀肌弹	Data\source\player\F1\动作\F1stm09机关攻击01毒弹丸.tani	data\source\other\特效\技能\SFX\被击\被击_唐门毒弹丸01.sfx	S_fxmid	0
3106	天女散花	Data\source\player\F1\动作\F1stm09机关攻击02唐门散花.tani			0
3107	鲲鹏铁爪	Data\source\player\F1\动作\F1stm09机关攻击03蜘蛛挠爪.tani			0
3108	天绝地灭	Data\source\player\F1\动作\F1stm09机关攻击03七煞毒.tani			0
3109	千机变	Data\source\player\F1\动作\F1stm09机关攻击04遁影.tani			0
3112	浮光掠影	Data\source\player\F1\动作\F1stm09伪装01影遁.tani			0
3114	惊鸿游龙	Data\source\player\F1\动作\F1stm09BUFF01幻影.tani			0
3115	荆天棘地	Data\source\player\F1\动作\F1stm09弩攻击03荆棘.tani			0
3116	子母飞爪之子爪	Data\source\player\F1\动作\F1stm09钩子攻击01.ani			0
3117	子母飞爪之母爪	Data\source\player\F1\动作\F1stm09钩子攻击02.ani			0
3118	鸟翔碧空	data\source\player\F1\动作\F1stm09_鸟翔碧空01a_跳hd.tani			0
3119	鸟翔碧空二段_滞空	data\source\player\F1\动作\F1stm09飞天上升01_展开机翼HD.tani			0
3189	逐星箭_子技能_3级	Data\source\player\F1\动作\F1stm09弩攻击01迅疾箭.tani			0
3190	逐星箭_子技能_4级	Data\source\player\F1\动作\F1stm09弩攻击01迅疾箭.tani			0
3191	逐星箭_子技能_5级	Data\source\player\F1\动作\F1stm09弩攻击01迅疾箭.tani			0
3216	唐门外功阵法施放	Data\source\player\F1\动作\F1b02ty阵法01.tani			0
3217	唐门内功阵法施放	Data\source\player\F1\动作\F1b02ty阵法01.tani			0
3218	钻心刺骨_外功	Data\source\player\F1\动作\F1stm09匕首01毒刃.tani			0
3219	钻心刺骨_内功	Data\source\player\F1\动作\F1stm09匕首01毒刃.tani			0
3220	荆天棘地_外功	Data\source\player\F1\动作\F1stm09弩攻击03荆棘.tani			0
3221	荆天棘地_内功	Data\source\player\F1\动作\F1stm09弩攻击03荆棘.tani			0
3352	荻花圣殿_藏剑武器特效_起跳	data\source\player\F1\动作\F1scj07胧蛇剑舞a_01.tani			0
3353	荻花圣殿_藏剑武器特效_AOE	data\source\player\F1\动作\F1scj07胧蛇剑舞b.tani			0
3398	鬼斧神工_装填	Data\source\player\F1\动作\F1stm09炮台蓄力01装弹.tani			0
3403	飞星遁影_埋下机关	Data\source\player\F1\动作\F1stm09机关攻击04遁影.tani			0
3425	两仪化形_无形额外伤害1豆	data\source\player\F1\动作\F1s03cy气技能11_两仪HD.tani			0
3428	两仪化形_无形额外伤害2豆	data\source\player\F1\动作\F1s03cy气技能11_两仪HD.tani			0
3429	两仪化形_无形额外伤害3豆	data\source\player\F1\动作\F1s03cy气技能11_两仪HD.tani			0
3430	两仪化形_无形额外伤害4豆	data\source\player\F1\动作\F1s03cy气技能11_两仪HD.tani			0
3431	两仪化形_无形额外伤害5豆	data\source\player\F1\动作\F1s03cy气技能11_两仪HD.tani			0
3432	两仪化形_无形额外伤害6豆	data\source\player\F1\动作\F1s03cy气技能11_两仪HD.tani			0
3433	两仪化形_无形额外伤害7豆	data\source\player\F1\动作\F1s03cy气技能11_两仪HD.tani			0
3434	两仪化形_无形额外伤害8豆	data\source\player\F1\动作\F1s03cy气技能11_两仪HD.tani			0
3435	两仪化形_无形额外伤害9豆	data\source\player\F1\动作\F1s03cy气技能11_两仪HD.tani			0
3436	两仪化形_无形额外伤害10豆	data\source\player\F1\动作\F1s03cy气技能11_两仪HD.tani			0
3439	两仪化形_正常伤害1豆	data\source\player\F1\动作\F1s03cy气技能11_两仪HD.tani			0
3440	两仪化形_正常伤害2豆	data\source\player\F1\动作\F1s03cy气技能11_两仪HD.tani			0
3441	两仪化形_正常伤害3豆	data\source\player\F1\动作\F1s03cy气技能11_两仪HD.tani			0
3442	两仪化形_正常伤害4豆	data\source\player\F1\动作\F1s03cy气技能11_两仪HD.tani			0
3443	两仪化形_正常伤害5豆	data\source\player\F1\动作\F1s03cy气技能11_两仪HD.tani			0
3444	两仪化形_正常伤害6豆	data\source\player\F1\动作\F1s03cy气技能11_两仪HD.tani			0
3445	两仪化形_正常伤害7豆	data\source\player\F1\动作\F1s03cy气技能11_两仪HD.tani			0
3446	两仪化形_正常伤害8豆	data\source\player\F1\动作\F1s03cy气技能11_两仪HD.tani			0
3447	两仪化形_正常伤害9豆	data\source\player\F1\动作\F1s03cy气技能11_两仪HD.tani			0
3448	两仪化形_正常伤害10豆	data\source\player\F1\动作\F1s03cy气技能11_两仪HD.tani			0
3532	持国回忆录_传输内力	Data\source\player\F1\动作\F1b02dj传功b.tani			0
3634	荻花圣殿_开眼·青龙	Data\source\player\F1\动作\F1swd08治疗释放02.ani			0
3635	荻花圣殿_开眼·白虎	Data\source\player\F1\动作\F1swd08治疗释放02.ani			0
3636	荻花圣殿_开眼·朱雀	Data\source\player\F1\动作\F1swd08治疗释放02.ani			0
3637	荻花圣殿_开眼·玄武	Data\source\player\F1\动作\F1swd08治疗释放02.ani			0
3691	传送增强	data\source\player\f1\动作\f1b01ty普通待机01_神行01.ani			0
3691	传送增强	data\source\player\f1\动作\f1b01ty普通待机01_神行01.ani			0
3691	传送增强	data\source\player\f1\动作\f1b01ty普通待机01_神行01.ani			0
3691	传送增强	data\source\player\f1\动作\f1b01ty普通待机01_神行01.ani			0
3691	传送增强	data\source\player\f1\动作\f1b01ty普通待机01_神行01.ani			0
3691	传送增强	data\source\player\f1\动作\f1b01ty普通待机01_神行01.ani			0
3691	传送增强	data\source\player\f1\动作\f1b01ty普通待机01_神行01.ani			0
3691	传送增强	data\source\player\f1\动作\f1b01ty普通待机01_神行01.ani			0
3691	传送增强	data\source\player\f1\动作\f1b01ty普通待机01_神行01.ani			0
3691	传送增强	data\source\player\f1\动作\f1b01ty普通待机01_神行01.ani			0
3691	传送增强	data\source\player\f1\动作\f1b01ty普通待机01_神行01.ani			0
3691	传送增强	data\source\player\f1\动作\f1b01ty普通待机01_神行01.ani			0
3691	传送增强	data\source\player\f1\动作\f1b01ty普通待机01_神行01.ani			0
3691	传送增强	data\source\player\f1\动作\f1b01ty普通待机01_神行01.ani			0
3691	传送增强	data\source\player\f1\动作\f1b01ty普通待机01_神行01.ani			0
3691	传送增强	data\source\player\f1\动作\f1b01ty普通待机01_神行01.ani			0
3691	传送增强	data\source\player\f1\动作\f1b01ty普通待机01_神行01.ani			0
3691	传送增强	data\source\player\f1\动作\f1b01ty普通待机01_神行01.ani			0
3691	传送增强	data\source\player\f1\动作\f1b01ty普通待机01_神行01.ani			0
3691	传送增强	data\source\player\f1\动作\f1b01ty普通待机01_神行01.ani			0
3691	传送增强	data\source\player\f1\动作\f1b01ty普通待机01_神行01.ani			0
3691	传送增强	data\source\player\f1\动作\f1b01ty普通待机01_神行01.ani			0
3691	传送增强	data\source\player\f1\动作\f1b01ty普通待机01_神行01.ani			0
3691	传送增强	data\source\player\f1\动作\f1b01ty普通待机01_神行01.ani			0
3691	传送增强	data\source\player\f1\动作\f1b01ty普通待机01_神行01.ani			0
3691	传送增强	data\source\player\f1\动作\f1b01ty普通待机01_神行01.ani			0
3691	传送增强	data\source\player\f1\动作\f1b01ty普通待机01_神行01.ani			0
3691	传送增强	data\source\player\f1\动作\f1b01ty普通待机01_神行01.ani			0
3691	传送增强	data\source\player\f1\动作\f1b01ty普通待机01_神行01.ani			0
3691	传送增强	data\source\player\f1\动作\f1b01ty普通待机01_神行01.ani			0
3691	传送增强	data\source\player\f1\动作\f1b01ty普通待机01_神行01.ani			0
3691	传送增强	data\source\player\f1\动作\f1b01ty普通待机01_神行01.ani			0
3691	传送增强	data\source\player\f1\动作\f1b01ty普通待机01_神行01.ani			0
3691	传送增强	data\source\player\f1\动作\f1b01ty普通待机01_神行01.ani			0
3691	传送增强	data\source\player\f1\动作\f1b01ty普通待机01_神行01.ani			0
3691	传送增强	data\source\player\f1\动作\f1b01ty普通待机01_神行01.ani			0
3691	传送增强	data\source\player\f1\动作\f1b01ty普通待机01_神行01.ani			0
3691	传送增强	data\source\player\f1\动作\f1b01ty普通待机01_神行01.ani			0
3691	传送增强	data\source\player\f1\动作\f1b01ty普通待机01_神行01.ani			0
3691	传送增强	data\source\player\f1\动作\f1b01ty普通待机01_神行01.ani			0
3691	传送增强	data\source\player\f1\动作\f1b01ty普通待机01_神行01.ani			0
3691	传送增强	data\source\player\f1\动作\f1b01ty普通待机01_神行01.ani			0
3691	传送增强	data\source\player\f1\动作\f1b01ty普通待机01_神行01.ani			0
3691	传送增强	data\source\player\f1\动作\f1b01ty普通待机01_神行01.ani			0
3691	传送增强	data\source\player\f1\动作\f1b01ty普通待机01_神行01.ani			0
3691	传送增强	data\source\player\f1\动作\f1b01ty普通待机01_神行01.ani			0
3691	传送增强	data\source\player\f1\动作\f1b01ty普通待机01_神行01.ani			0
3691	传送增强	data\source\player\f1\动作\f1b01ty普通待机01_神行01.ani			0
3691	传送增强	data\source\player\f1\动作\f1b01ty普通待机01_神行01.ani			0
3691	传送增强	data\source\player\f1\动作\f1b01ty普通待机01_神行01.ani			0
3691	传送增强	data\source\player\f1\动作\f1b01ty普通待机01_神行01.ani			0
3691	传送增强	data\source\player\f1\动作\f1b01ty普通待机01_神行01.ani			0
3691	传送增强	data\source\player\f1\动作\f1b01ty普通待机01_神行01.ani			0
3691	传送增强	data\source\player\f1\动作\f1b01ty普通待机01_神行01.ani			0
3691	传送增强	data\source\player\f1\动作\f1b01ty普通待机01_神行01.ani			0
3691	传送增强	data\source\player\f1\动作\f1b01ty普通待机01_神行01.ani			0
3691	传送增强	data\source\player\f1\动作\f1b01ty普通待机01_神行01.ani			0
3691	传送增强	data\source\player\f1\动作\f1b01ty普通待机01_神行01.ani			0
3691	传送增强	data\source\player\f1\动作\f1b01ty普通待机01_神行01.ani			0
3691	传送增强	data\source\player\f1\动作\f1b01ty普通待机01_神行01.ani			0
3691	传送增强	data\source\player\f1\动作\f1b01ty普通待机01_神行01.ani			0
3691	传送增强	data\source\player\f1\动作\f1b01ty普通待机01_神行01.ani			0
3691	传送增强	data\source\player\f1\动作\f1b01ty普通待机01_神行01.ani			0
3691	传送增强	data\source\player\f1\动作\f1b01ty普通待机01_神行01.ani			0
3691	传送增强	data\source\player\f1\动作\f1b01ty普通待机01_神行01.ani			0
3691	传送增强	data\source\player\f1\动作\f1b01ty普通待机01_神行01.ani			0
3691	传送增强	data\source\player\f1\动作\f1b01ty普通待机01_神行01.ani			0
3691	传送增强	data\source\player\f1\动作\f1b01ty普通待机01_神行01.ani			0
3691	传送增强	data\source\player\f1\动作\f1b01ty普通待机01_神行01.ani			0
3691	传送增强	data\source\player\f1\动作\f1b01ty普通待机01_神行01.ani			0
3691	传送增强	data\source\player\f1\动作\f1b01ty普通待机01_神行01.ani			0
3691	传送增强	data\source\player\f1\动作\f1b01ty普通待机01_神行01.ani			0
3691	传送增强	data\source\player\f1\动作\f1b01ty普通待机01_神行01.ani			0
3691	传送增强	data\source\player\f1\动作\f1b01ty普通待机01_神行01.ani			0
3691	传送增强	data\source\player\f1\动作\f1b01ty普通待机01_神行01.ani			0
3691	传送增强	data\source\player\f1\动作\f1b01ty普通待机01_神行01.ani			0
3691	传送增强	data\source\player\f1\动作\f1b01ty普通待机01_神行01.ani			0
3691	传送增强	data\source\player\f1\动作\f1b01ty普通待机01_神行01.ani			0
3691	传送增强	data\source\player\f1\动作\f1b01ty普通待机01_神行01.ani			0
3691	传送增强	data\source\player\f1\动作\f1b01ty普通待机01_神行01.ani			0
3691	传送增强	data\source\player\f1\动作\f1b01ty普通待机01_神行01.ani			0
3691	传送增强	data\source\player\f1\动作\f1b01ty普通待机01_神行01.ani			0
3691	传送增强	data\source\player\f1\动作\f1b01ty普通待机01_神行01.ani			0
3691	传送增强	data\source\player\f1\动作\f1b01ty普通待机01_神行01.ani			0
3691	传送增强	data\source\player\f1\动作\f1b01ty普通待机01_神行01.ani			0
3691	传送增强	data\source\player\f1\动作\f1b01ty普通待机01_神行01.ani			0
3691	传送增强	data\source\player\f1\动作\f1b01ty普通待机01_神行01.ani			0
3691	传送增强	data\source\player\f1\动作\f1b01ty普通待机01_神行01.ani			0
3691	传送增强	data\source\player\f1\动作\f1b01ty普通待机01_神行01.ani			0
3691	传送增强	data\source\player\f1\动作\f1b01ty普通待机01_神行01.ani			0
3691	传送增强	data\source\player\f1\动作\f1b01ty普通待机01_神行01.ani			0
3691	传送增强	data\source\player\f1\动作\f1b01ty普通待机01_神行01.ani			0
3691	传送增强	data\source\player\f1\动作\f1b01ty普通待机01_神行01.ani			0
3691	传送增强	data\source\player\f1\动作\f1b01ty普通待机01_神行01.ani			0
3691	传送增强	data\source\player\f1\动作\f1b01ty普通待机01_神行01.ani			0
3691	传送增强	data\source\player\f1\动作\f1b01ty普通待机01_神行01.ani			0
3691	传送增强	data\source\player\f1\动作\f1b01ty普通待机01_神行01.ani			0
3691	传送增强	data\source\player\f1\动作\f1b01ty普通待机01_神行01.ani			0
3691	传送增强	data\source\player\f1\动作\f1b01ty普通待机01_神行01.ani			0
3691	传送增强	data\source\player\f1\动作\f1b01ty普通待机01_神行01.ani			0
3691	传送增强	data\source\player\f1\动作\f1b01ty普通待机01_神行01.ani			0
3691	传送增强	data\source\player\f1\动作\f1b01ty普通待机01_神行01.ani			0
3691	传送增强	data\source\player\f1\动作\f1b01ty普通待机01_神行01.ani			0
3691	传送增强	data\source\player\f1\动作\f1b01ty普通待机01_神行01.ani			0
3691	传送增强	data\source\player\f1\动作\f1b01ty普通待机01_神行01.ani			0
3691	传送增强	data\source\player\f1\动作\f1b01ty普通待机01_神行01.ani			0
3691	传送增强	data\source\player\f1\动作\f1b01ty普通待机01_神行01.ani			0
3691	传送增强	data\source\player\f1\动作\f1b01ty普通待机01_神行01.ani			0
3691	传送增强	data\source\player\f1\动作\f1b01ty普通待机01_神行01.ani			0
3691	传送增强	data\source\player\f1\动作\f1b01ty普通待机01_神行01.ani			0
3691	传送增强	data\source\player\f1\动作\f1b01ty普通待机01_神行01.ani			0
3691	传送增强	data\source\player\f1\动作\f1b01ty普通待机01_神行01.ani			0
3691	传送增强	data\source\player\f1\动作\f1b01ty普通待机01_神行01.ani			0
3691	传送增强	data\source\player\f1\动作\f1b01ty普通待机01_神行01.ani			0
3691	传送增强	data\source\player\f1\动作\f1b01ty普通待机01_神行01.ani			0
3691	传送增强	data\source\player\f1\动作\f1b01ty普通待机01_神行01.ani			0
3691	传送增强	data\source\player\f1\动作\f1b01ty普通待机01_神行01.ani			0
3691	传送增强	data\source\player\f1\动作\f1b01ty普通待机01_神行01.ani			0
3691	传送增强	data\source\player\f1\动作\f1b01ty普通待机01_神行01.ani			0
3691	传送增强	data\source\player\f1\动作\f1b01ty普通待机01_神行01.ani			0
3691	传送增强	data\source\player\f1\动作\f1b01ty普通待机01_神行01.ani			0
3691	传送增强	data\source\player\f1\动作\f1b01ty普通待机01_神行01.ani			0
3691	传送增强	data\source\player\f1\动作\f1b01ty普通待机01_神行01.ani			0
3691	传送增强	data\source\player\f1\动作\f1b01ty普通待机01_神行01.ani			0
3691	传送增强	data\source\player\f1\动作\f1b01ty普通待机01_神行01.ani			0
3691	传送增强	data\source\player\f1\动作\f1b01ty普通待机01_神行01.ani			0
3691	传送增强	data\source\player\f1\动作\f1b01ty普通待机01_神行01.ani			0
3702	玄水蛊	data\source\player\F1\动作\F1swd08蛊攻击01_万蛊蚀心.tani			0
3795	藏剑_探梅_对人	data\source\player\F1\动作\F1s07cj内功轻剑13b_探梅HD.tani			0
3896	唐门会战_绞喉母技能	Data\source\player\F1\动作\F1b01ty_暗杀01.ani			0
3961	寒月耀	data\source\player\F1\动作\F1smj10双刀攻击05月照.tani			0
3964	煌日照	data\source\player\F1\动作\F1smj10组合刀攻击05_日照.tani			0
3968	如意法	data\source\player\F1\动作\F1smj10双刀buff04杀意.tani			0
3969	光明相	data\source\player\F1\动作\F1smj10乾坤大法buff01_01.tani			0
3971	极乐引	data\source\player\F1\动作\f1smj10双刀攻击11_明教新拉人hd.tani			0
3972	极乐引·引	data\source\player\f1\动作\f1smj10双刀攻击17.ani			0
3973	贪魔体	data\source\player\F1\动作\F1smj10乾坤大法buff02沙化.tani			0
3974	暗尘弥散	data\source\player\F1\动作\F1smj10双刀buff03隐匿.tani			0
3975	怖畏暗刑	data\source\player\F1\动作\F1smj10双刀攻击07a.tani			0
3976	业海罪缚	data\source\player\F1\动作\F1smj10双刀攻击08.tani			0
3978	生灭予夺	data\source\player\F1\动作\F1smj10圣火诀buff04逆袭.tani			0
3980	戒火斩	data\source\player\F1\动作\F1smj10圣火诀buff01.tani			0
3981	归寂道	data\source\player\F1\动作\F1smj10乾坤大法buff04刺眼.tani			0
3982	慈悲愿	data\source\player\F1\动作\F1smj10圣火诀buff03.tani			0
3983	性命海	data\source\player\F1\动作\F1smj10圣火诀buff04.tani			0
3984	渡厄力	data\source\player\F1\动作\F1smj10圣火诀buff05.tani			0
3985	朝圣言	data\source\player\F1\动作\F1smj10圣火诀buff06hd.tani			0
4033	明教_圣明佑_日	data\source\player\F1\动作\F1smj10圣火诀buff04光日.tani			0
4034	明教_圣明佑_月	data\source\player\F1\动作\F1smj10双刀buff04光月.tani			0
4035	明教_生死劫_日	data\source\player\F1\动作\F1smj10乾坤大法buff04.tani			0
4036	明教_生死劫_月	data\source\player\F1\动作\F1smj10圣火诀buff02a.tani			0
4037	明教_净世破魔击_日	data\source\player\F1\动作\F1smj10组合刀攻击06_杀戮日.tani			0
4038	明教_净世破魔击_月	data\source\player\F1\动作\F1smj10双刀攻击06b三连.tani			0
4040	明教_寂镜卫_加格挡BUFF	data\source\player\F1\动作\F1smj10圣火诀buff04反伤.tani			0
4041	明教_寂镜卫_反击	data\source\player\F1\动作\F1smj10乾坤大法buff04格挡.tani			0
4059	明教_怖畏暗刑_隐身下伤害	data\source\player\F1\动作\F1smj10双刀攻击10连杀.tani			0
4060	明教_怖畏暗刑_非隐身	data\source\player\F1\动作\F1smj10双刀攻击07a.tani			0
4098	骑乘_轻功	Data\source\player\F1\动作\F1H上马01.ani			0
4113	烛龙殿_五毒特殊武器通道扇形	Data\source\player\F1\动作\F1swd08诛皇蝎b释放.tani			0
4146	明教_流光囚影_队友	data\source\player\F1\动作\F1smj10乾坤大法buff04格挡.tani			0
4229	明教_流光囚影_敌人	data\source\player\F1\动作\F1smj10双刀攻击09闪击.tani			0
4326	普通攻击-双刀攻击	data\source\player\F1\动作\F1smj10普通攻击01_刀光HD.tani	data\source\other\HD特效\技能\Pss\被击\M_明教普攻被击01.pss	S_fxmid	0
4412	南诏皇宫_莫雨_传输内力	Data\source\player\F1\动作\F1b02dj传功b.tani			0
4674	明教攻击阵法施放	Data\source\player\F1\动作\F1b02ty阵法01.tani			0
4687	明教防御阵法施放	Data\source\player\F1\动作\F1b02ty阵法01.tani			0
4910	无明魂锁	data\source\player\F1\动作\F1smj10乾坤大法buff04格挡.tani			0
4972	天策特殊武器_向前冲刺	data\source\player\F1\动作\f1stc04红莲龙胆03_01_hd.tani			0
5152	位移技测试_进攻	data\source\player\F1\动作\F1smj10主角测试.ani			0
5209	剑纯特殊武器_画影残月	data\source\player\F1\动作\F1scy03画影残月b.ani			0
5215	天策特殊武器_向前冲刺副本内	data\source\player\F1\动作\f1stc04红莲龙胆03_01_hd.tani			0
5216	天策特殊武器_判定用	data\source\player\F1\动作\f1stc04红莲龙胆01_01_hd.tani			0
5268	酒中仙	data\source\player\f1\动作\f1sgb11buff01_悟_酒中仙_悟.tani			0
5272	醉逍遥	data\source\player\f1\动作\f1sgb11buff02.tani			0
5311	丐帮攻击阵法释放	Data\source\player\F1\动作\F1b02ty阵法01.tani			0
5348	旗子挂件动作1	Data\source\player\F1\动作\F1b02dj起飞b_01.tani			0
5442	旗子挂件动作2	Data\source\player\F1\动作\F1b02dj走你b_01.tani			0
5479	大明宫_耶律燕_勾球	Data\source\player\F1\动作\F1H勾球01.ani			0
5480	大明宫_耶律燕_传球	Data\source\player\F1\动作\F1H传球01.ani			0
5481	大明宫_耶律燕_长传	Data\source\player\F1\动作\F1H击球sf01.ani			0
5528	龙啸九天_伤害	data\source\player\F1\动作\F1sgb11掌法攻击06_01.tani			0
5888	七秀_云裳_极泉3_回雪飘摇加个数	data\source\player\F1\动作\F1s05qx扇技能14_回雪HD.tani			0
6063	天策_90级奇穴_龙牙AOE	data\source\player\F1\动作\F1s04tc技能13_龙牙hd_aoe.tani			0
6065	天策_90级奇穴_疾如风AOE	data\source\player\F1\动作\F1stc04技能01-01a.tani			0
6069	天策_90级奇穴_龙牙AOE带仇恨	data\source\player\F1\动作\F1s04tc技能13_龙牙hd_aoe.tani			0
6072	天策_90级奇穴_突群体嘲讽	data\source\player\F1\动作\F1stc04技能01-04a.tani			0
6076	纯阳_90级奇穴_无我无剑的AOE1	data\source\player\F1\动作\F1s03cy剑技能14_无我无剑奇穴HD.tani			0
6077	纯阳_90级奇穴_无我无剑AOE2	data\source\player\F1\动作\F1s03cy剑技能14_无我无剑奇穴HD.tani			0
6078	纯阳_90级奇穴_无我无剑AOE3	data\source\player\F1\动作\F1s03cy剑技能14_无我无剑奇穴HD.tani			0
6079	纯阳_90级奇穴_无我无剑AOE4	data\source\player\F1\动作\F1s03cy剑技能14_无我无剑奇穴HD.tani			0
6080	纯阳_90级奇穴_无我无剑AOE5	data\source\player\F1\动作\F1s03cy剑技能14_无我无剑奇穴HD.tani			0
6081	纯阳_90级奇穴_无我无剑AOE6	data\source\player\F1\动作\F1s03cy剑技能14_无我无剑奇穴HD.tani			0
6082	纯阳_90级奇穴_无我无剑AOE7	data\source\player\F1\动作\F1s03cy剑技能14_无我无剑奇穴HD.tani			0
6083	纯阳_90级奇穴_无我无剑AOE8	data\source\player\F1\动作\F1s03cy剑技能14_无我无剑奇穴HD.tani			0
6084	纯阳_90级奇穴_无我无剑AOE9	data\source\player\F1\动作\F1s03cy剑技能14_无我无剑奇穴HD.tani			0
6085	纯阳_90级奇穴_无我无剑AOE10	data\source\player\F1\动作\F1s03cy剑技能14_无我无剑奇穴HD.tani			0
6091	纯阳_90级奇穴_两仪矩形AOE1	data\source\player\F1\动作\F1s03cy气技能11a_两仪HD.tani			0
6092	纯阳_90级奇穴_两仪矩形AOE2	data\source\player\F1\动作\F1s03cy气技能11a_两仪HD.tani			0
6093	纯阳_90级奇穴_两仪化形AOE3	data\source\player\F1\动作\F1s03cy气技能11a_两仪HD.tani			0
6094	纯阳_90级奇穴_两仪化形AOE4	data\source\player\F1\动作\F1s03cy气技能11a_两仪HD.tani			0
6095	纯阳_90级奇穴_两仪化形AOE5	data\source\player\F1\动作\F1s03cy气技能11a_两仪HD.tani			0
6096	纯阳_90级奇穴_两仪化形AOE6	data\source\player\F1\动作\F1s03cy气技能11a_两仪HD.tani			0
6097	纯阳_90级奇穴_两仪化形AOE7	data\source\player\F1\动作\F1s03cy气技能11a_两仪HD.tani			0
6098	纯阳_90级奇穴_两仪化形AOE8	data\source\player\F1\动作\F1s03cy气技能11a_两仪HD.tani			0
6099	纯阳_90级奇穴_两仪化形AOE9	data\source\player\F1\动作\F1s03cy气技能11a_两仪HD.tani			0
6100	纯阳_90级奇穴_两仪化形AOE10	data\source\player\F1\动作\F1s03cy气技能11a_两仪HD.tani			0
6145	韦陀献杵1豆AOE	data\source\player\F1\动作\F1s04sl棍技能12_韦陀奇穴hd.tani			0
6146	韦陀献杵2豆AOE	data\source\player\F1\动作\F1s04sl棍技能12_韦陀奇穴hd.tani			0
6147	韦陀献杵3豆AOE	data\source\player\F1\动作\F1s04sl棍技能12_韦陀奇穴hd.tani			0
6191	新奇穴_切换空技能	data\source\player\F1\动作\F1b02ty阵法01_切换HD.tani			0
6202	唐门_90级奇穴_追命箭AOE	Data\source\player\F1\动作\F1stm09弩攻击03奇穴.tani			0
6209	七秀_90级奇穴_王母挥袂aoe	data\source\player\F1\动作\F1s05qx扇技能15_王母HD.tani			0
6215	风府	Data\source\player\F1\动作\F1b02ty经脉01.tani			0
6216	百会	Data\source\player\F1\动作\F1b02ty经脉01.tani			0
6217	外丘	Data\source\player\F1\动作\F1b02ty经脉02.tani			0
6218	太乙	Data\source\player\F1\动作\F1b02ty经脉02.tani			0
6219	脑户	Data\source\player\F1\动作\F1b02ty经脉01.tani			0
6231	天策_向前乘龙箭	data\source\player\F1\动作\F1stc04乘龙箭释放-前hd.tani	data\source\other\特效\技能\SFX\被击\被击_射箭01.Sfx	S_fxmid	0
6232	天策_向后乘龙箭	data\source\player\F1\动作\F1stc04枪攻击20-骑乘骑射hd.tani	data\source\other\特效\技能\SFX\被击\被击_射箭01.Sfx	S_fxmid	0
6268	大明宫_船只散射		data\source\other\特效\技能\SFX\被击\被击_射箭01.Sfx	S_fxmid	0
6275	大明宫_弓箭手_重弩攻击		data\source\other\特效\技能\SFX\被击\被击_射箭01.Sfx	S_fxmid	0
6281	藏剑_听雷_无镇派重剑表现	data\source\player\F1\动作\F1s07cj内功重剑12_听雷HD.tani			0
6282	藏剑_听雷_无镇派轻剑表现	data\source\player\F1\动作\F1s07cj内功轻剑12_听雷HD.tani			0
6283	藏剑_听雷_踏雪	data\source\player\F1\动作\F1s07cj内功轻剑12_听雷HD.tani			0
6284	藏剑_听雷_映波	data\source\player\F1\动作\F1s07cj内功重剑12_听雷HD.tani			0
6337	饮莫停	data\source\player\F1\动作\F1sgb11棒法攻击04c_01.tani			0
6382	天下无狗一段_伤害2		data\source\other\hd特效\技能\pss\被击\g_丐帮_棒法_被击01_悟.pss	S_fxmid	0
6384	天下无狗二段_伤害2		data\source\other\hd特效\技能\pss\被击\g_丐帮_棒法_被击01_悟.pss	S_fxmid	0
6385	天下无狗二段_伤害3		data\source\other\hd特效\技能\pss\被击\g_丐帮_棒法_被击01_悟.pss	S_fxmid	0
6386	天下无狗二段_伤害4		data\source\other\hd特效\技能\pss\被击\g_丐帮_棒法_被击01_悟.pss	S_fxmid	0
6388	天下无狗三段_伤害2		data\source\other\hd特效\技能\pss\被击\g_丐帮_棒法_被击01_悟.pss	S_fxmid	0
6389	天下无狗三段_伤害3		data\source\other\hd特效\技能\pss\被击\g_丐帮_棒法_被击01_悟.pss	S_fxmid	0
6390	天下无狗三段_伤害4		data\source\other\hd特效\技能\pss\被击\g_丐帮_棒法_被击01_悟.pss	S_fxmid	0
6391	天下无狗三段_伤害5		data\source\other\hd特效\技能\pss\被击\g_丐帮_棒法_被击01_悟.pss	S_fxmid	0
6420	小白轻功4_滑行_左	data\source\player\F1\动作\F1bqg丐帮疾左闪地面.tani			0
6421	小白轻功4_滑行_右	data\source\player\F1\动作\F1bqg丐帮疾右闪地面.tani			0
6422	小白轻功5_双人空中_有目标1	data\source\player\f1\动作\f1bqg丐帮双人带人一段冲刺a.ani			0
6423	小白轻功5_双人空中_有目标2	data\source\player\f1\动作\f1bqg丐帮双人带人二段冲刺a.ani			0
6424	小白轻功5_双人空中_有目标3	data\source\player\f1\动作\f1bqg丐帮双人带人三段冲刺a.ani			0
6444	暴雨梨花针_AOE	Data\source\player\F1\动作\F1stm09通道01梨花针.tani			0
6450	裂石弩_单体	Data\source\player\F1\动作\F1stm09弩攻击01_裂石hd02.tani			0
6483	唐门_90奇穴_裂石弩_正常		data\source\other\HD特效\技能\Pss\被击\T_唐门裂石被击01.pss	S_fxmid	0
6488	小白轻功6_地面冲刺	data\source\player\F1\动作\F1bqg丐帮疾前冲.tani			0
6489	小白轻功6_水面冲刺	data\source\player\F1\动作\F1bqg丐帮水上前冲浪.tani			0
6516	天策_开虎群体眩晕	data\source\player\F1\动作\F1stc04技能01-05a.tani			0
6520	天策_马下战八方	data\source\player\F1\动作\F1s04tc技能29_战八方hd.tani			0
6532	藏剑_风插_群体推人	data\source\player\F1\动作\F1scj07重剑攻击01a峰插云景.tani	data\source\other\特效\技能\SFX\被击\被击_藏剑攻击03_重剑_肉体.Sfx	S_fxmid	0
6543	藏剑_风来吴山变效果	data\source\player\f1\动作\f1scj07重剑攻击03-01a.tani			0
6621	蝎心_DOT	data\source\player\F1\动作\F1swd08毒攻击01_蝎心.tani			0
6626	蟾啸_单体	data\source\player\F1\动作\F1swd08毒攻击02_蟾啸.tani			0
6662	冰蚕牵丝_单体	data\source\player\F1\动作\F1swd08治疗释放01_冰蚕牵丝.tani			0
6675	醉舞九天_小队	data\source\player\F1\动作\F1swd08治疗02_蝶舞九天.tani			0
6676	五毒_夺命蛊_对敌方	data\source\player\F1\动作\F1swd08蛊攻击01_夺命蛊.tani			0
6677	夺命蛊_对友方	data\source\player\F1\动作\F1swd08蛊攻击01_夺命蛊.tani			0
6678	五毒_迷心蛊_对敌方	data\source\player\F1\动作\F1swd08蛊攻击01_迷心蛊.tani			0
6680	五毒_枯残蛊_对敌方	data\source\player\F1\动作\F1swd08蛊攻击01_枯残蛊.tani			0
6688	迷心蛊_对友方	data\source\player\F1\动作\F1swd08蛊攻击01_迷心蛊.tani			0
6689	枯残蛊_对友方	data\source\player\F1\动作\F1swd08蛊攻击01_枯残蛊.tani			0
6705	大明宫_英雄船只散射		data\source\other\特效\技能\SFX\被击\被击_射箭01.Sfx	S_fxmid	0
6711	大明宫_弓箭手_英雄重弩攻击		data\source\other\特效\技能\SFX\被击\被击_射箭01.Sfx	S_fxmid	0
6728	明教_满日AOE	Data\source\player\F1\动作\F1smj10乾坤大法buff02c1.tani			0
6730	明教_满月AOE	Data\source\player\F1\动作\F1smj10乾坤大法buff02c2.tani			0
6732	明教_净世破魔击增强	Data\source\player\F1\动作\F1smj10组合刀攻击06_杀戮日a.tani			0
6767	光明相_友方	data\source\player\F1\动作\F1smj10乾坤大法buff01_01.tani			0
6784	小白轻功7_双人空中_附属冲刺1	data\source\player\f1\动作\f1bqg丐帮双人被带一段冲刺a.ani			0
6785	小白轻功7_双人空中_附属冲刺2	data\source\player\f1\动作\f1bqg丐帮双人被带二段冲刺a.ani			0
6786	小白轻功7_双人空中_附属冲刺3	data\source\player\f1\动作\f1bqg丐帮双人被带三段冲刺a.ani			0
6808	天策_撼如雷_小队增益	data\source\player\F1\动作\F1s04tc技能22_撼HD01.tani			0
6864	纯阳_太极无极需求buff	data\source\player\F1\动作\F1scy03纯阳技能21a.tani			0
6901	万世不竭	data\source\player\F1\动作\F1s03cy气技能12b_万世hd.tani			0
6911	镇山河加强	data\source\player\F1\动作\F1s03cy技能13b_镇山河.tani			0
6916	丐帮_笑醉狂通道	data\source\player\F1\动作\F1sqg11gbbuff01_hd.tani			0
6917	纯阳_太极无极需求buff定身	data\source\player\F1\动作\F1scy03纯阳技能21a.tani			0
7051	健胃散	Data\source\player\F1\动作\F1s06sh喝药01.tani			0
7052	易容	Data\source\player\F1\动作\F1s06sh喝药01.tani			0
7053	回复生命内力被定身	Data\source\player\F1\动作\F1s06sh喝药01.tani			0
7054	假死	Data\source\player\F1\动作\F1s06sh喝药01.tani			0
7055	提高内力会心	Data\source\player\F1\动作\F1s06sh喝药01.tani			0
7056	降低目标毒抗性	Data\source\player\F1\动作\F1s06sh喝药01.tani			0
7057	降低目标精神	Data\source\player\F1\动作\F1s06sh喝药01.tani			0
7058	降低目标力量	Data\source\player\F1\动作\F1s06sh喝药01.tani			0
7059	降低目标身法	Data\source\player\F1\动作\F1s06sh喝药01.tani			0
7060	降低目标内功攻击	Data\source\player\F1\动作\F1s06sh喝药01.tani			0
7061	降低目标外功攻击	Data\source\player\F1\动作\F1s06sh喝药01.tani			0
7062	缩小角色模型	Data\source\player\F1\动作\F1s06sh喝药01.tani			0
7063	免疫所有伤害	Data\source\player\F1\动作\F1s06sh喝药01.tani			0
7064	清除内功debuff效果	Data\source\player\F1\动作\F1s06sh喝药01.tani			0
7065	降低目标全属性	Data\source\player\F1\动作\F1s06sh喝药01.tani			0
7066	瞬间回复内力	Data\source\player\F1\动作\F1s06sh喝药01.tani			0
7067	瞬间回复生命	Data\source\player\F1\动作\F1s06sh喝药01.tani			0
7068	瞬间回复生命内力	Data\source\player\F1\动作\F1s06sh喝药01.tani			0
7069	提高毒抗性	Data\source\player\F1\动作\F1s06sh喝药01.tani			0
7070	提高根骨	Data\source\player\F1\动作\F1s06sh喝药01.tani			0
7071	提高精神	Data\source\player\F1\动作\F1s06sh喝药01.tani			0
7072	提高力量	Data\source\player\F1\动作\F1s06sh喝药01.tani			0
7073	提高内功防御力	Data\source\player\F1\动作\F1s06sh喝药01.tani			0
7074	提高内力上限	Data\source\player\F1\动作\F1s06sh喝药01.tani			0
7075	提高跑步速度	Data\source\player\F1\动作\F1s06sh喝药01.tani			0
7076	提高全属性	Data\source\player\F1\动作\F1s06sh喝药01.tani			0
7077	提高身法	Data\source\player\F1\动作\F1s06sh喝药01.tani			0
7078	提高生命上限	Data\source\player\F1\动作\F1s06sh喝药01.tani			0
7079	提高内功伤害	Data\source\player\F1\动作\F1s06sh喝药01.tani			0
7080	点燃火环	Data\source\player\F1\动作\F1b01aq攻击01.tani			0
7082	提高体质	Data\source\player\F1\动作\F1s06sh喝药01.tani			0
7083	提高外功会心	Data\source\player\F1\动作\F1s06sh喝药01.tani			0
7084	提高外功防御力	Data\source\player\F1\动作\F1s06sh喝药01.tani			0
7085	提高游泳速度	Data\source\player\F1\动作\F1s06sh喝药01.tani			0
7086	吸收毒伤害	Data\source\player\F1\动作\F1s06sh喝药01.tani			0
7087	吸收外功伤害	Data\source\player\F1\动作\F1s06sh喝药01.tani			0
7088	吸收阳性内功伤害	Data\source\player\F1\动作\F1s06sh喝药01.tani			0
7089	吸收阴性内功伤害	Data\source\player\F1\动作\F1s06sh喝药01.tani			0
7090	延长水下呼吸	Data\source\player\F1\动作\F1s06sh喝药01.tani			0
7091	提高毒伤害效果	Data\source\player\F1\动作\F1s06sh喝药01.tani			0
7092	提高外功伤害	Data\source\player\F1\动作\F1s06sh喝药01.tani			0
7093	提高阳性内功伤害	Data\source\player\F1\动作\F1s06sh喝药01.tani			0
7094	提高阴性内功伤害	Data\source\player\F1\动作\F1s06sh喝药01.tani			0
7095	提高中性内功伤害	Data\source\player\F1\动作\F1s06sh喝药01.tani			0
7096	致盲目标	Data\source\player\F1\动作\F1s06sh喝药01.tani			0
7097	立刻复活	Data\source\player\F1\动作\F1s06sh喝药01.tani			0
7098	吸收中性内功伤害	Data\source\player\F1\动作\F1s06sh喝药01.tani			0
7104	捕鱼	Data\source\player\F1\动作\F1b01aq攻击01.tani			0
7111	小心蜜蜂任务子弹技	Data\source\player\F1\动作\F1b01aq攻击01.tani			0
7129	赶猪	Data\source\player\F1\动作\F1s06sh采矿01-01.tani			0
7165	内满自溢	Data\source\player\F1\动作\F1b02ty战场自爆.tani			0
7192	自爆表现技能	Data\source\player\F1\动作\F1b02ty战场自爆.tani			0
7232	馒头投江	Data\source\player\F1\动作\F1b02dj扔馒头02.tani			0
7254	缝纫_蹴鞠	Data\source\player\F1\动作\F1b02dj踢球03.tani			0
7261	元旦活动_道具_对玩家_香喷喷的饺子	Data\source\player\F1\动作\F1b02dj扔饺子.tani			0
7262	元旦活动_道具_对npc_煮坏了的饺子	Data\source\player\F1\动作\F1b02dj扔饺子.tani			0
7263	元旦活动_脏兮兮的煤球	Data\source\player\F1\动作\F1b02dj扔煤球.tani			0
7264	元旦活动_饺子宴	Data\source\player\F1\动作\F1s06sh送礼01.tani			0
7265	元旦活动_上品饺子宴	Data\source\player\F1\动作\F1s06sh送礼01.tani			0
7271	元旦活动_装备_御厨勾涎戒_暗器	Data\source\player\F1\动作\F1b01aq攻击01.tani			0
7272	元旦活动_大彩球	Data\source\player\F1\动作\F1b02dj扔彩球01_大.tani			0
7273	元旦活动_小彩球	Data\source\player\F1\动作\F1b02dj扔彩球01_小.tani			0
7314	绷带_粗制绷带	data\source\player\F1\动作\F1b02dj站立引导b.ani			0
7317	绷带_丝制绷带	data\source\player\F1\动作\F1b02dj站立引导b.ani			0
7318	绷带_彩色绷带	data\source\player\F1\动作\F1b02dj站立引导b.ani			0
7319	绷带_绸缎绷带	data\source\player\F1\动作\F1b02dj站立引导b.ani			0
7320	绷带_纱制绷带	data\source\player\F1\动作\F1b02dj站立引导b.ani			0
7321	降低移动速度	Data\source\player\F1\动作\F1b01aq攻击01.tani			0
7339	白龙口_扔药瓶	Data\source\player\F1\动作\F1b02dj扔馒头01.tani	data\source\other\特效\技能\SFX\被击\被击_纯阳攻击12.Sfx		0
7348	帮会_技能道具_发芽的土豆	Data\source\player\F1\动作\F1b02dj扔饺子.tani			0
7349	帮会_技能道具_腐烂的生菜	Data\source\player\F1\动作\F1b02dj扔饺子.tani			0
7350	帮会_技能道具_发霉的饭菜	Data\source\player\F1\动作\F1b02dj扔饺子.tani			0
7351	帮会_技能道具_冰火蛋	Data\source\player\F1\动作\F1b02dj扔饺子.tani			0
7358	白龙口_扔套索	Data\source\player\F1\动作\F1b02dj扔馒头01.tani	data\source\other\特效\技能\SFX\被击\被击_临时血光01.Sfx	S_fxmid	0
7364	白龙口_射击	data\source\player\F1\动作\F1stc04枪攻击20-陆战01.tani	data\source\other\特效\技能\SFX\被击\被击_射箭01.Sfx	S_fxmid	0
7431	攻防战＿远程范围AOE	Data\source\player\F1\动作\F1b01aq攻击01.tani			0
7452	降低目标外防	Data\source\player\F1\动作\F1b01aq攻击01.tani			0
7455	降低目标内防	Data\source\player\F1\动作\F1b01aq攻击01.tani			0
7459	使目标定身	Data\source\player\F1\动作\F1b01aq攻击01.tani			0
7463	端午节_战斗辅助类	Data\source\player\F1\动作\F1b02dj吃03_粽子.tani			0
7463	端午节_战斗辅助类	Data\source\player\F1\动作\F1b02dj吃糖葫芦.tani			0
7463	端午节_战斗辅助类	Data\source\player\F1\动作\F1b02dj吃糖葫芦.tani			0
7463	端午节_战斗辅助类	Data\source\player\F1\动作\F1b02dj吃糖葫芦.tani			0
7469	清除门派2心法切换CD	data\source\player\F1\动作\F1swh01辅助技能01-01.tani			0
7512	中秋活动_打狗棒法	Data\source\player\F1\动作\F1s06sh采矿01-01.tani			0
7520	唐门_唐莲	Data\source\player\F1\动作\F1b02dj扔彩球01_小.tani			0
7571	情比金坚	Data\source\player\F1\动作\F1swd08治疗释放02.ani			0
7572	深情厚谊	Data\source\player\F1\动作\F1swd08治疗释放02.ani			0
7608	赛马_步步惊心	Data\source\player\F1\动作\F1b01aq攻击01.tani			0
7610	赛马_纵马驰骋	Data\source\player\F1\动作\F1H上马01.ani	data\source\other\特效\技能\SFX\被击\被击_天策攻击09.Sfx	S_fxmid	0
7612	苍山洱海_套马索	Data\source\player\F1\动作\F1b01ty套马01b.tani			0
7618	赛马_势如破竹	data\source\player\F1\动作\F1b02ty势如破竹01.ani			0
7620	赛马_百步穿杨	data\source\player\F1\动作\F1stc04蓄力射箭释放-骑乘赛马活动.tani			0
7741	门派活动_百步穿杨	data\source\player\F1\动作\F1stc04蓄力射箭释放-骑乘赛马活动.tani			0
7743	门派活动_箭无虚发	data\source\player\F1\动作\F1stc04枪攻击20-骑乘骑射.tani	data\source\other\特效\技能\SFX\被击\被击_射箭01.Sfx	S_fxmid	0
7791	大战郭萌萌_鲜花	Data\source\player\F1\动作\F1b02dj扔馒头01.tani			0
7792	大战郭萌萌_臭鸡蛋	Data\source\player\F1\动作\F1b02dj扔馒头01.tani			0
7816	疗伤	Data\source\player\F1\动作\F1b02ty阵法02.tani			0
7818	龙门飞剑_主角冲刺	data\source\player\F1\动作\F1scj07冲刺01太虚飞仙.tani			0
7824	充值活动_踢蛇	Data\source\player\F1\动作\F1b02xs攻击01.tani	data\source\other\特效\技能\SFX\被击\被击_闪光烟尘01_拳肉身.Sfx	S_fxmid	0
7826	迷梦蝶	data\source\player\F1\动作\F1b02dj吹笛子01.tani			0
7882	一传十活动_彩球1	Data\source\player\F1\动作\F1b02dj扔彩球01_小.tani			0
7883	一传十活动_彩球2	Data\source\player\F1\动作\F1b02dj扔彩球01_小.tani			0
7886	一传十活动_坐骑_给我花	Data\source\player\F1\动作\F1H轿子待机01.ani			0
7888	一传十活动_坐骑_给我花_老年	Data\source\player\F1\动作\F1H轿子待机01.ani			0
7938	大唐监狱_越狱勾爪	Data\source\player\F1\动作\F1stm09钩子攻击02.ani			0
7962		Data\source\player\F1\动作\F1b02dj扔煤球.tani			0
7973	箭无虚发	data\source\player\f1\动作\f1stc04枪攻击20-陆战03.tani			0
8096	血战天策_阻援_扔石头	data\source\player\F1\动作\F1b01yd扔石头.tani			0
8098	血战天策_阻援_射击	data\source\player\f1\动作\f1stc04枪攻击20-陆战03.tani			0
8166	长安府马鞭	data\source\player\f1\动作\f1stc04骑乘02_带马鞭.tani			0
8230	血战天策_雷狼_箭	data\source\player\F1\动作\F1b06sh骑马射箭蓄力释放.tani			0
8231	血战天策_雷狼_枪	Data\source\player\F1\动作\F1stc04枪攻击04-骑乘.tani			0
8241	血战天策_雷狼_加速	data\source\player\f1\动作\f1stc04骑乘02_带马鞭.tani			0
8378	血战天策_雷狼_打断	data\source\player\F1\动作\F1s04tc技能18b_渊HD.tani			0
8385	血战天策_苏曼莎_玩家_听雷		data\source\other\特效\技能\SFX\被击\被击_藏剑攻击02_单手剑_肉体.Sfx	S_fxmid	0
8386	血战天策_苏曼莎_玩家_龙牙		data\source\other\特效\技能\SFX\被击\被击_闪光01_龙牙.Sfx	S_fxmid	0
8421	血战天策_青骓牧场_地煞营_炸弹	Data\source\player\F1\动作\F1b01aq攻击24.ani			0
8425	血战天策_黑齿元佑_箭	data\source\player\F1\动作\F1b06sh骑马射箭蓄力释放.tani			0
8428	血战天策_黑齿元佑_枪	data\source\player\F1\动作\F1stc04枪攻击02-骑乘.tani			0
8431	血战天策_黑齿元佑_加速	data\source\player\f1\动作\f1stc04骑乘02_带马鞭.tani			0
8433	血战天策_黑齿元佑_打断	data\source\player\F1\动作\F1stc04枪攻击02-骑乘.ani			0
8517	千峰一线含蓄	data\source\player\F1\动作\F1H血战骑砍_02.tani			0
8518	千峰一线酷炫	data\source\player\F1\动作\F1H血战骑砍_01.tani			0
8523	力挽狂澜	data\source\player\F1\动作\F1b02ty势如破竹01.ani			0
8583	英雄血战天策_雷狼_箭	data\source\player\F1\动作\F1b06sh骑马射箭蓄力释放.tani			0
8584	英雄血战天策_雷狼_枪	Data\source\player\F1\动作\F1stc04枪攻击04-骑乘.tani			0
8585	英雄血战天策_雷狼_加速	data\source\player\f1\动作\f1stc04骑乘02_带马鞭.tani			0
8601	铁血·势如破竹释放	data\source\player\f1\动作\f1scy03画影残月c.tani			0
8602	铁血·加盾	data\source\player\F1\动作\F1s05qx扇技能14_回雪HD.tani			0
8603	铁血·横扫六合	data\source\player\F1\动作\F1sqx05剑舞待机01.ani			0
8604	铁血·快雪时晴	data\source\player\F1\动作\f1s01wh点穴24_快雪hd.tani			0
8605	铁血·战八方	data\source\player\F1\动作\F1s04tc技能29_战八方hd.tani	data\source\other\特效\技能\SFX\被击\被击_天策2.Sfx	S_fxmid	0
8606	铁血·六合独尊	data\source\player\F1\动作\F1s03cy气技能14_六合HD.tani			0
8607	铁血·剑灵寰宇	data\source\player\F1\动作\F1sqx05双剑攻击05.tani			0
8608	铁血·百足	data\source\player\F1\动作\F1swd08毒攻击03_百足.tani			0
8609	铁血·裂石弩	Data\source\player\F1\动作\F1stm09弩攻击01_裂石hd01.tani	data\source\other\特效\技能\SFX\被击\被击_唐门被击02.sfx	S_fxmid	0
8610	铁血·霞流宝石	data\source\player\F1\动作\f1s07cj重剑技能17_霞流宝石hd.tani	data\source\other\特效\技能\SFX\被击\被击_藏剑攻击03_重剑_肉体.Sfx	S_fxmid	0
8611	铁血·龙啸九天	data\source\player\F1\动作\F1sgb11掌法攻击06_01.tani			0
8612	铁血·净世破魔击	data\source\player\F1\动作\F1smj10组合刀攻击06_杀戮日.tani			0
8613	铁血·魄荡魂摇	data\source\player\F1\动作\F1b02xs攻击02-02魄荡魂摇.tani			0
8614	铁血·破釜沉舟	Data\source\player\F1\动作\F1scy03自绝经脉02.tani			0
8615	铁血·俾睨天下	data\source\player\F1\动作\F1b02dj传功睥睨天下.tani			0
8616	铁血·加盾2	data\source\player\F1\动作\F1s01wh技能15_春泥HD.tani			0
8617	铁血·加盾3	data\source\player\F1\动作\F1s04tc技能23_守如山HD.tani			0
8618	铁血·加盾4	data\source\player\F1\动作\F1s03cy技能11_坐忘HD.tani			0
8619	铁血·加盾5	data\source\player\F1\动作\F1s05qx剑技能20_天地低昂hd.tani			0
8620	铁血·加盾6	data\source\player\F1\动作\F1swd08蛊攻击01_万蛊蚀心.tani			0
8621	铁血·加盾7	Data\source\player\F1\动作\F1stm09BUFF01幻影.tani			0
8622	铁血·加盾8	data\source\player\F1\动作\F1scj07辅助技能04-02.tani			0
8623	铁血·加盾9	data\source\player\F1\动作\F1sqg11gbbuff01_hd.tani			0
8624	铁血·加盾10	data\source\player\F1\动作\F1smj10圣火诀buff05.tani			0
8628	血战天策_令狐伤_一剑诀·一重	data\source\player\F1\动作\F1scj07重剑攻击01.ani			0
8629	血战天策_令狐伤_一剑诀·二重	data\source\player\F1\动作\F1scj07轻剑01_zp.ani			0
8630	血战天策_令狐伤_一剑诀·三重	data\source\player\F1\动作\F1s01ty摩提耶罗狮子吼蓄力.ani			0
8632	血战天策_令狐伤_一剑诀·四重	data\source\player\F1\动作\F1s07cj轻剑技能16a_梦泉虎跑hd.tani			0
8633	血战天策_令狐伤_一剑诀·五重(空)	data\source\player\F1\动作\F1smj10乾坤大法buff04.ani			0
8634	血战天策_令狐伤_一剑诀·五重(冥)	data\source\player\F1\动作\F1smj10组合刀攻击04.ani			0
8635	血战天策_令狐伤_一剑诀·五重	data\source\player\F1\动作\F1s03ty中冲剑释放少商剑.tani			0
8636	血战天策_令狐伤_一剑诀_六重	data\source\player\F1\动作\F1scy03画影残月c_01.tani			0
8668	饭桶_煤球复制	Data\source\player\F1\动作\F1b02dj扔煤球.tani			0
8670	感时曲终	data\source\player\F1\动作\F1s05qx剑舞结束_HD.tani			0
8673	风雪稻香村_小怪关卡_主角技能_钩爪	data\source\player\F1\动作\F1s千索夺魂.tani			0
8674	风雪稻香村_小怪关卡_主角技能_卧龙盘山	Data\source\player\F1\动作\F1b02xs攻击05.tani			0
8675	风雪稻香村_小怪关卡_主角技能_霞月长针	data\source\player\F1\动作\f1霞月长针释放.tani			0
8676	风雪稻香村_小怪关卡_主角技能_寒冰真枪	data\source\player\F1\动作\F1s寒冰针枪.tani			0
8692	浮空反制	data\source\player\f1\动作\f1b02yd空中丢鞭炮_01.tani			0
8697	火雷	data\source\player\f1\动作\f1b02yd地面丢鞭炮_01.tani			0
8698	读家书	Data\source\player\F1\动作\F1b06sh看信.tani			0
8815	御城·极	data\source\player\F1\动作\f1s御城极.tani			0
8818	御城·盾	data\source\player\F1\动作\f1b03ty攻击03剑冢.tani			0
8820	御城·矛	data\source\player\F1\动作\f1b02xs攻击02-02加强.tani			0
8821	御城·励	data\source\player\F1\动作\F1b02xs攻击04加强.tani			0
8829	合吾	data\source\player\F1\动作\f1s御城极.tani			0
8830	春点	data\source\player\F1\动作\F1b02xs攻击04加强.tani			0
8832	仁义	data\source\player\F1\动作\F1b02xs攻击04加强.tani			0
8833	哑运	data\source\player\F1\动作\f1b02xs攻击02-02加强.tani			0
8835	御城·锋击退AOE	data\source\player\F1\动作\F1b02xs攻击05加强.tani			0
8858	秦皇陵_安禄山_抛石	data\source\player\F1\动作\F1b01yd扔石头.tani			0
8929	秦皇陵_三号圣女_移魂换命	data\source\player\F1\动作\F1s吸血.tani			0
8932	秦皇陵_三号圣女_献身真理母技能	data\source\player\F1\动作\F1s献身真理.tani			0
8955	神机车_燃火箭	data\source\player\F1\动作\F1弩车_at02_b.ani			0
8957	神机车_燃火箭子技能	data\source\player\F1\动作\F1弩车_at01.tani	data\source\other\特效\技能\SFX\被击\被击_闪光01_穿云.Sfx	S_fxmid	0
8962	神机车_过热	data\source\player\F1\动作\F1弩车_解体.ani			0
8969	神机车_箭弩连射子技能		data\source\other\特效\技能\SFX\被击\被击_闪光01_穿云.Sfx	S_fxmid	0
8970	秦皇陵_安禄山_铁勾母技能	data\source\player\F1\动作\F1stm09普通攻击03_丢锁链.tani			0
8971	骑乘_天灯	data\source\player\F1\动作\F1热气球主控上篮01.ani			0
8972	神机车_战斗状态	data\source\player\F1\动作\F1弩车_移动变形到战斗.ani			0
8993	御城·殇	data\source\player\F1\动作\F1b05ty攻击02.ani			0
9001	神机车_过热子技能		data\source\other\特效\技能\SFX\被击\被击_闪光01_穿云.Sfx	S_fxmid	0
9021	秦皇陵_二号麒麟_玩家干BOSS	data\source\player\F1\动作\F1_火麒麟001_brk01a.tani			0
9031	纯阳_太极无极普通需求buff2层	data\source\player\F1\动作\F1scy03纯阳技能21a.tani			0
9032	纯阳_太极无极普通需求buff3层	data\source\player\F1\动作\F1scy03纯阳技能21a.tani			0
9033	纯阳_太极无极需求buff2层定身	data\source\player\F1\动作\F1scy03纯阳技能21a.tani			0
9034	纯阳_太极无极需求buff3层定身	data\source\player\F1\动作\F1scy03纯阳技能21a.tani			0
9071	神机台_穿心弩	data\source\player\F1\动作\F1神机台001_at01_a.ani			0
9075	神机台_穿心弩低伤	data\source\player\F1\动作\F1神机台001_at01_b_箭.tani			0
9076	神机台_穿心弩低火伤	data\source\player\F1\动作\F1神机台001_at01_b_火箭.tani			0
9077	神机台_穿心弩高伤	data\source\player\F1\动作\F1神机台001_at01_b_箭.tani			0
9078	神机台_穿心弩高火伤	data\source\player\F1\动作\F1神机台001_at01_b_火箭.tani			0
9080	神机台_扫射子技能	data\source\player\F1\动作\F1神机台001_at02_b.tani			0
9081	神机台_扫射低伤	data\source\player\F1\动作\F1神机台001_at02_b_箭.tani			0
9082	神机台_扫射低火伤	data\source\player\F1\动作\F1神机台001_at02_b_火箭.tani			0
9085	神机台_点火	data\source\player\F1\动作\F1神机台001_at03.ani			0
9091	神机台_穿心弩BUFF子技能	data\source\player\F1\动作\F1神机台001_at01_b.tani			0
9092	整体奇穴切换空技能	data\source\player\F1\动作\F1b02ty阵法01_切换HD.tani			0
9100	神机台_照明弹	data\source\player\F1\动作\F1神机台001_at01_b_照明弹.tani			0
9132	秦皇陵_25人圣女_移魂换命	data\source\player\F1\动作\F1s吸血.tani			0
9133	秦皇陵_25人圣女_献身真理	data\source\player\F1\动作\F1s献身真理.tani			0
9148	神机车_子弹表现	data\source\player\F1\动作\F1弩车_at01.tani			0
9150	神机台_穿心弩目标技能	data\source\player\F1\动作\F1神机台001_at02_b.tani			0
9151	神机台_子弹表现	data\source\player\F1\动作\F1弩车_at01.tani			0
9156	套马索赤兔读条版	Data\source\player\F1\动作\F1b01ty套马01b.tani			0
9168	神机台_照明弹子技能	data\source\player\F1\动作\F1神机台001_at01_b_照明弹.tani			0
9208	骑乘_轻功_天灯	data\source\player\F1\动作\F1滑翔机跳上01.ani			0
9249	军阵_玩家_斩杀	data\source\player\F1\动作\F1stc04骑乘攻击04马上攻击.tani	data\source\other\特效\技能\SFX\被击\被击_闪光01_枪木质.Sfx	S_fxmid	0
9267	摧城车_战斗状态	data\source\player\F1\动作\F1投石车_普通待机.ani			0
9301	摧城车_投石	data\source\player\F1\动作\F1s投石车普通石头.tani			0
9302	摧城车_裂火石	data\source\player\F1\动作\F1s投石车火焰石头.tani			0
9335	六合独尊单体通道	data\source\player\F1\动作\F1scy03六合独尊单体.tani			0
9341	六合独尊单体buff	data\source\player\F1\动作\F1scy03剑攻击02六合独尊.tani			0
9396	火龙摧城_持盾	data\source\player\F1\动作\F1b12cy盾墙01b盾防御.tani			0
9410	骑乘_驴车	data\source\player\F1\动作\F1LV主控上车.ani			0
9423	亲昵_驴车_动作1	data\source\player\F1\动作\F1LV主控亲标男.tani			0
9424	亲昵_驴车_动作2	data\source\player\F1\动作\F1LV主控亲标女.tani			0
9425	亲昵_驴车_动作3	data\source\player\F1\动作\F1LV主控亲正太.tani			0
9440	天策_附魔马上战八方	data\source\player\F1\动作\F1stc04骑乘攻击02_奇穴战八方.tani	data\source\other\特效\技能\SFX\被击\被击_闪光01_枪木质.Sfx	S_fxmid	0
9441	天策_附魔马下战八方	data\source\player\F1\动作\F1stc04枪攻击21-奇穴战八方.tani	data\source\other\特效\技能\SFX\被击\被击_天策2.Sfx	S_fxmid	0
9446	亲昵_驴车_动作4	data\source\player\F1\动作\F1LV主控亲萝莉.tani			0
9447	亲昵_驴车_动作5	data\source\player\F1\动作\F1LV副控亲标男.tani			0
9448	亲昵_驴车_动作6	data\source\player\F1\动作\F1LV副控亲标女.tani			0
9449	亲昵_驴车_动作7	data\source\player\F1\动作\F1LV副控亲正太.tani			0
9450	亲昵_驴车_动作8	data\source\player\F1\动作\F1LV副控亲正太.tani			0
9462	附魔_天策马上战八方		data\source\other\特效\技能\SFX\被击\被击_天策2.Sfx	S_fxmid	0
9463	附魔_天策马下战八方		data\source\other\特效\技能\SFX\被击\被击_天策2.Sfx	S_fxmid	0
9465	附魔_花间阳明叠快雪新快雪单体	data\source\player\F1\动作\F1swh01点穴04快雪时晴.tani			0
9466	附魔_花间阳明叠快雪新快雪群体	data\source\player\F1\动作\F1swh01点穴04快雪时晴.tani			0
10415	骑乘_鸵鸟	data\source\player\F1\动作\F1鸵鸟_上车.ani			0
13016	雁门关之役_拓跋离_主角技能_格挡	data\source\player\F1\动作\F1b12cy盾墙01b反射.tani			0
13039	普通攻击_盾刀攻击	data\source\player\F1\动作\F1b12md普通攻击01_普攻HD.tani	data\source\other\HD特效\技能\Pss\被击\c_苍云被击_普攻.pss	S_fxmid	0
13042	无惧	data\source\player\F1\动作\F1scy12刀盾buff04_无惧01.tani			0
13044	盾刀	data\source\player\F1\动作\F1scy12刀盾攻击01_01.tani	data\source\other\特效\技能\SFX\被击\C_苍云刀被击01.Sfx	S_fxmid	100
13045	盾压	data\source\player\F1\动作\F1scy12刀盾攻击14_盾抛hd.tani	data\source\other\新特效\技能\Pss\被击\C_苍云爆03.pss	S_fxmid	0
13046	盾猛	data\source\player\F1\动作\f1scy12刀盾攻击07_hd.tani	data\source\other\新特效\技能\Pss\被击\C_苍云爆03.pss	S_fxmid	0
13048	盾舞	data\source\player\F1\动作\F1scy12刀舞_02.tani	data\source\other\特效\技能\SFX\被击\C_苍云盾舞被击01.Sfx	S_fxmid	0
13049	盾墙	data\source\player\F1\动作\F1scy12盾墙01a_盾墙释放01.tani			0
13050	盾飞	data\source\player\F1\动作\F1scy12盾飞01_01.tani			0
13052	劫刀	data\source\player\F1\动作\F1scy12双手刀06_劫刀01.tani	data\source\other\特效\技能\SFX\被击\C_苍云刀被击01.Sfx	S_fxmid	0
13053	闪刀	data\source\player\F1\动作\F1scy12双手刀02苍云闪刀.tani	data\source\other\新特效\技能\Pss\被击\C_苍云爆04.pss	S_fxmid	0
13054	斩刀	data\source\player\F1\动作\F1scy12双手刀05_03.tani	data\source\other\新特效\技能\Pss\被击\C_苍云爆03.pss	S_fxmid	0
13055	绝刀	data\source\player\F1\动作\F1scy12双手刀01绝刀01.tani			0
13059	盾刀二段	data\source\player\F1\动作\F1scy12刀盾攻击02_01.tani	data\source\other\特效\技能\SFX\被击\C_苍云刀被击01.Sfx	S_fxmid	100
13060	盾刀三段	data\source\player\F1\动作\F1scy12刀盾攻击04_01.tani	data\source\other\新特效\技能\Pss\被击\C_苍云爆03.pss	S_fxmid	100
13061	菊花技能-控Boss	data\source\player\F1\动作\f1s重阳投掷菊花.tani			0
13068	盾毅	data\source\player\F1\动作\F1scy12刀盾攻击11a.tani	data\source\other\新特效\技能\Pss\被击\C_苍云爆03.pss	S_fxmid	126
13069	盾抛	data\source\player\F1\动作\F1scy12刀盾投技02_盾抛HD.tani	data\source\other\新特效\技能\Pss\被击\C_苍云爆03.pss	S_fxmid	0
13070	盾壁	data\source\player\F1\动作\F1scy12刀盾buff01盾壁01.tani			0
13072	盾护	data\source\player\F1\动作\F1scy12刀盾buff01_苍云盾护01.tani			0
13101	盾猛无视免疫击退效果	data\source\player\F1\动作\F1scy12刀盾攻击11b.tani	data\source\other\新特效\技能\Pss\被击\C_苍云爆03.pss	S_fxmid	0
13104	城墙防守_投石	data\source\player\F1\动作\F1s投石车火焰石头.tani			0
13106	盾击正常伤害	data\source\player\F1\动作\F1scy12刀盾攻击04_01.tani	data\source\other\新特效\技能\Pss\被击\C_苍云爆03.pss	S_fxmid	0
13107	盾击奇穴双倍伤害	data\source\player\F1\动作\F1scy12刀盾攻击04_01.tani	data\source\other\新特效\技能\Pss\被击\C_苍云爆03.pss	S_fxmid	0
13108	盾击奇穴3倍伤害	data\source\player\F1\动作\F1scy12刀盾攻击05_03.tani	data\source\other\新特效\技能\Pss\被击\C_苍云爆03.pss	S_fxmid	0
13110	盾击奇穴正常伤害	data\source\player\F1\动作\F1scy12刀盾攻击03_01.tani	data\source\other\新特效\技能\Pss\被击\C_苍云爆03.pss	S_fxmid	0
13119	盾刀四段	data\source\player\F1\动作\F1scy12刀盾攻击05_03.tani	data\source\other\新特效\技能\Pss\被击\C_苍云爆03.pss	S_fxmid	100
13147	隐刀子技能表现一	data\source\player\F1\动作\F1scy12双手刀03a_隐刀01.tani	data\source\other\新特效\技能\Pss\被击\C_苍云隐刀01.pss	S_fxmid	0
13148	隐刀子技能表现二	data\source\player\F1\动作\F1scy12双手刀03b_隐刀01.tani	data\source\other\新特效\技能\Pss\被击\C_苍云隐刀01.pss	S_fxmid	0
13153	血刀	data\source\player\F1\动作\F1scy12双手刀04aoe.tani	data\source\other\新特效\技能\Pss\被击\C_苍云爆04.pss	S_fxmid	0
13160	盾击正常伤害换动作	data\source\player\F1\动作\F1scy12刀盾攻击08_01.tani	data\source\other\新特效\技能\Pss\被击\C_苍云爆03.pss	S_fxmid	0
13161	盾击正常伤害还动作2	data\source\player\F1\动作\F1scy12刀盾攻击05_03.tani	data\source\other\新特效\技能\Pss\被击\C_苍云爆03.pss	S_fxmid	0
13164	盾刀第三段追加	data\source\player\F1\动作\F1scy12刀盾攻击03_01.tani	data\source\other\新特效\技能\Pss\被击\C_苍云爆03.pss	S_fxmid	0
13165	内功切换	data\source\player\F1\动作\F1b02ty阵法01_切换HD.tani			0
13170	菊花酿技能	data\source\player\F1\动作\f1s重阳投掷彩球.tani			0
13180	盾墙_收盾	data\source\player\F1\动作\F1scy12刀盾攻击10_解控.tani	data\source\other\特效\技能\SFX\被击\被击_天策2.Sfx	S_fxmid	0
13206	撼地击晕		data\source\other\特效\技能\SFX\被击\被击_天策2.Sfx	S_fxmid	0
13207	盾冲沿途击退	data\source\player\F1\动作\F1scy12刀盾攻击11a.tani	data\source\other\特效\技能\SFX\被击\被击_天策2.Sfx	S_fxmid	0
13228	临川列山阵释放	Data\source\player\F1\动作\F1b02ty阵法01.tani			0
13252	史思明_十殿阎罗_传功	data\source\player\F1\动作\F1s02ty对掌a吟唱.tani			0
13253	史思明_十殿阎罗_出掌	data\source\player\F1\动作\F1s02ty对掌b爆击蓝.tani			0
13269	盾猛冲刺	data\source\player\F1\动作\F1scy12刀盾攻击11a.tani	data\source\other\特效\技能\SFX\被击\被击_天策2.Sfx	S_fxmid	0
13275	锋凌横绝阵施放	Data\source\player\F1\动作\F1b02ty阵法01.tani			0
13284	隐刀障碍冲刺一	data\source\player\F1\动作\F1scy12双手刀03a_隐刀01.tani	data\source\other\新特效\技能\Pss\被击\C_苍云隐刀01.pss	S_fxmid	120
13285	隐刀障碍冲刺二	data\source\player\F1\动作\F1scy12双手刀03b_隐刀01.tani	data\source\other\新特效\技能\Pss\被击\C_苍云隐刀01.pss	S_fxmid	120
13286	隐刀伤害第一层	data\source\player\F1\动作\F1scy12双手刀03a_隐刀01.tani	data\source\other\新特效\技能\Pss\被击\C_苍云隐刀01.pss	S_fxmid	0
13287	隐刀伤害第二层	data\source\player\F1\动作\F1scy12双手刀03b_隐刀01.tani	data\source\other\新特效\技能\Pss\被击\C_苍云隐刀01.pss	S_fxmid	0
13288	隐刀伤害第三层	data\source\player\F1\动作\F1scy12双手刀03a_隐刀01.tani	data\source\other\新特效\技能\Pss\被击\C_苍云隐刀01.pss	S_fxmid	0
13289	隐刀伤害第四层	data\source\player\F1\动作\F1scy12双手刀03b_隐刀01.tani	data\source\other\新特效\技能\Pss\被击\C_苍云隐刀01.pss	S_fxmid	0
13290	隐刀伤害第五层	data\source\player\F1\动作\F1scy12双手刀03a_隐刀01.tani	data\source\other\新特效\技能\Pss\被击\C_苍云隐刀01.pss	S_fxmid	0
13291	隐刀伤害第六层	data\source\player\F1\动作\F1scy12双手刀03b_隐刀01.tani	data\source\other\新特效\技能\Pss\被击\C_苍云隐刀01.pss	S_fxmid	0
13300	血怒第一层	data\source\player\F1\动作\F1scy12刀盾buff03苍云血怒01.tani			0
13301	血怒第二层	data\source\player\F1\动作\F1scy12刀盾buff03苍云血怒02.tani			0
13302	血怒第三层	data\source\player\F1\动作\F1scy12刀盾buff03苍云血怒03.tani			0
13316	盾飞弹射子技能		data\source\other\特效\技能\SFX\被击\C_苍云盾被击01.Sfx	S_fxmid	0
13387	盾毅二	data\source\player\F1\动作\F1scy12刀盾投技01a_01.tani	data\source\other\新特效\技能\Pss\被击\C_苍云爆03.pss	S_fxmid	0
13391	盾挡	data\source\player\F1\动作\F1scy12刀盾buff01_01.tani			0
13399	火雷	data\source\player\f1\动作\f1stc04枪攻击20-陆战03.tani			0
13409	盾反取人数	data\source\player\F1\动作\F1scy12双手刀02苍云盾反.tani	data\source\other\新特效\技能\Pss\被击\C_苍云爆07.pss	S_fxmid	0
13424	撼地	data\source\player\F1\动作\F1scy12刀盾攻击12践踏02.tani			0
13430	蛇影_吟唱	data\source\player\F1\动作\F1swd08毒攻击02_蛇影.tani			0
13440	盾毅释放	data\source\player\F1\动作\F1scy12刀盾投技01_01.tani	data\source\other\新特效\技能\Pss\被击\C_苍云爆03.pss	S_fxmid	0
13452	百发百中	data\source\player\f1\动作\f1stc04枪攻击20-陆战03.tani			0
13458	盾墙下的盾舞	data\source\player\F1\动作\F1scy12盾舞移动01a.tani	data\source\other\特效\技能\SFX\被击\C_苍云盾舞被击01.Sfx	S_fxmid	0
13503	天下无狗_一段_实际伤害1		data\source\other\hd特效\技能\pss\被击\g_丐帮_棒法_被击01_悟.pss	S_fxmid	0
13504	天下无狗_二段_实际伤害1		data\source\other\hd特效\技能\pss\被击\g_丐帮_棒法_被击01_悟.pss	S_fxmid	0
13505	天下无狗_三段_实际伤害1		data\source\other\hd特效\技能\pss\被击\g_丐帮_棒法_被击01_悟.pss	S_fxmid	0
13535	英雄城墙防守投石	data\source\player\F1\动作\F1s投石车火焰石头.tani			0
13548	饮酒	data\source\player\F1\动作\F1b02dj右侧对饮_露营_01.tani			0
13549	逗乐	data\source\player\F1\动作\F1b02dj右侧逗乐_露营_01.tani			0
13550	鼓掌	data\source\player\F1\动作\F1b02dj左侧逗乐_露营.ani			0
13562	饮酒客人	data\source\player\F1\动作\F1b02dj左侧对饮_露营_01.tani			0
13579	盾猛纯击晕	data\source\player\F1\动作\F1scy12刀盾攻击11b.tani	data\source\other\新特效\技能\Pss\被击\C_苍云爆03.pss	S_fxmid	0
13580	苍云小物件_饮酒	data\source\player\F1\动作\F1b02dj右侧对饮_露营_01.tani			0
13581	苍云小物件_逗乐	data\source\player\F1\动作\F1b02dj右侧逗乐_露营_01.tani			0
13582	苍云小物件_鼓掌	data\source\player\F1\动作\F1b02dj左侧逗乐_露营.ani			0
13583	苍云小物件_客人饮酒	data\source\player\F1\动作\F1b02dj左侧对饮_露营_01.tani			0
13615	铁血·加盾11	data\source\player\F1\动作\F1scy12刀盾buff01盾壁01.tani			0
13616	铁血_盾舞	data\source\player\F1\动作\F1scy12刀舞_02.tani	data\source\other\特效\技能\SFX\被击\C_苍云盾舞被击01.Sfx	S_fxmid	0
13617	骑乘_乌龟	data\source\player\F1\动作\F1坐骑龟主控上车.ani			0
13619	乌龟按空格_1	data\source\player\F1\动作\F1b01ty开启屠杀_01.tani			0
13620	乌龟按空格_2	data\source\player\F1\动作\F1b01ty关闭屠杀_01.tani			0
13629	鲜美的饺子	Data\source\player\F1\动作\F1b02dj扔饺子.tani			0
13630	煮烂的饺子	Data\source\player\F1\动作\F1b02dj扔饺子.tani			0
13638	丐帮特殊武器	data\source\player\F1\动作\F1sgb11丐帮场景演武a.tani			0
13662	土豪特效发招	data\source\player\F1\动作\F1b02xs攻击03_01.tani			0
13663	明教_幽月轮_第一下眩晕目标	data\source\player\F1\动作\F1smj10双刀攻击01.tani			0
13664	明教_幽月轮_第二下眩晕目标	data\source\player\F1\动作\F1smj10双刀攻击02.tani			0
13665	明教_幽月轮_第三下眩晕目标	data\source\player\F1\动作\F1smj10双刀攻击03.tani			0
13666	明教_幽月轮_第一下非眩晕目标	data\source\player\F1\动作\F1smj10双刀攻击01.tani			0
13667	明教_幽月轮_第二下非眩晕目标	data\source\player\F1\动作\F1smj10双刀攻击02.tani			0
13668	明教_幽月轮_第三下非眩晕目标	data\source\player\F1\动作\F1smj10双刀攻击03.tani			0
13669	明教_赤日轮_第一下眩晕目标	data\source\player\F1\动作\F1smj10组合刀攻击03_日轮.tani			0
13670	明教_赤日轮_第二下眩晕目标	data\source\player\F1\动作\F1smj10组合刀攻击01_日轮.tani			0
13671	明教_赤日轮_第三下眩晕目标	data\source\player\F1\动作\F1smj10组合刀攻击02_日轮.tani			0
13672	明教_赤日轮_第一下非眩晕目标	data\source\player\F1\动作\F1smj10组合刀攻击03_日轮.tani			0
13673	明教_赤日轮_第二下非眩晕目标	data\source\player\F1\动作\F1smj10组合刀攻击01_日轮.tani			0
13674	明教_赤日轮_第三下非眩晕目标	data\source\player\F1\动作\F1smj10组合刀攻击02_日轮.tani			0
13807	千机变_目标点	Data\source\player\F1\动作\F1stm09机关攻击04遁影.tani			0
13817	骑乘_画舫交互_饮酒_主人	data\source\player\F1\动作\F1b02dj右侧对饮_画舫_01.tani			0
13818	骑乘_画舫交互_饮酒_客人	data\source\player\F1\动作\F1b02dj左侧对饮_画舫_01.tani			0
13819	骑乘_画舫交互_逗乐_主人	data\source\player\F1\动作\F1b02dj右侧逗乐_画舫_01.tani			0
13820	骑乘_画舫交互_鼓掌_客人	data\source\player\F1\动作\F1b02dj左侧逗乐_画舫.tani			0
13833	骑乘_画舫交互_撒花	Data\source\player\F1\动作\F1b02dj_画舫右侧待机_长待机.ani			0
13834	骑乘_画舫交互_烟花	Data\source\player\F1\动作\F1b02dj_画舫右侧待机_长待机.ani			0
13835	骑乘_画舫交互_水花	Data\source\player\F1\动作\F1b02dj_画舫右侧待机_长待机.ani			0
13837	 骑乘_画舫	data\source\player\F1\动作\F1b02dj_画舫主控上船.ani			0
13838	骑乘_羊车	data\source\player\F1\动作\F1YANG主控上车.ani			0
13964	被举高高	data\source\player\F1\动作\F1b01ty举高高01.ani			0
13977	勤修不辍_蓬莱_参悟心魔_击水三千一段	Data\source\player\F1\动作\F1s15pl伞技能01a_击水hd.tani			0
13983	蛊惑众生_可对自己施展	data\source\player\F1\动作\F1swd08治疗01_蛊惑众生.tani			0
13999	大雕空格1	data\source\player\F1\动作\F1陆行雕主控表现01.ani			0
14000	大雕空格2	data\source\player\F1\动作\F1陆行雕主控表现02.ani			0
14001	大雕空格3	data\source\player\F1\动作\F1陆行雕主控表现03.ani			0
14031	水枪水花技能	Data\source\player\F1\动作\F1stm09机关攻击02_01.tani			0
14038	水弹子技能	Data\source\player\F1\动作\F1stm09弩攻击05_01.tani			0
14063	普通攻击-琴攻击	Data\source\player\F1\动作\F1s13cg普通攻击01_平A01hd.tani			0
14064	宫	Data\source\player\F1\动作\F1s13cg琴技能04b_01.tani			0
14065	商	Data\source\player\F1\动作\F1s13cg琴技能03_01.tani			0
14066	角	Data\source\player\F1\动作\F1s13cg琴技能01_01.tani			0
14067	徵	Data\source\player\F1\动作\F1s13cg琴技能05_01.tani			0
14069	高山流水	Data\source\player\F1\动作\F1s13cg琴曲切换01.tani			0
14070	阳春白雪	Data\source\player\F1\动作\F1s13cg琴曲切换02a.tani			0
14071	梅花三弄	Data\source\player\F1\动作\F1s13cg琴曲切换01.tani			0
14072	平沙落雁	Data\source\player\F1\动作\F1s13cg琴曲切换01.tani			0
14073	笑傲光阴	Data\source\player\F1\动作\F1s13cg琴技能13.ani			0
14074	江逐月天	Data\source\player\F1\动作\F1s13cg琴技能14.ani			0
14075	云生结海	Data\source\player\F1\动作\F1s13cg琴技能15.ani			0
14076	青霄飞羽	Data\source\player\F1\动作\F1s13cg琴技能06c_空攻击.tani			0
14079	银烛清韵	Data\source\player\F1\动作\F1s13cg琴影释放.ani			0
14081	孤影化双	Data\source\player\F1\动作\F1s13cg琴技能11a_01.tani			0
14082	疏影横斜	Data\source\player\F1\动作\F1s13cg琴影释放01_01.tani			0
14084	杯水留影	Data\source\player\F1\动作\F1s13cg琴技能12_01.tani			0
14093	冲秋冥	Data\source\player\F1\动作\F1s13cg击退冲秋冥.tani			0
14095	清音长啸	Data\source\player\F1\动作\F1s13cg琴技能06_02.tani			0
14097	风入松	Data\source\player\F1\动作\F1s13cg琴技能02风.tani			0
14137	宫_治疗	Data\source\player\F1\动作\F1s13cg琴技能04b_治疗.tani			0
14138	商_治疗	Data\source\player\F1\动作\F1s13cg琴技能03_治疗.tani			0
14139	角_治疗	Data\source\player\F1\动作\F1s13cg琴技能01_治疗.tani			0
14140	徵_治疗	Data\source\player\F1\动作\F1s13cg琴技能05徵治疗.tani			0
14154	迴梦逐光	Data\source\player\F1\动作\F1s13cg琴技能16a_01.tani			0
14158	迴梦逐光_回收	Data\source\player\F1\动作\F1s13cg琴技能16b_01.tani			0
14162	孤影化双_回	Data\source\player\F1\动作\F1s13cg琴技能11b_01.tani			0
14169	一指回鸾	Data\source\player\F1\动作\F1s13cg琴技能06_02.tani			0
14172	浮声清脉阵释放	Data\source\player\F1\动作\F1b02ty阵法01.tani			0
14181	万籁金弦阵释放	Data\source\player\F1\动作\F1b02ty阵法01.tani			0
14220	阴山大草原_摔跤比试_横扫千军母技能	Data\source\player\F1\动作\F1b02xs攻击05.tani	data\source\other\特效\技能\SFX\被击\被击_闪光烟尘01_拳肉身.Sfx	S_fxmid	0
14221	阴山大草原_摔跤比试_回风落叶母技能	Data\source\player\F1\动作\F1b02xs攻击01.tani	data\source\other\特效\技能\SFX\被击\被击_闪光烟尘01_拳肉身.Sfx	S_fxmid	0
14222	笑傲光阴_瞬发	Data\source\player\F1\动作\F1s13cg琴技能13.ani			0
14223	江逐月天_瞬发	Data\source\player\F1\动作\F1s13cg琴技能14.ani			0
14224	云生结海_瞬发	Data\source\player\F1\动作\F1s13cg琴技能15.ani			0
14225	迴梦逐光_瞬发	Data\source\player\F1\动作\F1s13cg琴技能16a_01.tani			0
14229	高山流水_主动	Data\source\player\F1\动作\F1s13cg琴技能07_01.tani			0
14230	阳春白雪_主动	Data\source\player\F1\动作\F1s13cg琴技能08_坐_01.tani			0
14231	梅花三弄_主动	Data\source\player\F1\动作\F1s13cg琴技能09_01治疗.tani			0
14298	变宫	Data\source\player\F1\动作\F1s13cg琴技能04b_01.tani			0
14299	变徵	Data\source\player\F1\动作\F1s13cg琴技能05_01.tani			0
14300	变宫_治疗	Data\source\player\F1\动作\F1s13cg琴技能04b_治疗.tani			0
14301	变徵_治疗	Data\source\player\F1\动作\F1s13cg琴技能05徵治疗.tani			0
14302	宫_dot	Data\source\player\F1\动作\F1s13cg琴技能06_02宫.tani			0
14303	宫_hot	Data\source\player\F1\动作\F1s13cg琴技能06_02治疗宫.tani			0
14374	攻防神机车_转战斗形态	data\source\player\F1\动作\F1弩车_移动变形到战斗.ani			0
14378	攻防神机车_燃火箭	data\source\player\F1\动作\F1弩车_at02_b.ani			0
14379	攻防神机车_燃火箭子技能低伤	data\source\player\F1\动作\F1弩车_at01.tani	data\source\other\特效\技能\SFX\被击\被击_闪光01_穿云.Sfx	S_fxmid	0
14382	攻防神机台_穿心弩	data\source\player\F1\动作\F1神机台001_at01_b.tani			0
14383	攻防神机台_穿心弩子技能	data\source\player\F1\动作\F1神机台001_at02_b.tani			0
14387	攻防神机台_扫射	data\source\player\F1\动作\F1神机台001_at01_a.ani			0
14388	攻防神机台_扫射子技能低伤	data\source\player\F1\动作\F1神机台001_at02_b_箭.tani			0
14422	表现_外观_2	Data\source\player\F1\动作\F1b01ty外装02a.ani			0
14448	阴山大草原_小七的大扇子	data\source\player\F1\动作\F1s05qx扇技能14_回雪HD.tani			0
14449	剑·宫	Data\source\player\F1\动作\F1b13cg剑技能07_长歌通道HD.tani			0
14450	剑·商	Data\source\player\F1\动作\F1s13cg剑技能01a清绝.tani			0
14451	剑·徵	Data\source\player\F1\动作\F1s13cg剑技能05_01.tani			0
14453	剑·角	Data\source\player\F1\动作\F1s13cg剑技能04_01.tani			0
14455	剑·羽实际伤害技能	Data\source\player\F1\动作\F1s13cg剑技能03b_01.tani			0
14484	攻防神机台_扫射子技能低火伤	data\source\player\F1\动作\F1神机台001_at02_b_火箭.tani			0
14522	清绝影歌_回	data\source\player\F1\动作\F1s13cg剑技能09_醉剑HD.tani			0
14564	攻防神机雷	Data\source\player\F1\动作\F1b02dj扔煤球.tani			0
14587	 花月别院_1号_幻魔问心附体aoe	data\source\player\F1\动作\F1s献身真理黑色.tani			0
14597	勤修不辍_蓬莱_参悟心魔_击水三千二段	Data\source\player\F1\动作\F1s15pl伞技能01b_击水hd.tani			0
14639	听风吹雪_花间游	data\source\player\F1\动作\F1s01wh针灸16_听风HD.tani			0
14651	玉石群体吞噬效果	data\source\player\F1\动作\F1s01wh点穴15_玉石俱焚HD_AOE.tani			0
14656	万花_快雪时晴伤害增强	data\source\player\F1\动作\F1s01wh点穴16a_快雪HD.tani			0
14664	彼针_目标小队	data\source\player\F1\动作\F1s01wh针灸15b彼针HD.tani			0
14682	攻防摧城车_转战斗形态	data\source\player\F1\动作\F1投石车_普通待机.ani			0
14684	攻防摧城车_投石	data\source\player\F1\动作\F1s投石车普通石头.tani			0
14685	攻防摧城车_裂火石	data\source\player\F1\动作\F1s投石车火焰石头.tani			0
14716	铁血_徵	Data\source\player\F1\动作\F1s13cg琴技能05_01.tani			0
14717	铁血·加盾12	Data\source\player\F1\动作\F1s13cg琴技能09_01治疗.tani			0
14786	攻防神机车_十矢俱发	data\source\player\F1\动作\F1弩车_at02_b.ani			0
14887	战八方_正常伤害AOE		data\source\other\HD特效\技能\Pss\被击\t_天策龙吟被击01.pss	S_fxmid	0
14888	战八方_伤害翻倍AOE		data\source\other\HD特效\技能\Pss\被击\t_天策龙吟被击01.pss	S_fxmid	0
14911	松舍问霞伤害子技能	data\source\player\F1\动作\F1s07cj重剑技能16b_松舍问霞HD.tani			0
14915	瀚光劫海	data\source\player\F1\动作\F1smj10组合刀攻击07_焚影.tani			0
14922	心火叹	data\source\player\F1\动作\F1smj10组合刀攻击08_明尊.tani			0
14927	御鸿于天	data\source\player\F1\动作\F1sgb11掌法攻击07a_攻击1段.tani			0
14928	御鸿于天二段	data\source\player\F1\动作\F1sgb11掌法攻击07b_攻击2段.tani			0
14937	余寒映日	data\source\player\F1\动作\F1s05qx剑技能17_余寒映日HD.tani			0
14938	形散如烟	data\source\player\F1\动作\F1sqx05七秀技能08_01.tani			0
14963	折叶笼花	data\source\player\F1\动作\F1swh01辅助技能05_01.tani			0
14965	南风吐月	data\source\player\F1\动作\F1swh01辅助技能06_01.tani			0
14975	万剑归宗正常AOE伤害		data\source\other\HD特效\技能\Pss\被击\C_纯阳两仪爆02.pss	S_fxmid	0
14978	攻防神机台_火油箭	data\source\player\F1\动作\F1神机台001_at01_b_照明弹.tani			0
14979	神机台_火子弹表现	data\source\player\F1\动作\F1神机台001_at02_b_火箭.tani			0
14982	攻防摧城车_石爆	data\source\player\F1\动作\F1s投石车火焰石头.tani			0
14990		data\source\player\F1\动作\F1弩车_at01.tani			0
15003	黑戈壁神机车_转战斗形态	data\source\player\F1\动作\F1弩车_移动变形到战斗.ani			0
15009	黑戈壁神机车_燃火箭	data\source\player\F1\动作\F1弩车_at02_b.ani			0
15010	黑戈壁神机车_燃火箭子技能低伤	data\source\player\F1\动作\F1弩车_at01.tani	data\source\other\特效\技能\SFX\被击\被击_闪光01_穿云.Sfx	S_fxmid	0
15015	黑戈壁神机台_穿心弩	data\source\player\F1\动作\F1神机台001_at01_b.tani			0
15016	黑戈壁神机台_穿心弩子技能	data\source\player\F1\动作\F1神机台001_at02_b.tani			0
15021	黑戈壁神机台_扫射	data\source\player\F1\动作\F1神机台001_at01_a.ani			0
15022	黑戈壁神机台_扫射子技能低火伤	data\source\player\F1\动作\F1神机台001_at02_b_火箭.tani			0
15023	黑戈壁神机台_扫射子技能低伤	data\source\player\F1\动作\F1神机台001_at02_b_箭.tani			0
15033	套马	Data\source\player\F1\动作\F1b01ty套马01b.tani			0
15053	九溪弥烟通道AOE	data\source\player\F1\动作\F1s07cj轻剑技能11_九溪HD.tani	data\source\other\特效\技能\SFX\被击\被击_藏剑攻击02_单手剑_肉体.Sfx	S_fxmid	0
15058	黑戈壁_烟雾弹	Data\source\player\F1\动作\F1b02dj扔火把01.tani			0
15068	琴音共鸣	Data\source\player\F1\动作\F1s13cg琴技能17_01.tani			0
15072	寒啸千军	data\source\player\F1\动作\F1scy12刀盾buff05_02.tani			0
15076	影子伤害攻击宫伤害	Data\source\player\F1\动作\F1s13cg琴技能04b_坐_01_影子.tani			0
15082	影子治疗宫治疗	Data\source\player\F1\动作\F1s13cg琴技能04b_坐_治疗_影子.tani			0
15092	歌尽影生	Data\source\player\F1\动作\F1s13cg琴技能12_01.tani			0
15105	骑乘_马车	data\source\player\F1\动作\F1YANG主控上车.ani			0
15106	黑戈壁神机雷	Data\source\player\F1\动作\F1b02dj扔煤球.tani			0
15121	蚀心蛊	data\source\player\F1\动作\F1swd08蛊攻击01_夺命蛊.tani			0
15127	玳弦急曲移动	data\source\player\F1\动作\F1s05qx剑技能12_玳弦急曲HD.tani			0
15132	迷仙引梦	data\source\player\F1\动作\F1swd08治疗释放05补天.tani			0
15154	羽动作表现1	Data\source\player\F1\动作\F1s13cg琴技能06攻击.tani			0
15155	羽动作表现2	Data\source\player\F1\动作\F1s13cg琴技能06b攻击.tani			0
15156	羽动作表现3	Data\source\player\F1\动作\F1s13cg琴技能06c攻击.tani			0
15158	破重围	data\source\player\F1\动作\F1stc04骑乘攻击05_破重围hd.tani			0
15168	羽治疗表现动作1	Data\source\player\F1\动作\F1s13cg琴技能06治疗.tani			0
15169	羽治疗表现动作2	Data\source\player\F1\动作\F1s13cg琴技能06b治疗.tani			0
15170	羽治疗表现动作3	Data\source\player\F1\动作\F1s13cg琴技能06c治疗.tani			0
15187	行天道	data\source\player\F1\动作\F1s03cy技能19b_大招hd.tani			0
15193	剑出鸿蒙	data\source\player\F1\动作\F1s03cy技能20b_鸿蒙HD.tani			0
15195	舍身弘法	data\source\player\F1\动作\F1ssl04技能12_hd01.tani			0
15196	扬旌沙场	data\source\player\F1\动作\F1scy12刀盾攻击13bb苍云分山劲01.tani			0
15274	藏剑_倾注剑气	data\source\player\F1\动作\F1b02ty倾注剑气01.tani			0
15285	藏剑_精血铸剑	data\source\player\F1\动作\F1b03ty祭剑b_01.tani			0
15335	七秀_玩家_飞花	data\source\player\F1\动作\F1b01aq攻击01粉色子弹.tani			0
15349	明教_套人	data\source\player\F1\动作\F1b02ty匍匐扔绳圈01.tani			0
15415	丐帮_火雷	Data\source\player\F1\动作\F1b02dj扔煤球.tani			0
15496	牦牛空格	data\source\player\F1\动作\F1HAONIU交互02.ani			0
15498	花蜜投掷	Data\source\player\F1\动作\F1b01aq攻击24.ani			0
15682	曹炎烈_飞爪母技能	data\source\player\F1\动作\F1stm09普通攻击03_丢锁链.tani			0
15967	背挂_秋千_亲昵1	data\source\player\F1\动作\F1秋千主控亲标男.ani			0
15968	背挂_秋千_亲昵2	data\source\player\F1\动作\F1秋千主控亲标女.ani			0
15969	背挂_秋千_亲昵3	data\source\player\F1\动作\F1秋千主控亲正太.ani			0
15970	背挂_秋千_亲昵4	data\source\player\F1\动作\F1秋千主控亲萝莉.ani			0
15971	背挂_秋千_亲昵5	data\source\player\F1\动作\F1秋千副控亲标男.ani			0
15972	背挂_秋千_亲昵6	data\source\player\F1\动作\F1秋千副控亲标女.ani			0
15973	背挂_秋千_亲昵7	data\source\player\F1\动作\F1秋千副控亲正太.ani			0
15974	背挂_秋千_亲昵8	data\source\player\F1\动作\F1秋千副控亲萝莉.ani			0
15988	苍云特殊武器_使用武器出特殊技能栏	data\source\player\F1\动作\f1scy12盾墙01a_刑天盾墙释放01_hd.tani			0
15992	方士_出魂	data\source\player\F1\动作\F1b02ty灵魂出窍01b_01.tani			0
15993	苍云特殊武器_武器中的争神炎舞母技能	data\source\player\F1\动作\f1scy12争神焱舞_01_hd.tani			0
15995	苍云特殊武器_武器中寻首击山释放	data\source\player\F1\动作\f1scy12寻首击山c突刺_hd.tani			0
15999	方士_招魂	data\source\player\F1\动作\F1b02ty招魂01b_01.tani			0
16000	方士_挖宝	data\source\player\F1\动作\F1b02ty招魂01b_01.tani			0
16027	刀啸风吟	Data\source\player\F1\动作\F1s14bd拔刀技能01b_01.tani	data\source\other\新特效\技能\Pss\被击\B_霸刀被击04.pss	S_fxmid	0
16028	龙骧虎步	Data\source\player\F1\动作\F1s14bd腿技能01_双刀_01.tani	data\source\other\新特效\技能\Pss\被击\B_霸刀腿被击01.pss	S_fxmid	0
16031	镖师_投石问路	data\source\player\F1\动作\F1b02ty投石闪光.tani			0
16033	破阵舞·和众	data\source\player\F1\动作\F1b02ty艺人舞蹈01_一级.tani			0
16034	破阵舞·安定	data\source\player\F1\动作\F1b02ty艺人舞蹈02_一级.tani			0
16035	杂艺·顶缸	data\source\player\F1\动作\F1b02ty杂艺表演01_水缸.tani			0
16036	杂艺·转碟	data\source\player\F1\动作\F1b02ty杂艺表演02_01.tani			0
16037	九功舞·武悦	data\source\player\F1\动作\F1b02ty艺人舞蹈04_二级.tani			0
16038	九功舞·新丰	data\source\player\F1\动作\F1b02ty艺人舞蹈05_二级.tani			0
16039	破阵舞·丰财	data\source\player\F1\动作\F1b02ty艺人舞蹈06_三级.tani			0
16040	九功舞·祥瑞	data\source\player\F1\动作\F1b02ty艺人舞蹈03_三级.tani			0
16041	杂艺·舞火	data\source\player\F1\动作\F1b02ty杂艺表演03_01.tani			0
16044	子爪对敌人	Data\source\player\F1\动作\F1stm09钩子攻击01.ani			0
16047	驭兽师_变身	data\source\player\F1\动作\F1b02ty猎户召唤01b.ani			0
16048	驭兽师_还原	data\source\player\F1\动作\F1b02ty猎户召唤01c.ani			0
16061	方士_挖宝_子技能_挖出奖励	data\source\player\F1\动作\F1b02ty招魂01c_01.tani			0
16085	醉斩白蛇	Data\source\player\F1\动作\F1s14bd拔刀技能03_01.tani	data\source\other\新特效\技能\Pss\被击\B_霸刀被击04.pss	S_fxmid	0
16151	霜岚洗锋阵释放	Data\source\player\F1\动作\F1b02ty阵法01.tani			0
16161	穿云剑	data\source\player\F1\动作\F1b02ty穿云箭01玩家.tani			0
16172	上元舞·庆云	data\source\player\F1\动作\F1b02ty艺人舞蹈07_三级.tani			0
16274	艺人_坐椅子动作	Data\source\player\F1\动作\F1s06sh摆摊01.ani			0
16381	项王击鼎AOE通道	Data\source\player\F1\动作\F1s14bd大刀技能01d_01.tani			0
16382	项王击鼎AOE实际AOE伤害		data\source\other\新特效\技能\Pss\被击\B_霸刀大刀被击01.pss	S_fxmid	0
16419	双刀普通攻击有特效	Data\source\player\F1\动作\F1b14bd普通攻击01_01_HD.tani	data\source\other\HD特效\技能\Pss\被击\B_霸刀普被击01.pss	S_fxmid	0
16431	王婆婆_喂鸡	Data\source\player\F1\动作\F1b06sh播种.tani			0
16441	方士_主角_挖宝	Data\source\player\F1\动作\F1s06sh采矿01-01.tani			0
16454	秀明尘身_西楚悲歌	Data\source\player\F1\动作\F1s14bd大刀技能04_01.tani			0
16455	楚河汉界	Data\source\player\F1\动作\F1s14bd拔刀技能07_01.tani			0
16460	踏宴扬旗	Data\source\player\F1\动作\F1s14bd腿技能04b_双刀_01.tani	data\source\other\新特效\技能\Pss\被击\B_霸刀腿被击01.pss	S_fxmid	0
16480	割据秦宫一段锁足	Data\source\player\F1\动作\F1s14bd大刀技能02a_01.tani	data\source\other\新特效\技能\Pss\被击\B_霸刀大刀被击01.pss	S_fxmid	0
16481	割据秦宫二段眩晕	Data\source\player\F1\动作\F1s14bd大刀技能02b_01.tani	data\source\other\新特效\技能\Pss\被击\B_霸刀大刀被击01.pss	S_fxmid	0
16482	割据秦宫三段击倒	Data\source\player\F1\动作\F1s14bd大刀技能02c刀光.tani	data\source\other\新特效\技能\Pss\被击\B_霸刀大刀被击01.pss	S_fxmid	0
16595	绝云逐电	Data\source\player\F1\动作\F1s14bd腿技能04b_双刀_01.tani			0
16598	雷走风切	Data\source\player\F1\动作\F1s14bd腿技能03_双刀_01.tani	data\source\other\新特效\技能\Pss\被击\B_霸刀腿被击01.pss	S_fxmid	0
16605	崩雪潮对移动目标伤害	Data\source\player\F1\动作\F1s14bd双刀技能05_01.tani			0
16621	坚壁清野	Data\source\player\F1\动作\F1s14bd拔刀技能02b_01.tani	data\source\other\新特效\技能\Pss\被击\B_霸刀被击04.pss	S_fxmid	0
16627	上将军印	data\source\player\F1\动作\F1s14bd大刀技能07_01.tani	data\source\other\新特效\技能\Pss\被击\B_霸刀大刀被击01.pss	S_fxmid	0
16630	大刀绝云逐电伤害	Data\source\player\F1\动作\F1s14bd腿技能04b_大刀_01.tani			0
16634	大刀踏宴扬旗伤害	Data\source\player\F1\动作\F1s14bd腿技能03_大刀_01.tani	data\source\other\新特效\技能\Pss\被击\B_霸刀腿被击01.pss	S_fxmid	0
16635	大刀雷走风切子技能释放判定	Data\source\player\F1\动作\F1s14bd腿技能04c_大刀_01.tani	data\source\other\新特效\技能\Pss\被击\B_霸刀腿被击01.pss	S_fxmid	0
16753	龙骧虎步二段表现技能	Data\source\player\F1\动作\F1s14bd腿技能02_双刀_01.tani	data\source\other\新特效\技能\Pss\被击\B_霸刀腿被击01.pss	S_fxmid	0
16754	崩雪潮二段表现技能	Data\source\player\F1\动作\F1s14bd双刀技能03_01.tani			0
16755	崩雪潮三段表现技能	Data\source\player\F1\动作\F1s14bd双刀技能01c_01.tani			0
16756	绝沧海二段表现技能	Data\source\player\F1\动作\F1s14bd双刀技能04_01.tani			0
16757	绝沧海三段表现技能	Data\source\player\F1\动作\F1s14bd双刀技能02_01.tani			0
16758	项王击鼎一段表现技能	Data\source\player\F1\动作\F1s14bd大刀技能01a_01.tani	data\source\other\新特效\技能\Pss\被击\B_霸刀大刀被击01.pss	S_fxmid	0
16759	项王击鼎二段表现技能	Data\source\player\F1\动作\F1s14bd大刀技能01b_01.tani	data\source\other\新特效\技能\Pss\被击\B_霸刀大刀被击01.pss	S_fxmid	0
16760	项王击鼎三段表现技能	Data\source\player\F1\动作\F1s14bd大刀技能01c_01.tani	data\source\other\新特效\技能\Pss\被击\B_霸刀大刀被击01.pss	S_fxmid	0
16774	大刀龙骧虎步一段表现	Data\source\player\F1\动作\F1s14bd腿技能01_大刀_01.tani	data\source\other\新特效\技能\Pss\被击\B_霸刀腿被击01.pss	S_fxmid	0
16775	大刀龙骧虎步二段表现	Data\source\player\F1\动作\F1s14bd腿技能04a_大刀_01.tani	data\source\other\新特效\技能\Pss\被击\B_霸刀腿被击01.pss	S_fxmid	0
16776	大刀踏宴扬旗二段表现	Data\source\player\F1\动作\F1s14bd腿技能02_大刀_01.tani	data\source\other\新特效\技能\Pss\被击\B_霸刀腿被击01.pss	S_fxmid	0
16795	霸刀神兵	data\source\player\f1\动作\f1stc04枪攻击20-陆战03.tani			0
16820	大刀普通攻击有特效	Data\source\player\F1\动作\F1b14bd普通攻击04_01_HD.tani	data\source\other\HD特效\技能\Pss\被击\B_霸刀普被击01.pss	S_fxmid	0
16822	鞘刀和腿普通攻击有特效	Data\source\player\F1\动作\F1b14bd普通攻击07_01_HD.tani	data\source\other\HD特效\技能\Pss\被击\B_霸刀普被击01.pss	S_fxmid	0
16859	玲珑箜篌有奇穴无buff	data\source\player\F1\动作\F1sqx05袖舞01_zp从花细蝶.tani			0
16860	玲珑箜篌有奇穴有翔舞	data\source\player\F1\动作\F1sqx05袖舞01_zp从花细蝶.tani			0
16861	玲珑箜篌有奇穴有上元	data\source\player\F1\动作\F1sqx05袖舞01_zp从花细蝶.tani			0
16862	玲珑箜篌有奇穴有翔舞有上元	data\source\player\F1\动作\F1sqx05袖舞01_zp从花细蝶.tani			0
17028	丐帮特殊武器_起跳	data\source\player\F1\动作\F1b11gb九龙升景a_01.tani			0
17029	丐帮特殊武器_冲刺	data\source\player\F1\动作\F1b11gb九龙升景b_01.tani			0
17058	闹须弥一段流血效果	Data\source\player\F1\动作\F1s14bd双刀技能05_01.tani	data\source\other\新特效\技能\Pss\被击\B_霸刀被击05.pss	S_fxmid	0
17067	铁血·加盾13	Data\source\player\F1\动作\F1s14bd大刀技能04_01.tani			0
17068	铁血·破釜沉舟	Data\source\player\F1\动作\F1s14bd大刀技能06_01.tani	data\source\other\新特效\技能\Pss\被击\B_霸刀被击03.pss	S_fxmid	0
17077	骑乘_红罗舸	data\source\player\F1\动作\F1b02dj_画舫主控上船02.ani			0
17081	霸刀 狩猎	Data\source\player\F1\动作\F1b01aq攻击01.tani			0
17085	霸刀狩猎_射箭	data\source\player\F1\动作\F1stc04乘龙箭释放-前hd.tani			0
17092	碎江天伤害子技能	Data\source\player\F1\动作\F1s14bd双刀技能06_01.tani			0
17183	绣球空格	data\source\player\F1\动作\F1H绣球01_pst03_HD.tani			0
17218	奇经恩仇录_传功	Data\source\player\F1\动作\F1b02ty阵法02.tani			0
17272	天街巡游_发射烟花_红黄	data\source\player\F1\动作\F1b02ty烟花03_红黄_hd.tani			0
17273	天街巡游_发射烟花_蓝白	data\source\player\F1\动作\F1b02ty烟花03_蓝白_hd.tani			0
17299	伊玛目_抛出铁链	data\source\player\F1\动作\F1stm09普通攻击03_丢锁链.tani			0
17504	白云乡·大周天	data\source\player\F1\动作\F1b01ty滑竿待机02.ani			0
17506	白云乡空格	data\source\player\F1\动作\F1b01ty滑竿待机02.ani			0
17507	骑乘_滑竿	Data\source\player\F1\动作\F1b01ty上滑竿.ani			0
17571	孤影化双无视沉默_回	Data\source\player\F1\动作\F1s13cg琴技能11b_01.tani			0
17580	人剑合一_玄门	data\source\player\F1\动作\F1s03cy剑技能15_人剑合一hd.tani	data\source\other\HD特效\技能\Pss\被击\C_纯阳两仪爆02.pss	S_fxmid	0
17641	普度四方一段伤害及表现	data\source\player\F1\动作\F1s04sl棍技能11b_HD01.tani			0
17642	普度四方二段伤害及表现	data\source\player\F1\动作\F1s04sl棍技能11a_HD01.tani			0
17645	守缺式一段伤害及表现	data\source\player\F1\动作\F1s04sl爪技能15a_HD01.tani			0
17646	守缺式二段伤害及表现	data\source\player\F1\动作\F1s04sl爪技能15b_HD01.tani			0
17689	三环套月一段表现	data\source\player\F1\动作\F1s03cy剑技能11b_三环HD.tani	data\source\other\HD特效\技能\Pss\被击\C_纯阳两仪爆02.pss	S_fxmid	0
17690	三环套月二段表现	data\source\player\F1\动作\F1s03cy剑技能11c_三环HD.tani	data\source\other\HD特效\技能\Pss\被击\C_纯阳两仪爆02.pss	S_fxmid	0
17702	桃花帐篷_主人_饮酒	data\source\player\F1\动作\F1b02dj右侧对饮_画舫_01.tani			0
17703	桃花帐篷_主人_逗乐	data\source\player\F1\动作\F1b02dj右侧逗乐_画舫_01.tani			0
17705	桃花帐篷_客人_饮酒	data\source\player\F1\动作\F1b02dj左侧对饮_画舫_01.tani			0
17706	桃花帐篷_客人_逗乐	data\source\player\F1\动作\F1b02dj左侧逗乐_画舫.tani			0
17775	新千斤坠_一段效果	data\source\player\F1\动作\F1s04sl棍技能16b_千斤坠hd.tani			0
17776	二段千斤坠实际效果	data\source\player\F1\动作\F1s04sl棍技能16_千斤坠hd.tani			0
17797	骑乘_画舫3号	data\source\player\F1\动作\F1b02dj_画舫主控上船.ani			0
17798	骑乘_狼车	data\source\player\F1\动作\F1Wlf主控上车.ani			0
17801	17801 骑乘_狼车交互_男主旗	data\source\player\F1\动作\F1Wlf主控扬旗_01.tani			0
17802	17802 骑乘_狼车交互_女副飞	data\source\player\F1\动作\F1Wlf副控飞吻_01.tani			0
17803	骑乘_狼车交互_空格主	data\source\player\F1\动作\F1Wlf主控互动表现.ani			0
17804	骑乘_狼车交互_空格副	data\source\player\F1\动作\F1Wlf副控互动表现.ani			0
17805	六合棍子技能_具备表现	Data\source\player\F1\动作\F1b04gu攻击01_hd01.tani	data\source\other\HD特效\技能\Pss\被击\S_少林被击_普攻.pss	S_fxmid	0
17807	骑乘_狼车交互_女主花	data\source\player\F1\动作\F1Wlf主控撒花_01.tani			0
18121	三柴剑法附带特效表现	Data\source\player\F1\动作\F1b03cy攻击01_三柴hd.tani	data\source\other\HD特效\技能\Pss\被击\C_纯阳被击_普攻.pss	S_fxmid	0
18144	高尔夫_高抛	data\source\player\F1\动作\F1scj07蓄力02-02.tani			0
18145	高尔夫_高抛子技能1	data\source\player\F1\动作\F1b02xs攻击01加强.tani			0
18146	高尔夫_高抛子技能2	data\source\player\F1\动作\F1b02xs攻击01加强.tani			0
18147	高尔夫_高抛子技能3	data\source\player\F1\动作\F1b02xs攻击01加强.tani			0
18148	高尔夫_高抛子技能4	data\source\player\F1\动作\F1b02xs攻击01加强.tani			0
18149	高尔夫_高抛子技能5	data\source\player\F1\动作\F1b02xs攻击01加强.tani			0
18150	高尔夫_平推	data\source\player\F1\动作\F1s02ty对掌a吟唱.tani			0
18151	高尔夫_平推子技能1	data\source\player\F1\动作\F1s02ty对掌b爆击蓝.tani			0
18152	高尔夫_平推子技能2	data\source\player\F1\动作\F1s02ty对掌b爆击蓝.tani			0
18153	高尔夫_平推子技能3	data\source\player\F1\动作\F1s02ty对掌b爆击蓝.tani			0
18154	高尔夫_平推子技能4	data\source\player\F1\动作\F1s02ty对掌b爆击蓝.tani			0
18155	高尔夫_平推子技能5	data\source\player\F1\动作\F1s02ty对掌b爆击蓝.tani			0
18156	高尔夫_回到上一个击球点	Data\source\player\F1\动作\F1scy03自绝经脉02.tani			0
18164	无相诀反弹	data\source\player\F1\动作\F1s04sl技能12_HD01.tani			0
18207	穿云二段表现及伤害	data\source\player\F1\动作\F1s04tc技能11a_穿云hd.tani			0
18208	穿云一段表现及伤害	data\source\player\F1\动作\F1s04tc技能11b_穿云hd.tani	data\source\other\hd特效\技能\pss\被击\t_天策穿云被击c.pss	S_fxmid	0
18209	高尔夫_把球挖出来	Data\source\player\F1\动作\F1scy03自绝经脉02.tani			0
18213	高尔夫_倒钩	data\source\player\F1\动作\F1scj07蓄力02-02.tani			0
18214	高尔夫_倒钩子技能1	data\source\player\F1\动作\F1b02xs攻击01加强.tani			0
18215	高尔夫_倒钩子技能2	data\source\player\F1\动作\F1b02xs攻击01加强.tani			0
18216	高尔夫_倒钩子技能3	data\source\player\F1\动作\F1b02xs攻击01加强.tani			0
18217	高尔夫_倒钩子技能4	data\source\player\F1\动作\F1b02xs攻击01加强.tani			0
18218	高尔夫_倒钩子技能5	data\source\player\F1\动作\F1b02xs攻击01加强.tani			0
18221	余寒映日_云裳	data\source\player\F1\动作\F1s05qx剑技能17_余寒映日HD.tani			0
18222	回血飘摇_移动	data\source\player\F1\动作\F1s05qx扇技能14_回雪HD.tani			0
18225	龙吟_Aoe附带减速效果	data\source\player\F1\动作\F1s04tc技能12_龙吟hd_aoe_全出.tani			0
18250	骑乘_飞翼马车	data\source\player\F1\动作\F1飞机马车主控上车.ani			0
18251	骑乘_飞翼马车_空格表现_主人	data\source\player\F1\动作\F1飞机马车主控pst01.ani			0
18253	骑乘_飞翼马车_空格表现_客人	data\source\player\F1\动作\F1飞机马车副控pst01_01.tani			0
18291	明教拉人免死	data\source\player\F1\动作\f1smj10双刀攻击11_明教新拉人hd.tani			0
18317	厌高_云飞最大伤害	data\source\player\F1\动作\F1s07cj重剑技能11_奇穴_云飞HD.tani	data\source\other\特效\技能\SFX\被击\被击_藏剑攻击01_重剑_肉体.Sfx	S_fxmid	0
18324	原地鹤归附带驱散效果	Data\source\player\F1\动作\F1s07cj重剑技能14_奇穴_鹤归孤山hd.tani	data\source\other\特效\技能\SFX\被击\被击_藏剑攻击01_重剑_肉体.Sfx	S_fxmid	0
18333	原地风来吴山	Data\source\player\F1\动作\F1s07cj重剑技能15_奇穴_风来吴山hd.tani			0
18383	藏剑三柴剑法有特效	Data\source\player\F1\动作\F1b03cy攻击01_藏剑hd.tani	data\source\other\特效\技能\SFX\被击\被击_临时血光01_J.Sfx	S_fxmid	0
18471	马上沧月表现技能	data\source\player\F1\动作\F1s04tc技能20_骑乘_奇穴_沧月hd.tani			0
18484	新子母飞爪对友方	data\source\player\F1\动作\F1stm09钩子攻击02_奇穴_飞爪HD.tani			0
18491	天策梅花枪法带特效	Data\source\player\F1\动作\F1b04qi攻击01_梅花枪hd.tani			0
18523	蛟龙戏水	data\source\player\F1\动作\F1sgb11掌法攻击04g_见龙在田HD.tani			0
18584	新蛊毒	data\source\player\F1\动作\F1swd08蛊攻击01_迷心蛊.tani			0
18587	水榭花盈1段	data\source\player\F1\动作\F1s05qx剑技能24_江海凝光HD.tani			0
18588	水榭花盈2段	data\source\player\F1\动作\F1s05qx剑技能24_江海凝光HD.tani			2
18589	水榭花盈3段	data\source\player\F1\动作\F1s05qx剑技能24_江海凝光HD.tani			0
18592	骑乘_奔牛空格	data\source\player\F1\动作\F1H斗牛_pst04_01.tani			0
18603	龙吟实际伤害	data\source\player\F1\动作\F1s04tc技能12_龙吟hd_aoe_全出.tani	data\source\other\HD特效\技能\Pss\被击\t_天策龙吟被击01.pss	S_fxmid	0
18604	千斤坠(撼地)	data\source\player\F1\动作\F1s04sl棍技能16_千斤坠hd.tani			0
18606	龙吟伤害增强	data\source\player\F1\动作\F1s04tc技能12_龙吟hd_aoe_全出.tani	data\source\other\HD特效\技能\Pss\被击\t_天策龙吟被击01.pss	S_fxmid	0
18607	龙吟有奇穴正常伤害	data\source\player\F1\动作\F1s04tc技能12_龙吟hd_aoe_全出.tani	data\source\other\HD特效\技能\Pss\被击\t_天策龙吟被击01.pss	S_fxmid	0
18614	七星拱瑞_Npc目标唯二	data\source\player\F1\动作\F1s03cy气技能15b_七星HD.tani			0
18624	新狮子吼反弹	data\source\player\F1\动作\F1ssl04技能06a_奇穴_大狮子吼hd.tani			0
18626	明教_伏明众生	data\source\player\F1\动作\F1smj10组合刀攻击01_日系大招HD.tani			0
18629	明教_冥月渡心	data\source\player\F1\动作\F1smj10双刀攻击12_月系大招HD.tani			0
18630	明教_月曜_主动结束	data\source\player\F1\动作\F1smj10双刀攻击18_明教焚影月亮.tani			0
18633	幻光步_解除控制	data\source\player\F1\动作\F1smj10乾坤大法buff03a瞬移.tani			0
18636	无明魂锁增强	data\source\player\F1\动作\F1smj10乾坤大法buff04格挡.tani			0
18640	新万世不竭	data\source\player\F1\动作\F1s03cy气技能19a_新万世HD.tani			0
18648	通道回血	Data\source\player\F1\动作\F1b02ty打绷带01_HD.tani			0
18654	万世不竭释放	data\source\player\F1\动作\F1s03cy气技能19b_新万世HD.tani			0
18665	鸟翔碧空落地冲刺	data\source\player\F1\动作\F1stm09飞天降落01_定点降落HD.tani			0
18668	六合独尊增强	data\source\player\F1\动作\F1s03cy气技能12b_新六合HD.tani			0
18672	百里追魂	data\source\player\F1\动作\F1stm09飞天攻击01a_飞天狙击HD.tani			0
18674	百里追魂蓄力	data\source\player\F1\动作\F1stm09飞天攻击01b_飞天狙击HD.tani	data\source\other\HD特效\技能\Pss\被击\T_唐门被击01.pss	S_fxmid	0
18676	千秋万劫范围	data\source\player\F1\动作\F1stm09飞天攻击02_空hd.tani			0
18693	七星拱瑞player目标唯二	data\source\player\F1\动作\F1s03cy气技能15b_七星HD.tani			0
18706	弄影影子冲刺	data\source\player\F1\动作\F1s13cg剑技能09_醉剑HD.tani			0
18707	啸影模仿目标	data\source\player\F1\动作\F1s13cg剑技能10_醉剑HD.tani			0
18739	万世顺发蓄力	data\source\player\F1\动作\F1s03cy气技能19a_新万世HD.tani			0
18751	无释放需求剑冲阴阳	data\source\player\F1\动作\F1s03cy剑技能17a_剑冲阴阳HD.tani			0
18752	流血增强龙吟伤害	data\source\player\F1\动作\F1s04tc技能12_龙吟hd_aoe_全出.tani	data\source\other\HD特效\技能\Pss\被击\t_天策龙吟被击01.pss	S_fxmid	0
18761	风吹荷表现轻剑	data\source\player\F1\动作\F1s07cj内功轻剑16_风吹荷hd.tani			0
18762	风吹荷表现重剑	data\source\player\F1\动作\F1s07cj内功重剑16_风吹荷hd.tani			0
18763	莺鸣柳轻剑	data\source\player\F1\动作\F1s07cj内功轻剑17_莺鸣柳HD.tani			0
18764	莺鸣柳重剑	data\source\player\F1\动作\F1s07cj内功重剑17_莺鸣柳HD.tani			0
18765	云稀松轻剑	data\source\player\F1\动作\F1s07cj内功轻剑18_云栖松HD.tani			0
18766	云稀松重剑	data\source\player\F1\动作\F1s07cj内功重剑18_云栖松HD.tani			0
18767	泉凝月轻剑	data\source\player\F1\动作\F1s07cj内功轻剑19_泉凝月HD.tani			0
18768	泉凝月重剑	data\source\player\F1\动作\F1s07cj内功重剑19_泉凝月HD.tani			0
18769	探梅重剑复制	data\source\player\F1\动作\F1s07cj内功重剑13b_探梅HD.tani			0
18776	蚀肌弹_飞天	Data\source\player\F1\动作\F1stm09飞天攻击06b_蚀肌弹hd.tani	data\source\other\特效\技能\SFX\被击\被击_唐门毒弹丸01.sfx	S_fxmid	0
18779	夺魄箭_飞天	Data\source\player\F1\动作\F1stm09飞天攻击03b_追魂HD.tani			0
18796	万世不竭移动吟唱	data\source\player\F1\动作\F1s03cy气技能19a_新万世HD.tani			0
18801	追命箭_飞天	Data\source\player\F1\动作\F1stm09飞天攻击04b_追命hd.tani			0
18802	天女散花_飞天	Data\source\player\F1\动作\F1stm09飞天攻击09_天女散花HD.tani			0
18803	千机变_飞天	Data\source\player\F1\动作\F1stm09飞天攻击08b_千机变HD.tani			0
18804	天绝地灭_飞天	Data\source\player\F1\动作\F1stm09飞天攻击07_天绝地灭HD.tani			0
18805	暗藏杀机正常表现	Data\source\player\F1\动作\F1stm09遥控01引爆.tani			0
18806	暗藏杀机飞天表现	Data\source\player\F1\动作\F1stm09飞天攻击10_暗藏杀机hd.tani			0
18807	图穷匕见正常表现	Data\source\player\F1\动作\f1stm09遥控01引爆_皮肤04.tani			0
18808	图穷匕见飞天表现	Data\source\player\F1\动作\F1stm09飞天攻击10_图穷匕见HD.tani			0
18809	裂石弩_飞天	Data\source\player\F1\动作\F1stm09飞天攻击05_裂石弩空hd.tani			0
18810	逐星箭_飞天	Data\source\player\F1\动作\F1stm09飞天攻击05_逐星箭hd.tani			0
18811	穿心弩_飞天	Data\source\player\F1\动作\F1stm09飞天攻击03b_穿心弩爆hd.tani			0
18812	裂石弩单体_飞天	Data\source\player\F1\动作\F1stm09飞天攻击05_裂石弩空hd.tani			0
18825	骑乘_黑马车交互_空格	data\source\player\F1\动作\F1Horse主控互动01.ani			0
18826	骑乘_白马车交互_空格	data\source\player\F1\动作\F1Horse主控互动02.ani			0
18827	骑乘_黑马车交互_指挥1	data\source\player\F1\动作\F1Horse主控指挥01.ani			0
18828	骑乘_黑马车交互_指挥2	data\source\player\F1\动作\F1Horse主控指挥01.ani			0
18829	骑乘_黑马车交互_指挥3	data\source\player\F1\动作\F1Horse主控指挥01.ani			0
18830	骑乘_白马车交互_撒花1	data\source\player\F1\动作\F1Horse主控指挥02.ani			0
18831	骑乘_白马车交互_撒花2	data\source\player\F1\动作\F1Horse主控指挥02.ani			0
18832	骑乘_白马车交互_撒花3	data\source\player\F1\动作\F1Horse主控指挥02.ani			0
18913	远程亢龙50%蓝4		data\source\other\hd特效\技能\pss\被击\g_丐帮_掌法_被击01_悟.pss	S_fxmid	0
18983	移动万世不竭释放	data\source\player\F1\动作\F1s03cy气技能19b_新万世HD.tani			0
19020	特效马01	data\source\player\F1\动作\F1h特效马01_HD.tani			0
19021	特效马02	data\source\player\F1\动作\F1H特效马02_撒花HD.tani			0
19104	清明节_射箭伤害技能前	data\source\player\F1\动作\f1stc04乘龙箭释放_前_绿HD.tani			0
19106	玩家投掷燃烧瓶	Data\source\player\F1\动作\F1b02dj扔火把01.tani			0
19108	清明节_读条技能的伤害前	data\source\player\F1\动作\f1stc04乘龙箭释放_前_绿HD.tani			0
19124	清明节_射箭伤害技能后	data\source\player\F1\动作\F1stc04枪攻击20-骑乘骑射_绿HD.tani			0
19125	清明节_读条技能的伤害后	data\source\player\F1\动作\F1stc04枪攻击20-骑乘骑射_绿HD.tani			0
19127	清明节_读条动作技能	data\source\player\F1\动作\F1stc04乘龙箭吟唱_前_绿HD.tani			0
19272	绵羊空格	data\source\player\F1\动作\F1H绵羊_pst03.ani			0
19344	上将军印七刀	data\source\player\F1\动作\F1s14bd大刀技能08_01HD.tani	data\source\other\新特效\技能\Pss\被击\B_霸刀大刀被击01.pss	S_fxmid	0
19352	滑翔翼_绿豆机关弩	data\source\player\F1\动作\F1滑翔机_绿豆子弹技.tani			0
19353	滑翔翼_芝麻机关弩	data\source\player\F1\动作\F1滑翔机_芝麻子弹技.tani			0
19356	端午节_赛艇_加速	data\source\player\F1\动作\F1H龙舟_抛物品01.ani			0
19357	端午节_赛艇_无敌	data\source\player\F1\动作\F1H龙舟_抛物品01.ani			0
19358	端午节_赛艇_震动波	data\source\player\F1\动作\F1H龙舟_抛物品01.ani			0
19360	端午节_赛艇_防护罩	data\source\player\F1\动作\F1H龙舟_抛物品01.ani			0
19361	端午节_赛艇_丢金币	data\source\player\F1\动作\F1H龙舟_抛物品01.ani			0
19389	端午节_赛艇_丢雷母技能	data\source\player\F1\动作\F1H龙舟_抛物品01.ani			0
19411	滑翔翼_火箭加速母技能	data\source\player\F1\动作\F1HA510_st01.ani			0
19420	滑翔翼_绿豆机关弩母技能	data\source\player\F1\动作\F1HA510_st01.ani			0
19421	滑翔翼_芝麻机关弩母技能	data\source\player\F1\动作\F1HA510_st01.ani			0
19539	法师_小_普通攻击	data\source\player\f1\动作\f1b01ty僵尸普攻01_投掷普攻hd01.tani			0
19541	刺客_小_普通攻击	data\source\player\f1\动作\f1b01ty僵尸普攻02_01hd.tani			0
19548	刺客_小_刺杀	data\source\player\f1\动作\f1b01ty僵尸技能03_01hd.tani			0
19550	刺客_小_投掷飞刃	data\source\player\f1\动作\f1b01ty僵尸技能02_横扫.tani			0
19563	战士_小_横扫	data\source\player\f1\动作\f1b01ty僵尸技能07_横扫hd.tani			0
19565	战士_小_剑刃风暴	data\source\player\f1\动作\f1b01ty僵尸技能08_剑刃hd.tani			0
19568	法师_小_尸毒入侵	data\source\player\f1\动作\f1b01ty僵尸技能10_尸毒火链hd_01.tani			0
19572	法师_小_毒池	data\source\player\f1\动作\f1b01ty僵尸技能12_毒池hd.tani			0
19574	法师_小_毒爆	data\source\player\f1\动作\f1b01ty僵尸技能13_毒爆hd.tani			0
19579	战士_小_跳劈	data\source\player\f1\动作\f1b01ty僵尸技能05b.ani			0
19608	战士_小_咆哮	data\source\player\f1\动作\f1b01ty僵尸技能09_咆哮hd.tani			0
19649	战士_小_钩子	data\source\player\f1\动作\f1b01ty僵尸技能15_勾子hd.tani			0
19655	变身猎魔前段	data\source\player\f1\动作\f1b02ty跳出01.ani			0
19664	骑乘_停云雪霁·初级_上船	Data\source\player\F1\动作\F1HZ上船01.ani			0
19665	骑乘_停云雪霁·初级_下船	Data\source\player\F1\动作\F1HZ下船01.ani			0
19712	普通攻击_伞	Data\source\player\F1\动作\F1b15PL普通攻击01_伞01HD.tani			0
19765	天策轻功急坠二段触发	Data\source\player\F1\动作\F1sqg04tc急坠01b_hd.tani			0
19766	击水三千一段表现	Data\source\player\F1\动作\F1s15pl伞技能01a_击水hd.tani			0
19767	击水三千二段表现	Data\source\player\F1\动作\F1s15pl伞技能01b_击水hd.tani			0
19818	木落雁归	Data\source\player\F1\动作\F1s15pl伞技能02_木落雁归hd.tani			0
19827	翼绝云天	Data\source\player\F1\动作\F1s15PL雕技能01_翼绝云天HD.tani			0
19951	小僵尸_刺客_AOE特效	data\source\player\f1\动作\f1b01ty僵尸技能02_横扫.tani			0
19952	小僵尸_刺客_BUFF特效	data\source\player\f1\动作\f1b01ty僵尸技能03_01hd.tani			0
19953	小僵尸_法师_链状特效	data\source\player\f1\动作\f1b01ty僵尸技能10_尸毒火链hd_01.tani			0
19954	小僵尸_法师_绿水特效	data\source\player\f1\动作\f1b01ty僵尸技能12_毒池hd.tani			0
19955	小僵尸_法师_引爆特效	data\source\player\f1\动作\f1b01ty僵尸技能13_毒爆hd.tani			0
19957	小僵尸_战士_大风车特效	data\source\player\f1\动作\f1b01ty僵尸技能08_剑刃hd.tani			0
19958	小僵尸_战士_链状特效	data\source\player\f1\动作\f1b01ty僵尸技能15_勾子hd.tani			0
20014	击水三千三段表现	Data\source\player\F1\动作\F1s15pl伞技能01c_击水hd.tani			0
20016	翼绝云天伤害技能		data\source\other\HD特效\技能\Pss\被击\pl_蓬莱雕被击01.pss	S_fxmid	0
20030	浮游天地空中切伞	data\source\player\F1\动作\F1s15pl姿态切换02_浮游天地HD.tani			0
20055	掌法击落（废弃）	Data\source\player\F1\动作\F1s15pl掌技能空01e_01hd.tani			0
20065	翔极碧落	Data\source\player\F1\动作\F1s15PL雕技能01_翼绝云天HD.tani			0
20082	海运南冥`1（废弃）	Data\source\player\F1\动作\F1s15pl掌技能空01a_01hd.tani			0
20083	溟海御波`2	Data\source\player\F1\动作\F1s15pl掌技能空01b_01hd.tani			0
20084	逐波灵游`3	Data\source\player\F1\动作\F1s15pl掌技能空01e_01hd.tani			0
20234	天策轻功急坠	Data\source\player\F1\动作\F1sqg04tc急坠01a_hd.tani			0
20245	定波砥澜	Data\source\player\F1\动作\F1s15PL伞技能04a_定波砥澜防御01HD.tani			0
20246	定波砥澜·反击	Data\source\player\F1\动作\F1s15PL伞技能04b_定波砥澜攻击01HD.tani			0
20256	屏宇掠空	Data\source\player\F1\动作\F1s15PL雕技能02_屏宇掠空01HD.tani			0
20259	振翅图南	Data\source\player\F1\动作\F1s15PL雕技能03_振翅hd.tani			0
20273	纯阳轻功急坠	Data\source\player\F1\动作\F1sqg03cy急坠01a_hd.tani			0
20274	纯阳轻功急坠二段触发	Data\source\player\F1\动作\F1sqg03cy急坠01b_hd.tani			0
20281	疾电叱羽	data\source\player\F1\动作\F1s15PL雕技能04a_疾电叱羽护盾01HD.tani			0
20291	驰风震域	Data\source\player\F1\动作\F1s15PL伞技能空05_驰风HD.tani			0
20319	运气疗伤	Data\source\player\F1\动作\F1b02ty阵法02.tani			0
20323	逐波灵游实际伤害	Data\source\player\F1\动作\F1s15pl掌技能空01e_01hd.tani			0
20420	龙泉府_叉鱼	Data\source\player\F1\动作\F1b01aq攻击24.ani			0
20438	龙泉府_雪橇狩猎减速箭	data\source\player\F1\动作\F1stc04枪攻击20-陆战01.tani			0
20441	指挥车_燃火箭	data\source\player\f1\动作\f1h阵营马车001_副控子弹技.tani			0
20442	指挥车_热血沸腾	data\source\player\f1\动作\f1h阵营马车001_主控表现03.ani			0
20469	龙泉府_雪橇狩猎出血箭	data\source\player\F1\动作\F1stc04枪攻击20-陆战01.tani			0
20484	定波砥澜三段群攻	Data\source\player\F1\动作\F1s15pl伞技能04c_定波砥澜反击01hd.tani			0
20571	藏剑轻剑轻功急坠二段触发	Data\source\player\F1\动作\F1sqg07cj急坠01b_HD.tani			0
20582	横扫千军_蓬莱	Data\source\player\F1\动作\F1b02xs攻击05.tani	data\source\other\特效\技能\SFX\被击\被击_闪光烟尘01_拳肉身.Sfx	S_fxmid	0
20583	回风扫叶_蓬莱	Data\source\player\F1\动作\F1b02xs攻击01.tani	data\source\other\特效\技能\SFX\被击\被击_闪光烟尘01_拳肉身.Sfx	S_fxmid	0
20585	回春妙手_蓬莱	Data\source\player\F1\动作\F1b02xs攻击02-02.tani			0
20586	猛虎下山_蓬莱	Data\source\player\F1\动作\F1b02xs攻击04.tani			0
20620	明教轻功急坠	Data\source\player\F1\动作\F1sqg10mj急坠01a_hd.tani			0
20623	明教轻功急坠二段触发	Data\source\player\F1\动作\F1sqg10mj急坠01b_hd.tani			0
20630	万花轻功急坠	Data\source\player\F1\动作\F1sqg01wh急坠01a_HD.tani			0
20640	万花轻功急坠二段触发	Data\source\player\F1\动作\F1sqg01wh急坠01b_HD.tani			0
20641	空桑舞瑟	Data\source\player\F1\动作\F1s15PL雕技能01_翼绝云天HD.tani			0
20650	少林轻功急坠	Data\source\player\F1\动作\F1sqg04sl急坠01a_HD.tani			0
20651	少林轻功急坠二段触发	Data\source\player\F1\动作\F1sqg04sl急坠01b_HD.tani			0
20653	七秀轻功急坠	Data\source\player\F1\动作\F1sqg05qx急坠01a_HD.tani			0
20654	七秀轻功急坠二段触发	Data\source\player\F1\动作\F1sqg05qx急坠01b_HD.tani			0
20656	五毒轻功急坠	Data\source\player\F1\动作\F1sqg08wd急坠01a_HD.tani			0
20657	五毒轻功急坠二段触发	Data\source\player\F1\动作\F1sqg08wd急坠01b_HD.tani			0
20659	长歌轻功急坠	Data\source\player\F1\动作\F1sqg13cg急坠01a_hd.tani			0
20661	长歌轻功急坠二段触发	Data\source\player\F1\动作\F1sqg13cg急坠01b_hd.tani			0
20664	苍云轻功急坠	Data\source\player\F1\动作\F1sqg12md急坠01a_HD.tani			0
20665	苍云轻功急坠二段触发	Data\source\player\F1\动作\F1sqg12md急坠01b_HD.tani			0
20667	唐门轻功急坠	Data\source\player\F1\动作\F1sqg09tm急坠01a_HD.tani			0
20668	唐门轻功急坠二段触发	Data\source\player\F1\动作\F1sqg09tm急坠01b_HD.tani			0
20669	丐帮轻功急坠二段触发	Data\source\player\F1\动作\F1sqg11gb急坠01b_HD.tani			0
20671	丐帮轻功急坠	Data\source\player\F1\动作\F1sqg11gb急坠01a_HD.tani			0
20676	蓬莱轻功急坠	Data\source\player\F1\动作\F1sqg15pl急坠01a_hd.tani			0
20677	蓬莱轻功急坠二段触发	Data\source\player\F1\动作\F1sqg15pl急坠01b_hd.tani			0
20702	墟海引归阵释放	Data\source\player\F1\动作\F1b02ty阵法01.tani			0
20712	新相依雾散	Data\source\player\F1\动作\F1s13cg琴技能04b_01.tani			0
20713	新相依雾散收回	Data\source\player\F1\动作\F1s13cg琴技能04b_01.tani			0
20715	海运南冥·无目标	Data\source\player\F1\动作\F1s15pl掌技能空01a_01hd.tani			0
20725	藏剑重剑轻功急坠	Data\source\player\F1\动作\F1sqg07cj急坠02a_HD.tani			0
20727	藏剑轻剑轻功急坠	Data\source\player\F1\动作\F1sqg07cj急坠01a_HD.tani			0
20728	藏剑重剑轻功急坠二段触发	Data\source\player\F1\动作\F1sqg07cj急坠02b_HD.tani			0
20731	召唤_可人	Data\source\player\F1\动作\F1b02dj扔火把01.tani			0
20733	定波砥澜生成浪潮二段	Data\source\player\F1\动作\F1s15pl伞技能04c_定波砥澜反击01hd.tani			0
20744	翼绝云天（战宠保护）	Data\source\player\F1\动作\F1s15PL雕技能01_翼绝云天HD.tani			0
20754	定波砥澜纯防御	Data\source\player\F1\动作\F1s15pl伞技能04a_定波砥澜防御02hd.tani			0
20763	新相依雾散奶歌	Data\source\player\F1\动作\F1s13cg琴技能04b_治疗.tani			0
20764	新相依雾散奶歌收回	Data\source\player\F1\动作\F1s13cg琴技能04b_治疗.tani			0
20767	骑乘_设定集船	data\source\player\F1\动作\F1H画舫_主控上船.ani			0
20772	骑乘_设定集船交互_主控舞剑	data\source\player\F1\动作\F1H画舫_主控舞剑_hd.tani			0
20773	骑乘_设定集船交互_副控弹琴	data\source\player\F1\动作\F1H画舫_副控弹琴_hd.tani			0
20775	投掷蓝晶髓	Data\source\player\F1\动作\F1b02dj扔火把01.tani			0
20791	召唤_月弄痕	Data\source\player\F1\动作\F1b02dj扔火把01.tani			0
20792	召唤_张桎辕	Data\source\player\F1\动作\F1b02dj扔火把01.tani			0
20794	召唤_司空仲平	Data\source\player\F1\动作\F1b02dj扔火把01.tani			0
20795	召唤_影	Data\source\player\F1\动作\F1b02dj扔火把01.tani			0
20796	召唤_莫雨	Data\source\player\F1\动作\F1b02dj扔火把01.tani			0
20797	召唤_肖药儿	Data\source\player\F1\动作\F1b02dj扔火把01.tani			0
20798	召唤_米丽古丽	Data\source\player\F1\动作\F1b02dj扔火把01.tani			0
20799	召唤_陶寒亭	Data\source\player\F1\动作\F1b02dj扔火把01.tani			0
20800	召唤_烟	Data\source\player\F1\动作\F1b02dj扔火把01.tani			0
20805	勤修不辍_蓬莱_参悟心魔_击水三千三段	Data\source\player\F1\动作\F1s15pl伞技能01c_击水hd.tani			0
20806	松舍问霞重击高度目标	data\source\player\F1\动作\F1s07cj重剑技能16b_松舍问霞HD.tani			0
20810	反截狗臀	Data\source\player\F1\动作\f1sgb11棒法攻击04c_奇穴a_斜打狗背hd.tani			100
20811	按狗低头	Data\source\player\F1\动作\f1sgb11棒法攻击04c_奇穴b_斜打狗背hd.tani			100
20813	刀啸风吟子弹加强表现	Data\source\player\F1\动作\F1s14bd拔刀技能01b_02.tani			0
20837	澹然若海	data\source\player\F1\动作\F1s15PL掌技能05_奇穴大招01HD.tani			0
20838	奇穴大招伤害技能	data\source\player\F1\动作\F1s15PL掌技能05_奇穴大招01HD.tani			0
20921	霸刀鞘刀轻功急坠	Data\source\player\F1\动作\F1sqg14bd急坠03a_HD.tani			0
20922	霸刀大刀轻功急坠	Data\source\player\F1\动作\F1sqg14bd急坠02a_HD.tani			0
20923	霸刀双刀轻功急坠	Data\source\player\F1\动作\F1sqg14bd急坠01a_HD.tani			0
20925	霸刀鞘刀轻功急坠二段触发	Data\source\player\F1\动作\F1sqg14bd急坠03b_HD.tani			0
20926	霸刀大刀轻功急坠二段触发	Data\source\player\F1\动作\F1sqg14bd急坠02b_HD.tani			0
20927	霸刀双刀轻功急坠二段触发	Data\source\player\F1\动作\F1sqg14bd急坠01b_HD.tani			0
20937	骑乘_恶人谷指挥车	data\source\player\F1\动作\F1H阵营马车001_主控上车02.ani			0
20943	浮游天地降落二段落地空技能表现	Data\source\player\F1\动作\F1sqg15pl急坠01b_hd.tani			0
20944	浮游天地二段速降落	Data\source\player\F1\动作\F1sqg15pl急坠01a_hd.tani			0
20947	骑乘_浩气盟指挥车	data\source\player\F1\动作\F1H阵营马车002_主控上车01.ani			0
20972	骑乘_雪橇犬	data\source\player\F1\动作\F1Hxueqiao01_上车01.ani			0
20990	伞浮空雕表现技能	data\source\player\F1\动作\F1s15pl雕技能空01_翼绝云天hd.tani			0
20991	破釜正常伤害	Data\source\player\F1\动作\F1s14bd大刀技能06_01.tani	data\source\other\新特效\技能\Pss\被击\B_霸刀大刀被击01.pss	S_fxmid	0
21052	指挥车_燃火箭	data\source\player\f1\动作\f1h阵营马车002_副控子弹技.tani			0
21053	指挥车_热血沸腾	data\source\player\f1\动作\f1h阵营马车002_主控表现02.ani			0
21055	骑乘_雪橇犬_场景	data\source\player\F1\动作\F1Hxueqiao01_上车01.ani			0
21075	百里追魂_飞天	data\source\player\F1\动作\F1stm09飞天攻击01a_飞天狙击HD.tani			0
21129	木落雁归奇穴表现	Data\source\player\F1\动作\F1s15pl伞技能02_木落雁归奇穴hd.tani			0
21132	空中破坚阵	data\source\player\F1\动作\F1sqg04tc技能27_破坚阵hd.tani			0
21133	空中任驰骋	data\source\player\F1\动作\F1sqg04tc技能03_任驰骋hd.tani			0
21134	空中战八方	data\source\player\F1\动作\F1sqg04tc技能29_战八方hd.tani			0
21140	没藏呼月_一剑决被击	data\source\player\f1\动作\f1npc_bat01_没藏呼月.ani			0
21141	没藏呼月_单峰被击	data\source\player\f1\动作\f1npc_bat02_没藏呼月.ani			0
21145	驭羽骋风奇穴	Data\source\player\F1\动作\F1s15pl雕技能02_驭羽骋风hd.tani			0
21166	霜天剑泠	data\source\player\f1\动作\f1s05qx剑技能29_hd.tani			0
21175	明教_圣裁刑晷换技能	data\source\player\f1\动作\f1smj10双刀攻击02_圣裁庭01.tani			0
21176	铁血·加盾14（蓬莱）	data\source\player\F1\动作\F1s15PL雕技能04a_疾电叱羽护盾01HD.tani			0
21177	铁血·击水三千	Data\source\player\F1\动作\F1s15pl伞技能01a_击水hd.tani			0
21192	海螺挂件	data\source\player\F1\动作\F1b01ty海螺01_hd.tani			0
21219	骑乘_驴车_空格	data\source\player\F1\动作\F1H驴车01_主控表现02_hd.tani			0
21220	骑乘_担架_空格	data\source\player\F1\动作\F1H担架01_主控表现02_hd.tani			0
21221	骑乘_独轮车_空格	data\source\player\F1\动作\F1H独轮车03_主控表现02_hd.tani			0
21222	骑乘_担架	data\source\player\F1\动作\F1H担架01_主控上车01.ani			0
21223	骑乘_驴车	data\source\player\F1\动作\F1H驴车01_主控上车01.ani			0
21224	骑乘_独轮车	data\source\player\m1\动作\m1h独轮车03_主控上车01.ani			0
21227	骑乘_热气球_空格	data\source\player\F1\动作\F1h天灯001_主控表现01_hd.tani			0
21235	长歌天灯副驾表现	data\source\player\F1\动作\F1h天灯001_副控表现01_hd.tani			0
21254	天街巡游_发射烟花_黄绿	data\source\player\F1\动作\F1b02ty烟花03_黄绿_hd.tani			0
21255	天街巡游_扔糖葫芦	Data\source\player\F1\动作\F1b02dj扔糖葫芦01.tani			0
21287	天策-啸如虎增强	data\source\player\F1\动作\F1s04tc技能25_啸如虎01HD.tani			0
21292	松舍问霞二段冲刺	data\source\player\F1\动作\F1s07cj重剑技能18a_hd.tani			170
21304	天策瞬间上马表现	Data\source\player\F1\动作\F1s04tc技能28_任驰骋01HD.tani			0
21305	天策吟唱上马表现	Data\source\player\F1\动作\F1s04tc技能28_任驰骋HD.tani			0
21308	凛冬踏雪曲	data\source\player\F1\动作\F1b02dj吹笛子01_hd.tani			0
21313	狂剑势（剑纯）	data\source\player\F1\动作\F1s03cy如月剑字诀01_hd.tani			0
21314	唯剑势（剑纯）	data\source\player\F1\动作\F1s03cy如月剑字诀01_hd.tani			0
21315	浪剑势（剑纯）	data\source\player\F1\动作\F1s03cy如月剑字诀01_hd.tani			0
21317	画影残月（剑纯）	data\source\player\F1\动作\F1scy03画影残月b.ani			0
21337	3号_发射鱼枪子技能	data\source\player\f1\动作\f1b02ty飞镖01b.ani			0
21362	骑乘_猪坐骑空格	data\source\player\F1\动作\F1H猪_pst04.ani			0
21421	炸弹人_圆形炸弹	data\source\player\f1\动作\f1b02yd丢炸弹.ani			0
21447	炸弹人_条形炸弹	data\source\player\f1\动作\f1b02ty阵法01.ani			0
21468	炸弹人_巨型炸弹	data\source\player\f1\动作\f1b02yd空中丢鞭炮.ani			0
21469	炸弹人_燃烧弹	data\source\player\f1\动作\f1b02yd丢炸弹.ani			0
21470	炸弹人_追踪弹	data\source\player\f1\动作\f1b02dj踢球02.ani			0
21592	回城	Data\source\player\F1\动作\F1scy03自绝经脉02.tani			0
21661	5号_死亡戏码_飞刀投掷爆炸	Data\source\player\F1\动作\F1b02dj尘归海飞刀.tani			0
21714	驭兽术	data\source\player\F1\动作\F1b02ty灵魂出窍01b_01.tani			0
21722	点绛唇	data\source\player\f1\动作\f1s05qx扇技能22_剑舞守护01hd.tani			0
21776	驭羽骋风二段冲刺	Data\source\player\F1\动作\F1s15pl伞技能07a_横绝起跳01HD.tani			0
21779	霸刀特殊武器_木轮珠	data\source\player\f1\动作\f1s14bd大刀技能01a.ani			0
21780	霸刀特殊武器_火轮珠	data\source\player\f1\动作\f1s14bd大刀技能01a.ani			0
21781	霸刀特殊武器_土轮珠	data\source\player\f1\动作\f1s14bd大刀技能01a.ani			0
21782	霸刀特殊武器_金轮珠	data\source\player\f1\动作\f1s14bd大刀技能01a.ani			0
21783	霸刀特殊武器_水轮珠	data\source\player\f1\动作\f1s14bd大刀技能01a.ani			0
21784	霸刀特殊武器_树根缠绕	data\source\player\f1\动作\f1s14bd大刀技能04.ani			0
21787	霸刀特殊武器_爆焰斩	data\source\player\f1\动作\f1sqg14bd大刀技能01c_爆焰击hd.tani			0
21788	霸刀特殊武器_黑炎	data\source\player\f1\动作\f1s14bd大刀技能01d_黑炎风车hd.tani			0
21790	霸刀特殊武器_金字塔	data\source\player\f1\动作\f1s14bd大刀技能04.ani			0
21791	霸刀特殊武器_矩阵碎裂	data\source\player\f1\动作\f1scy12刀盾buff03.ani			0
21792	霸刀特殊武器_碎地震击	data\source\player\f1\动作\f1s14bd大刀技能04.ani			0
21793	霸刀特殊武器_雷岩冲击	Data\source\player\F1\动作\F1b14bd普通攻击07_01_HD.tani			0
21794	霸刀特殊武器_毒性水银	data\source\player\f1\动作\f1s14bd大刀技能04.ani			0
21795	霸刀特殊武器_银雷释放	data\source\player\f1\动作\f1scy12刀盾buff03.ani			0
21796	霸刀特殊武器_破甲锋刃	data\source\player\f1\动作\f1smj10双刀buff04.ani			0
21799	霸刀特殊武器_治愈之水	data\source\player\f1\动作\f1s14bd大刀技能04.ani			0
21800	霸刀特殊武器_雷电释放	data\source\player\f1\动作\f1scy12刀盾buff03.ani			0
21820	千丝_群攻	data\source\player\F1\动作\F1swd08毒攻击02_千丝.tani			0
21824	迷仙引二段技能	data\source\player\F1\动作\F1swd08治疗释放05_奇穴_01HD.tani			0
21849	神机车_连弩	data\source\player\F1\动作\F1H唐门弩车001b_普通攻击01.ani			0
21850	神机车_重弩	data\source\player\F1\动作\F1H唐门弩车001b_普通攻击02.ani			0
21851	神机车_加速冲撞	data\source\player\F1\动作\F1h唐门弩车001b_技能01.ani			0
21852	神机车_吟唱重击	data\source\player\F1\动作\F1H唐门弩车001b_技能02b.ani	data\source\other\特效\技能\SFX\被击\被击_唐门毒弹丸01.sfx	S_fxmid	0
21853	神机车_瞬发范围攻击	data\source\player\F1\动作\F1h唐门弩车001b_技能03.ani			0
21854	神机车_连弩_伤害	data\source\player\F1\动作\F1H唐门弩车001b_普通攻击01.ani			0
21858	擒王六式·七	data\source\player\F1\动作\F1s14bd双刀技能09g01_HD.tani			0
21868	腰挂_儿童节陀螺	data\source\player\F1\动作\F1b02ty抽陀螺01.tani			0
21892	炸弹人_圆形炸弹_目标点	data\source\player\f1\动作\f1b02yd丢炸弹.ani			0
21950	霸刀特殊武器_木内力	data\source\player\f1\动作\f1s14bd大刀技能06.ani			0
21951	霸刀特殊武器_火内力	data\source\player\f1\动作\f1s14bd大刀技能06.ani			0
21952	霸刀特殊武器_土内力	data\source\player\f1\动作\f1s14bd大刀技能06.ani			0
21953	霸刀特殊武器_金内力	data\source\player\f1\动作\f1s14bd大刀技能06.ani			0
21954	霸刀特殊武器_水内力	data\source\player\f1\动作\f1s14bd大刀技能06.ani			0
21979	云中剑实际伤害		data\source\other\HD特效\技能\Pss\被击\C_纯阳两仪爆02.pss	S_fxmid	0
21997	骑乘_高跷空格	data\source\player\F1\动作\F1H高跷01_pst01_HD.tani			0
22000	霸刀特殊武器_锋刃连斩变疾走麒麟	Data\source\player\F1\动作\F1s14bd大刀技能02c刀光.tani			0
22016	骑乘_瑶境宸游	data\source\player\f1\动作\f1h双人马车002_主控上车01.ani			0
22017	瑶境宸游_主驾交互技能1	data\source\player\f1\动作\f1h双人马车002_主控表现01.ani			0
22018	瑶境宸游_主驾交互技能2	data\source\player\f1\动作\f1h双人马车002_主控表现02.ani			0
22019	瑶境宸游_主驾交互技能3	data\source\player\f1\动作\f1h双人马车002_主控表现03.ani			0
22020	瑶境宸游_副驾交互技能1	data\source\player\f1\动作\f1h双人马车002_副控表现01.ani			0
22021	瑶境宸游_副驾交互技能2	data\source\player\f1\动作\f1h双人马车002_副控表现02.ani			0
22022	瑶境宸游_副驾交互技能3	data\source\player\f1\动作\f1h双人马车002_副控表现03.ani			0
22024	6尺劫刀表现子技能	data\source\player\F1\动作\F1scy12双手刀06_劫刀01_6尺.tani	data\source\other\特效\技能\SFX\被击\C_苍云刀被击01.Sfx	S_fxmid	0
22050	4尺龙牙表现	data\source\player\F1\动作\F1s04tc技能13_龙牙hd.tani			0
22051	8尺龙牙表现	data\source\player\F1\动作\F1s04tc技能13_龙牙8尺hd.tani			0
22097	少林_因陀罗裂闪（启动）	data\source\player\F1\动作\f1ssl04少林防御反击_金刚01hd.tani			0
22099	少林_大力伐折罗	data\source\player\F1\动作\f1s04sl伏魔杖连打01_hd.tani			0
22143	星垂平野	data\source\player\F1\动作\F1s16lxg剑技能01a_HD.tani	data\source\other\hd特效\技能\pss\被击\l_lxg剑被击.pss	S_fxmid	0
22144	金戈回澜	data\source\player\F1\动作\F1s16lxg剑技能02b_HD.tani	data\source\other\hd特效\技能\pss\被击\l_lxg剑被击.pss	S_fxmid	0
22146	星垂平野二段	data\source\player\F1\动作\F1s16lxg剑技能01b_HD.tani	data\source\other\hd特效\技能\pss\被击\l_lxg剑被击.pss	S_fxmid	0
22147	星垂平野三段	data\source\player\F1\动作\F1s16lxg剑技能01c_HD.tani	data\source\other\hd特效\技能\pss\被击\l_lxg剑被击.pss	S_fxmid	0
22150	骤雨寒江	Data\source\player\F1\动作\F1s16lxg剑技能03_HD.tani	data\source\other\hd特效\技能\pss\被击\l_lxg剑被击.pss	S_fxmid	0
22159	少林_逐莲升云式	data\source\player\F1\动作\F1ssl04少林浮空技能_金刚01hd.tani			0
22170	星垂平野伤害AOE		data\source\other\hd特效\技能\pss\被击\l_lxg剑被击.pss	S_fxmid	0
22288	岚尘金蛇（藏剑）	data\source\player\F1\动作\F1scj07胧蛇剑舞a_01_hd.tani			0
22289	蝮蛇出洞（藏剑）	data\source\player\F1\动作\F1scj07胧蛇剑舞b_01_hd.tani			0
22296	暴烛毒葬（藏剑）	data\source\player\F1\动作\F1s07cj胧蛇剑舞b02_hd.tani			0
22327	寂洪荒	Data\source\player\F1\动作\F1s16lxg鞭技能03_01hd.tani	data\source\other\hd特效\技能\pss\被击\l_lxg鞭被击01.pss	S_fxmid	0
22358	斩无常	data\source\player\f1\动作\f1s16lxg鞭技能04_01HD.tani	data\source\other\hd特效\技能\pss\被击\l_lxg鞭被击01.pss	S_fxmid	0
22360	崔嵬鬼步	Data\source\player\F1\动作\F1s16lxg技能01_hd.tani			0
22361	幽冥窥月	Data\source\player\F1\动作\F1s16lxg链技能04_hd.tani			0
22366	铁马冰河甩链被击表现动作	data\source\player\F1\动作\F1s05qx剑技能24_江海凝光HD.tani			0
22381	骑乘_霞醴碎香_空格	data\source\player\f1\动作\f1h嘶叫01.ani			0
22383	骑乘_朔关雷隐_空格	data\source\player\f1\动作\f1h嘶叫01.ani			0
22395	狡猫身法（唐门惊羽）	data\source\player\F1\动作\f1stm09特殊武器_回旋镖a发招_hd.tani			0
22403	隐世（唐门惊羽）	data\source\player\F1\动作\f1stm09机关攻击03a_hd.tani			0
22404	狩杀（唐门惊羽）	data\source\player\f1\动作\f1sqg03cy技能17b.ani			0
22406	猫咒毒印（唐门惊羽）	data\source\player\F1\动作\F1sqg01wh点穴16a.ani			0
22407	千针织沼（唐门惊羽）	data\source\player\F1\动作\F1sqg10mj双刀攻击11.ani			0
22408	生予死夺（唐门惊羽）	data\source\player\F1\动作\F1sqg01wh点穴14a.ani			0
22415	铁马冰河甩链两倍长被击	data\source\player\F1\动作\F1s05qx剑技能24_江海凝光HD.tani			0
22417	十方玄机	data\source\player\F1\动作\F1s16lxg技能02b_hd.tani			0
22434	十面埋伏（唐门惊羽）	data\source\player\F1\动作\F1bqg唐门双人带人二段跳a_01.tani			0
22479	十面埋伏·飞（唐门表现）	data\source\player\F1\动作\F1bqg唐门踩尖_上b_01.tani			0
22541	乱天狼单手表现	data\source\player\F1\动作\F1s16lxg鞭技能01_hd_单手.tani			0
22542	乱天狼双手表现	data\source\player\F1\动作\F1s16lxg鞭技能01_hd.tani			0
22543	十面埋伏·绝（唐门表现）	data\source\player\F1\动作\F1bqg唐门踩尖_待机.ani			0
22550	星垂平野二段AOE		data\source\other\hd特效\技能\pss\被击\l_lxg剑被击.pss	S_fxmid	0
22551	星垂平野三段AOE		data\source\other\hd特效\技能\pss\被击\l_lxg剑被击.pss	S_fxmid	0
22602	横云意	data\source\player\F1\动作\F1s16lxg链技能05_hd.tani			0
22603	青山共我	data\source\player\f1\动作\f1s16lxg鞭技能07_hd.tani			0
22613	金戈回澜对锁链目标	data\source\player\F1\动作\F1s16lxg剑技能02b_HD.tani			0
22635	寂洪荒矩形范围	Data\source\player\F1\动作\F1s16lxg鞭技能03_奇穴01hd.tani			0
22647	移动斩无常	data\source\player\F1\动作\F1s16lxg鞭技能04_01HD.tani			0
22668	神焰降罪（明教）	data\source\player\f1\动作\f1smj10双刀buff05.tani			0
22672	唐门天罗新版_连发机关判定技能	data\source\player\F1\动作\f1stm09特殊武器_重弩c01_wq.tani			0
22683	6号_取星剑	data\source\player\F1\动作\F1s01ty能量分流引导.ani			0
22691	唐门天罗新版_天罗地网	data\source\player\F1\动作\f1stm09特殊武器_重弩c01.ani			0
22705	坐忘无我增强	data\source\player\F1\动作\F1s03cy技能11_坐忘HD.tani			0
22707	十方玄机解控	data\source\player\F1\动作\F1s16lxg技能02b_hd.tani			0
22711	据点争夺改良型神机雷	Data\source\player\F1\动作\F1b02dj扔煤球.tani			0
22743	范围风沙	data\source\player\F1\动作\F1smj10乾坤大法buff07_hd.tani			0
22798	龙皇雪风阵释放	Data\source\player\F1\动作\F1b02ty阵法01.tani			0
22842	蔷薇列岛神机台_追星	data\source\player\F1\动作\F1神机台001_at02_b.tani			0
22846	蔷薇列岛神机台_箭雨	data\source\player\F1\动作\F1神机台001_at02_b.tani			0
22861	蔷薇列岛神机台_扫射	data\source\player\F1\动作\F1神机台001_at01_a.ani			0
22862	蔷薇列岛神机台_扫射技能伤害	data\source\player\F1\动作\F1神机台001_at02_b_箭.tani			0
22887	铁血·乱天狼双手表现	data\source\player\F1\动作\F1s16lxg鞭技能01_hd.tani			0
22890	交替破魔触发招式	data\source\player\F1\动作\F1smj10组合刀攻击07_hd.tani			0
22913	天策特殊武器_狼阵绝炎冲	data\source\player\f1\动作\F1s04tc红莲龙胆06_挑枪_hd.tani			0
22913	天策特殊武器_狼阵绝炎冲	data\source\player\f1\动作\F1s04tc红莲龙胆06_挑枪_hd.tani			0
22953	丐帮新版特殊武器_九龙升景AOE	data\source\player\f1\动作\f1b11gb九龙升景c_01_hd.tani			0
22972	七秀特殊武器_	data\source\player\F1\动作\f1b06sh扇伞舞02_HD.tani			0
23040	凌雪阁轻功急坠	Data\source\player\f1\动作\f1sqg16lxg急坠01a_hd.tani			0
23044	凌雪阁轻功急坠二段触发	Data\source\player\f1\动作\f1sqg16lxg急坠01b_hd.tani			0
23055	藏剑特殊武器_金蛇吐信	data\source\player\f1\动作\f1sqg07cj内功轻剑16_风吹荷hd.tani			0
23059	藏剑特殊武器_碧魔盛宴	data\source\player\f1\动作\f1b07ty持武器普通待机01a.ani			0
23076	藏剑特殊武器_千切子寒光（释放）	data\source\player\f1\动作\f1s14bd拔刀技能02b.ani			0
23077	藏剑特殊武器_金蛇吐信（背刺）	data\source\player\f1\动作\f1scy12双手刀06.ani			0
23082	藏剑特殊武器_蛇尾返	data\source\player\f1\动作\f1sqg07cj重剑技能12_峰插hd.tani			0
23105	白鹤舒翅_拔云（气纯）	data\source\player\f1\动作\f1sqg11gb掌法攻击06.ani			0
23108	空啸太玄剑_起手（气纯）	data\source\player\F1\动作\f1scy03纯阳_空啸太玄剑01_HD.tani			0
23141	天策特殊武器_天霸赤雷枪	data\source\player\f1\动作\F1s04tc红莲龙胆06_挑枪_hd.tani			0
23141	天策特殊武器_天霸赤雷枪	data\source\player\f1\动作\F1s04tc红莲龙胆06_挑枪_hd.tani			0
23147	天策特殊武器_骑马左转	data\source\player\F1\动作\F1s04tc红莲龙胆06_左_hd.tani			0
23148	天策特殊武器_骑马右转	data\source\player\f1\动作\F1s04tc红莲龙胆06_右_hd.tani			0
23177	白鹤舒翅_飞剑（气纯）	data\source\player\f1\动作\f1b02ty阵法01.ani			0
23291	新苍云特殊武器_使用武器	data\source\player\F1\动作\f1scy12盾墙01a_刑天盾墙释放01_hd.tani			0
23319	七秀特殊武器_一段舞表现	data\source\player\F1\动作\F1b06sh扇伞舞_01.tani			0
23351	七秀特殊武器_升级_跳舞	data\source\player\F1\动作\f1b06sh扇伞舞02_HD.tani			0
23357	少林特殊武器_夜叉怒相	data\source\player\f1\动作\f1s04sl棍技能16b_千斤坠hd.tani			0
23358	少林特殊武器_威德普渡	data\source\player\f1\动作\f1s04sl技能12_hd01.tani			0
23360	少林特殊武器_五眼识真（夜叉）	data\source\player\f1\动作\f1s04sl技能12.ani			0
23366	少林特殊武器_三面暴焰（释放）	data\source\player\f1\动作\f1s04sl爪技能12.ani			0
23367	少林特殊武器_六臂屠魔（释放）	data\source\player\f1\动作\f1ssl04棍攻击06_hd01.tani			0
23370	少林特殊武器_黑天金刚铃（释放）	data\source\player\f1\动作\f1s04sl技能11_hd01.tani			0
23375	少林特殊武器_归身返尘（威德）	data\source\player\f1\动作\f1s04sl技能12.ani			0
23376	少林特殊武器_万法皈依（释放）	data\source\player\f1\动作\f1sqg04sl技能13.ani			0
23377	少林特殊武器_心于禅定（威德）	data\source\player\f1\动作\f1b04ty持武器普通待机02.ani			0
23380	崔嵬鬼步对自身	Data\source\player\F1\动作\F1s16lxg技能01_hd.tani			0
23404	万花特殊武器_弹指泛音	data\source\player\F1\动作\f1sqg01wh辅助技能06.ani			0
23440	藏剑特殊武器_蛇牙锥心	data\source\player\F1\动作\f1b14bd拔武器02b.ani			0
23493	骑乘_阴山野驴	Data\source\player\F1\动作\F1H上马01.ani			0
23494	阴山野驴_交互技能1	data\source\player\F1\动作\F1H驴_pst02.ani			0
23495	阴山野驴_交互技能2	data\source\player\F1\动作\F1H驴_pst03.ani			0
23497	骑乘_龙门双峰驼	Data\source\player\F1\动作\F1H上马01.ani			0
23498	龙门双峰驼_交互技能1	data\source\player\F1\动作\F1H骆驼_pst01.ani			0
23499	龙门双峰驼_交互技能2	data\source\player\F1\动作\F1H骆驼_pst02.ani			0
23501	骑乘_八卦龟	Data\source\player\F1\动作\F1H上马01.ani			0
23502	八卦龟_交互技能1	data\source\player\F1\动作\F1H海龟_pst01.ani			0
23503	八卦龟_交互技能2	data\source\player\F1\动作\F1H海龟_pst02.ani			0
23561	骑乘_熊猫拉车	Data\source\player\F1\动作\F1H上马01.ani			0
23563	熊猫拉车_交互技能1	data\source\player\f1\动作\f1h熊猫拉车_主控pst01.ani			0
23566	熊猫拉车_变身后技能1	data\source\player\f1\动作\f1h熊猫拉车_主控pst02.ani			0
23567	熊猫拉车_变身后技能2	data\source\player\f1\动作\f1h熊猫拉车_主控pst03_hd.tani			0
23569	熊猫拉车_变身_表现02	data\source\player\f1\动作\f1h熊猫拉车_主控变形02.ani			0
23574	轮椅_主控技能1	data\source\player\F1\动作\F1H轮椅01_主控表现01_hd.tani			0
23575	轮椅_主控技能2	data\source\player\F1\动作\F1H轮椅01_主控表现02.ani			0
23576	轮椅_主控技能3	data\source\player\F1\动作\F1H轮椅01_主控表现03_hd.tani			0
23577	轮椅_主副控技能1	data\source\player\F1\动作\F1H轮椅01_主副控表现02.ani			0
23578	轮椅_主副控技能2	data\source\player\F1\动作\F1H轮椅01_主副控表现03_hd.tani			0
23629	骑乘_鹏鹏	Data\source\player\F1\动作\F1H上马01.ani			0
23630	鹏鹏_交互技能1	data\source\player\f1\动作\F1H肥马01_pst18_hd.tani			0
23631	鹏鹏_交互技能2	data\source\player\f1\动作\f1H肥马01_pst19.ani			0
23716	骑乘_昆仑奴_空格	data\source\player\f1\动作\f1H昆仑椅01_pst02.ani			0
23934	广陵月	data\source\player\f1\动作\f1s05qx剑舞爆发01_HD.tani			0
23946	兰摧玉折移动	data\source\player\f1\动作\f1s01wh点穴13b_兰摧玉折hd.tani			0
23947	钟林毓秀移动	data\source\player\f1\动作\f1s01wh点穴14b_钟林毓秀hd.tani			0
23969	新剑出鸿蒙二段	data\source\player\F1\动作\F1s03cy气技能20_hd.tani			0
23971	无间狱	data\source\player\F1\动作\F1s16lxg链技能08_hd.tani			0
23982	隐风雷子技能	Data\source\player\F1\动作\F1s16lxg鞭技能02_01hd.tani			0
23983	隐风雷焚生子技能	data\source\player\f1\动作\f1s16lxg鞭技能02加强_隐风雷加强01HD.tani			0
24017	疾电叱羽目标释放	data\source\player\F1\动作\F1s15PL雕技能04a_疾电叱羽护盾01HD.tani			0
24021	影子背水主人实际技能	Data\source\player\F1\动作\F1s13cg琴技能12_01.tani			0
24047	笑傲光阴二段招式	Data\source\player\F1\动作\F1s13cg琴技能13.ani			0
24127	铁臂神拳！	Data\source\player\F1\动作\F1b01qt攻击01.tani	data\source\other\特效\技能\SFX\被击\被击_闪光烟尘01_拳肉身.Sfx	S_fxmid	0
24129	裂风脚！	Data\source\player\F1\动作\F1b02xs攻击01.tani	data\source\other\特效\技能\SFX\被击\被击_闪光烟尘01_拳肉身.Sfx	S_fxmid	0
24130	扫叶踢！	Data\source\player\F1\动作\F1b02xs攻击05.tani	data\source\other\特效\技能\SFX\被击\被击_闪光烟尘01_拳肉身.Sfx	S_fxmid	0
24131	骑乘_捷信	data\source\player\f1\动作\f1HA228_上坐骑01.ani			0
24132	捷信_交互技能1	data\source\player\f1\动作\f1ha228_pst01_hd.tani			0
24133	捷信_交互技能2	data\source\player\f1\动作\f1HA228_pst02.ani			0
24145	迟驻_弃身·肆	data\source\player\f1\动作\f1b02ty站立到跪坐01.ani			0
24147	迟驻_弃身·肆读条	data\source\player\f1\动作\f1b02ty跪坐到站立01.ani			0
24188	骑乘_霸刀车	data\source\player\F1\动作\F1h霸刀车01_主控上车.ani			0
24189	霸刀车_交互技能1	data\source\player\f1\动作\f1h霸刀车01_主控表现01_hd.tani			0
24190	霸刀车_交互技能2	data\source\player\f1\动作\f1h霸刀车01_主控表现02_hd.tani			0
24191	霸刀车_交互技能3	data\source\player\f1\动作\f1h霸刀车01_主控表现03_hd.tani			0
24253	腰挂_鸡毛掸子_掸灰	data\source\player\f1\动作\f1b02ty打扫01.ani			0
24277	劝学记_唤灵术	data\source\player\F1\动作\F1b02ty灵魂出窍01b_01.tani			0
24373	者	data\source\player\F1\动作\F1s17ytz符技04_者HD.tani			0
24376	解卦·水坎	data\source\player\F1\动作\F1s17ytz占卜技01_HD.tani			0
24377	解卦·山艮	data\source\player\F1\动作\F1s17ytz占卜技02_HD.tani			0
24378	黄泉八伤	data\source\player\F1\动作\F1s17ytz魂灯技01_黄泉八伤01.tani			0
24380	返闭惊魂	data\source\player\F1\动作\f1s17ytz魂灯技03_hd.tani			0
24382	斗转星移	data\source\player\F1\动作\F1s17ytz星相技01.tani			0
24383	天人合一	data\source\player\F1\动作\F1s17ytz星相技02_hd.tani			0
24384	天人合一解除	data\source\player\F1\动作\F1s17ytz星相技02_解_hd.tani			0
24385	鸿蒙天禁	data\source\player\F1\动作\F1s17ytz星相技03b_HD.tani			0
24409	兵正常伤害通道表现	data\source\player\F1\动作\F1s17ytz符技02_hd.tani			0
24410	兵_水坎通道表现	data\source\player\f1\动作\f1s17ytz符技02_水hd.tani			0
24431	解卦·火离	data\source\player\F1\动作\F1s17ytz占卜技03_HD.tani			0
24506	手推车_交互技能1	data\source\player\f1\动作\f1h手推车01_主控表现01.ani			0
24507	手推车_交互技能2	data\source\player\f1\动作\f1h手推车01_主控表现02.tani			0
24508	手推车_交互技能3	data\source\player\f1\动作\f1h手推车01_主控表现03.ani			0
24509	手推车_交互技能4	data\source\player\f1\动作\f1h手推车01_主控表现04.tani			0
24539	临_治疗	data\source\player\F1\动作\F1s17ytz符技01_金hd.tani			0
24540	兵_治疗	data\source\player\F1\动作\F1s17ytz符技02_金hd.tani			0
24541	斗_治疗	data\source\player\F1\动作\F1s17ytz符技03b_金hd.tani			0
24558	临伤害子技能	data\source\player\F1\动作\F1s17ytz符技01_HD.tani			0
24654	4号_击球	data\source\player\f1\动作\f1s14bd腿技能04a_双刀.ani			0
24675	临伤害子技能_水坎	data\source\player\F1\动作\F1s17ytz符技01_水hd.tani			0
24676	临伤害子技能_山艮	data\source\player\F1\动作\F1s17ytz符技01_山hd.tani			0
24677	临伤害子技能_火离	data\source\player\F1\动作\F1s17ytz符技01_火hd.tani			0
24739	骑乘_舞象联翩	data\source\player\f1\动作\f1HA210_上坐骑01.ani			0
24740	舞象联翩_交互技能1	data\source\player\f1\动作\f1HA210_pst01.ani			0
24741	舞象联翩_交互技能2	data\source\player\f1\动作\f1HA210_pst02_小象喝酒.tani			0
24744	兵_山艮卦象通道表现	data\source\player\f1\动作\f1s17ytz符技02_山hd.tani			0
24745	兵_火离卦象通道表现	data\source\player\f1\动作\f1s17ytz符技02_火hd.tani			0
24748	锦鳞戏辰_交互技能1	data\source\player\f1\动作\f1HWJ_天灯005_M_pst01.ani			0
24749	锦鳞戏辰_交互技能2	data\source\player\f1\动作\f1HWJ_天灯005_M_pst02.ani			0
24750	锦鳞戏辰_交互技能3	data\source\player\f1\动作\f1hwj_天灯005_m_pst03_hd.tani			0
24766	骑乘_锦鳞戏辰	data\source\player\f1\动作\f1HWJ_天灯005_M_上坐骑01.ani			0
24821	斗_火离卦象实际伤害	data\source\player\F1\动作\F1s17ytz符技03b_火hd.tani			0
24822	斗_水坎卦象实际伤害	data\source\player\F1\动作\F1s17ytz符技03b_水hd.tani			0
24823	斗_山艮卦象实际伤害	data\source\player\F1\动作\F1s17ytz符技03b_山hd.tani			0
24824	斗_无卦象实际伤害	data\source\player\F1\动作\F1s17ytz符技03b_hd.tani			0
24825	变卦_水坎变山艮	data\source\player\F1\动作\F1s17ytz占卜技_变卦01鱼变山_hd.tani			0
24826	变卦_水坎变火离	data\source\player\F1\动作\F1s17ytz占卜技_变卦01鱼变鸟_hd.tani			0
24827	变卦_山艮变水坎	data\source\player\F1\动作\F1s17ytz占卜技_变卦01山变鱼_hd.tani			0
24828	变卦_山艮变火离	data\source\player\F1\动作\F1s17ytz占卜技_变卦01山变鸟_hd.tani			0
24829	变卦_火离变水坎	data\source\player\F1\动作\F1s17ytz占卜技_变卦01鸟变鱼_hd.tani			0
24830	变卦_火离变山艮	data\source\player\F1\动作\F1s17ytz占卜技_变卦01鸟变山_hd.tani			0
24831	起卦_水坎	data\source\player\F1\动作\F1s17ytz占卜技_起卦鱼01_hd.tani			0
24832	起卦_山艮	data\source\player\F1\动作\F1s17ytz占卜技_起卦山01_hd.tani			0
24833	起卦_火离	data\source\player\F1\动作\F1s17ytz占卜技_起卦鸟01_hd.tani			0
24842	战疏狂击退目标	data\source\player\f1\动作\f1s04tc技能32b_投掷02HD.tani			0
24855	玩家_水漂动作	data\source\player\F1\动作\F1b01ty打水漂01.ani			0
24858	黄泉八伤_灯一	data\source\player\F1\动作\F1s17ytz魂灯技05_黄泉八伤01.tani			0
24859	黄泉八伤_灯二	data\source\player\F1\动作\F1s17ytz魂灯技05_黄泉八伤01.tani			0
24860	黄泉八伤_灯三	data\source\player\F1\动作\F1s17ytz魂灯技05_黄泉八伤01.tani			0
24874	鬼星开穴无卦象表现	data\source\player\F1\动作\f1s17ytz魂灯技02_hd.tani			0
24875	鬼星开穴火离卦象表现	data\source\player\F1\动作\f1s17ytz魂灯技02_hd.tani			0
24876	鬼星开穴水坎卦象表现	data\source\player\F1\动作\f1s17ytz魂灯技02_hd.tani			0
24877	鬼星开穴山艮卦象表现	data\source\player\F1\动作\f1s17ytz魂灯技02_hd.tani			0
24886	千斤坠实际自身范围aoe	data\source\player\f1\动作\f1ssl04轻功01缓冲_千斤坠坠地.tani			0
24892	乘龙箭_通道	data\source\player\f1\动作\f1s04tc技能33_骑乘_乘龙箭01HD.tani			0
24897	天策_马上灭	data\source\player\f1\动作\f1s04tc技能17_骑乘_灭HD.tani			0
24911	新大针	data\source\player\f1\动作\f1swh01针灸05_大针01HD.tani			0
24913	听风吹雪_和敌方换血	data\source\player\F1\动作\F1s01wh针灸16_听风HD.tani			0
24916	乘墨由心	data\source\player\f1\动作\f1b01wh点穴23_洒墨01HD.tani			0
24919	洛川神韵	data\source\player\f1\动作\f1b01wh点穴24_墨迹连线01.tani			0
24939	投掷火雷	data\source\player\f1\动作\f1b02yd丢炸弹.ani			0
24946	镇山河不附带无敌	data\source\player\f1\动作\f1s03cy技能13b_镇山河02.tani			0
24970	梯云纵二段	data\source\player\f1\动作\f1s03cy剑技能19a_hd.tani			0
24971	梯云纵二段伤害子技能	data\source\player\f1\动作\f1s03cy剑技能19b_hd.tani			0
24972	凌云剑	data\source\player\f1\动作\f1s03cy剑技能20a_hd.tani			0
24977	千秋观月二段自身范围AOE	data\source\player\f1\动作\f1s03cy剑技能20c_hd.tani			0
24990	九微飞花	data\source\player\f1\动作\f1s05qx扇技能24_花雨01.tani			0
24997	心鼓弦_不附带战复	data\source\player\F1\动作\F1s05qx扇技能19b_心鼓弦HD.tani			0
25006	月出东山	data\source\player\f1\动作\f1s05qx剑技能30_七秀冰心大招02.tani			0
25011	皆	data\source\player\F1\动作\F1s17ytz符技05_hd.tani			0
25012	玩家_加速冲浪	data\source\player\F1\动作\F1HWJ_D008337_加速跑01b.ani			0
25020	凤凰蛊_不附带复活	data\source\player\F1\动作\F1swd08蛊攻击03_凤凰蛊.tani			0
25043	连缘蛊	data\source\player\f1\动作\f1b08cd毒攻击05_吹笛01.tani			0
25049	玩家_水枪气泡	Data\source\player\F1\动作\F1stm09弩攻击05_01.tani			0
25050	玩家_水枪水弹	data\source\player\F1\动作\F1stm09弩攻击09_水枪01.tani			0
25051	玩家_水枪AOE	Data\source\player\F1\动作\F1stm09机关攻击02_01.tani			0
25058	圣元阵	data\source\player\f1\动作\f1b08cd治疗04_蝶群01.tani			0
25070	飞来闻踪	data\source\player\f1\动作\f1s07cj重剑技能19.tani			0
25095	横断山河	data\source\player\f1\动作\f1s14bd拔刀技能08a_hd.tani			0
25096	横断山河击飞目标	data\source\player\f1\动作\f1s14bd拔刀技能08b_hd.tani			0
25097	横断山河二段冲刺	data\source\player\f1\动作\f1s14bd拔刀技能08c_hd.tani			120
25107	鸿蒙天禁_中性	data\source\player\F1\动作\F1s17ytz星相技03_鸿蒙天禁hd.tani			0
25114	龙马出河	data\source\player\F1\动作\F1s17ytz星相技04_HD.tani			0
25132	流火连星	data\source\player\f1\动作\f1stm09控制04爆裂箭HD.tani			0
25139	斗转星移_无视受控	data\source\player\F1\动作\F1s17ytz星相技01.tani			0
25142	巨门北落	data\source\player\F1\动作\F1s17ytz星相技05_HD.tani			0
25151	诡面埋伏	data\source\player\f1\动作\f1stm09遥控01引爆.tani			0
25165	玩家_水枪加水	Data\source\player\F1\动作\F1b02dj弓弩制造.tani			0
25171	微妙风	data\source\player\f1\动作\f1smj10双刀攻击13_暗尘弥散hd.tani			0
25176	杀星在尾	data\source\player\F1\动作\F1s17ytz星相技06_hd.tani			0
25197	祭湘君	data\source\player\f1\动作\f1sgb11棒法攻击06_竹林01HD.tani			0
25213	断马摧城	data\source\player\f1\动作\f1scy12刀盾攻击11.tani			0
25222	迴梦逐光_直接施展	Data\source\player\F1\动作\F1s13cg琴技能16a_01.tani			0
25223	迴梦逐光_直接施展回收	Data\source\player\F1\动作\F1s13cg琴技能16b_01.tani			0
25225	剑·商眩晕	data\source\player\f1\动作\f1s13cg剑技能11_hd.tani			0
25229	游太清	data\source\player\f1\动作\f1sqg13cg琴技能11a_时间回溯_hd.tani			0
25230	游太清·回	data\source\player\f1\动作\f1sqg13cg琴技能09_时光回溯_hd.tani			0
25262	横断山河伤害子技能		data\source\other\新特效\技能\Pss\被击\B_霸刀腿被击01.pss	S_fxmid	0
25263	横断山河伤害子技能60-80		data\source\other\新特效\技能\Pss\被击\B_霸刀腿被击01.pss	S_fxmid	0
25264	横断山河伤害子技能40-60		data\source\other\新特效\技能\Pss\被击\B_霸刀腿被击01.pss	S_fxmid	0
25265	横断山河伤害子技能20-40		data\source\other\新特效\技能\Pss\被击\B_霸刀腿被击01.pss	S_fxmid	0
25266	横断山河伤害子技能0-20		data\source\other\新特效\技能\Pss\被击\B_霸刀腿被击01.pss	S_fxmid	0
25285	飞倾列缺	data\source\player\f1\动作\f1s15pl伞技能08_hd.tani			0
25299	飞倾列缺目标区域延迟伤害子技能		data\source\other\HD特效\技能\Pss\被击\pl_蓬莱雕被击01.pss	S_fxmid	0
25303	十方玄机自身范围	data\source\player\F1\动作\F1s16lxg技能02b_hd.tani			0
25315	修罗暗度	data\source\player\F1\动作\F1s16lxg技能02b_hd.tani			0
25316	暗度·断马摧城	data\source\player\f1\动作\f1scy12刀盾攻击11.tani			0
25318	暗度·醍醐灌顶	data\source\player\f1\动作\f1s04sl棍技能17.tani			0
25319	暗度·南风吐月	data\source\player\F1\动作\F1swh01辅助技能06_01.tani			0
25320	暗度·大针	data\source\player\f1\动作\f1swh01针灸05_大针01HD.tani			0
25322	暗度·剑出鸿蒙	data\source\player\F1\动作\F1s03cy气技能20_hd.tani			0
25323	暗度·凌云剑	data\source\player\f1\动作\f1s03cy剑技能20a_hd.tani			0
25325	暗度·霜天剑泠	data\source\player\f1\动作\f1s05qx剑技能29_hd.tani			0
25326	暗度·九微飞花	data\source\player\f1\动作\f1s05qx扇技能24_花雨01.tani			0
25327	暗度·蚀心蛊	data\source\player\F1\动作\F1swd08蛊攻击01_夺命蛊.tani			0
25328	暗度·圣元阵	data\source\player\f1\动作\f1b08cd治疗04_蝶群01.tani			0
25329	暗度·流火连星	data\source\player\f1\动作\f1stm09控制04爆裂箭HD.tani			0
25330	暗度·诡面埋伏	data\source\player\f1\动作\f1stm09遥控01引爆.tani			0
25331	暗度·松舍问霞	data\source\player\F1\动作\F1s07cj重剑技能16b_松舍问霞HD.tani			0
25337	暗度·琴音共鸣	Data\source\player\F1\动作\F1s13cg琴技能17_01.tani			0
25342	暗度·青山共我	data\source\player\f1\动作\f1s16lxg鞭技能07_hd.tani			0
25343	暗度·杀星在尾	data\source\player\F1\动作\F1s17ytz星相技06_hd.tani			0
25344	暗度·横扫千军	Data\source\player\F1\动作\F1b02xs攻击05.tani			0
25365	砂土灭火	data\source\player\f1\动作\f1b02yd丢炸弹.ani			0
25369	辟海表现技能	data\source\player\f1\动作\f1s14bd拔刀技能07_hd.tani			0
25383	阵	data\source\player\F1\动作\F1s17ytz符技06a_HD.tani			0
25384	阵_单体伤害	data\source\player\F1\动作\F1s17ytz符技06b_HD.tani			0
25450	蓬莱特殊武器_云涌若海起手	data\source\player\f1\动作\f1s15pl_雪海散华空中转身.tani			0
25451	蓬莱特殊武器_梅洒血雨起手	data\source\player\f1\动作\f1s15pl_雪海散华b.ani			120
25452	伞浮空飞倾列缺表现	data\source\player\f1\动作\f1s15pl伞技能空08_hd.tani			0
25459	4号_普通踢飞	data\source\player\f1\动作\f1s14bd腿技能04a_双刀.ani			0
25467	三才剑域表现子技能	data\source\player\f1\动作\f1s03cy气技能18_三才无剑hd.tani			0
25508	骑乘_鹿车·春草	data\source\player\f1\动作\f1HA210_上坐骑01.ani			0
25512	普通攻击_魂灯	Data\source\player\F1\动作\F1b17ytz持武器普通攻击01.tani			0
25517	阵释放	Data\source\player\F1\动作\F1b02ty阵法01.tani			0
25537	5号_哑头陀_玩家充能	data\source\player\f1\动作\f1b02dj扔零件.tani			0
25660	周边_畜生道_无敌风火腿	data\source\player\f1\动作\f1s14bd腿技能04a_双刀.ani			0
25674	骑乘_独轮椅_空格	data\source\player\F1\动作\F1H独轮椅01_pst02.ani			0
25690	蓬莱特殊武器_梅洒血雨表现	data\source\player\f1\动作\f1s15pl_雪海散华d_hd02.tani			0
25691	蓬莱特殊武器_收伞表现	data\source\player\f1\动作\f1s15pl_雪海散华e.tani			0
25710	骑乘_血瞳吞煞	Data\source\player\F1\动作\F1H上马01.ani			0
25711	骑乘_嚼骨凶罴	Data\source\player\F1\动作\F1H上马01.ani			0
25712	骑乘_苍山雪狮	Data\source\player\F1\动作\F1H上马01.ani			0
25713	骑乘_啸岭白猊	Data\source\player\F1\动作\F1H上马01.ani			0
25809	勤修不辍_乱世七秀_鱼食	Data\source\player\F1\动作\F1b06sh播种.tani			0
25846	玩家_水枪气泡母技能	Data\source\player\F1\动作\F1stm09弩攻击05_01.tani			0
25872	衍天宗轻功急坠	data\source\player\F1\动作\F1sqg17ytz急坠01a_hd.tani			0
25874	衍天轻功急坠二段触发	data\source\player\F1\动作\F1sqg17ytz急坠01b_hd.tani			0
25892	骑乘_漫漫香罗	data\source\player\f1\动作\f1HA210_上坐骑01.ani			0
25893	挂件喝酒正常	data\source\player\f1\动作\f1b02ty醉饮01_hd.tani			0
25894	挂件喝酒呛住	data\source\player\f1\动作\f1b02ty醉饮02_hd.tani			0
25916	骑乘_漫漫香罗_空格	data\source\player\F1\动作\F1HWJ_莲座001_pst02.ani			0
25956	骑乘_望月归	data\source\player\f1\动作\f1HA210_上坐骑01.ani			0
26007	骑乘_日行千里	data\source\player\f1\动作\f1HA210_上坐骑01.ani			0
26011	26011 骑乘_日行千里_空格	data\source\player\F1\动作\F1H发条木马01_pst01.ani			0
26060	龙门飞剑武器_输出_主动	data\source\player\f1\动作\f1s02ty攻击buff01_hd.tani			0
26120	骑乘_2020阵营坐骑_浩气_空格	data\source\player\F1\动作\F1HA226_M_pst01.ani			0
26121	骑乘_2020阵营坐骑_恶人_空格	data\source\player\F1\动作\F1HA225_M_pst01.ani			0
26129	龙门飞剑武器_治疗_主动	data\source\player\f1\动作\f1b01ty治疗buff01_hd.tani			0
26141	龙门飞剑武器_防御_主动	data\source\player\f1\动作\f1b01ty防御buff01_无双释放01hd.tani			0
26191	骑乘_紫微金阙交椅	data\source\player\f1\动作\f1HA210_上坐骑01.ani			0
26194	堆雪人_踢雪球	Data\source\player\F1\动作\F1b02dj猜拳预备01.tani			0
26196	堆雪人_堆雪球	Data\source\player\F1\动作\F1b02dj拾取b.ani			0
26243	丢普通雪球_玩家	data\source\player\f1\动作\f1_b01aq攻击24_丢雪球.tani			0
26244	丢大雪球_玩家	Data\source\player\F1\动作\f1b01yd扔石头_丢大雪球_扔出.tani			0
26247	3号_海荼_锁链长戟母技能	data\source\player\f1\动作\f1stm09钩子攻击01.ani			0
26313	热水	data\source\player\f1\动作\f1b06sh灭火01_01.tani			0
26320	堆雪人_踢雪球子技能1	Data\source\player\F1\动作\F1b02dj踢.ani			0
26321	堆雪人_踢雪球子技能2	Data\source\player\F1\动作\F1b02dj踢.ani			0
26322	堆雪人_踢雪球子技能3	Data\source\player\F1\动作\F1b02dj踢.ani			0
26376	唐门天罗新版_瞬影冲刺子技能	data\source\player\f1\动作\f1stm09飞天降落01_定点降落HD.tani			0
26398	帮会联赛摧城车战斗	data\source\player\F1\动作\F1投石车_普通待机.ani			0
26408	帮会联赛神机车战斗	data\source\player\F1\动作\F1弩车_移动变形到战斗.ani			0
26409	帮会联赛神机雷	Data\source\player\F1\动作\F1b02dj扔煤球.tani			0
26511	骑乘_紫微金阙交椅_空格	Data\source\player\F1\动作\F1HZQ_轿子01_pst01.ani			0
26531	心法秘籍升级空技能	data\source\player\F1\动作\F1b02dj打坐b02释放_HD.tani	data\source\other\特效\技能\SFX\被击\被击_藏剑攻击03_重剑_肉体.Sfx	S_fxmid	0
26638	帮会联赛大旗手摧城锋附加击倒	data\source\player\F1\动作\F1b02xs攻击05加强.tani			0
26699	万剑归宗二段	data\source\player\F1\动作\F1s03cy剑技能13b_hd.tani	data\source\other\HD特效\技能\Pss\被击\C_纯阳两仪爆02.pss	S_fxmid	0
26716	绳爪	data\source\player\F1\动作\F1smj10组合刀攻击10_影子日.tani			0
26738	水中浮游天地表现	data\source\player\f1\动作\f1s15pl姿态切换02_浮游天地HD.tani			0
26757	黑豹跳跃表现技	data\source\player\f1\动作\f1bqg凌雪阁加强_豹人跳_伤害01HD.tani			0
26781	3号_海荼_往左拉	data\source\player\f1\动作\f1b01ty左拉锁链01.ani			0
26782	3号_海荼_往右拉	data\source\player\f1\动作\f1b01ty右拉锁链01.ani			0
26788	制造天一秘药_投掷一	data\source\player\f1\动作\f1b02yd丢炸弹.ani			0
26827	神器初始技能	data\source\player\f1\动作\f1b02ty战场自爆_浪客行技能_初始.tani			0
26880	神器_精准射击	data\source\player\f1\动作\f1b01ty僵尸技能01b_浪客行技能-竖悬针b.tani			0
26881	神器_割裂	data\source\player\f1\动作\f1s01wh点穴13b_浪客行技能_河汉星b.tani			0
26883	神器_溅射	data\source\player\f1\动作\f1b02ty战场自爆__浪客行技能_溅射.tani			0
26884	神器_治疗	data\source\player\f1\动作\f1b02bp祈福01b_浪客行技能.tani			0
26891	神器_蓄力猛击	data\source\player\f1\动作\f1sqg01wh针灸18b_浪客行技能_伏龙游bcd.tani			0
26898	鸿烈自身范围AOE强仇	data\source\player\F1\动作\F1scy12刀盾buff04_无惧增强HD.tani			0
26924	神器_蓄力猛击_子技能1	data\source\player\f1\动作\f1sqg01wh针灸18b_浪客行技能_伏龙游bcd.tani			0
26925	神器_蓄力猛击_子技能2	data\source\player\f1\动作\f1sqg01wh针灸18b_浪客行技能_伏龙游bcd.tani			0
26926	神器_蓄力猛击_子技能3	data\source\player\f1\动作\f1sqg01wh针灸18b_浪客行技能_伏龙游e.tani			0
26927	神器_蓄力猛击_子技能4	data\source\player\f1\动作\f1sqg01wh针灸18b_浪客行技能_伏龙游f.tani			0
26945	骑乘_沙雕球_空格	data\source\player\F1\动作\F1H绣球02_pst01_hd.tani			0
26948	骑乘_乌云雪狰_空格	data\source\player\F1\动作\F1HA280_M_pst02.ani			0
26952	戒指任务_玩家格挡攻击	data\source\player\f1\动作\f1s03cy剑技能16.ani			0
26953	戒指任务_玩家攻击	data\source\player\f1\动作\f1s03cy剑技能12.ani			0
26954	戒指任务_玩家诱导	data\source\player\f1\动作\f1s07cj内功轻剑17.ani			0
26967	骑乘_乌云雪狰_空格02	data\source\player\F1\动作\F1HA280_pst02.ani			0
26977	挂件_竹简正常	data\source\player\F1\动作\F1b02ty竹简01_HD.tani			0
26978	挂件_竹简散落	data\source\player\F1\动作\F1b02ty竹简02_HD.tani			0
26998	制造天一秘药_投掷二	data\source\player\f1\动作\f1b02yd丢炸弹.ani			0
27013	戒指任务_挑战模式玩家格挡	data\source\player\f1\动作\f1s03cy剑技能16.ani			0
27014	戒指任务_挑战模式玩家攻击	data\source\player\f1\动作\f1s03cy剑技能12.ani			0
27015	铸刀_引雷	data\source\player\f1\动作\f1b02dj传功b.ani			0
27030	驼鹿甩头	data\source\player\f1\动作\f1ha308_sk01.ani			0
27031	驼鹿冲撞	data\source\player\f1\动作\f1ha308_sk02.ani			0
27033	彼针_移动施展	data\source\player\F1\动作\F1s01wh针灸15b彼针HD.tani			0
27034	彼针_目标小队移动施展	data\source\player\F1\动作\F1s01wh针灸15b彼针HD.tani			0
27073	修罗僧_P4_玩家使用值输出	data\source\player\f1\动作\f1smj10乾坤大法buff01.ani			0
27074	修罗僧_P4_玩家使用值治疗	data\source\player\f1\动作\f1smj10乾坤大法buff01.ani			0
27087	修罗僧_P4_玩家储存值	data\source\player\f1\动作\f1s03cy气技能13.ani			0
27158	骑乘_白眉_空格	data\source\player\F1\动作\F1HA282_M_pst02.ani			0
27175	骑乘_白眉_空格02	data\source\player\F1\动作\F1HA282_pst02.ani			0
27199	毒鼠强投掷	data\source\player\f1\动作\f1b02yd丢炸弹.ani			0
27210	烟雾弹	data\source\player\f1\动作\f1b02yd丢炸弹.ani			0
27214	制造天一秘药_投掷三	data\source\player\f1\动作\f1b02yd丢炸弹.ani			0
27215	制造天一秘药_投掷四	data\source\player\f1\动作\f1b02yd丢炸弹.ani			0
27216	制造天一秘药_投掷五	data\source\player\f1\动作\f1b02yd丢炸弹.ani			0
27217	制造天一秘药_投掷六	data\source\player\f1\动作\f1b02yd丢炸弹.ani			0
27218	制造天一秘药_投掷七	data\source\player\f1\动作\f1b02yd丢炸弹.ani			0
27219	制造天一秘药_投掷八	data\source\player\f1\动作\f1b02yd丢炸弹.ani			0
27220	制造天一秘药_投掷九	data\source\player\f1\动作\f1b02yd丢炸弹.ani			0
27221	制造天一秘药_投掷十	data\source\player\f1\动作\f1b02yd丢炸弹.ani			0
27222	制造天一秘药_投掷十一	data\source\player\f1\动作\f1b02yd丢炸弹.ani			0
27232	骑乘_马儿跳跳_空格	data\source\player\F1\动作\F1H木马003_pst01.ani			0
27241	端午节_阳燧	data\source\player\F1\动作\F1b01ty镜子01_hd.tani			0
27287	鬼斧神功快速装填	Data\source\player\f1\动作\f1b02dj站立引导搓箭01HD.tani			0
27310	修罗僧_P1_寂灭爪法玩家格挡	data\source\player\f1\动作\f1s03cy剑技能16.ani			0
27339	27339 破墙刺_投掷	Data\source\player\F1\动作\F1b02dj扔煤球.tani			0
27450	绳爪	data\source\player\F1\动作\F1smj10组合刀攻击10_影子日.tani			0
27451	普通攻击_百草卷	Data\source\player\f1\动作\f1b18yz持武器普通攻击01_01.tani			0
27528	银光照雪	data\source\player\f1\动作\f1s18yz手术刀技01_银光照雪.tani			0
27537	回风微澜	data\source\player\f1\动作\f1s18yz手术刀技02c_奇穴_惊鸿掠水.tani			0
27539	惊鸿掠水伤害子技能	data\source\player\f1\动作\f1s18yz手术刀技02b_惊鸿掠水.tani			0
27551	商陆缀寒	data\source\player\f1\动作\f1s18yz毒技04b_商陆其根.tani			0
27554	钩吻断肠	data\source\player\f1\动作\f1s18yz毒技01_钩吻断肠.tani			0
27556	川乌射罔	data\source\player\f1\动作\f1s18yz毒技02_奚毒射罔.tani			0
27578	沾衣未妨	data\source\player\f1\动作\f1s18yz毒技03_沾衣未妨.tani			0
27582	且待时休	data\source\player\f1\动作\f1s18yz毒技05_且待时休.tani			0
27621	白芷含芳	data\source\player\f1\动作\f1s18yz治疗01b_白芷含芳.tani			0
27623	当归四逆	data\source\player\f1\动作\f1s18yz治疗02_当归四逆.tani			0
27630	龙葵自苦	data\source\player\f1\动作\f1s18yz治疗03_龙葵自苦.tani			0
27632	赤芍寒香	data\source\player\f1\动作\f1s18yz治疗04_赤芍温香.tani			0
27634	灵素还生	data\source\player\f1\动作\f1s18yz治疗05b_灵素还生.tani			0
27649	千枝伏藏	data\source\player\f1\动作\f1s18yz植物系01b_千枝伏藏.tani			0
27650	千枝绽蕊	data\source\player\f1\动作\f1s18yz植物系01a_千枝伏藏.tani			0
27667	紫叶沉疴	data\source\player\f1\动作\f1s18yz植物系02_紫叶沉疴.tani			0
27843	27843 道具_春泥护花	data\source\player\F1\动作\F1s01wh技能15_春泥HD.tani			0
27844	27844 道具_听风吹雪	data\source\player\F1\动作\F1s01wh针灸16_听风HD.tani			0
27845	27845 道具_幻蛊	data\source\player\F1\动作\F1swd08蛊攻击02_幻蛊.tani			0
27846	云栖松	data\source\player\F1\动作\F1s07cj内功重剑18_云栖松HD.tani			0
27847	霞流宝石	data\source\player\F1\动作\f1s07cj重剑技能17_霞流宝石hd.tani	data\source\other\特效\技能\SFX\被击\被击_藏剑攻击03_重剑_肉体.Sfx	S_fxmid	0
27849	风来吴山	data\source\player\F1\动作\F1s07cj重剑技能15_风来吴山HD.tani			0
27850	紫气东来	data\source\player\F1\动作\F1s03cy技能19_紫气东来hd.tani			0
27854	27854 道具_剑转流云	data\source\player\F1\动作\F1s05qx剑技能14_剑转流云HD.tani			0
27855	27855 道具_蝶弄足	data\source\player\F1\动作\F1s05qx扇技能18_蝶弄足HD.tani			0
27856	27856 道具_鹊踏枝	data\source\player\F1\动作\F1s05qx剑技能22_鹊踏枝HD.tani			0
27857	27857 道具_琴音共鸣	Data\source\player\F1\动作\F1s13cg琴技能17_01.tani			0
27860	27860 道具_啸如虎	data\source\player\F1\动作\F1s04tc技能25_啸如虎01HD.tani			0
27861	27861 道具_疾如风	data\source\player\F1\动作\F1s04tc技能24_疾如风hd.tani			0
27862	27862 道具_梯云纵	data\source\player\F1\动作\F1s03cy技能12a_梯云纵hd.tani			0
27863	27863 道具_怖畏暗刑	data\source\player\F1\动作\F1smj10双刀攻击07a.tani			0
27868	道具_笑醉狂	data\source\player\F1\动作\F1sqg11gbbuff01_hd.tani			0
27870	道具_暗尘弥散	data\source\player\F1\动作\F1smj10双刀buff03隐匿.tani			0
27872	道具_撼地	data\source\player\F1\动作\F1scy12刀盾攻击12践踏02.tani			0
27874	道具_十方玄机	data\source\player\F1\动作\F1s16lxg技能02b_hd.tani			0
27875	道具_斗转星移	data\source\player\F1\动作\F1s17ytz星相技01.tani			0
27888	道具_舍身诀	data\source\player\F1\动作\f1s04sl技能11_hd01.tani			0
27889	道具_捉影式	data\source\player\F1\动作\F1s04sl爪技能14c_HD01.tani			0
27890	道具_抢珠式	data\source\player\F1\动作\f1s04sl爪技能12_HD01.tani			0
27891	道具_浮光掠影	Data\source\player\F1\动作\F1stm09伪装01影遁.tani			0
27897	绿野蔓生	data\source\player\f1\动作\f1s18yz植物系03_绿野蔓生.tani			0
27902	道具_楚河汉界	Data\source\player\F1\动作\F1s14bd拔刀技能07_01.tani			0
27904	道具_翔极碧落	Data\source\player\F1\动作\F1s15PL雕技能01_翼绝云天HD.tani			0
27906	道具_斩无常	data\source\player\F1\动作\F1s16lxg鞭技能04_01HD.tani			0
27924	道具_蚀心蛊	data\source\player\F1\动作\F1swd08蛊攻击01_夺命蛊.tani			0
27926	道具_九转归一	data\source\player\F1\动作\F1scy03气攻击01_九转HD.tani			0
27929	道具_生太极	data\source\player\F1\动作\F1s03cy技能16b_生太极hd.tani			0
27931	道具_生太极_母技能	data\source\player\F1\动作\F1s03cy技能16b_生太极hd.tani			0
27935	道具_撼地_子_撼地击晕		data\source\other\特效\技能\SFX\被击\被击_天策2.Sfx	S_fxmid	0
27936	道具_镇山河	data\source\player\F1\动作\F1s03cy技能13b_镇山河.tani			0
27956	道具_人剑合一母技能	data\source\player\F1\动作\F1s03cy剑技能15_人剑合一hd.tani			0
27964	道具_任驰骋		data\source\other\特效\技能\SFX\被击\被击_天策攻击09.Sfx	S_fxmid	0
27965	道具_任驰骋表现	Data\source\player\F1\动作\F1s04tc技能28_任驰骋HD.tani			0
27966	27966 道具_星楼月影	data\source\player\F1\动作\F1s01wh技能12_星楼月影hd.tani			0
27967	道具_风来吴山	data\source\player\F1\动作\F1s07cj重剑技能15_风来吴山HD.tani			0
27969	道具_孤影化双	Data\source\player\F1\动作\F1s13cg琴技能11a_01.tani			0
28029	空穴来风	data\source\player\f1\动作\f1Lz02_藏剑俯冲b01_冯度空穴来风01.tani			0
28044	空穴来风_5层	data\source\player\f1\动作\f1sqg09tm针攻击02冯度aoe.tani	data\source\other\特效\技能\SFX\被击\被击_藏剑攻击01_重剑_肉体.Sfx	S_fxmid	0
28045	道具_伪九霄风雷加速	data\source\player\F1\动作\F1h唐门弩车001b_技能01.ani			0
28046	道具_伪九霄风雷冲撞	data\source\player\F1\动作\F1h唐门弩车001b_技能03.ani			0
28085	歌朵兰漠仙人掌	data\source\player\F1\动作\f1b01yd扔石头_盗宝贼.tani			0
28086	西瓜	data\source\player\f1\动作\f1b01yd扔石头_盗宝贼1.tani			0
28087	南瓜_玩家子弹	data\source\player\f1\动作\f1b01yd扔石头_盗宝贼2.tani			0
28095	荧彩菌	data\source\player\f1\动作\f1b01yd扔石头.ani			0
28106	枪法炎罗_表现	data\source\player\f1\动作\f1lz04_ty攻击03_华鹤炎.tani			0
28111	奔狼踏月式	data\source\player\f1\动作\f1lz04_红莲龙胆04_陆寻踏月式掠途03.tani			0
28126	鬼影小次郎_一闪天诛	data\source\player\f1\动作\f1lz14c_拔刀技能01b_鬼影一闪天诛02.tani	data\source\other\特效\技能\SFX\被击\被击_藏剑攻击01_重剑_肉体.Sfx	S_fxmid	0
28127	鬼影小次郎_一闪无痕	data\source\player\f1\动作\f1lz14c_拔刀技能02b_鬼影一闪无痕01.tani	data\source\other\特效\技能\SFX\被击\被击_藏剑攻击01_重剑_肉体.Sfx	S_fxmid	0
28133	积气法门_表现	data\source\player\f1\动作\F1Lz02_双刀buff05_秦雷.tani			0
28152	兵犬丸_玩家召唤	data\source\player\f1\动作\f1lz02_猎户召唤01a_罗翼_兵犬丸.tani			0
28174	罗翼_破裂	data\source\player\f1\动作\F1Lz04_枪攻击07_罗翼破裂01.tani			0
28176	华鹤炎_神策特制金创药	data\source\player\f1\动作\f1lz02_双刀buff05_华鹤炎.tani			0
28178	上衫勇刀_一刀浮尘	data\source\player\f1\动作\f1lz14c_拔刀技能08a_勇刀一刀浮尘02.tani			0
28179	破竹返_免死反击	data\source\player\f1\动作\f1lz014b_大刀技能01c_鬼影小次郎_破竹返.tani			0
28196	黑煞落贪狼_跳跃表现	data\source\player\F1\动作\F1scy12刀盾攻击12践踏02.tani			0
28208	萤焰虫子弹	data\source\player\f1\动作\f1b02yd丢炸弹.ani			0
28216	一刀柄锤_反击	data\source\player\f1\动作\f1lz14b_内功重剑15_勇刀一刀柄锤02.tani			0
28218	一刀柄锤_子技能	data\source\player\f1\动作\f1lz14b_bd格挡02_勇刀一刀柄锤01.tani			0
28226	霞月长针_表现	data\source\player\f1\动作\f1Lz02_sk01_秦雷_霞月长针.tani			0
28227	暗狼袭爪_表现	data\source\player\f1\动作\f1s14bd大刀技能01b.ani			0
28269	霞月长针_自身治疗表现	data\source\player\f1\动作\f1Lz02_sk01_秦雷_霞月长针.tani			0
28297	初景白雨_动作	data\source\player\f1\动作\f1lz14c_白鹤腾空_鬼影_初景.tani			0
28302	杜钱_麝鹿续命丸	data\source\player\f1\动作\f1lz02_yd扔石头_钱宗龙.tani			0
28303	杜钱_巨猿劈山	data\source\player\f1\动作\f1s14bd大刀技能01b.ani			0
28312	狗男女_凶刃乱舞大	data\source\player\f1\动作\f1lz14b_重剑技能15_钱宗龙.tani			0
28313	狗男女_凶刃乱舞小	data\source\player\f1\动作\f1lz14b_重剑技能15_钱宗龙6米.tani			0
28320	上杉勇刀_枪法散阵母技能	data\source\player\f1\动作\f1lz04_tc技能20_勇刀枪法散阵01.tani			0
28329	捉影式二段突进	data\source\player\F1\动作\F1s04sl爪技能16_位移01.tani			120
28334	枪法·铁林	data\source\player\f1\动作\f1lz10_双刀buff04_卫栖梧_游生丸释放.tani			0
28341	杜钱_疯狂咆哮	data\source\player\f1\动作\f1lz02_buff01_钱宗龙.ani			0
28345	银光照雪单体	data\source\player\f1\动作\f1s18yz手术刀技01_银光照雪.tani			0
28381	太极无极普通表现技能	data\source\player\F1\动作\F1s03cy气技能17_太极HD.tani			0
28382	太极无极连续命中表现技能	data\source\player\F1\动作\F1s03cy气技能17_太极HD.tani			0
28387	剑心通明_表现	data\source\player\f1\动作\f1lz03_qx剑技能11_杜姬欣.tani			0
28388	帝骖龙翔_表现	data\source\player\f1\动作\f1lz03_qx剑技能23_杜姬欣.tani			0
28389	毓秀灵药_表现	data\source\player\f1\动作\f1lz02_yd扔石头_钱宗龙.tani			0
28429	绿野蔓生对队友	data\source\player\f1\动作\f1s18yz植物系03_绿野蔓生.tani			0
28456	唐门_天罗_冰系沉默千机变	Data\source\player\F1\动作\F1stm09遥控01引爆.tani			0
28464	守拙	data\source\player\f1\动作\f1s01wh点穴22b_浮花浪蕊hd.tani			0
28487	七荒黑牙	data\source\player\f1\动作\f1lz02_sk01_肖童_七荒黑牙.tani			0
28492	通世金诀	data\source\player\f1\动作\f1lz02_aq攻击24_冯度通世金决01.tani			0
28493	花钱消灾	data\source\player\f1\动作\f1lz02_aq攻击24_冯度花钱消灾01.tani			0
28495	肖童_蝮蛇召唤	data\source\player\f1\动作\f1lz02_猎户召唤01a_肖童_蝮蛇召唤.tani			0
28496	肖童_炼蛇花召唤	data\source\player\f1\动作\f1lz02_猎户召唤01a_肖童_炼花蛇召唤.tani			0
28497	冯度_斗转金移	data\source\player\f1\动作\f1lz02_aq攻击24_冯度花钱消灾01.tani			0
28498	冯度_斗转金移_烟雾	data\source\player\f1\动作\f1Lz02_buff01_冯度_斗转金移.tani			0
28513	山风满楼区域效果	data\source\player\F1\动作\F1stm09弩攻击10_山风满楼01.tani			0
28525	方宇谦_漾剑式	data\source\player\f1\动作\f1lz03_雪海散华c_方宇谦_漾剑式.tani			0
28533	青圃着尘	data\source\player\f1\动作\f1s18yz手术刀技04_手术刀大招.tani			0
28561	求凰_女娲解除控制	data\source\player\F1\动作\F1swd08变身02_女娲补天.tani			0
28571	方宇谦_定波式反击	data\source\player\f1\动作\f1Lz03_伞技能04b_方宇谦_定波式01_PT.tani			0
28572	方宇谦_定波式自断	data\source\player\f1\动作\f1s14bd刀法被击01a.ani			0
28576	舞棍结束扫击	data\source\player\F1\动作\F1s04sl棍技能18b_扫击释放01.tani			0
28581	万蛇骨_伤害AOE大	data\source\player\f1\动作\f1swd08毒攻击01.ani			0
28583	并蒂夺株	data\source\player\f1\动作\f1s18yz毒技06_毒系大招.tani			0
28586	万蛇骨_单体治疗	data\source\player\f1\动作\f1lz02_针灸13b_肖童.tani			0
28593	日月晦	data\source\player\F1\动作\F1smj10双刀攻击14a_日系冲刺.tani			0
28595	日月晦冲刺b段	data\source\player\F1\动作\F1smj10双刀攻击14b_月系冲刺.tani			0
28596	日月晦冲刺c段	data\source\player\F1\动作\F1smj10双刀攻击14c_阴阳冲刺.tani			0
28607	华鹤炎_万花金创药	data\source\player\f1\动作\f1lz02_aq攻击24_华鹤炎.tani			0
28620	七情和合	data\source\player\f1\动作\f1s18yz治疗06_七情和合.tani			0
28648	水苏对队友惊鸿掠水治疗	data\source\player\f1\动作\f1s18yz手术刀技02b_奇穴_惊鸿掠水.tani			0
28680	鸣震九霄	data\source\player\f1\动作\f1s14bd大刀技能09_冲锋人风车_10尺.tani			0
28721	花间_天工甲士一段修复	data\source\player\F1\动作\F1s01wh点穴21b_少明指HD.tani			0
28724	花间_天工甲士一段召唤	data\source\player\F1\动作\F1s01wh点穴21b_少明指HD.tani			0
28740	旋生飞草	data\source\player\f1\动作\f1s18yz植物系03_旋生飞草.tani			0
28756	百药宣时	data\source\player\f1\动作\f1s18yz治疗07_治疗大招.tani			0
28767	卫栖梧_梁上君子	data\source\player\f1\动作\F1Lz02_cy技能12b_卫栖梧_PT.tani			0
28768	谢云流_渐影凝视	data\source\player\f1\动作\f1lz02_cy气技能19b_谢云流渐影凝视01.tani			0
28769	谢云流_居合贯诚	data\source\player\f1\动作\f1lz03_轻剑攻击01_谢云流居合贯诚01.tani			0
28770	谢云流_居合贯诚_3级	data\source\player\f1\动作\f1lz03_轻剑攻击01_谢云流.ani			0
28772	卫栖梧_百步缠丝手	data\source\player\f1\动作\F1Lz02_掌法攻击05a_卫栖梧_PT.tani			0
28773	卫栖梧_百步缠丝手_子技能	data\source\player\f1\动作\F1Lz02_掌法攻击05a_卫栖梧_PT.tani			120
28777	谢云流_渐影凝视_3级单体	data\source\player\f1\动作\f1lz02_cy气技能19b_谢云流渐影凝视01.tani			0
28781	飞云回转刀	data\source\player\f1\动作\f1Lz10_xlsf01_卫栖梧_释放01_PT.tani			0
28787	卫栖梧_返首刀	data\source\player\f1\动作\F1Lz02_掌法攻击07b_卫栖梧_PT.tani			0
28801	牡丹_幽冥指	data\source\player\f1\动作\f1Lz02_wh针灸13b_牡丹_幽冥指.tani			0
28802	牡丹_火魅指	data\source\player\f1\动作\f1Lz02_wh针灸13b_牡丹_火魅指.tani			0
28806	牡丹_血涂风暴自读条	data\source\player\f1\动作\f1lz02_圣火诀buff04_牡丹_血涂风暴.tani			0
28881	土崩炸弹_表现	data\source\player\f1\动作\f1lz02_大刀技能02b_提多罗吒_土崩炸弹.tani			0
28882	傲然刀势_表现	data\source\player\f1\动作\F1Lz10_双刀buff04_卫栖梧_PT.tani			0
28883	气血蚕食法_表现	data\source\player\f1\动作\f1s01wh点穴18.ani			0
28885	28885 城复于隍_大击退	Data\source\player\F1\动作\F1sqg11gb冲刺01a_HD.tani			0
28888	卫栖梧_百步缠丝手动作一	data\source\player\f1\动作\F1Lz02_掌法攻击07b_卫栖梧_PT.tani			0
28889	卫栖梧_百步缠丝手动作二	data\source\player\f1\动作\F1Lz02_掌法攻击08_卫栖梧_PT.tani			0
28913	奔狼踏月式_冲锋	data\source\player\f1\动作\f1lz04_红莲龙胆02_陆寻奔狼踏月式02.tani			160
28919	乱暮浊茵阵释放	Data\source\player\F1\动作\F1b02ty阵法01.tani			0
28940	华鹤炎_五行术雷震	data\source\player\f1\动作\f1lz04_tc04枪攻击06_华鹤炎.tani			0
28941	华鹤炎_冲炎枪	data\source\player\f1\动作\f1stc04枪攻击13-陆战_枪法炎罗.tani			0
28942	源明雅_阴阳术退散	data\source\player\f1\动作\f1Lz02_sk02_源明雅_退散.tani			0
28943	源明雅_土灵道符	data\source\player\f1\动作\f1lz02_sk03释放_源明雅_土灵道符.tani			0
28945	牡丹_内力潮汐	data\source\player\f1\动作\F1Lz02_wh针灸13b_牡丹.ani			0
28952	28952 城复于隍_伤害子技能	data\source\player\F1\动作\F1sgb11掌法攻击09b_丐帮大招推人.tani			0
28957	陆寻_踏月式掠途战aoe	data\source\player\f1\动作\f1lz04_tc技能29_陆寻踏月式掠途02.tani			0
28959	华鹤炎_五行术土遁	data\source\player\F1\动作\f1smj10乾坤大法buff02沙化.tani			0
28960	罗翼_散阵枪母技能	data\source\player\f1\动作\f1s04tc技能18a.ani			0
28962	罗翼_散阵枪瞬发冲锋	data\source\player\f1\动作\f1s04tc技能18a.ani			0
28963	罗翼_散阵枪跳跃冲锋	data\source\player\f1\动作\f1scy12刀盾攻击12.ani			0
28964	罗翼_散阵枪扇形aoe	data\source\player\f1\动作\f1lz04_tc技能20_罗翼散阵枪扇形01.tani			0
28965	罗翼_散阵枪圆形aoe判定数量延迟	data\source\player\f1\动作\F1Lz04_tc技能20_罗翼散阵枪01.tani			0
28967	秦雷_皓莲望月母技能	data\source\player\f1\动作\f1lz02_wh技能15_秦雷.tani			0
28971	潜光藏象阵释放	Data\source\player\F1\动作\F1b02ty阵法01.tani			0
28998	红绡倩风	data\source\player\F1\动作\F1s05qx扇技能15_王母HD.tani			0
29008	犹按剑结束	data\source\player\F1\动作\F1s13cg剑技能09_醉剑HD.tani			0
29013	提多罗吒_龙象般若功一层_读条	data\source\player\f1\动作\f1lz02_xl01_提多罗吒_龙象蓄力.tani			0
29015	提多罗吒_九音陀罗曲静壁_读条	data\source\player\f1\动作\f1lz02_棍技能16a蓄力_提多罗吒_静壁.tani			0
29029	红绡倩风收	data\source\player\F1\动作\F1s05qx扇技能25a_治疗技能.tani			0
29030	陆寻_踏月式掠途下马	data\source\player\f1\动作\f1lz04_红莲龙胆04_陆寻踏月式掠途03.tani			0
29033	提多罗吒_九音陀罗曲波纹_一圈	data\source\player\F1\动作\f1lz02_棍技能16c_提多罗吒_九音陀罗曲波纹01.tani			0
29034	提多罗吒_九音陀罗曲波纹_二圈	data\source\player\F1\动作\f1lz02_棍技能16c_提多罗吒_九音陀罗曲波纹01.tani			0
29035	提多罗吒_九音陀罗曲波纹_三圈	data\source\player\F1\动作\f1lz02_棍技能16c_提多罗吒_九音陀罗曲波纹01.tani			0
29043	天原绝境_照明火把释放	data\source\player\f1\动作\f1_b01aq攻击24_丢雪球.tani			0
29051	天原绝境_燧石单体	Data\source\player\F1\动作\F1b02dj扔火把01.tani			0
29054	谢云流_气刃法	data\source\player\f1\动作\f1lz03_cy气技能19b_萧武宗_气刃释放.tani			0
29059	青霄飞羽移动技能_左	data\source\player\F1\动作\F1s13cg琴技能18_空l_青霄飞羽位移.tani			0
29063	五行术土遁动作	data\source\player\f1\动作\f1smj10乾坤大法buff02c1.tani			0
29064	源明雅_武傀召来_复活	data\source\player\f1\动作\f1lz02_召唤剑气_源明雅_武傀召来.tani			0
29066	29066 矢尽兵穷_决斗场	data\source\player\F1\动作\F1scy12刀盾buff06_决斗场01.tani			0
29070	青霄飞羽移动技能_右	data\source\player\F1\动作\F1s13cg琴技能18_空r_青霄飞羽位移.tani			0
29071	不愧君	data\source\player\F1\动作\F1s13cg剑技能12_不愧君.tani			0
29080	明丹心	data\source\player\F1\动作\F1s13cg琴技能19_明丹心.tani			0
29106	枪断晴川_单体伤害	data\source\player\f1\动作\f1lz04_tc技能21_陆寻枪断晴川01.tani			0
29112	罗翼_混乱杀戮aoe	data\source\player\f1\动作\f1lz02_buff01_钱宗龙.ani			0
29113	罗翼_疯狂咆哮aoe	data\source\player\f1\动作\f1lz02_buff01_钱宗龙.ani			0
29121	源明雅_尸鬼封烬	data\source\player\f1\动作\f1Lz02_sk01_源明雅_尸鬼封烬.tani			0
29123	源明雅_五灵加护	data\source\player\f1\动作\f1s01wh点穴11b_阳明指hd.tani			0
29125	陆寻_横戈平潮_表现	data\source\player\f1\动作\f1lz04_tc技能20_陆寻枪断晴川02.tani			0
29132	陆寻_枪断晴川_下马	data\source\player\f1\动作\f1lz04_红莲龙胆04_陆寻踏月式掠途03.tani			0
29149	陆寻_冥府滑行_冲锋	data\source\player\f1\动作\f1s04tc红莲龙胆06_hd.tani			0
29166	飞刃回转	data\source\player\F1\动作\F1s16lxg链技能10_旋转飞刀01.tani			0
29168	陆寻_冥府滑行_左转表现	data\source\player\f1\动作\f1s04tc红莲龙胆06_左_hd.tani			0
29169	陆寻_冥府滑行_右转表现	data\source\player\f1\动作\f1s04tc红莲龙胆06_右_hd.tani			0
29171		data\source\player\f1\动作\f1s04tc红莲龙胆06_hd.tani			0
29173	链魂	data\source\player\F1\动作\F1s16lxg链技能09_灵魂互换01.tani			0
29179	冥府滑行_下马表现	data\source\player\f1\动作\f1lz04_红莲龙胆04_陆寻踏月式掠途03.tani			0
29181	冥府滑行_终结表现	data\source\player\f1\动作\f1lz04_技能12骑乘_陆寻_冥府.tani			0
29191	心诤	data\source\player\F1\动作\F1s04sl棍技能18a_扫击蓄力01.tani			0
29214	枯木苏息救治读条子技能	data\source\player\f1\动作\f1s18yz植物系04b_枯木苏息.tani			0
29283	天原绝境_战象践踏母技能	data\source\player\f1\动作\f1HA323_at01.ani			0
29332	召唤_小七	Data\source\player\F1\动作\F1b02dj扔火把01.tani			0
29333	召唤_游驹	Data\source\player\F1\动作\F1b02dj扔火把01.tani			0
29334	召唤_司徒一一	Data\source\player\F1\动作\F1b02dj扔火把01.tani			0
29335	召唤_白某	Data\source\player\F1\动作\F1b02dj扔火把01.tani			0
29343	韦柔丝_三阳穿心掌	data\source\player\f1\动作\f1lz02_掌法攻击09b_韦柔丝_三阳穿心掌.tani			0
29344	韦柔丝_血龙摆尾	data\source\player\F1\动作\F1Lz02_tm09持武器二段跳a_韦柔丝.ani			0
29345	韦柔丝_血龙摆尾aoe	data\source\player\f1\动作\f1lz02_tc技能20奇穴_韦柔丝.ani			0
29347	韦柔丝_兔死狐悲	data\source\player\f1\动作\F1Lz02_zd倒地中_韦柔丝.ani			0
29348	韦柔丝_兔死狐悲跳跃aoe	data\source\player\f1\动作\f1sqg04tc技能25.ani			0
29353	入针_进入	data\source\player\f1\动作\f1s13cg琴技能01_空.ani			0
29355	取针_进入	data\source\player\f1\动作\f1s13cg琴技能01_空.ani			0
29356	导气_进入	data\source\player\f1\动作\f1b02dj打坐b02释放.ani			0
29357	针的结束动作	data\source\player\f1\动作\f1b02dj打坐b.ani			0
29368	气劲_释放成功并叠加层数	data\source\player\f1\动作\f1b02dj打坐b02释放.ani			0
29369	解毒结束	data\source\player\f1\动作\f1_a081_打坐c.ani			0
29370	气劲qte_进入成功	data\source\player\f1\动作\f1b02dj打坐b02释放.ani			0
29469	阿基修斯_夺命突小矩形	data\source\player\F1\动作\F1lz02_寻首击山c_夺命突8米.tani			0
29470	阿基修斯_夺命突大矩形	data\source\player\F1\动作\F1lz02_寻首击山c_夺命突20米.tani			0
29471	青圃着尘治疗	data\source\player\f1\动作\f1s18yz手术刀技04_手术刀大招.tani			0
29476	天原绝境_战象推人母技能	data\source\player\f1\动作\f1ha323_加速跑01a.ani			0
29481	阿基修斯_夺命突大矩形特殊	data\source\player\F1\动作\F1lz02_寻首击山c_夺命突20米加强.tani			0
29486	紫气持续造成伤害_剑纯		data\source\other\HD特效\技能\Pss\被击\C_纯阳两仪爆02.pss	S_fxmid	0
29490	阿基修斯_夜叉探海	data\source\player\f1\动作\f1stc04枪攻击05-冲刺01.ani			0
29500	商陆缀寒可移动	data\source\player\f1\动作\f1s18yz毒技04b_商陆其根.tani			0
29545	29545 篾片蛊	data\source\player\F1\动作\F1swd08蛊攻击05_片蛊01.tani			0
29627	阿基修斯_孤傲战鳍	data\source\player\F1\动作\F1lz02_xlsf25慧枯_阿基修斯_孤傲战鳍.tani			0
29628	阿基修斯_海蛇投枪	data\source\player\F1\动作\F1lz02_xlsf20鬼首_海蛇投枪20米.tani			0
29633	程沐华_特制止血钳	data\source\player\F1\动作\f1Lz02_wh点穴11b_程沐华_止血钳释放.tani			0
29637	天原绝境_天玄冰	data\source\player\F1\动作\F1b01ty打水漂01.ani			0
29648	程沐华_麻沸散	data\source\player\F1\动作\F1lz02_ty释放a_程沐华_麻沸散.tani			0
29681	北天药宗轻功急坠	data\source\player\f1\动作\f1sqg18yz急坠01a.tani			0
29683	北天药宗轻功急坠二段触发	data\source\player\f1\动作\f1sqg18yz急坠01b.tani			0
29690	铁血·绿野蔓生	data\source\player\f1\动作\f1s18yz植物系03_绿野蔓生.tani			0
29691	铁血·且待时休	data\source\player\f1\动作\f1s18yz毒技05_且待时休.tani			0
29692	暗度·并蒂夺株	data\source\player\f1\动作\f1s18yz毒技06_毒系大招.tani			0
29693	暗度·旋生飞草	data\source\player\f1\动作\f1s18yz植物系03_旋生飞草.tani			0
29718	骑乘_不愁_空格	data\source\player\F1\动作\F1HA317_pst01_响指.tani			0
29763	挂件_拐_表现	Data\source\player\F1\动作\F1b02ty拐01_pst02.ani			0
29780	阿基修斯_夜叉探海单体	data\source\player\f1\动作\f1stc04枪攻击05-攻击.ani			0
29856	驱蚊水	data\source\player\f1\动作\f1b02ty战场自爆_浪客行技能_初始.tani			0
29909	天养生息法_奶职业二段母技能	data\source\player\f1\动作\f1Lz02_wh01辅助技能02_程沐华_天养释放.tani			0
29954	玄珠花蜜	data\source\player\f1\动作\f1lz02_猎户召唤01a_肖童_炼花蛇召唤.tani			0
30023	道具_锻骨	data\source\player\F1\动作\F1s04sl技能16_hd01.tani			0
30024	道具_守如山	data\source\player\F1\动作\F1s04tc技能23_守如山HD.tani			0
30025	道具_转乾坤	data\source\player\F1\动作\F1s03cy剑技能16_乾坤HD.tani			0
30028	骑乘_随沧浪_空格	data\source\player\F1\动作\F1HZQ_木筏001_pst01.ani			0
30029	道具_惊鸿游龙	Data\source\player\F1\动作\F1stm09BUFF01幻影.tani			0
30074	冯度_空穴来风_动作表现	data\source\player\f1\动作\f1lz02_中冲剑释放_冯度冲偷01.tani			0
30081	道具_极乐引	data\source\player\F1\动作\f1smj10双刀攻击11_明教新拉人hd.tani			0
30105	天养生息法_自断	data\source\player\f1\动作\f1lz02_wh01辅助技能02_程沐华.ani			0
30222	5号_马战_玩家左砍子技能	data\source\player\f1\动作\f1horse_sk01_左挥砍01.tani			0
30224	5号_马战_玩家右砍子技能	data\source\player\f1\动作\f1horse_sk02_右挥砍01.tani			0
30225	5号_马战_玩家加速	data\source\player\f1\动作\f1s04tc技能20_骑乘.ani			0
30226	道具_心诤	data\source\player\F1\动作\F1s04sl棍技能18a_扫击蓄力01.tani			0
30230	道具_心诤扫击	data\source\player\F1\动作\F1s04sl棍技能18b_扫击释放01.tani			0
30231	道具_疾电叱羽	data\source\player\F1\动作\F1s15PL雕技能04a_疾电叱羽护盾01HD.tani			0
30234	道具_天钺鸿蒙	data\source\player\F1\动作\F1s17ytz星相技03_鸿蒙天禁hd.tani			0
30235	道具_林寒天绝	Data\source\player\F1\动作\F1stm09机关攻击03七煞毒.tani			0
30246	道具_剑破虚空	data\source\player\F1\动作\F1s05qx剑技能13_剑破虚空HD.tani			0
30246	道具_剑破虚空	data\source\player\F1\动作\F1s05qx剑技能13_剑破虚空HD.tani			0
30246	道具_剑破虚空	data\source\player\F1\动作\F1s05qx剑技能13_剑破虚空HD.tani			0
30246	道具_剑破虚空	data\source\player\F1\动作\F1s05qx剑技能13_剑破虚空HD.tani			0
30246	道具_剑破虚空	data\source\player\F1\动作\F1s05qx剑技能13_剑破虚空HD.tani			0
30262	道具_振翅图南	Data\source\player\F1\动作\F1s15PL雕技能03_振翅hd.tani			0
30276	道具_逐云寒蕊	data\source\player\f1\动作\f1s18yz植物系03_逐云寒蕊.tani			0
30301	道具_绿野蔓生	data\source\player\f1\动作\f1s18yz植物系03_绿野蔓生.tani			0
30324	1号_慈渡骨_搬起炸弹动作	data\source\player\f1\动作\f1b02ty搬起重物.ani			0
30325	1号_慈渡骨_放下炸弹动作	data\source\player\f1\动作\f1b02ty放下重物.ani			0
30349	5号_马战_玩家左转	data\source\player\f1\动作\f1horse_xl01_左砍蓄力01.tani			0
30350	5号_马战_玩家右转	data\source\player\f1\动作\f1horse_xl02_右砍蓄力01.tani			0
30395	骑乘_庆舞良宵_空格	data\source\player\f1\动作\f1HZQ_舞狮001_pst01.ani			0
30396	特效马03	data\source\player\F1\动作\F1H马具01_pst01_的卢马.tani			0
30425	持国回忆录_血眼龙王_传功	Data\source\player\F1\动作\F1b02dj传功b.tani			0
30431	5号_马战_玩家被撞表现	data\source\player\f1\动作\f1horse_xy01_眩晕01.tani			0
30432	5号_马战_碰撞表现	data\source\player\f1\动作\f1horse_xy02_眩晕02.tani			0
30463	套马索	data\source\player\f1\动作\f1b02yd丢炸弹.ani			0
30491	骑乘_哒哒_空格	data\source\player\F1\动作\F1HWJ_机械马01_pst01.ani			0
30517	程沐华_伤寒刺骨针	data\source\player\F1\动作\F1lz02_纯阳技能17_程沐华_伤寒刺骨针.tani			0
30526	霸刀_余声_强化项王三段	Data\source\player\F1\动作\F1s14bd大刀技能01c_01.tani			0
30530	忘攸蛊二段技能	data\source\player\f1\动作\f1swd08蛊攻击06b_忘蛊.tani			0
30533	30533 霸刀_辟海二段冲刺	data\source\player\F1\动作\F1s14bd拔刀技能09_闪电冲刺.tani			0
30540	忘攸蛊	data\source\player\f1\动作\f1swd08蛊攻击06a_忘蛊.tani			0
30588	神机锁定	data\source\player\f1\动作\f1stm09弩攻击11a_神机锁定.tani			0
30629	神机锁定二段释放	data\source\player\f1\动作\f1stm09弩攻击11b_神机锁定.tani			0
30649	提针移动	data\source\player\F1\动作\F1s01wh针灸12b提针HD.tani			0
30723	唐门_天罗_三弩模式	Data\source\player\F1\动作\F1stm09机关攻击04遁影.tani			0
30745	花间_永字二段锁血对敌方	data\source\player\f1\动作\f1s01wh点穴13b_永字二段.tani			0
30746	花间_永字二段锁血对友方	data\source\player\f1\动作\f1s01wh点穴13b_永字二段.tani			0
30763	汇神合极二段技能	data\source\player\f1\动作\f1stm09装填01.tani			0
30764	汇神合极	data\source\player\F1\动作\F1sqg09tm钩子攻击02_奇穴子母HD.tani			0
30769	阵云结晦	data\source\player\F1\动作\F1scy12双手刀07a.tani			0
30800	天策_车悬阵蓄力龙牙_伤害子技能	data\source\player\F1\动作\F1s04tc技能33a__骑乘奔跑.tani			0
30808	天策_车悬阵蓄力龙牙_收枪伤害	data\source\player\F1\动作\F1s04tc技能33b_骑乘收枪.tani			0
30850	泠风解怀	data\source\player\F1\动作\F1sqx05七秀技能09_霜天释放.tani			0
30855	30855 阵云结晦二段	data\source\player\F1\动作\F1scy12双手刀07b.tani			0
30856	30856 阵云结晦三段	data\source\player\F1\动作\F1scy12双手刀07c.tani			0
30868	道具_游身丸_扇形aoe	data\source\player\f1\动作\f1b01ty踢腿01_游身丸.tani			0
30872	道具_罗蔓藤之根_放种子	data\source\player\f1\动作\f1lz02_猎户召唤01a_罗翼_兵犬丸.tani			0
30873	道具_游身丸_使用游身丸	data\source\player\f1\动作\f1lz10_双刀buff04_卫栖梧_游生丸释放.tani			0
30876	道具_涌泉丹_清cd	data\source\player\f1\动作\f1b01ty治疗buff01_涌泉丹.tani			0
30877	道具_玄龙丹_使用玄龙丹	data\source\player\f1\动作\f1scy12刀盾buff04_玄龙丹.tani			0
30878	道具_玄龙丹_圆形aoe	data\source\player\f1\动作\f1scy12刀盾攻击06_玄龙丹aoe.tani			0
30880	道具_透甲枪_蓄力	data\source\player\f1\动作\f1lz09_弩蓄力01b_透甲枪_手.tani			0
30881	道具_透甲枪_矩形aoe	data\source\player\f1\动作\f1b01aq攻击24_透甲枪.tani			0
30882	道具_连弩_矩形aoe	data\source\player\F1\动作\f1stm09特殊武器_重弩c01_wq.tani			0
30885	道具_连弩_连弩开启	data\source\player\F1\动作\f1stm09特殊武器_重弩c01_wq.tani			0
30886	道具_连弩_连弩关闭	data\source\player\F1\动作\f1stm09特殊武器_重弩b_wq.tani			0
30942	天策_车悬阵蓄力龙牙_收枪母技能	data\source\player\F1\动作\F1s04tc技能33b_骑乘收枪.tani			0
30954	道具_落井下石刀_母技能	data\source\player\f1\动作\f1s14bd大刀技能02b_落井下石.tani			0
30959	背挂_墨言动作1	data\source\player\f1\动作\f1b01ty普通待机01.ani			0
30960	背挂_墨言动作2	data\source\player\f1\动作\f1b01ty普通待机01.ani			0
30961	背挂_莫言动作3	data\source\player\f1\动作\f1b01ty普通待机01.ani			0
30962	背挂_墨言动作4	data\source\player\f1\动作\f1b01ty普通待机01.ani			0
30998	特效马04	data\source\player\F1\动作\F1H星辰鞍01_pst01.tani			0
31003	天下士人_瞬发宫	Data\source\player\F1\动作\F1s13cg琴技能04b_01.tani			0
31004	天下士人_瞬发变宫	Data\source\player\F1\动作\F1s13cg琴技能04b_01.tani			0
31243	骑乘_红红女王号_空格	data\source\player\F1\动作\F1H喜羊羊船01_pst02.ani			0
31254	战斗预设方案_心法奇穴统一切换	data\source\player\F1\动作\F1b02ty阵法01_切换HD.tani			0
31255	碎瓷片投掷	data\source\player\f1\动作\f1b02yd丢炸弹.ani			0
31278	唐小珂绝技	data\source\player\f1\动作\f1znpc唐小珂_stunt01.tani			0
31468	战斗预设方案_心法奇穴统一切换同心法	data\source\player\F1\动作\F1b02ty阵法01_切换HD.tani			0
32011	提多罗吒_黑洞母技能	data\source\player\f1\动作\f1scy12刀盾攻击06_天绝华散曲黑洞02.tani			0
32014	提多罗吒_破镜母技能	data\source\player\f1\动作\f1sgb11掌法攻击09b_九音陀罗曲破镜01.tani			0
32016	回忆录_蝠王红蝠掠影母技能	data\source\player\f1\动作\f1lz10_双刀buff04_卫栖梧_红蝠掠影.tani			0
32023	回忆录_暗龙火冲_母技能	data\source\player\f1\动作\f1scy12刀盾攻击11_持国天王_暗龙火冲02.tani			0
32077	骑乘_葫芦鸭_空格	data\source\player\F1\动作\F1HWJ_葫芦鸭01_pst01.ani			0
32105	回忆录_蝠王红蝠掠影落地动作回归	data\source\player\f1\动作\f1lz15_伞技能06b_持国天王.ani			0
32133	停云势	data\source\player\F1\动作\F1s18dz技能02.tani	data\source\other\hd特效\技能\pss\被击\d_刀宗单手刀被击.pss	S_fxmid	0
32135	断云势	data\source\player\F1\动作\F1s18dz技能04.tani	data\source\other\hd特效\技能\pss\被击\d_刀宗单手刀被击.pss	S_fxmid	0
32140	驰风八步·一段		data\source\other\hd特效\技能\pss\被击\d_刀宗单手刀被击.pss	S_fxmid	0
32141	驰风八步·二段		data\source\other\hd特效\技能\pss\被击\d_刀宗单手刀被击.pss	S_fxmid	0
32145	孤锋破浪	data\source\player\F1\动作\F1s18dz双持技03.tani			0
32147	洗兵雨	data\source\player\F1\动作\F1s18dz擒拿02.tani	data\source\other\hd特效\技能\pss\被击\d_刀宗刀鞘被击.pss	S_fxmid	0
32149	行云势实际伤害一段	data\source\player\F1\动作\F1s18dz技能01a.tani	data\source\other\hd特效\技能\pss\被击\d_刀宗单手刀被击.pss	S_fxmid	0
32150	行云势实际伤害二段	data\source\player\F1\动作\F1s18dz技能01b.tani	data\source\other\hd特效\技能\pss\被击\d_刀宗单手刀被击.pss	S_fxmid	0
32151	行云势实际伤害三段	data\source\player\F1\动作\F1s18dz技能01c.tani	data\source\other\hd特效\技能\pss\被击\d_刀宗单手刀被击.pss	S_fxmid	0
32154	决云势实际伤害	data\source\player\F1\动作\F1s18dz技能03c.tani	data\source\other\hd特效\技能\pss\被击\d_刀宗单手刀被击.pss	S_fxmid	0
32166	冲刺决云势实际伤害	data\source\player\F1\动作\F1s18dz技能03a.tani			120
32167	断云势实际伤害		data\source\other\hd特效\技能\pss\被击\d_刀宗单手刀被击.pss	S_fxmid	0
32174	按虎式·一段	data\source\player\F1\动作\F1s18dz技能05a.tani			0
32175	按虎式·二段	data\source\player\F1\动作\F1s18dz身法06.tani	data\source\other\hd特效\技能\pss\被击\d_刀宗单手刀被击.pss	S_fxmid	0
32178	凝神式少量反击伤害	data\source\player\F1\动作\F1s18dz技能05c.tani	data\source\other\hd特效\技能\pss\被击\d_刀宗单手刀被击.pss	S_fxmid	0
32216	沧浪三叠一段实际伤害	data\source\player\F1\动作\F1s18dz双持技01a.tani	data\source\other\hd特效\技能\pss\被击\d_刀宗双手刀被击.pss	S_fxmid	0
32217	沧浪三叠二段实际伤害	data\source\player\F1\动作\F1s18dz双持技01b.tani	data\source\other\hd特效\技能\pss\被击\d_刀宗双手刀被击.pss	S_fxmid	0
32218	沧浪三叠三段实际伤害	data\source\player\F1\动作\F1s18dz双持技01c.tani	data\source\other\hd特效\技能\pss\被击\d_刀宗双手刀被击.pss	S_fxmid	0
32234	破浪三式二式实际伤害	data\source\player\F1\动作\F1s18dz双持技02.tani	data\source\other\hd特效\技能\pss\被击\d_刀宗双手刀被击.pss	S_fxmid	0
32235	破浪三式常规无视减伤		data\source\other\hd特效\技能\pss\被击\d_刀宗双手刀被击.pss	S_fxmid	0
32236	破浪三式额外5%无视减伤		data\source\other\hd特效\技能\pss\被击\d_刀宗双手刀被击.pss	S_fxmid	0
32237	破浪三式额外10%无视减伤		data\source\other\hd特效\技能\pss\被击\d_刀宗双手刀被击.pss	S_fxmid	0
32238	破浪三式额外15%无视减伤		data\source\other\hd特效\技能\pss\被击\d_刀宗双手刀被击.pss	S_fxmid	0
32239	破浪三式额外20%无视减伤		data\source\other\hd特效\技能\pss\被击\d_刀宗双手刀被击.pss	S_fxmid	0
32242	提多罗吒_龙象般若功一重_结束伤害	data\source\player\f1\动作\f1lz02_xlsf01_提多罗吒_龙象释放.tani			0
32245	道具_花语酥心	data\source\player\F1\动作\F1swh01辅助技能03.tani			0
32246	留客雨实际伤害	Data\source\player\F1\动作\F1s18dz擒拿01.tani	data\source\other\hd特效\技能\pss\被击\d_刀宗刀鞘被击.pss	S_fxmid	0
32247	道具_如意法	data\source\player\F1\动作\F1smj10双刀buff04杀意.tani			0
32248	道具_枯残蛊	data\source\player\F1\动作\F1swd08蛊攻击01_枯残蛊.tani			0
32249	道具_夺命蛊	data\source\player\F1\动作\F1swd08蛊攻击01_夺命蛊.tani			0
32250	道具_绛唇珠袖	data\source\player\F1\动作\F1s05qx剑技能26_绛唇珠袖hd.tani			0
32252	道具_幻蛊_失传	data\source\player\F1\动作\F1swd08蛊攻击02_幻蛊.tani			0
32283	道具_傍花随柳	data\source\player\F1\动作\F1swh01拂穴02.tani			0
32287	道具_徐如林	data\source\player\F1\动作\F1stc04技能01-02.tani			0
32300	道具_连环弩	Data\source\player\F1\动作\F1stm09通道02连环弩.tani			0
32337	华鹤炎_枪法炎罗_矩形AOE	data\source\player\f1\动作\f1stc04枪攻击13-陆战_枪法炎罗.tani	data\source\other\hd特效\技能\pss\被击\d_刀宗双手刀被击.pss	S_fxmid	0
32361	沧浪三叠连击三段实际伤害	data\source\player\F1\动作\F1s18dz双持技01d.tani	data\source\other\hd特效\技能\pss\被击\d_刀宗双手刀被击.pss	S_fxmid	0
32401	拔剑_aoe母技能	data\source\player\f1\动作\f1s03cy拔剑01.ani			0
32408	套月三环单次效果	data\source\player\F1\动作\F1s03cy剑技能11b_三环HD.tani	data\source\other\HD特效\技能\Pss\被击\C_纯阳两仪爆02.pss	S_fxmid	0
32419	灭影追风	data\source\player\F1\动作\F1s18dz身法02.tani			0
32447	剑道万象	data\source\player\f1\动作\f1s03cy技能17b_碎星辰_悟.tani			0
32465	遏云势	data\source\player\F1\动作\F1s18dz身法05.tani	data\source\other\hd特效\技能\pss\被击\d_刀宗单手刀被击.pss	S_fxmid	0
32466	决云势距离加会心	data\source\player\F1\动作\F1s18dz技能03a.tani	data\source\other\hd特效\技能\pss\被击\d_刀宗单手刀被击.pss	S_fxmid	120
32479	江海凝波剑	data\source\player\f1\动作\f1sqx05双剑攻击04_合璧一段.tani			0
32591	残留刀气实际伤害		data\source\other\hd特效\技能\pss\被击\d_刀宗双手刀被击.pss	S_fxmid	0
32602	沧浪三叠扇形子技能一段	data\source\player\F1\动作\F1s18dz双持技01a.tani	data\source\other\hd特效\技能\pss\被击\d_刀宗双手刀被击.pss	S_fxmid	0
32603	沧浪三叠扇形子技能二段	data\source\player\F1\动作\F1s18dz双持技01b.tani	data\source\other\hd特效\技能\pss\被击\d_刀宗双手刀被击.pss	S_fxmid	0
32604	沧浪三叠扇形子技能三段	data\source\player\F1\动作\F1s18dz双持技01c.tani	data\source\other\hd特效\技能\pss\被击\d_刀宗双手刀被击.pss	S_fxmid	0
32616	斩杀普通伤害	data\source\player\F1\动作\F1s18dz技能06c.tani	data\source\other\hd特效\技能\pss\被击\d_刀宗单手刀被击.pss	S_fxmid	0
32619	分山劲_祭血关山_狂战士大招	data\source\player\f1\动作\f1scy12刀盾buff04_血染雁关01.tani			0
32635	山河流云剑	data\source\player\f1\动作\f1sqx05七秀技能09_合璧二段.tani			0
32641	晦明·日	data\source\player\f1\动作\f1sqg10mj双刀攻击02_普愿离诸日01.tani			0
32642	晦明·月	data\source\player\f1\动作\f1sqg10mj双刀攻击02_普愿离诸月01.tani			0
32654	触石雨冲刺技能	data\source\player\F1\动作\F1s18dz擒拿03a.tani			200
32661	无明缚夜	data\source\player\F1\动作\F1smj10圣火诀buff04逆袭.tani			0
32665	泽风同承	data\source\player\F1\动作\F1s18dz身法03.tani			0
32673	剑引龙泉	data\source\player\f1\动作\f1scj07剑引龙泉01_生成灵剑.tani			0
32742	唐门_田螺_拟态陷阱	Data\source\player\F1\动作\F1stm09机关攻击03七煞毒.tani			0
32747	分山劲_吹角关山_狂战士大招二段	data\source\player\f1\动作\f1scy12刀盾buff04_血染雁关02.tani			0
32753	寂灭蛊	data\source\player\f1\动作\f1swd08涅槃.tani			0
32766	触石雨伤害效果	data\source\player\F1\动作\F1s18dz擒拿03b.tani	data\source\other\hd特效\技能\pss\被击\d_刀宗刀鞘被击.pss	S_fxmid	0
32776	剑引龙泉2段	data\source\player\f1\动作\f1scj07剑引龙泉02b_剑灵斩重击.tani			0
32781	韶景飘芳	data\source\player\f1\动作\f1sqg05qx剑技能18_转圈圈.tani			0
32791	衍天宗_列宿游	data\source\player\f1\动作\f1s17ytz符技07.tani			0
32894	将临阵马上子技能	data\source\player\f1\动作\f1s04tc技能30_骑乘_傲血挑飞.tani			0
32895	将临阵马下子技能	data\source\player\F1\动作\F1s04tc技能19_崩HD.tani			0
32916	暗度·怒锋倾套	data\source\player\F1\动作\F1s18dz技能06c.tani			0
32940	真实斩杀冲刺技	data\source\player\F1\动作\F1s18dz技能06b.tani			200
32974	横刀单持普通攻击	data\source\player\F1\动作\F1s18dz普通攻击01.tani	data\source\other\hd特效\技能\pss\被击\d_刀宗单手刀被击.pss	S_fxmid	0
32975	横刀双持普通攻击	data\source\player\F1\动作\F1s18dz双持普攻01.tani	data\source\other\hd特效\技能\pss\被击\d_刀宗双手刀被击.pss	S_fxmid	0
32983	蓄力射箭距离技能	data\source\player\f1\动作\f1s04tc技能34b_傲血.tani	data\source\other\特效\技能\SFX\被击\被击_射箭01.Sfx	S_fxmid	0
33028	行云势一段吸血	data\source\player\F1\动作\F1s18dz技能01a.tani	data\source\other\hd特效\技能\pss\被击\d_刀宗单手刀被击.pss	S_fxmid	0
33029	行云势二段吸血	data\source\player\F1\动作\F1s18dz技能01b.tani	data\source\other\hd特效\技能\pss\被击\d_刀宗单手刀被击.pss	S_fxmid	0
33030	行云势三段吸血	data\source\player\F1\动作\F1s18dz技能01c.tani	data\source\other\hd特效\技能\pss\被击\d_刀宗单手刀被击.pss	S_fxmid	0
33032	断云势主伤吸血	data\source\player\F1\动作\F1s18dz技能04.tani	data\source\other\hd特效\技能\pss\被击\d_刀宗单手刀被击.pss	S_fxmid	0
33049	伪装_举	data\source\player\f1\动作\f1b01ty举箱01a.ani			0
33050	伪装_蹲	data\source\player\f1\动作\f1b01ty举箱01c.ani			0
33102	盗宝贼系统_单体消除npc易伤	data\source\player\f1\动作\f1s01wh针灸18b.ani			0
33104	缠竹雷霆换技能	data\source\player\f1\动作\f1s05qx剑技能25_雷霆震怒hd.tani			0
33107	盗宝贼系统_矩形解除npc易伤	data\source\player\f1\动作\f1lz02_掌法攻击09b_韦柔丝.ani			0
33108	盗宝贼系统_圆形解除npc易伤	data\source\player\f1\动作\f1lz02_ty阵法01_韦柔丝.ani			0
33109	决云势冲刺实际伤害	data\source\player\F1\动作\F1s18dz技能03d.tani	data\source\other\hd特效\技能\pss\被击\d_刀宗单手刀被击.pss	S_fxmid	0
33110	盗宝贼系统_玩家区域解除易伤效果	data\source\player\f1\动作\f1s15pl雕技能03.ani			0
33111	盗宝贼系统_扇形解除npc易伤	data\source\player\f1\动作\f1lz02_掌法攻击09b_韦柔丝.ani			0
33123	扬刀激尘	data\source\player\f1\动作\f1s14bd大刀技能01b_上将军印技改.tani			0
33124	奶歌_青霄化羽选择友方目标0-15	data\source\player\f1\动作\f1s13cg青霄化羽b.ani			0
33125	奶歌_青霄飞羽选择友方目标16-23	data\source\player\f1\动作\f1s13cg青霄化羽b.ani			0
33126	奶歌_青霄飞羽选择友方目标24-31	data\source\player\f1\动作\f1s13cg青霄化羽b.ani			0
33127	奶歌_青霄飞羽选择友方目标32-39	data\source\player\f1\动作\f1s13cg青霄化羽b.ani			0
33128	奶歌_青霄飞羽选择友方目标40	data\source\player\f1\动作\f1s13cg青霄化羽b.ani			0
33147	游风飘踪单持表现	data\source\player\F1\动作\F1s18dz身法04_单.tani			0
33148	游风飘踪双持表现	data\source\player\F1\动作\F1s18dz身法04_双.tani			0
33163	双持表现斩杀普通伤害	data\source\player\F1\动作\F1s18dz双持技04.tani	data\source\other\hd特效\技能\pss\被击\d_刀宗双手刀被击.pss	S_fxmid	0
33170	四联装竹筒烟花玩家技能·点燃一	data\source\player\f1\动作\f1lz02_sk01_肖童.ani			0
33189	四联装竹筒烟花玩家技能·点燃二	data\source\player\f1\动作\f1lz02_sk01_肖童.ani			0
33190	四联装竹筒烟花玩家技能·点燃三	data\source\player\f1\动作\f1lz02_sk01_肖童.ani			0
33191	四联装竹筒烟花玩家技能·点燃四	data\source\player\f1\动作\f1lz02_sk01_肖童.ani			0
33198	铸兵轻剑动作	data\source\player\f1\动作\f1s07cj轻剑铸兵01_拖尾.tani			0
33199	铸兵重剑动作	data\source\player\f1\动作\f1b07cj重剑铸兵01_拖尾.tani			0
33286	铁血·沧浪三叠	data\source\player\F1\动作\F1s18dz双持技01b.tani	data\source\other\hd特效\技能\pss\被击\d_刀宗双手刀被击.pss	S_fxmid	0
33287	铁血·游风飘踪	data\source\player\F1\动作\F1s18dz身法04_双.tani			0
33299	特效马05	data\source\player\F1\动作\F1b02ty马具03_莲座01.ani			0
33313	骑乘_哼哼将军_空格	data\source\player\F1\动作\F1HA335_pst01.ani			0
33320	骑乘_此道枯荣_繁生_空格	data\source\player\f1\动作\f1ha308_pst02.ani			0
33328	寂灭蛊表现	data\source\player\f1\动作\f1swd08涅槃b.tani			0
33329	剑纯_行天道表现	data\source\player\f1\动作\f1s03cy行天道_起身01.ani			0
33334	蓄力射箭马上距离技能	data\source\player\f1\动作\f1stc04乘龙箭释放-前hd.tani	data\source\other\特效\技能\SFX\被击\被击_射箭01.Sfx	S_fxmid	0
33465	玄珠花蜜_撒种子动作表现·赤	data\source\player\f1\动作\f1lz02_ty释放a_程沐华_麻沸散_红.tani			0
33564	骑乘_烟波流光	data\source\player\F1\动作\F1H花舟006_M_上船01.ani			0
33565	骑乘_烟波流光_交互技能01	data\source\player\F1\动作\F1H花舟006_M_pst01.tani			0
33566	骑乘_烟波流光_交互技能02	data\source\player\F1\动作\F1H花舟006_M_pst02.tani			0
33595	上杉勇刀_枪法蝮蛇_母技能	data\source\player\f1\动作\f1lz04_tc技能20_勇刀枪法散阵01_绿色.tani			0
33599	牡丹_毒指功	data\source\player\f1\动作\f1lz02_wh针灸13b_牡丹_幽冥指_绿色.tani			0
33614	背挂_蚀木	data\source\player\f1\动作\f1b01ty巨剑01_奖励挂件.tani			0
33635	挂件_浪客行茶碗	data\source\player\f1\动作\f1b01ty喝茶01c_buff01.tani			0
33643	EX进入表现	data\source\player\f1\动作\f1lz02_双刀buff05_华鹤炎.ani			0
33644	EX退出表现	data\source\player\f1\动作\f1lz02_双刀buff05_华鹤炎.ani			0
33647	玄珠花蜜_撒种子动作表现·碧	data\source\player\m2\动作\m2lz02_ty释放a_程沐华_麻沸散_绿.tani			0
33648	玄珠花蜜_撒种子动作表现·葱	data\source\player\m2\动作\m2lz02_ty释放a_程沐华_麻沸散_蓝.tani			0
33712	PQ389_运气疗伤	Data\source\player\F1\动作\F1b02dj传功b.tani			0
33872	射击灯笼_实际技能1	data\source\player\F1\动作\F1b01aq攻击03.ani			0
33905	骑乘_奔腾不休盆盆船（临时）_眩晕	data\source\player\F1\动作\F1H木盆001_bat01.ani			0
33909	骑乘_奔腾不休盆盆船（临时）_翻船	data\source\player\F1\动作\F1H木盆001_die01.ani			0
34300	骑乘_卯舆月驾_空格	data\source\player\f1\动作\F1HWJ_兔子拉车01_pst02.ani			0
34302	特效马06	data\source\player\F1\动作\F1b02ty马具04_祥云01.ani			0
34329	新局针	data\source\player\F1\动作\F1swh01针灸02_局针.tani			0
34344	五音正律_召唤琴影合奏新大招	data\source\player\f1\动作\f1s13cg剑技能15a_斩长鲸蓄力.tani			0
34348	明教_明赦尊谕_日	data\source\player\F1\动作\F1smj10组合刀攻击10_日.tani			0
34349	明教_明赦尊谕_月	data\source\player\F1\动作\F1smj10组合刀攻击10_月.tani			0
34398	5号_投掷油灯	Data\source\player\F1\动作\F1b02dj扔火把01.tani			0
34565	碧水玉石俱焚	data\source\player\F1\动作\F1s01wh点穴15_玉石俱焚hd.tani			0
34566	碧水芙蓉并蒂	data\source\player\F1\动作\F1s01wh点穴20_芙蓉并蒂HD.tani			0
34567	碧水水月无间	data\source\player\F1\动作\F1s01wh技能11_水月HD.tani			0
34568	碧水星楼月影	data\source\player\F1\动作\F1s01wh技能12_星楼月影hd.tani			0
34569	碧水春泥护花	data\source\player\F1\动作\F1s01wh技能15_春泥HD.tani			0
34591	道具_游风飘踪	data\source\player\F1\动作\F1s18dz身法04_单.tani			0
34594	道具_洗兵雨	data\source\player\F1\动作\F1s18dz擒拿02.tani	data\source\other\hd特效\技能\pss\被击\d_刀宗刀鞘被击.pss	S_fxmid	0
34600	6号_翁幼之_抵御	data\source\player\F1\动作\F1scy12刀盾攻击07.ani			0
34651	五毒_补天_娲皇赐恩	data\source\player\f1\动作\f1swd08召唤02_娲皇降身01.tani			0
34654	怀泽蛊	data\source\player\f1\动作\f1swd08蛊攻击06_金蚕蛊施法01.tani			0
34661	圣蝎引_目标位置	data\source\player\F1\动作\F1swd08召唤01_圣蝎引.tani			0
34662	玉蟾引_目标位置	data\source\player\F1\动作\F1swd08召唤01_玉蟾引.tani			0
34663	灵蛇引_目标位置	data\source\player\F1\动作\F1swd08召唤01灵蛇引.tani			0
34664	风蜈引_目标位置	data\source\player\F1\动作\F1swd08召唤01_风蜈引.tani			0
34665	天蛛引_目标位置	data\source\player\F1\动作\F1swd08召唤01_天蛛引.tani			0
34681	衍天宗_荧惑守心	data\source\player\f1\动作\f1s17ytz占卜技04.tani			0
34685	孔雀引_东南飞	data\source\player\f1\动作\f1swd08治疗释放04_孔雀引01.tani			0
34775	乌木火弓_传火	data\source\player\F1\动作\f1b02ty投石01火.tani			0
34799	荧惑守心二段标记	data\source\player\f1\动作\f1s17ytz占卜技05.tani			0
34912	分山_业火麟光_一段业火焚城	data\source\player\f1\动作\f1scy12刀盾buff07_业火玄甲.tani			0
34917	怀泽蛊_种子成长	data\source\player\f1\动作\f1swd08蛊攻击06_金蚕蛊施法01.tani			0
35029	玩具_象心灵犀	data\source\player\F1\动作\F1b01ty唤象口哨01a.ani			0
35031	玩具_象心灵犀_抚摸	data\source\player\F1\动作\F1b01ty唤象口哨01c.ani			0
35032	玩具_象心灵犀_告别	data\source\player\F1\动作\F1b01ty唤象口哨01d.ani			0
35052	清湛碧水表现技能	data\source\player\f1\动作\f1s01wh技能14_碧水奇穴hd.tani			0
35064	擒龙六斩无僵直子技能1段	Data\source\player\F1\动作\F1s14bd双刀技能09a_01.tani			0
35073	擒龙六斩无僵直子技能2段	Data\source\player\F1\动作\F1s14bd双刀技能09b_01.tani			0
35074	擒龙六斩无僵直子技能3段	Data\source\player\F1\动作\F1s14bd双刀技能09c_01.tani			0
35075	擒龙六斩无僵直子技能4段	Data\source\player\F1\动作\F1s14bd双刀技能09d_01.tani			0
35076	擒龙六斩无僵直子技能5段	Data\source\player\F1\动作\F1s14bd双刀技能09e_01.tani			0
35077	擒龙六斩无僵直子技能6段	Data\source\player\F1\动作\F1s14bd双刀技能09f_01.tani			0
35086	阿基修斯_鲨之息_主动	data\source\player\f1\动作\f1lz02_ty阵法01_韦柔丝_鲨之息.tani			0
35089	钱南撰_三个铜钱	data\source\player\F1\动作\f1lz02_aq攻击24_冯度_钱南撰三个铜钱.tani			0
35091	钱南撰_物超所值	data\source\player\F1\动作\f1lz02_aq攻击24_冯度_钱南撰物超所值.tani			0
35098	钱南撰_乾坤一掷	data\source\player\F1\动作\f1lz02_aq攻击24_冯度_钱南撰乾坤一掷.tani			0
35100	殷不为_蛮熊碎颅击_单体	蛮熊碎颅击占位			0
35102	殷不为_蛮熊碎颅击_矩形检测	蛮熊碎颅击占位			0
35105	猿飞菖蒲_水遁水流闪	data\source\player\f1\动作\f1lz02_sk04_源明雅_水遁水流闪.tani			0
35113	钱南撰_角抵技巧主动	data\source\player\F1\动作\f1lz02_双刀buff05_秦雷_钱南撰角抵技巧.tani			0
35114	阿基修斯_夜叉探海决	data\source\player\f1\动作\f1lz02_sk07b_阿基修斯_夜叉移动.tani			0
35219	阿基修斯_夜叉探海诀结束	data\source\player\f1\动作\f1lz02_sk07c_阿基修斯_夜叉下马.tani			0
35221	骑乘_玉麒麟_空格	data\source\player\F1\动作\F1H玉麒麟01_pst02.ani			0
35251	骑乘_侠行天涯号_空格	data\source\player\F1\动作\F1H虹猫蓝兔车_pst02.ani			0
35340	八荒衡鉴_丐帮_站立子技能	data\source\player\f1\动作\f1sgb11棒法攻击06_竹林01hd.tani			0
35340	八荒衡鉴_丐帮_站立子技能	data\source\player\f1\动作\f1sgb11棒法攻击06_竹林01hd.tani			0
35340	八荒衡鉴_丐帮_站立子技能	data\source\player\f1\动作\f1sgb11棒法攻击06_竹林01hd.tani			0
35340	八荒衡鉴_丐帮_站立子技能	data\source\player\f1\动作\f1sgb11棒法攻击06_竹林01hd.tani			0
35340	八荒衡鉴_丐帮_站立子技能	data\source\player\f1\动作\f1sgb11棒法攻击06_竹林01hd.tani			0
35340	八荒衡鉴_丐帮_站立子技能	data\source\player\f1\动作\f1sgb11棒法攻击06_竹林01hd.tani			0
35340	八荒衡鉴_丐帮_站立子技能	data\source\player\f1\动作\f1sgb11棒法攻击06_竹林01hd.tani			0
35340	八荒衡鉴_丐帮_站立子技能	data\source\player\f1\动作\f1sgb11棒法攻击06_竹林01hd.tani			0
35340	八荒衡鉴_丐帮_站立子技能	data\source\player\f1\动作\f1sgb11棒法攻击06_竹林01hd.tani			0
35340	八荒衡鉴_丐帮_站立子技能	data\source\player\f1\动作\f1sgb11棒法攻击06_竹林01hd.tani			0
35341	八荒衡鉴_丐帮_非站立子技能	data\source\player\f1\动作\f1sgb11棒法攻击04c_奇穴b_斜打狗背hd.tani			0
35342	八荒衡鉴_苍云_母技能读条	data\source\player\f1\动作\f1scy12双手刀01绝刀02.tani			0
35344	八荒衡鉴_苍云_强化攻击aoe	data\source\player\f1\动作\f1scy12刀盾buff04_无惧增强hd.tani			0
35345	八荒衡鉴_长歌_母技能选目标	data\source\player\f1\动作\f1s13cg琴技能05_奇穴_01.tani			0
35346	八荒衡鉴_长歌_单体子技能	data\source\player\f1\动作\f1s13cg琴技能05_奇穴_01.tani			0
35346	八荒衡鉴_长歌_单体子技能	data\source\player\f1\动作\f1s13cg琴技能05_奇穴_01.tani			0
35346	八荒衡鉴_长歌_单体子技能	data\source\player\f1\动作\f1s13cg琴技能05_奇穴_01.tani			0
35346	八荒衡鉴_长歌_单体子技能	data\source\player\f1\动作\f1s13cg琴技能05_奇穴_01.tani			0
35346	八荒衡鉴_长歌_单体子技能	data\source\player\f1\动作\f1s13cg琴技能05_奇穴_01.tani			0
35346	八荒衡鉴_长歌_单体子技能	data\source\player\f1\动作\f1s13cg琴技能05_奇穴_01.tani			0
35368	八荒衡鉴_长歌_影子aoe技能	data\source\player\f1\动作\f1s13cg琴技能18_蕤宾01.tani			0
35384	八荒衡鉴_蓬莱_母技能选人标记	data\source\player\f1\动作\f1s15pl雕技能02_驭羽骋风hd.tani			0
35392	八荒衡鉴_凌雪_二段技能	data\source\player\f1\动作\f1s16lxg链技能03_释放hd.tani			0
35399	八荒衡鉴_衍天_母技能	data\source\player\f1\动作\f1s17ytz符技02_hd.tani			0
35455	篝火夜话_吃	data\source\player\f1\动作\f1b01ty烤鱼01c.ani			0
35480	八荒衡鉴_药宗_母技能	data\source\player\f1\动作\f1s18yz毒技04b_商陆其根.tani			0
35544	八荒衡鉴_霸刀_二段母技能	data\source\player\f1\动作\f1s14bd大刀技能02b_01.tani			0
35545	八荒衡鉴_霸刀_三段母技能	data\source\player\f1\动作\f1s14bd大刀技能09_冲锋人风车_10尺.tani			0
35546	八荒衡鉴_霸刀_一段母技能	data\source\player\f1\动作\f1s14bd大刀技能06_01.tani			0
35597	八荒衡鉴_刀宗_母技能	data\source\player\f1\动作\f1s18dz技能03d.tani			0
35633	精力过剩_扔球	data\source\player\f1\动作\f1b01yd扔石头.ani			0
35644	特效马07	data\source\player\F1\动作\F1H马具05_白龙01.ani			0
35659	劲风簇	data\source\player\F1\动作\F1s20wl弓技能01a.tani	data\source\other\HD特效\技能\Pss\被击\W_万灵被击_01_劲风簇.pss	S_fxmid	0
35660	霖集簇	data\source\player\F1\动作\f1s20wl弓技能02a.tani			0
35661	饮羽簇	data\source\player\F1\动作\F1s20wl弓技能03c.tani			0
35665	饮羽簇·追	data\source\player\F1\动作\F1s20wl弓技能03d.tani			0
35669	寒更晓箭	data\source\player\F1\动作\F1s20wlBuff01.tani			0
35670	空弦惊雁	data\source\player\F1\动作\F1s20wlBuff02.tani			0
35671	金乌见坠	data\source\player\F1\动作\F1s20wlBuff02.tani			0
35683	应天授命	data\source\player\F1\动作\f1s20wlbuff03.tani			0
35684	游雾乘云	data\source\player\F1\动作\F1HA393_start01.tani			0
35695	引风唤灵	data\source\player\F1\动作\F1s20wl召唤01.tani			0
35754	万灵10-4丛云隐月内力投资	data\source\player\F1\动作\f1s20wlbuff03.tani			0
35755	万灵10-5涉野徙林_小队爆发移速	data\source\player\F1\动作\f1s20wlbuff03.tani			0
35764	万灵12-4朝仪万汇	data\source\player\F1\动作\f1s20wl弓技能01b.tani			0
35809	骑乘_牛魔王_空格	data\source\player\F1\动作\F1H斗牛_pst05.ani			0
35820	各有所长_木材	data\source\player\f1\动作\f1b01yd扔石头.ani			0
35894	普通攻击_弓箭	data\source\player\F1\动作\F1s20wl普通攻击01.tani			0
35984	骑乘_乌霆_空格	data\source\player\F1\动作\F1HA280_M_pst02.ani			0
35985	骑乘_乌霆_空格02	data\source\player\F1\动作\F1HA280_M_pst03.ani			0
35990	6号_月泉淮_月茧_MVP玩家技能	data\source\player\f1\动作\f1lz02_掌法攻击09b_韦柔丝_三阳穿心掌.tani			0
36006	万灵山庄_霖集簇追尝试1目标	data\source\player\F1\动作\F1s20wl弓技能02b.tani			0
36007	万灵山庄_霖集簇追尝试2目标	data\source\player\F1\动作\F1s20wl弓技能02b.tani			0
36008	万灵山庄_霖集簇追尝试3目标	data\source\player\F1\动作\F1s20wl弓技能02b.tani			0
36009	万灵山庄_霖集簇追尝试4目标	data\source\player\F1\动作\F1s20wl弓技能02b.tani			0
36045	万灵山庄_游雾乘云跳跃	data\source\player\F1\动作\F1HA393_小跳a.ani			0
36059	岚微香馥	data\source\player\f1\动作\f1s18yz毒技07_治疗药雾01.tani			0
36066	万灵山庄_乘黄吼叫矩形控制	data\source\player\F1\动作\F1HA393_小跳a.ani			0
36067	北天药宗_香繁饮露_强化招式	data\source\player\f1\动作\f1s18yz治疗08_无方加速buff01.tani			0
36069	牡丹_幽冥指	data\source\player\f1\动作\f1Lz02_wh针灸13b_牡丹_幽冥指.tani			0
36071	牡丹_火魅指	data\source\player\f1\动作\f1Lz02_wh针灸13b_牡丹_火魅指.tani			0
36073	七荒黑牙	data\source\player\f1\动作\f1lz02_sk01_肖童_七荒黑牙.tani			0
36075	方宇谦_漾剑式	data\source\player\f1\动作\f1lz03_雪海散华c_方宇谦_漾剑式.tani			0
36086	鬼影小次郎_一闪天诛	data\source\player\f1\动作\f1lz14c_拔刀技能01b_鬼影一闪天诛02.tani	data\source\other\特效\技能\SFX\被击\被击_藏剑攻击01_重剑_肉体.Sfx	S_fxmid	0
36099	六爻有兆	data\source\player\F1\动作\F1s03cy剑技能23.tani			0
36107	载干戈实际技能	data\source\player\f1\动作\f1s04tc技能37_骑乘_回马枪01.tani			0
36108	万灵山庄_变身平射追加	data\source\player\F1\动作\F1s20wl弓技能01b_浮空.tani			0
36109	万灵山庄_变身散射追加	data\source\player\F1\动作\F1s20wl弓技能02b.tani			0
36110	万灵山庄_变身曲射追加	data\source\player\F1\动作\F1s20wl弓技能03d.tani			0
36119	鬼影小次郎_一闪无痕	data\source\player\f1\动作\f1lz14c_拔刀技能02b_鬼影一闪无痕01.tani	data\source\other\特效\技能\SFX\被击\被击_藏剑攻击01_重剑_肉体.Sfx	S_fxmid	0
36121	土崩炸弹_表现	data\source\player\f1\动作\f1lz02_大刀技能02b_提多罗吒_土崩炸弹.tani			0
36125	流迟彼针	data\source\player\F1\动作\F1s01wh针灸15b彼针HD.tani			0
36142	闪避剑舞	data\source\player\f1\动作\f1s05qx剑技能32_闪避剑舞01.tani			0
36163	万灵山庄_变身普通攻击	data\source\player\F1\动作\F1s20wl弓技能01a.tani			0
36172	万灵山庄_白虹贯日矩形效果	data\source\player\F1\动作\F1s20wl弓技能04b.tani			0
36275	山岳乘风·斩击	data\source\player\f1\动作\f1s07cj重剑技能20b_火焰斩击.tani			0
36276	驰风鸣角表现母技能	data\source\player\F1\动作\f1s20wl弓技能01b.tani	data\source\other\HD特效\技能\Pss\被击\W_万灵被击_01_劲风簇.pss	S_fxmid	0
36282	烟涛定波蓄力2断	Data\source\player\F1\动作\F1s15pl伞技能04c_定波砥澜反击01hd.tani			0
36286	赴尘劫	data\source\player\f1\动作\f1s16lxg链技能11_大摆链01.tani			0
36287	穷劫曲	data\source\player\f1\动作\f1s16lxg链技能09_灵魂互换01.tani			0
36302	任驰骋二段友方表现	data\source\player\f1\动作\f1s04tc技能35_骑乘_上挑01.tani			0
36303	任驰骋二段地方表现	data\source\player\F1\动作\F1s04tc技能33a__骑乘奔跑.tani			0
36304	挫锐穿云表现	data\source\player\F1\动作\F1s04tc技能11a_骑乘_穿云hd.tani			0
36305	挫锐穿云马下	data\source\player\F1\动作\F1s04tc技能11a_穿云hd.tani			0
36307	暗度白虹矩形	data\source\player\F1\动作\F1s20wl弓技能01a.tani			0
36334	蓄力刀啸矩形	Data\source\player\F1\动作\F1s14bd拔刀技能01b_01.tani	data\source\other\新特效\技能\Pss\被击\B_霸刀被击04.pss	S_fxmid	0
36334	蓄力刀啸矩形	data\source\player\F1\动作\f1s14bd拔刀技能01b_03.tani	data\source\other\新特效\技能\Pss\被击\B_霸刀被击04.pss	S_fxmid	0
36347	骑乘_鳄霸_空格	data\source\player\F1\动作\F1H鳄鱼坐骑01_pst01.ani			0
36416	快雪时晴移动	data\source\player\F1\动作\f1s01wh点穴16a_快雪HD.tani			0
36471	苍云_新血影表现子技能	data\source\player\F1\动作\F1scy12刀盾攻击05_03.tani			0
36489	知音兴尽_正律二段	data\source\player\f1\动作\f1s13cg剑技能15b_斩长鲸发招.tani			0
36538	万灵山庄_召唤表现子技能	data\source\player\F1\动作\f1s20wl召唤01_飞行.tani			0
36538	万灵山庄_召唤表现子技能	data\source\player\F1\动作\f1s20wl召唤01_控制.tani			0
36538	万灵山庄_召唤表现子技能	data\source\player\F1\动作\f1s20wl召唤01_群战.tani			0
36538	万灵山庄_召唤表现子技能	data\source\player\F1\动作\f1s20wl召唤01_肉盾.tani			0
36538	万灵山庄_召唤表现子技能	data\source\player\F1\动作\f1s20wl召唤01_战士.tani			0
36538	万灵山庄_召唤表现子技能	data\source\player\F1\动作\f1s20wl召唤01_追击.tani			0
36546	碎空石	data\source\player\F1\动作\F1s投石车火焰石头.tani			0
36548	腰挂_冥渊剑	data\source\player\f1\动作\f1b01ty舞刀01a.tani			0
36551	千蝶通道子技能（无法跳跃）	data\source\player\F1\动作\F1swd08治疗03_金蝉吐瑞.tani			0
36555	千蝶通道子技能（可跳跃）	data\source\player\F1\动作\F1swd08治疗03_金蝉吐瑞空战.tani			0
36565	腰挂_月佩蓝	data\source\player\f1\动作\f1b01ty普通待机01.ani			0
36566	腰挂_月佩红	data\source\player\f1\动作\f1b01ty普通待机01.ani			0
36567	腰挂_月佩金	data\source\player\f1\动作\f1b01ty普通待机01.ani			0
36584	骑乘_灵龟_空格	data\source\player\F1\动作\F1HA421_pst01.ani			0
36652	凌雪阁特殊武器_无妄浊	data\source\player\f1\动作\f1s16lxg麒王逐魂02_无妄之印.tani			0
36653	凌雪阁特殊武器_无妄镜	data\source\player\f1\动作\f1s16lxg麒王逐魂01_无妄之印.tani			0
36672	凌雪阁特殊武器_狱门崩殂_穿	data\source\player\f1\动作\f1s16lxg麒王逐魂04b_狱门崩殂.tani			0
36673	凌雪阁特殊武器_狱门崩殂_锁	data\source\player\f1\动作\f1s16lxg麒王逐魂04c_狱门崩殂.tani			0
36674	凌雪阁特殊武器_狱门崩殂_破	data\source\player\f1\动作\f1s16lxg麒王逐魂04d_狱门崩殂.tani			0
36675	凌雪阁特殊武器_神预照临	data\source\player\f1\动作\f1s16lxg麒王逐魂05_神预照临.tani			0
36677	凌雪阁特殊武器_兽王破晓	data\source\player\f1\动作\f1s16lxg麒王逐魂06b_兽王破晓.tani			0
36683	悉达罗摩_厄毒掌法	data\source\player\f1\动作\f1b01ty僵尸技能10_尸毒火链hd_01.tani			0
36702	悉达罗摩_噬血夺魂	data\source\player\F1\动作\F1lz02_xl73_悉达罗摩_夺魂.tani			0
36704	悉达罗摩_蚀骨之花	data\source\player\f1\动作\f1lz02_xlsf22_悉达罗摩_召唤植物.tani			0
36735	6号_月泉淮_月泉天引_MVP玩家技能释放	data\source\player\f1\动作\f1scy03画影残月c.ani			0
36810	厄毒掌法_二段冲刺	data\source\player\F1\动作\f1lz02_sk08_悉达罗摩.tani			120
36872	八荒衡鉴_万灵_母技能选目标	data\source\player\F1\动作\F1s20wl弓技能03c.tani			0
36913	骑乘_天地外_空格	data\source\player\F1\动作\F1HA280_pst04.ani			0
36915	凌雪阁特殊武器_麟驹过渊_跳跃	data\source\player\f1\动作\f1s16lxg麒王逐魂03_麟驹过渊.tani			0
37020	骑乘_踏绮花_空格	data\source\player\F1\动作\F1HWJ_花车坐骑01_pst01.tani			0
37026	舞狮·喜	data\source\player\f1\动作\f1b02gj舞狮01_m_pst01喜.tani			0
37026	舞狮·喜	data\source\player\f1\动作\f1b02gj舞狮01_m_pst01喜.tani			0
37027	舞狮·怒	data\source\player\f1\动作\f1b02gj舞狮01_m_pst02怒.tani			0
37027	舞狮·怒	data\source\player\f1\动作\f1b02gj舞狮01_m_pst02怒.tani			0
37028	舞狮·醉	data\source\player\f1\动作\f1b02gj舞狮01_m_pst03醉.tani			0
37028	舞狮·醉	data\source\player\f1\动作\f1b02gj舞狮01_m_pst03醉.tani			0
37029	舞狮·醒	data\source\player\f1\动作\f1b02gj舞狮01_m_pst04醒.tani			0
37029	舞狮·醒	data\source\player\f1\动作\f1b02gj舞狮01_m_pst04醒.tani			0
37030	舞狮·惊	data\source\player\f1\动作\f1b02gj舞狮01_m_pst05惊.tani			0
37030	舞狮·惊	data\source\player\f1\动作\f1b02gj舞狮01_m_pst05惊.tani			0
37031	舞狮·疑	data\source\player\f1\动作\f1b02gj舞狮01_m_pst06疑.tani			0
37031	舞狮·疑	data\source\player\f1\动作\f1b02gj舞狮01_m_pst06疑.tani			0
37032	舞狮·寻	data\source\player\f1\动作\f1b02gj舞狮01_m_pst07寻.tani			0
37032	舞狮·寻	data\source\player\f1\动作\f1b02gj舞狮01_m_pst07寻.tani			0
37033	舞狮·盼	data\source\player\f1\动作\f1b02gj舞狮01_m_pst08盼.tani			0
37033	舞狮·盼	data\source\player\f1\动作\f1b02gj舞狮01_m_pst08盼.tani			0
37081	舞狮·喜	data\source\player\f1\动作\f1b02gj舞狮01_m_pst01喜.tani			0
37082	舞狮·怒	data\source\player\f1\动作\f1b02gj舞狮01_m_pst02怒.tani			0
37083	舞狮·醉	data\source\player\f1\动作\f1b02gj舞狮01_m_pst03醉.tani			0
37084	舞狮·醒	data\source\player\f1\动作\f1b02gj舞狮01_m_pst04醒.tani			0
37085	舞狮·惊	data\source\player\f1\动作\f1b02gj舞狮01_m_pst05惊.tani			0
37086	舞狮·疑	data\source\player\f1\动作\f1b02gj舞狮01_m_pst06疑.tani			0
37087	舞狮·寻	data\source\player\f1\动作\f1b02gj舞狮01_m_pst07寻.tani			0
37088	舞狮·盼	data\source\player\f1\动作\f1b02gj舞狮01_m_pst08盼.tani			0
37267	花间_韵海镜源	data\source\player\f1\动作\f1s01wh技能16.tani			0
37296	打坐	data\source\player\F1\动作\F1b02dj打坐b02释放_HD.tani			0
37316	芳姿畅音	data\source\player\f1\动作\f1s05qx剑技能33.tani			0
37329	程沐华_天养生息法_移动端五毒灵素	data\source\player\f1\动作\f1lz02_wh01蓄力06_程沐华_天养蓄力.tani			0
37330	程沐华_天养生息法_移动端其它奶	data\source\player\f1\动作\f1lz02_wh01蓄力06_程沐华_天养蓄力.tani			0
37332	扑粉匀香	data\source\player\F1\动作\F1s08cd冲刺01a.tani			0
37334	天养生息法_移动端奶职业二段母技能	data\source\player\f1\动作\f1Lz02_wh01辅助技能02_程沐华_天养释放.tani			0
37336	崇光斩恶子技能	data\source\player\F1\动作\F1smj10组合刀攻击11a.tani			0
37336	崇光斩恶子技能	data\source\player\F1\动作\F1smj10组合刀攻击11a.tani			0
37336	崇光斩恶子技能	data\source\player\F1\动作\F1smj10组合刀攻击11c.tani			0
37336	崇光斩恶子技能	data\source\player\F1\动作\F1smj10组合刀攻击11a.tani			0
37336	崇光斩恶子技能	data\source\player\F1\动作\F1smj10组合刀攻击11b.tani			0
37336	崇光斩恶子技能	data\source\player\F1\动作\F1smj10组合刀攻击11c.tani			0
37378	蓄力小风车	data\source\player\F1\动作\f1s07cj重剑技能15_风来吴山火hd.tani			0
37386	链魂二段	data\source\player\f1\动作\f1s16lxg链技能11_大摆链01.tani			0
37443	新剑·角	data\source\player\f1\动作\f1s13cg剑技能04.tani			0
37459	萧武宗_剑气爆发	data\source\player\f1\动作\f1lz03_sk246_萧武宗_飞剑剑气.tani			0
37461	萧武宗_二连击单次伤害	data\source\player\f1\动作\f1lz03_sk243_萧武宗_二连击单次.tani			0
37462	萧武宗_二连击二连伤害	data\source\player\f1\动作\f1lz03_sk244_萧武宗_二连.tani			0
37473	萧武宗_剑舞圆形反击	data\source\player\f1\动作\f1lz03_sk242b_萧武宗_圆形释放.tani			0
37474	萧武宗_剑舞单体反击	data\source\player\f1\动作\f1lz03_sk242c_萧武宗_剑气反击.tani			0
37491	骑乘_天刀猪坐骑_空格	data\source\player\F1\动作\F1HA464_pst01.ani			0
37504	夺魄箭（奇穴移动读条）	Data\source\player\F1\动作\F1stm09弩攻击05夺魂箭.tani			0
37505	衍天宗_镇星入舆_临兵斗存灯	data\source\player\f1\动作\f1s17ytz星相技04_hd.tani			0
37602	笑醉狂空中表现	data\source\player\F1\动作\f1sgb11buff03.tani			0
37603	笑醉狂地面表现	data\source\player\f1\动作\f1sgb11buff01_丐帮笑醉狂01.tani			0
37604	酒中仙空中表现	data\source\player\F1\动作\F1sqg11gb喝酒01_hd.tani			0
37605	酒中仙地面表现	data\source\player\F1\动作\F1HA298f_st01.ani			0
37670	特效马08	data\source\player\F1\动作\F1b01ty马具05_水晶01.ani			0
37687	绝境·回风扫叶	Data\source\player\F1\动作\F1b02xs攻击01.tani	data\source\other\特效\技能\SFX\被击\被击_闪光烟尘01_拳肉身.Sfx	S_fxmid	0
37731	骑乘_独竹漂	data\source\player\F1\动作\f1h独竹漂01_m_start01.tani			0
37773	骑乘_白泽_空格	data\source\player\F1\动作\F1HA455_pst02.ani			0
37779	骤风令	data\source\player\F1\动作\f1s21ds技能01.tani			0
37780	劈风令	data\source\player\F1\动作\f1s21ds技能02.tani			0
37781	抟风令	data\source\player\F1\动作\f1s21ds技能03a.tani			0
37790	骑乘_九尾狐_空格	data\source\player\F1\动作\F1HA462_pst02.ani			0
37791	骑乘_白泽正坐_空格	data\source\player\F1\动作\F1HA455_pst04.ani			0
37809	雾海萦空	data\source\player\F1\动作\f1s21ds技能06.tani			0
37979	召唤上将军印	data\source\player\F1\动作\F1s14bd大刀技能10a.tani			0
37980	召唤上将军印二段	data\source\player\F1\动作\F1s14bd大刀技能10b.tani			0
37981	镇星入舆二段	data\source\player\f1\动作\f1s17ytz星相技04_hd.tani			0
38006	断脉	data\source\player\F1\动作\F1s21ds指法01.tani			0
38007	截阳	data\source\player\F1\动作\f1s21ds指法02.tani			0
38008	破穴	data\source\player\F1\动作\f1s21ds指法03.tani			0
38009	引窍	data\source\player\F1\动作\f1s21ds指法04b.tani			0
38010	雾暗迷云	data\source\player\F1\动作\f1s21ds技能04b.tani			0
38011	风流云散	data\source\player\F1\动作\F1s21ds步法01_F.tani			0
38012	雪重花满	data\source\player\F1\动作\f1s21dsbuff01.tani			0
38013	月落参横	data\source\player\F1\动作\f1s21dsbuff02.tani			0
38016	雾刃飞光一段	data\source\player\F1\动作\f1s21ds技能05a.tani			0
38017	雾刃飞光二段	data\source\player\F1\动作\f1s21ds技能05b.tani			0
38018	雾刃飞光三段	data\source\player\F1\动作\f1s21ds技能05c.tani			0
38019	雾刃飞光四段	data\source\player\F1\动作\f1s21ds技能05d.tani			0
38034	普通攻击_扇子	data\source\player\F1\动作\F1s21ds普通攻击01.tani			0
38035	骑乘_香满路_空格	data\source\player\F1\动作\F1HWJ_莲座002_pst02.ani			0
38088	落子无悔白子表现	data\source\player\f1\动作\f1swh01拂穴05白子.tani			0
38089	落子无悔黑子表现	data\source\player\f1\动作\f1swh01拂穴05黑子.tani			0
38095	骑乘_普通_子技能常规	Data\source\player\F1\动作\F1H上马01.ani			0
38096	骑乘_普通_子技能走读	Data\source\player\F1\动作\F1H上马01.ani			0
38205	5号_苏什_播种	data\source\player\f1\动作\f1b01ty种草01b.ani			0
38277	骑乘_大贝壳_空格	data\source\player\F1\动作\F1HZQ_D008581_pst01.tani			0
38386	骑乘_冰凤凰_表现01	data\source\player\F1\动作\F1HA472_pst01.tani			0
38387	骑乘_冰凤凰_表现02	data\source\player\F1\动作\F1HA472_pst02.tani			0
38464	沙浴	data\source\player\f1\动作\f1b01ty沙浴01.ani			0
38465	段氏主动奇穴_主动解控免控	data\source\player\F1\动作\f1s21dsbuff01.tani			0
38476	段氏主动奇穴_打断迷云	data\source\player\F1\动作\F1s21ds技能07.tani			0
38477	段氏主动奇穴_推拉二择	data\source\player\f1\动作\f1s21dsbuff03.tani			0
38511	段氏主动奇穴_一阳来复	data\source\player\F1\动作\F1s21dsBuff03.tani			0
38515	段氏主动奇穴_胧雾观花	data\source\player\F1\动作\F1s21dsBuff04.tani			0
38538	风流云散冲刺后斩击定身	data\source\player\F1\动作\F1s21ds技能14_段氏6尺AOE.tani			0
38547	雪重花满二段	data\source\player\F1\动作\f1s21dsbuff01.tani			0
38549	朔风扬尘	data\source\player\F1\动作\F1s21ds技能08a.tani			0
38550	朔风扬尘二段	data\source\player\F1\动作\F1s21ds技能08b.tani			0
38556	雾海萦空二段	data\source\player\F1\动作\f1s21ds技能06.tani			0
38577	月移花影	data\source\player\F1\动作\f1s05qx剑技能34_云裳施法01.tani			0
38580	黄泉八伤(无位置版)	data\source\player\F1\动作\F1s17ytz魂灯技01_黄泉八伤01.tani			0
38597	2号_韦柔丝_玩具_像龙般若功_逆读条	data\source\player\f1\动作\f1lz02_xl01_提多罗吒_龙象蓄力.tani			0
38624	蛛王之触	data\source\player\F1\动作\f1swd08召唤03.tani			0
38640	且待时休二段	data\source\player\F1\动作\F1s18yz毒技08.ani			0
38645	刀宗Aoe反击	data\source\player\F1\动作\F1s18dz身法07.tani	data\source\other\hd特效\技能\pss\被击\d_刀宗单手刀被击.pss	S_fxmid	0
38667	蓬莱_新驰行_主动振翅图南时间增加	data\source\player\F1\动作\F1s07cj重剑技能21b.tani			0
38671	流血战狼	data\source\player\F1\动作\F1s04tc技能40_将士集合.tani			0
38733	武雪散_挽花	data\source\player\f1\动作\f1lz02_xlsf43_武雪散_挽花.tani			0
38768	绝界封疆	data\source\player\F1\动作\f1s16lxg剑攻击06.tani			0
38773	幽都判	data\source\player\F1\动作\f1s16lxg剑技能07.tani	data\source\other\hd特效\技能\pss\被击\l_lxg鞭被击01.pss	S_fxmid	0
38806	茫渺额外劈风令	data\source\player\F1\动作\f1s21ds技能02.tani			0
38899	三掌亢龙无僵直表现	data\source\player\f1\动作\f1sgb11掌法攻击05e_无僵直.tani			0
38981	段氏主动奇穴_飞鸿破野	data\source\player\F1\动作\f1s21ds技能09.tani			0
39065	防御技_一瞬柄撞读条	data\source\player\f1\动作\f1lz14b_bd格挡02_勇刀_格挡.tani			0
39068	防御技_一瞬柄撞单体反击	data\source\player\f1\动作\f1lz14b_内功重剑15_勇刀_单体反击.tani			0
39069	防御技_一瞬柄撞扇形反击	data\source\player\f1\动作\f1lz03_sk242c_萧武宗_群体反击.tani			0
39070	骑乘_骆驼车	Data\source\player\F1\动作\F1H上马01.ani			0
39071	骑乘_骆驼车_交互	data\source\player\F1\动作\F1HWJ_骆驼坐骑_pst02.ani			0
39079	防御技_逆波式按压反击	data\source\player\f1\动作\f1lz03_伞技能04b_方宇谦_反击.tani			0
39086	防御技_夜叉浮乐	data\source\player\f1\动作\f1lz02_ty阵法01_韦柔丝_夜叉浮乐.tani			0
39114	防御技_俯阵熊突矩形伤害	data\source\player\f1\动作\f1lz02_xlsf02_俯阵熊突_矩形6米.tani			0
39131	骑乘_戏星灵狐_赤微	Data\source\player\F1\动作\F1H上马01.ani			0
39132	骑乘_先知巴德的牛	Data\source\player\F1\动作\F1H上马01.ani			0
39134	骑乘_狐狸_空格	data\source\player\F1\动作\F1HA471b_pst02.ani			0
39135	骑乘_先知巴德的牛_空格	data\source\player\F1\动作\F1HA047_pst09.ani			0
39136	骑乘_章鱼_空格	data\source\player\F1\动作\F1HWJ_章鱼坐骑_pst02.ani			0
39137	骑乘_戏星灵狐_苍颜	Data\source\player\F1\动作\F1H上马01.ani			0
39138	骑乘_心月神狐_赤幽	Data\source\player\F1\动作\F1H上马01.ani			0
39139	骑乘_心月神狐_青瑾	Data\source\player\F1\动作\F1H上马01.ani			0
39140	司徒一一_铁炉机甲	data\source\player\f1\动作\f1lz02_aq攻击24_冯度_铁炉机甲.tani			0
39160	掠关项王击鼎一段表现技能	data\source\player\F1\动作\f1s14bd大刀技能12a.tani	data\source\other\新特效\技能\Pss\被击\B_霸刀大刀被击01.pss	S_fxmid	0
39161	掠关项王击鼎二段表现技能	data\source\player\F1\动作\f1s14bd大刀技能12b.tani	data\source\other\新特效\技能\Pss\被击\B_霸刀大刀被击01.pss	S_fxmid	0
39162	掠关项王击鼎三段表现技能	data\source\player\F1\动作\f1s14bd大刀技能12c.tani	data\source\other\新特效\技能\Pss\被击\B_霸刀大刀被击01.pss	S_fxmid	0
39169	八掌亢龙无僵直表现	data\source\player\f1\动作\f1sgb11掌法攻击05c_无僵直.tani			0
39170	龙战无僵直表现	data\source\player\f1\动作\f1sgb11掌法攻击05b_无僵直.tani			0
39171	龙跃无僵直表现	data\source\player\f1\动作\f1sgb11掌法攻击01b_无僵直.tani			0
39176	虚影引窍表现招式	data\source\player\F1\动作\f1s21ds指法04b.tani			0
39198	阿依努尔_火焰吞吐	data\source\player\f1\动作\f1lz02_xlsf03_阿依努尔_火焰吞吐.tani			0
39209	阿依努尔_引燃	data\source\player\f1\动作\f1lz02_sk46_阿依努尔_引燃.tani			0
39210	抟风令表现空技能	data\source\player\F1\动作\f1s21ds技能03b.tani			0
39230	迟驻_短歌万劫	data\source\player\f1\动作\f1lz02_sk10_武雪散.tani			0
39236	迟驻_泉映幻歌	data\source\player\f1\动作\f1lz03_td01_迟驻.tani			0
39238	阿依努尔_火焰之种	data\source\player\f1\动作\f1lz02_xlsf03_阿依努尔_火焰之种.tani			0
39240	阿依努尔·阴雷之种	data\source\player\f1\动作\f1lz02_xlsf03_阿依努尔_阴雷之种.tani			0
39242	阿依努尔_火云	data\source\player\f1\动作\f1lz02_sk47_阿依努尔_火云.tani			0
39245	武雪散_戮身	data\source\player\f1\动作\f1lz02_sk10_武雪散.tani			0
39246	武雪散_悬命线	data\source\player\f1\动作\f1lz02_xlsf43_武雪散_悬命线.tani			0
39249	武雪散_冰魄针	data\source\player\f1\动作\f1lz02_xlsf43_武雪散_冰魄.tani			0
39252	骑乘_松鼠雪橇	Data\source\player\F1\动作\F1H上马01.ani			0
39253	骑乘_松鼠雪橇_空格	data\source\player\F1\动作\F1HWJ_松鼠雪橇01_pst02.ani			0
39255	迟驻_短歌一觞	data\source\player\f1\动作\f1lz03_xl29_迟驻.tani			0
39264	玩具_猫猫石伪装举_沙漠石头	data\source\player\f1\动作\f1b01ty举箱01a.ani			0
39265	玩具_猫猫石伪装蹲_沙漠石头	data\source\player\f1\动作\f1b01ty举箱01c.ani			0
39266	玩具_猫猫石伪装举_带草石头	data\source\player\f1\动作\f1b01ty举箱01a.ani			0
39267	玩具_猫猫石伪装蹲_带草石头	data\source\player\f1\动作\f1b01ty举箱01c.ani			0
39313	盖聂轻击一段	盖聂占位			0
39314	盖聂轻击二段	盖聂占位			0
39315	盖聂轻击三段	盖聂占位			0
39316	盖聂重击	盖聂占位			0
39318	盖聂小技能	盖聂占位			0
39319	盖聂绝技	盖聂占位			0
39344	盖聂轻击三段追击子技能	盖聂占位			0
39483	绝境·雾暗迷云	data\source\player\F1\动作\f1s21ds技能04b.tani			0
39484	盖聂轻击1段母技能_助战	data\source\player\F1\动作\F1ZNPC盖聂_at01.tani			0
39485	盖聂轻击2段母技能_助战	data\source\player\F1\动作\F1ZNPC盖聂_at02.tani			0
39487	盖聂重击母技能_助战	data\source\player\F1\动作\F1ZNPC盖聂_ban01.tani			0
39488	盖聂小技能母技能_助战	data\source\player\F1\动作\F1ZNPC盖聂_sk01.tani			0
39489	盖聂大招母技能_助战	data\source\player\F1\动作\F1ZNPC盖聂_stunt01.tani			0
39492	绝境·截阳	data\source\player\F1\动作\f1s21ds指法02.tani			0
39493	绝境·引窍	data\source\player\F1\动作\f1s21ds指法04b.tani			0
39494	绝境·风流云散	data\source\player\F1\动作\F1s21ds步法01_F.tani			0
39496	盖聂轻击3段子技能_助战	data\source\player\f1\动作\f1znpc盖聂_at03.tani			0
39496	盖聂轻击3段子技能_助战	data\source\player\f1\动作\f1znpc盖聂_at04.tani			0
39505	卫庄轻击一段母技能_助战	data\source\player\F1\动作\F1ZNPC卫庄_at01.tani			0
39507	卫庄轻击二段母技能_助战	data\source\player\F1\动作\F1ZNPC卫庄_at02.tani			0
39509	卫庄轻击三段母技能_助战	data\source\player\F1\动作\F1ZNPC卫庄_at03.tani			0
39511	卫庄小技能母技能_助战	data\source\player\F1\动作\F1ZNPC卫庄_sk01.tani			0
39514	卫庄重击子技能_助战	data\source\player\F1\动作F1ZNPC卫庄_ban02.tani			0
39514	卫庄重击子技能_助战	data\source\player\F1\动作F1ZNPC卫庄_ban01.tani			0
39514	卫庄重击子技能_助战	data\source\player\F1\动作F1ZNPC卫庄_ban01.tani			0
39514	卫庄重击子技能_助战	data\source\player\F1\动作F1ZNPC卫庄_ban01.tani			0
39514	卫庄重击子技能_助战	data\source\player\F1\动作F1ZNPC卫庄_ban01.tani			0
39514	卫庄重击子技能_助战	data\source\player\F1\动作F1ZNPC卫庄_ban01.tani			0
39515	卫庄大招母技能_助战	data\source\player\F1\动作F1ZNPC卫庄_stunt01.tani			0
39586	骑乘_机关鸟_表现01	data\source\player\F1\动作\F1HA486_pst01.ani			0
39587	骑乘_机关鸟_表现02	data\source\player\F1\动作\F1HA486_pst02.ani			0
39665	同梦龙葵自苦	data\source\player\f1\动作\f1s18yz治疗03_龙葵自苦.tani			0
39673	司徒一一_机铠原型机读条	data\source\player\f1\动作\f1lz02_pst01a_司徒一一_组装机甲.tani			0
39802	跃潮近距离表现技能	Data\source\player\F1\动作\F1s15PL掌技能空03b_掌法HD.tani	data\source\other\新特效\技能\Pss\被击\C_苍云爆03.pss	S_fxmid	0
39832	骑乘_雪奔奔_空格	data\source\player\F1\动作\F1HWJ_哈士奇雪橇_pst02.ani			0
39872	八荒衡鉴_段氏_六经开阖母技能	data\source\player\f1\动作\f1s21ds指法01.tani			0
39890	特效马09	data\source\player\F1\动作\F1b01ty马具06_哥特01.ani			0
39909	捕鼠绳	data\source\player\F1\动作\F1b01ty上勾拳01.tani			0
39910	地裂山崩	Data\source\player\F1\动作\F1b01ty泰山压顶01.tani			0
39911	风起云涌	Data\source\player\F1\动作\F1b01ty大风车01.tani			0
39912	乾坤一掷	Data\source\player\F1\动作\F1b01aq攻击21_仙剑联动.tani			0
39913	水灵之力	Data\source\player\F1\动作\F1b01ty风灵之力01_水灵珠.tani			0
39914	火灵之力	Data\source\player\F1\动作\F1b01ty风灵之力01_火灵珠.tani			0
39915	雷灵之力	data\source\player\F1\动作\F1b09nq战斗待机.ani			0
39917	风灵之力	Data\source\player\F1\动作\F1b01ty风灵之力01_风灵珠.tani			0
39935	摆拳_实际伤害子技能	data\source\player\F1\动作\F1b01ty拳击01.tani			0
39936	刺拳_实际伤害子技能	data\source\player\F1\动作\F1b01ty拳击02.tani			0
39937	扫叶腿_实际伤害子技能	Data\source\player\F1\动作\F1b01ty扫堂腿01.tani			0
39938	望云势_奇穴_对自己释放	data\source\player\F1\动作\F1s18dz身法06.tani	data\source\other\hd特效\技能\pss\被击\d_刀宗单手刀被击.pss	S_fxmid	100
39953	泰山压顶_实际冲刺	Data\source\player\F1\动作\F1b01ty泰山压顶01.tani			0
40005	土灵之力_实际伤害子技能	Data\source\player\F1\动作\F1b01ty土灵之力01.tani			0
40040	骑乘_仙剑木剑_空格	data\source\player\F1\动作\F1HZQ_仙剑木剑01_pst01.ani			0
40064	天地归	data\source\player\f1\动作\f1s03cy剑技能14a_悟_无我无剑_悟.tani			0
40127	蝶弄足二段	data\source\player\f1\动作\f1bqg猛冲01_蝶弄足.tani			0
40129	蝶弄足二段·奶秀	data\source\player\f1\动作\f1bqg猛冲01_蝶弄足.tani			0
40158	气纯气点扩容伤害技能	data\source\player\F1\动作\F1s03cy气技能11_两仪HD.tani			0
40164	暗狱锁链	data\source\player\F1\动作\f1s16lxg剑攻击06.tani			0
40172	犬牙交错无僵直入口	data\source\player\f1\动作\f1sgb11棒法攻击05b_无僵直.tani			0
40178	无限剑制	data\source\player\f1\动作\f1s07cj重剑技能19.tani			0
40240	聚势摧霆	data\source\player\f1\动作\f1s20wl弓技能07a.tani			0
40264	醉妄	data\source\player\f1\动作\f1sgb11掌法攻击14.tani			0
40271	疾二段回马枪	data\source\player\f1\动作\f1s04tc技能41a.tani			0
40274	疾回马枪冲刺子技能	data\source\player\f1\动作\f1s04tc技能41b.tani			200
40282	疾回马枪伤害子技能	data\source\player\f1\动作\f1s04tc技能41c.tani			0
40294	剑·角蓄力子技能	data\source\player\f1\动作\f1s13cg剑技能14b.tani			0
40314	剑·徵群攻	Data\source\player\F1\动作\F1s13cg剑技能05_01.tani			0
40341	已废弃_阊风劈风令	data\source\player\F1\动作\f1s21ds技能02.tani			0
40350	聚势摧霆蓄力1	data\source\player\F1\动作\F1s20wl普通攻击01.tani			0
40351	聚势摧霆蓄力2	data\source\player\f1\动作\f1s20wl弓技能07b_2根箭.tani			0
40352	聚势摧霆蓄力3	data\source\player\f1\动作\f1s20wl弓技能07b_3根箭.tani			0
40354	聚势摧霆蓄力5	data\source\player\f1\动作\f1s20wl弓技能07d_5根箭.tani			0
40355	聚势摧霆蓄力6	data\source\player\f1\动作\f1s20wl弓技能07d_6根箭.tani			0
40357	聚势摧霆蓄力8	data\source\player\f1\动作\f1s20wl弓技能07d_8根箭.tani			0
40358	观风_击破弱点_造成伤害		data\source\other\hd特效\技能\pss\被击\d_刀宗_斩击_07.pss	S_fxtop	0
40361	拨狗无僵直表现	data\source\player\f1\动作\f1sgb11棒法攻击02a_无僵直.tani			0
40362	横打无僵直表现	data\source\player\f1\动作\f1sgb11棒法攻击02b_无僵直.tani			0
40363	恶狗无僵直表现	data\source\player\f1\动作\f1sgb11棒法攻击05a_无僵直.tani			0
40365	棒打无僵直表现	data\source\player\f1\动作\f1sgb11棒法攻击01b_无僵直.tani			0
40366	蜀犬无僵直表现	data\source\player\f1\动作\f1sgb11棒法攻击07_无僵直.tani			0
40366	蜀犬无僵直表现	data\source\player\f1\动作\f1sgb11棒法攻击04b_悟_蜀犬吠日_悟.tani			0
40367	时乘六龙无僵直表现	data\source\player\f1\动作\f1sgb11掌法攻击02a_01.tani			0
40368	狂龙乱舞无僵直表现	data\source\player\f1\动作\f1sgb11掌法攻击02b_01.tani			0
40369	龙啸九天无僵直表现	data\source\player\f1\动作\f1sgb11buff01_悟_酒中仙_悟.tani			0
40388	无狗表现技能A	data\source\player\f1\动作\f1sgb11棒法攻击03a_无僵直.tani			0
40389	无狗表现技能B	data\source\player\f1\动作\f1sgb11棒法攻击03b_无僵直.tani			0
40654	护法之姿_实际技能	data\source\player\f1\动作\f1b01ty天王托塔01b.ani			0
40654	护法之姿_实际技能	data\source\player\f1\动作\f1b01ty天王站姿01b.ani			0
40654	护法之姿_实际技能	data\source\player\f1\动作\f1b01ty力士站姿01b.ani			0
40654	护法之姿_实际技能	data\source\player\f1\动作\f1b01ty金刚咏剑01b.ani			0
40680	感时曲终（关闭剑舞）	data\source\player\F1\动作\F1s05qx剑技能17_余寒映日hd.tani			0
40687	一阳来复二段	data\source\player\F1\动作\F1s21dsBuff03.tani			0
40713	蛟龙无僵直表现技能	data\source\player\f1\动作\f1sgb11掌法攻击03b_无僵直.tani			0
40714	双龙无僵直表现技能	data\source\player\f1\动作\f1sgb11掌法攻击03a_无僵直.tani			0
40715	龙游无僵直表现技能	data\source\player\f1\动作\f1sgb11掌法攻击03c_无僵直.tani			0
40716	龙腾无僵直表现技能	data\source\player\f1\动作\f1sgb11掌法攻击03d_无僵直.tani			0
40721	征北_单体强仇技能	data\source\player\f1\动作\f1scy12刀盾攻击15.tani			100
40751	人剑合一·解	data\source\player\f1\动作\f1s03cy气技能20_释放01_悟.tani			0
40760	背挂_火寻哀的琵琶_使用	data\source\player\f1\动作\F1b01ty弹琵琶01b.ani			0
40835	亢野表现技能	data\source\player\f1\动作\f1sgb11掌法攻击05d_亢龙hd.tani			0
40840	骑乘_醉仙葫芦_空格	data\source\player\F1\动作\F1HZQ_仙剑葫芦01_pst02.ani			0
40843	骑乘_纸行舟_空格	data\source\player\F1\动作\F1HZQ_盆盆船01_pst01.ani			0
40855	骑乘_十万火急_空格	data\source\player\F1\动作\F1H绣球01_pst02.ani			0
40886	潜龙表现技能	data\source\player\f1\动作\f1sgb11掌法攻击02b_悟_时乘六龙_悟.tani			0
40897	剑·角突进结束动作表现	data\source\player\f1\动作\f1s13cg剑技能14c.tani			0
40912	公孙二娘_霞袖回春	data\source\player\f1\动作\f1lz03_sk100_公孙二娘_霞袖回春.tani			0
40913	公孙二娘_云海听弦	data\source\player\f1\动作\f1lz05_sk99b_公孙二娘_云海听弦.tani			0
40914	剑·角不突进动作表现	data\source\player\f1\动作\f1s13cg剑技能04.tani			0
40915	公孙二娘_玉魄惊鸾	data\source\player\f1\动作\f1lz03_sk101a_公孙二娘.tani			0
40921	青年谢云流_剑飞惊天	data\source\player\f1\动作\f1s03cy剑技能12_剑飞惊天.tani			0
40930	青年谢云流_月流斩母技能	data\source\player\f1\动作\f1lz03_sk05_青年谢云流.tani			0
40936	青年谢云流_月流斩二段母技能	data\source\player\f1\动作\f1lz03_sk06_青年谢云流.tani			0
40955	拓跋思南_退山凝一段效果	data\source\player\f1\动作\f1lz03_sk280_拓跋思南_退山凝.tani			0
40964	拓跋思南_退山凝二段_扇形aoe	data\source\player\f1\动作\f1lz03_sk02b_拓跋思南_二段.tani			0
40965	拓跋思南_电挈昆吾母技能	data\source\player\f1\动作\f1lz03_sk03_拓跋思南_巨剑矩形.tani			0
40974	拓跋思南_立剑式结束	data\source\player\f1\动作\f1lz03_sk266c_拓跋思南_立剑势回收.tani			0
40982	拓跋思南_震岳势	data\source\player\f1\动作\f1lz03_sk04_拓跋思南.ani			0
41128	2号_李倓_挂件动作	data\source\player\F1\动作\F1b01ty剑舞金龙01.tani			0
41146	同寿霹雳雷	Data\source\player\F1\动作\F1b01aq攻击24.ani			0
41152	骑乘_谛听_空格	data\source\player\F1\动作\F1HA503_pst02.ani			0
41162	已废弃_劈风令弹射	data\source\player\F1\动作\f1s21ds技能02_子弹减速.tani			0
41165	捕鱼达人炸鱼	data\source\player\f1\动作\f1b02yd地面丢鞭炮_01.tani			0
41167	青年谢云流_三环套月非纯阳动作	data\source\player\f1\动作\f1lz03_sk287_青年谢云流_三环套月.tani			0
41168	青年谢云流_三环套月纯阳动作	data\source\player\f1\动作\f1lz03_sk287_青年谢云流_三环套月_强化.tani			0
41171	青年谢云流_无我无剑非纯阳动作	data\source\player\f1\动作\f1lz03_cy剑技能14_青年谢云流_无我无剑.tani			0
41172	青年谢云流_无我无剑纯阳动作	data\source\player\f1\动作\f1lz03_cy剑技能14_青年谢云流_无我无剑_强化.tani			0
41190	奇境_日曜1	data\source\player\F1\动作\F1smj10组合刀攻击03_日轮.tani			0
41191	奇境_日曜2	data\source\player\F1\动作\F1smj10组合刀攻击04_日斩.tani			0
41192	奇境_日曜3	data\source\player\F1\动作\F1smj10组合刀攻击06_杀戮日.tani			0
41193	奇境_月晦1	data\source\player\F1\动作\F1smj10双刀攻击04_月斩.tani			0
41194	奇境_月晦2	data\source\player\F1\动作\F1smj10双刀攻击06b三连.tani			0
41196	奇境_宫	Data\source\player\F1\动作\F1s13cg琴技能04b_01.tani			0
41197	奇境_商	Data\source\player\F1\动作\F1s13cg琴技能03_01.tani			0
41198	奇境_角	Data\source\player\F1\动作\F1s13cg琴技能01_01.tani			0
41199	奇境_剑·徵	Data\source\player\F1\动作\F1s13cg剑技能05_01.tani			0
41200	奇境_不愧君	data\source\player\F1\动作\F1s13cg剑技能12_不愧君.tani			0
41202	武器_兰摧玉折	data\source\player\f1\动作\f1s01wh点穴13b_兰摧玉折hd.tani			0
41203	武器_商阳指	data\source\player\F1\动作\F1s01wh点穴12_商阳指hd.tani			0
41204	武器_阳明指	data\source\player\F1\动作\F1s01wh点穴11b_阳明指HD.tani			0
41205	武器_芙蓉并蒂	data\source\player\F1\动作\F1s01wh点穴20_芙蓉并蒂HD.tani			0
41206	武器_玉石俱焚	data\source\player\F1\动作\F1s01wh点穴15_玉石俱焚hd.tani			0
41208	奇境_玳弦急曲	data\source\player\F1\动作\F1s05qx剑技能12_玳弦急曲HD.tani			0
41209	奇境-1-守缺式	data\source\player\F1\动作\F1s04sl爪技能15a_HD01.tani			0
41210	奇境-2-拿云式	data\source\player\F1\动作\F1s04sl爪技能13a_HD01.tani			0
41211	奇境-3-韦陀献杵	data\source\player\F1\动作\f1s04sl棍技能12_HD02.tani			0
41212	奇境-4-捉影式	data\source\player\F1\动作\f1s04sl爪技能14c_HD01.tani			0
41213	奇境-5-大狮子吼	data\source\player\F1\动作\f1ssl04技能06_hd01.tani			0
41214	武器_穿云	data\source\player\F1\动作\F1s04tc技能11a_穿云hd.tani			0
41215	武器_龙吟	data\source\player\F1\动作\F1s04tc技能12_龙吟hd_aoe_全出.tani			0
41216	武器_龙牙	data\source\player\F1\动作\F1s04tc技能13_龙牙8尺hd.tani			0
41217	武器_战八方	data\source\player\F1\动作\F1s04tc技能29_战八方hd.tani			0
41220	奇境_蝎心	data\source\player\F1\动作\F1swd08毒攻击01_蝎心.tani			0
41221	奇境_蛇影	data\source\player\F1\动作\F1swd08毒攻击02_蛇影.tani			0
41222	奇境_蟾啸	data\source\player\F1\动作\F1swd08毒攻击02_蟾啸.tani			0
41223	奇境_百足	data\source\player\F1\动作\F1swd08毒攻击03_百足.tani			0
41224	奇境_连缘蛊	data\source\player\f1\动作\f1b08cd毒攻击05_吹笛01.tani			0
41226	奇境_两仪化形	data\source\player\F1\动作\F1s03cy气技能11_两仪HD.tani			0
41227	奇境_三才化生	data\source\player\F1\动作\F1s03cy气技能18_三才hd.tani			0
41228	奇境_破苍穹	data\source\player\F1\动作\F1s03cy技能15b_破苍穹HD.tani			0
41234	奇境寻宝通用招式_破罡	data\source\player\f1\动作\f1lz02_aq攻击24_冯度_钱南撰三个铜钱.tani			0
41235	奇境_四象轮回伤害子技能	data\source\player\F1\动作\F1s03cy气技能16b_四象HD.tani			0
41236	奇境寻宝通用招式_净元	data\source\player\f1\动作\f1lz02_双刀buff05_华鹤炎.tani			0
41240	奇境_江海凝光	data\source\player\F1\动作\F1s05qx剑技能24_江海凝光HD.tani			0
41243	奇境寻宝通用招式_寸劲	data\source\player\f1\动作\f1b02xs攻击01加强.tani			0
41244	奇境寻宝通用招式_固本	data\source\player\f1\动作\f1b02xs攻击03_01.tani			0
41259	奇境_驱夜断愁	data\source\player\F1\动作\F1smj10双刀攻击09闪击.tani			0
41260	奇境_怖畏暗刑	data\source\player\F1\动作\F1smj10双刀攻击07a.tani			0
41263	奇境_生死劫_日	data\source\player\F1\动作\F1smj10乾坤大法buff04.tani			0
41264	奇境_生死劫_月	data\source\player\F1\动作\F1smj10圣火诀buff02a.tani			0
41265	奇境_剑破虚空	data\source\player\F1\动作\F1s05qx剑技能13_剑破虚空HD.tani			0
41266	奇境_驱夜断愁_伤害子技能	data\source\player\F1\动作\F1smj10双刀攻击10连杀.tani			0
41267	奇境_霜天剑泠	data\source\player\f1\动作\f1s05qx剑技能29_hd.tani			0
41268	奇境_剑影留痕	data\source\player\F1\动作\F1s05qx剑技能16_剑影留痕HD.tani			0
41272	奇境_剑出鸿蒙	data\source\player\F1\动作\F1s03cy气技能20_hd.tani			0
41274	武器_突冲刺	data\source\player\F1\动作\F1s04tc技能14a_突HD.tani			0
41275	武器_突击倒1-3秒	data\source\player\F1\动作\F1s04tc技能14b_突HD.tani			0
41323	青鹅膏菇	Data\source\player\F1\动作\F1b01aq攻击24.ani			0
41325	公孙二娘_流霞点绛_冲刺结束刺剑动作	data\source\player\f1\动作\f1lz03_sk96_公孙二娘.tani			0
41337	寻宝_夺魄箭	Data\source\player\F1\动作\F1stm09弩攻击05夺魂箭.tani			0
41341	寻宝_逐星箭	Data\source\player\F1\动作\F1stm09弩攻击01迅疾箭.tani			0
41342	挑丝	data\source\player\f1\动作\f1s22wxl丝线技03.tani			0
41343	游丝枕月	data\source\player\f1\动作\f1b22wxl技能08.tani			0
41344	替形幻生	data\source\player\f1\动作\f1s22wxl幻术01.tani			0
41345	奇境_三环套月		data\source\other\HD特效\技能\Pss\被击\C_纯阳两仪爆02.pss	S_fxmid	0
41347	奇境_无我无剑	data\source\player\F1\动作\F1s03cy剑技能14_无我无剑奇穴HD.tani			0
41348	奇境_八荒归元	data\source\player\F1\动作\F1s03cy剑技能18_八荒HD.tani			0
41349	奇境_兵主逆	data\source\player\F1\动作\F1s17ytz符技02_hd.tani			0
41353	奇境_往者定	data\source\player\F1\动作\F1s17ytz符技04_者HD.tani			0
41354	奇境_神皆寂	data\source\player\F1\动作\F1s17ytz符技05_hd.tani			0
41355	寻宝_追命箭实际运功	Data\source\player\F1\动作\F1stm09弩攻击03夺命01.tani			0
41357	盾击	data\source\player\F1\动作\F1scy12刀盾攻击05_03.tani	data\source\other\新特效\技能\Pss\被击\C_苍云爆03.pss	S_fxmid	0
41358	盾猛	data\source\player\F1\动作\f1scy12刀盾攻击07_hd.tani	data\source\other\新特效\技能\Pss\被击\C_苍云爆03.pss	S_fxmid	0
41360	斩刀	data\source\player\F1\动作\F1scy12双手刀05_03.tani	data\source\other\新特效\技能\Pss\被击\C_苍云爆03.pss	S_fxmid	0
41361	绝刀	data\source\player\F1\动作\F1scy12双手刀01绝刀01.tani	data\source\other\新特效\技能\Pss\被击\C_苍云爆04.pss	S_fxmid	0
41362	奇境_三环套月A段表现	data\source\player\F1\动作\F1s03cy剑技能11c_三环HD.tani			0
41363	奇境_三环套月B段表现	data\source\player\F1\动作\F1s03cy剑技能11b_三环HD.tani			0
41364	奇境_天斗旋_伤害子技能	data\source\player\F1\动作\F1s17ytz符技03b_hd.tani			0
41366	奇境_吞日月	data\source\player\F1\动作\F1s03cy技能18b_吞日月HD.tani			0
41369	奇境_起卦_水	data\source\player\F1\动作\F1s17ytz占卜技_起卦鱼01_hd.tani			0
41370	奇境_起卦_山	data\source\player\F1\动作\F1s17ytz占卜技_起卦山01_hd.tani			0
41371	奇境_起卦_火	data\source\player\F1\动作\F1s17ytz占卜技_起卦鸟01_hd.tani			0
41372	奇境_变卦_水变山	data\source\player\F1\动作\F1s17ytz占卜技_变卦01鱼变山_hd.tani			0
41373	奇境_变卦_山变火	data\source\player\F1\动作\F1s17ytz占卜技_变卦01山变鸟_hd.tani			0
41374	奇境_变卦_火变水	data\source\player\F1\动作\F1s17ytz占卜技_变卦01鸟变鱼_hd.tani			0
41385	奇境_5_酒中仙_pq1	data\source\player\f1\动作\f1sgb11buff01_悟_酒中仙_悟.tani			0
41386	奇境_5_醉逍遥_pq2	data\source\player\f1\动作\f1sgb11buff02.tani			0
41387	武器_云飞玉皇	data\source\player\F1\动作\F1s07cj重剑技能11b_云飞HD.tani	data\source\other\特效\技能\SFX\被击\被击_藏剑攻击01_重剑_肉体.Sfx	S_fxmid	0
41388	武器_听雷	data\source\player\F1\动作\F1s07cj内功轻剑12_听雷HD.tani			0
41390	武器_风来吴山	data\source\player\F1\动作\F1s07cj重剑技能15_风来吴山HD.tani			0
41405	奇境_人剑合一	Data\source\player\F1\动作\F1scy03自绝经脉02.tani			0
41407	武器_鹤归孤山冲刺子技能	data\source\player\f1\动作\f1sqg07cj重剑技能16a_松舍问霞hd.tani			0
41408	武器_鹤归孤山伤害子技能	Data\source\player\F1\动作\F1s07cj重剑技能14_奇穴_鹤归孤山hd.tani			0
41411	武器_梦泉虎跑冲刺子技能	data\source\player\F1\动作\F1s07cj轻剑技能16b_梦泉虎跑hd.tani			0
41412	武器_梦泉虎跑伤害子技能	data\source\player\F1\动作\F1s07cj轻剑技能16a_梦泉虎跑hd.tani			0
41413	奇境-1-木落雁归	Data\source\player\F1\动作\F1s15pl伞技能02_木落雁归hd.tani			0
41415	奇境-3-逐波灵游	Data\source\player\F1\动作\F1s15pl掌技能空01e_01hd.tani			0
41416	奇境-4-振翅图南	Data\source\player\F1\动作\F1s15PL雕技能03_振翅hd.tani			0
41417	奇境-5-澹然若海	data\source\player\F1\动作\F1s15PL掌技能05_奇穴大招01HD.tani			0
41421	奇境_笑尘诀通用_表现空技能_自身无ACT	data\source\player\f1\动作\f1sgb11棒法攻击02a_无僵直.tani			0
41421	奇境_笑尘诀通用_表现空技能_自身无ACT	data\source\player\f1\动作\f1sgb11棒法攻击02b_无僵直.tani			0
41421	奇境_笑尘诀通用_表现空技能_自身无ACT	data\source\player\f1\动作\f1sgb11棒法攻击01b_无僵直.tani			0
41421	奇境_笑尘诀通用_表现空技能_自身无ACT	data\source\player\f1\动作\f1sgb11棒法攻击05a_无僵直.tani			0
41421	奇境_笑尘诀通用_表现空技能_自身无ACT	data\source\player\f1\动作\f1sgb11掌法攻击03b_无僵直.tani			0
41421	奇境_笑尘诀通用_表现空技能_自身无ACT	data\source\player\f1\动作\f1sgb11掌法攻击03a_无僵直.tani			0
41421	奇境_笑尘诀通用_表现空技能_自身无ACT	data\source\player\f1\动作\f1sgb11掌法攻击03c_无僵直.tani			0
41421	奇境_笑尘诀通用_表现空技能_自身无ACT	data\source\player\f1\动作\f1sgb11掌法攻击03d_无僵直.tani			0
41421	奇境_笑尘诀通用_表现空技能_自身无ACT	data\source\player\f1\动作\f1sgb11掌法攻击05c_无僵直.tani			0
41428	寻宝_化血镖	data\source\player\F1\动作\f1stm09针攻击01_林海化血镖.tani			0
41429	寻宝_千秋万劫	data\source\player\F1\动作\f1stm09弩攻击09_地面.tani			0
41430	寻宝_千机连环	Data\source\player\F1\动作\F1stm09机关攻击04遁影.tani			0
41437	连环慢	data\source\player\f1\动作\f1s22wxl召唤01.tani			0
41444	缚影	data\source\player\f1\动作\f1s22wxl丝线技04.tani			0
41446	锁南枝	data\source\player\f1\动作\f1s22wxl丝线技06.tani			0
41447	夹线	data\source\player\f1\动作\f1s22wxl丝线技01.tani			0
41450	千丝落絮·二段	data\source\player\F1\动作\f1s22wxl身法02b.tani			0
41451	障幕虚影·幕起	data\source\player\f1\动作\f1s22wxl幻术02.tani			0
41453	万相非我	data\source\player\f1\动作\f1s22wxl技能02c.tani			0
41477	奇境_1_商陆缀寒	data\source\player\f1\动作\f1s18yz毒技04b_商陆其根.tani			0
41478	奇境_2_钩吻断肠	data\source\player\f1\动作\f1s18yz毒技01_钩吻断肠.tani			0
41480	奇境_3_惊鸿掠水_伤害子技能	data\source\player\f1\动作\f1s18yz手术刀技02b_惊鸿掠水.tani			0
41481	奇境_4_银光照雪	data\source\player\f1\动作\f1s18yz手术刀技01_银光照雪.tani			0
41482	奇境_5_且待时休	data\source\player\f1\动作\f1s18yz毒技05_且待时休.tani			0
41490	奇境_驰风鸣角	data\source\player\F1\动作\f1s20wl弓技能01b.tani	data\source\other\HD特效\技能\Pss\被击\W_万灵被击_01_劲风簇.pss	S_fxmid	0
41491	奇境_饮羽簇	data\source\player\F1\动作\F1s20wl弓技能03c.tani			0
41492	奇境_霖集簇	data\source\player\F1\动作\f1s20wl弓技能02a.tani			0
41493	奇境_游云乘雾	data\source\player\F1\动作\F1HA393_start01.tani			0
41494	奇境_朝仪万汇	data\source\player\F1\动作\f1s20wl弓技能01b.tani			0
41500	武器_寂洪荒	Data\source\player\F1\动作\F1s16lxg鞭技能03_01hd.tani			0
41502	武器_金戈回澜无链接	data\source\player\F1\动作\F1s16lxg剑技能02b_HD.tani			0
41505	坚壁清野	Data\source\player\F1\动作\F1s14bd拔刀技能02b_01.tani	data\source\other\新特效\技能\Pss\被击\B_霸刀被击04.pss	S_fxmid	0
41522	项王击鼎一段	Data\source\player\F1\动作\F1s14bd大刀技能01a_01.tani	data\source\other\新特效\技能\Pss\被击\B_霸刀大刀被击01.pss	S_fxmid	0
41523	项王击鼎二段	Data\source\player\F1\动作\F1s14bd大刀技能01b_01.tani	data\source\other\新特效\技能\Pss\被击\B_霸刀大刀被击01.pss	S_fxmid	0
41524	项王击鼎三段	Data\source\player\F1\动作\F1s14bd大刀技能01c_01.tani	data\source\other\新特效\技能\Pss\被击\B_霸刀大刀被击01.pss	S_fxmid	0
41525	项王击鼎旋转	Data\source\player\F1\动作\F1s14bd大刀技能01d_01.tani			0
41526	西楚悲歌	Data\source\player\F1\动作\F1s14bd大刀技能04_01.tani			0
41557	活络金丹	Data\source\player\F1\动作\F1b02dj站立引导b.ani			0
41558	奇境_横扫千军	data\source\player\f1\动作\f1b02xs攻击05.tani			0
41559	奇境_回风扫叶	data\source\player\f1\动作\f1b02xs攻击01.tani			0
41574	奇境寻宝通用招式_感知	Data\source\player\F1\动作\F1scy03自绝经脉01.tani			0
41583	骑乘__猿猴_空格	data\source\player\F1\动作\F1HA034w_pst01.ani			0
41736	游丝枕月冲刺结束表现	data\source\player\f1\动作\f1s22wxl身法01d.tani			0
41741	青霄飞羽劈砍剑气	data\source\player\f1\动作\f1s13cg浮空攻击01_劈砍.tani			0
41742	兰摧玉折_子弹表现技能	data\source\player\f1\动作\f1s01wh点穴13b_兰摧玉折hd.tani			0
41748	阳明指_子弹表现技能	data\source\player\F1\动作\F1s01wh点穴11b_阳明指HD.tani			0
41749	商阳指_子弹表现技能	data\source\player\F1\动作\F1s01wh点穴12_商阳指hd.tani			0
41754	主线后段_坚不可摧_射箭	data\source\player\f1\动作\f1b01ty持弓射箭01c.tani			0
41762	圣焰令	data\source\player\f1\动作\f1smj10隐身01.tani			0
41764	明教_圣焰令_涤罪	data\source\player\f1\动作\f1smj10双刀攻击16a.tani			0
41859	丝线切割_单体引导技能	data\source\player\f1\动作\f1s22wxl丝线技05a_单体.tani			0
41859	丝线切割_单体引导技能	data\source\player\f1\动作\f1s22wxl丝线技05b_单体.tani			0
41859	丝线切割_单体引导技能	data\source\player\f1\动作\f1s22wxl丝线技05_单体.tani			0
41873	月下斩魔_包身表现	Data\source\player\F1\动作\F1b01披风004_机械翼01.tani			0
41879	主线后段_坚不可摧_拉弓读条	data\source\player\f1\动作\f1b01ty持弓射箭01c.tani			0
41881	丝线切割_无目标引导技能	data\source\player\f1\动作\f1s22wxl丝线技05a.tani			0
41881	丝线切割_无目标引导技能	data\source\player\f1\动作\f1s22wxl丝线技05b.tani			0
41881	丝线切割_无目标引导技能	data\source\player\f1\动作\f1s22wxl丝线技05.tani			0
41886	明教_圣焰令_涤罪延迟表现	data\source\player\f1\动作\f1smj10双刀攻击16b.tani			0
41905	朝云暮雪	data\source\player\f1\动作\f1s05qx扇技能29_七秀云裳.tani			0
41980	玉石俱焚_被击表现技能	data\source\player\F1\动作\F1s01wh点穴15_玉石俱焚hd.tani			0
41982	偃守孤旌	data\source\player\F1\动作\F1scy12刀盾buff03苍云血怒01.tani			0
41984	无相楼阵法释放	Data\source\player\F1\动作\F1b02ty阵法01.tani			0
41991	骑乘_鹤海腾云_空格	data\source\player\F1\动作\F1H仙鹤车01_pst02.ani			0
42037	行云势实际伤害三段-驭耀	data\source\player\F1\动作\F1s18dz技能01c.tani	data\source\other\hd特效\技能\pss\被击\d_刀宗单手刀被击.pss	S_fxmid	0
42038	行云势实际伤害二段-驭耀	data\source\player\F1\动作\F1s18dz技能01b.tani	data\source\other\hd特效\技能\pss\被击\d_刀宗单手刀被击.pss	S_fxmid	0
42039	行云势实际伤害一段-驭耀	data\source\player\F1\动作\F1s18dz技能01a.tani	data\source\other\hd特效\技能\pss\被击\d_刀宗单手刀被击.pss	S_fxmid	0
42040	蝶栖	data\source\player\F1\动作\f1swd08治疗05_蝶栖治疗.tani			0
42174	降厄毒体	data\source\player\f1\动作\f1swd08蛊攻击05_片蛊01.tani			0
42197	骑乘_月浮仙洲_空格	data\source\player\F1\动作\F1HZQ_山水卷001_M_pst02.ani			0
42198	游丝枕月二段	data\source\player\f1\动作\f1s22wxl身法01a.tani			0
42210	凤求凰	data\source\player\f1\动作\f1s13cg弹琴01.tani			0
42248	落笼簿·收表现技能	data\source\player\f1\动作\f1s22wxl浮空01c.tani			0
42261	勾线_奇穴开关版	data\source\player\f1\动作\f1s22wxl技能04.tani			0
42268	驻云飞	data\source\player\f1\动作\f1s22wxl技能06.tani			0
42301	不竭	data\source\player\f1\动作\f1s03cy拔剑01.ani			0
42332	相思引_拉对手	data\source\player\f1\动作\f1s22wxl技能05.tani			0
42393	替形幻生_队友版本	data\source\player\f1\动作\f1s22wxl幻术01.tani			0
42415	应天长_单体伤害回能	data\source\player\f1\动作\f1s22wxl技能01.tani			0
42425	主角指挥动作1	data\source\player\f1\动作\f1s22wxl技能02a.tani			0
42426	主角指挥动作2	data\source\player\f1\动作\f1s22wxl技能02b.tani			0
42427	主角指挥动作3	data\source\player\f1\动作\f1s22wxl技能02c.tani			0
42428	四面楚歌	data\source\player\f1\动作\f1s14bd双刀技能11.tani			0
42429	追魂锁魄	data\source\player\F1\动作\F1s16lxg剑技能02b_HD.tani			0
42464	楚河技能	data\source\player\f1\动作\f1s14bd拔刀技能10.ani			0
42466	无相楼中断表现	data\source\player\F1\动作\f1b22wxl持武器小跳01a.ani			0
42479	唐门_天罗_星离雨散	data\source\player\f1\动作\f1stm09机关攻击07_悟_飞星匿影_悟.tani			0
42504	太白蚀昴	data\source\player\f1\动作\f1s17ytz占卜技04.tani			0
42516	梦鲤_1	data\source\player\F1\动作\F1s05qx剑技能14_剑转流云HD.tani			0
42520	御前星实际伤害	data\source\player\F1\动作\F1s17ytz符技04_者HD.tani			0
42529	断水流	data\source\player\F1\动作\f1s13cg剑技能01b.tani			0
42551	普通攻击枪_表现	Data\source\player\F1\动作\F1b04qi攻击01_梅花枪hd.tani			0
42557	普通攻击_笔_表现	Data\source\player\F1\动作\F1b01bi攻击01_判官HD.tani	data\source\other\HD特效\技能\Pss\被击\W_万花被击_普攻.pss	S_fxmid	0
42558	人剑发招表现	data\source\player\F1\动作\F1s03cy剑技能15_人剑合一hd.tani			0
42561	人剑中途解除特效	data\source\player\f1\动作\f1s03cy气技能20_释放01_悟.tani			0
42574	破阵乐_替换号令三军	Data\source\player\F1\动作\f1stc04技能42.tani			0
42575	听风吹雪_二段承伤	data\source\player\F1\动作\F1s01wh针灸16_听风HD.tani			0
42580	主角指挥动作空中1	data\source\player\f1\动作\f1s22wxl技能02a_浮空.tani			0
42581	主角指挥动作空中2	data\source\player\f1\动作\f1s22wxl技能02b_浮空.tani			0
42582	主角指挥动作空中3	data\source\player\f1\动作\f1s22wxl技能02c_浮空.tani			0
42700	霹雳马下表现技能	data\source\player\F1\动作\F1s04tc技能31_霹雳HD.tani	data\source\other\特效\技能\SFX\被击\被击_天策攻击09.Sfx	S_fxmid	0
42701	霹雳马上表现技能	data\source\player\f1\动作\f1s04tc技能31_骑乘_悟_霹雳01_悟.tani	data\source\other\特效\技能\SFX\被击\被击_天策攻击09.Sfx	S_fxmid	0
42710	骑乘_玄煌_空格	data\source\player\F1\动作\F1HA474_M_pst02.ani			0
42910	太常律表现技能	data\source\player\F1\动作\F1s13cg琴技能18_蕤宾01.tani			0
42911	乘黄之威升级版驰风鸣角	data\source\player\F1\动作\f1s20wl弓技能01b.tani			0
42912	乘黄之威升级版没石饮羽	data\source\player\F1\动作\F1s20wl弓技能03d.tani			0
42913	乘黄之威升级版霖集簇	data\source\player\F1\动作\F1s20wl弓技能02b.tani			0
42933	若木倾柯动作	data\source\player\F1\动作\F1s18yz治疗09.tani			0
42942	2号_阿萨辛_传火	data\source\player\f1\动作\f1s01wh点穴20_传火.tani			0
43074	事件_PQ716_赶羊	Data\source\player\F1\动作\F1b02dj甩鞭01.tani			0
43075	收回傀儡	data\source\player\f1\动作\f1s22wxl召回01.tani			0
43076	事件_PQ700_跳舞一	data\source\player\f1\动作\f1b01ty黑走马02a.ani			0
43077	事件_PQ700_跳舞二	data\source\player\f1\动作\f1b01ty黑走马02b.ani			0
43078	事件_PQ700_跳舞三	data\source\player\f1\动作\f1b01ty黑走马02c.ani			0
43087	普通攻击-牵丝轮攻击	data\source\player\f1\动作\f1s22wxl普通攻击01.tani			0
43089	落笼簿施法表现技能	data\source\player\f1\动作\f1s22wxl浮空01a.tani			0
43227	武器_金戈回澜链接子技能	data\source\player\F1\动作\F1s16lxg剑技能02b_HD.tani			0
43278	闹须弥子技能	Data\source\player\F1\动作\F1s14bd双刀技能05_01.tani	data\source\other\新特效\技能\Pss\被击\B_霸刀被击05.pss	S_fxmid	0
43283	闹须弥流血伤害加强版	Data\source\player\F1\动作\F1s14bd双刀技能05_01.tani	data\source\other\新特效\技能\Pss\被击\B_霸刀被击05.pss	S_fxmid	0
43291	背挂_弹布尔_使用	data\source\player\F1\动作\F1b01ty弹布尔01b.ani			0
43293	踏宴扬旗母技能	Data\source\player\F1\动作\F1s14bd腿技能04b_双刀_01.tani	data\source\other\新特效\技能\Pss\被击\B_霸刀腿被击01.pss	S_fxmid	0
43312	骑乘_北极熊_空格	data\source\player\F1\动作\F1HA524_pst02.ani			0
43314	骑乘_毒穹_空格	data\source\player\F1\动作\F1HWJ_巨蛇坐骑_pst02.ani			0
43329	青霄飞羽劈砍剑气2	data\source\player\f1\动作\f1s13cg浮空攻击02_劈砍.tani			0
43408	玩具_十里香动作一	data\source\player\F1\动作\f1b01ty烧烤01b.tani			0
43411	背挂_山海聆音	data\source\player\F1\动作\f1山海同心伴奏.tani			0
43419	特效马10	data\source\player\F1\动作\F1H马具09_水01.ani			0
43423	特效马11	data\source\player\F1\动作\F1H马具09_火焰01.ani			0
43593		data\source\player\f1\动作\f1lz03_伞技能04b_方宇谦_反击.tani			0
43599		data\source\player\f1\动作\f1lz03_伞技能04b_方宇谦_反击.tani			0
43616	肖红_八擒AOE	data\source\player\F1\动作\f1lz02_sk13b_肖红_旋转黄01.tani			0
43618	肖红_竹菱镖	data\source\player\f1\动作\f1lz02_sk14_肖红_释放绿01.tani			0
43620	玩具_十里香动作二	data\source\player\F1\动作\f1b01ty烧烤01b.tani			0
43621	玩具_十里香动作三	data\source\player\F1\动作\f1b01ty烧烤01b.tani			0
43622	玩具_十里香动作四	data\source\player\F1\动作\f1b01ty烧烤01b.tani			0
43628	肖红_含笑半步颠	data\source\player\f1\动作\f1lz02_sk14_肖红_释放粉01.tani			0
43630	新程沐华_灼脉逆血针	data\source\player\F1\动作\F1Lz02_sk15_程沐华_粹针刺01.tani			0
43632	骑乘_熔岩巨兽_空格	data\source\player\f1\动作\f1HA515c_pst01.ani			0
43635	新程沐华_扁鹊推手	data\source\player\F1\动作\F1Lz02_sk16_程沐华_扁鹊推手01.tani			0
43636	新程沐华_九转归元诀	data\source\player\f1\动作\f1lz02_sk17_程沐华_九转归元诀01.tani			0
43638	困境韦柔丝_灵狐截刃AOE	data\source\player\F1\动作\f1lz02_sk11b_韦柔丝_灵狐爪击.tani			0
43639	困境韦柔丝_血狱隐杀	data\source\player\F1\动作\f1lz02_sk12_韦柔丝_血液沸腾.tani			0
43642	困境韦柔丝_赤龙瞪目	data\source\player\F1\动作\f1lz02_sk18_韦柔丝_赤龙扇形.tani			0
43681	衍天特殊武器_使役符咒1	data\source\player\f1\动作\f1s17ytz阴阳灯03c.tani			0
43682	衍天特殊武器_使役符咒2	data\source\player\f1\动作\f1s17ytz阴阳灯03c.tani			0
43683	衍天特殊武器_使役符咒3	data\source\player\f1\动作\f1s17ytz阴阳灯03c.tani			0
43685	衍天特殊武器_使役符咒5	data\source\player\f1\动作\f1s17ytz阴阳灯03c.tani			0
43686	助战李萼_割喉母技能	data\source\player\F1\动作\f1npc_sk298_李萼.tani			0
43702	衍天特殊武器_螣蛇符咒1	data\source\player\f1\动作\f1s17ytz阴阳灯03c.tani			0
43703	衍天特殊武器_螣蛇符咒2	data\source\player\f1\动作\f1s17ytz阴阳灯03c.tani			0
43704	衍天特殊武器_螣蛇符咒3	data\source\player\f1\动作\f1s17ytz阴阳灯03c.tani			0
43705	衍天特殊武器_螣蛇符咒4	data\source\player\f1\动作\f1s17ytz阴阳灯03c.tani			0
43726	衍天特殊武器_麒麟符咒1	data\source\player\f1\动作\f1s17ytz阴阳灯03c.tani			0
43727	衍天特殊武器_麒麟符咒2	data\source\player\f1\动作\f1s17ytz阴阳灯03c.tani			0
43728	衍天特殊武器_麒麟符咒3	data\source\player\f1\动作\f1s17ytz阴阳灯03c.tani			0
43729	衍天特殊武器_麒麟符咒4	data\source\player\f1\动作\f1s17ytz阴阳灯03c.tani			0
43730	衍天特殊武器_麒麟符咒5	data\source\player\f1\动作\f1s17ytz阴阳灯03c.tani			0
43731	衍天特殊武器_驺吾符咒1	data\source\player\f1\动作\f1s17ytz阴阳灯03c.tani			0
43732	衍天特殊武器_驺吾符咒2	data\source\player\f1\动作\f1s17ytz阴阳灯03c.tani			0
43733	衍天特殊武器_驺吾符咒3	data\source\player\f1\动作\f1s17ytz阴阳灯03c.tani			0
43734	衍天特殊武器_驺吾符咒4	data\source\player\f1\动作\f1s17ytz阴阳灯03c.tani			0
43735	衍天特殊武器_驺吾符咒5	data\source\player\f1\动作\f1s17ytz阴阳灯03c.tani			0
43749	衍天特殊武器_凤凰符咒1	data\source\player\f1\动作\f1s17ytz阴阳灯03c.tani			0
43750	衍天特殊武器_凤凰符咒2	data\source\player\f1\动作\f1s17ytz阴阳灯03c.tani			0
43751	衍天特殊武器_凤凰符咒3	data\source\player\f1\动作\f1s17ytz阴阳灯03c.tani			0
43752	衍天特殊武器_凤凰符咒4	data\source\player\f1\动作\f1s17ytz阴阳灯03c.tani			0
43753	衍天特殊武器_凤凰符咒5	data\source\player\f1\动作\f1s17ytz阴阳灯03c.tani			0
43774	腰挂_阿里曼秘典	data\source\player\F1\动作\f1b01ty漆黑圣典.tani			0
43857	肖红_十香软筋散_喷毒玩家动作	data\source\player\f1\动作\f1b01ty喷毒雾01.tani			0
43864	骑乘_大王莲_空格	data\source\player\F1\动作\F1HWJ_大王莲001_pst02.ani			0
43907	背挂_脚_子技能	data\source\player\f1\动作\F1b01bp踢人01c.tani			0
43915	衍天特殊武器_符咒使役	data\source\player\f1\动作\f1s17ytz阴阳灯03b_黄.tani			0
43916	衍天特殊武器_符咒螣蛇	data\source\player\f1\动作\f1s17ytz阴阳灯03b_蓝.tani			0
43917	衍天特殊武器_符咒驺吾	data\source\player\f1\动作\f1s17ytz阴阳灯03b_绿.tani			0
43918	衍天特殊武器_符咒麒麟	data\source\player\f1\动作\f1s17ytz阴阳灯03b_紫.tani			0
43919	衍天特殊武器_符咒凤凰	data\source\player\f1\动作\f1s17ytz阴阳灯03b_红.tani			0
43927	逐云寒蕊动作子技能	data\source\player\f1\动作\f1s18yz植物系03_逐云寒蕊.tani			0
43942		data\source\player\F1\动作\F1s07cj重剑技能21c.tani			0
43950	格挡	data\source\player\f1\动作\F1b04tc格挡03.ani			0
44046	鹿灯坐骑_空格	data\source\player\F1\动作\F1HWJ_鹿灯坐骑001_pst01.ani			0
44054	特效马12	data\source\player\F1\动作\f1h马具08_星辰01_梦幻蓝.tani			0
44055	特效马13	data\source\player\F1\动作\f1h马具08_星辰01_梦幻黄.tani			0
44056	PQ733_一醉方休_喝酒1	data\source\player\f1\动作\f1b02ty喝酒04.tani			0
44057	PQ733_一醉方休_喝酒2	data\source\player\f1\动作\f1b02ty喝酒01.ani			0
44058	PQ733_一醉方休_喝酒3	data\source\player\f1\动作\f1b02dj说话02.ani			0
44059	唐简_归家_通用做动作	data\source\player\f1\动作\f1_基础表演_休闲坐待机01.ani			0
44059	唐简_归家_通用做动作	data\source\player\f1\动作\f1b02dj打坐b.ani			0
44059	唐简_归家_通用做动作	data\source\player\F1\动作\F1b01ty普通待机01.ani			0
44059	唐简_归家_通用做动作	data\source\player\f1\动作\f1b01ty坐凳喝01b.ani			0
44059	唐简_归家_通用做动作	data\source\player\f1\动作\f1_基础表演_仰躺睡觉02.ani			0
44059	唐简_归家_通用做动作	Data\source\player\F1\动作\F1b02dj拾取c.ani			0
44059	唐简_归家_通用做动作	data\source\player\F1\动作\F1b01ty普通待机01.ani			0
44059	唐简_归家_通用做动作	Data\source\player\F1\动作\F1b02dj拾取c.ani			0
44059	唐简_归家_通用做动作	data\source\player\F1\动作\F1b01ty普通待机01.ani			0
44060	斗气伤害	data\source\player\f1\动作\f1s04tc技能12_悟_龙吟01_悟.tani			0
44061	斗气免控	data\source\player\f1\动作\f1s18dz身法04_单_游风飘踪01_悟.tani			0
44062	斗气免伤	data\source\player\f1\动作\f1scy12刀盾buff01_盾壁_悟.tani			0
44077	丢雪球_玩具技能	data\source\player\f1\动作\f1_b01aq攻击24_丢雪球.tani			0
44212	斩杀表现技能	data\source\player\f1\动作\F1bm04tc_斩杀01.tani			0
44308	腰挂_冰冻枪_子技能	data\source\player\f1\动作\f1b01ty水枪01c.tani			0
44314	格挡技	data\source\player\f1\动作\F1b04tc格挡03.ani			0
44349	斗气专属奇穴	data\source\player\F1\动作\F1s20wl召唤01.tani			0
44354	噬蛊	data\source\player\F1\动作\F1swd08蛊攻击01_迷心蛊.tani			0
44356	左旋右转二段	data\source\player\F1\动作\F1s05qx剑技能14_剑转流云HD.tani			0
44359	仙王蛊鼎二段	data\source\player\F1\动作\F1swd08治疗释放02_仙王蛊鼎.tani			0
44363	拘灵_剑阵替身	data\source\player\F1\动作\F1s03cy剑技能17a_剑冲阴阳HD.tani			0
44384	借树生花	data\source\player\F1\动作\F1s18yz毒技10a.tani			0
44390	借树生花二段	data\source\player\F1\动作\F1s18yz毒技10b.tani			0
44403	霸刀专属斗气奇穴	data\source\player\f1\动作\f1s14bd双刀技能11.tani			0
44419	阳关三叠	data\source\player\f1\动作\f1s13cg琴技能06b.ani			0
44427	不争	data\source\player\F1\动作\F1s03cy剑技能13b_hd.tani	data\source\other\HD特效\技能\Pss\被击\C_纯阳两仪爆02.pss	S_fxmid	0
44428	万世不竭瞬发	data\source\player\F1\动作\F1s03cy气技能19a_新万世HD.tani			0
44448	明教_回灵技能表现	data\source\player\F1\动作\F1smj10组合刀攻击03_日轮.tani			0
44448	明教_回灵技能表现	data\source\player\F1\动作\F1smj10组合刀攻击01_日轮.tani			0
44448	明教_回灵技能表现	data\source\player\F1\动作\F1smj10组合刀攻击02_日轮.tani			0
44448	明教_回灵技能表现	data\source\player\F1\动作\F1smj10双刀攻击01.tani			0
44448	明教_回灵技能表现	data\source\player\F1\动作\F1smj10双刀攻击02.tani			0
44448	明教_回灵技能表现	data\source\player\F1\动作\F1smj10双刀攻击03.tani			0
44448	明教_回灵技能表现	data\source\player\F1\动作\F1smj10组合刀攻击04_日斩.tani			0
44448	明教_回灵技能表现	data\source\player\F1\动作\F1smj10双刀攻击04_月斩.tani			0
44448	明教_回灵技能表现	data\source\player\F1\动作\F1smj10双刀攻击10连杀.tani			0
44448	明教_回灵技能表现	data\source\player\F1\动作\F1smj10组合刀攻击03_日轮.tani			0
44448	明教_回灵技能表现	data\source\player\F1\动作\F1smj10组合刀攻击01_日轮.tani			0
44448	明教_回灵技能表现	data\source\player\F1\动作\F1smj10组合刀攻击02_日轮.tani			0
44448	明教_回灵技能表现	data\source\player\F1\动作\F1smj10双刀攻击01.tani			0
44448	明教_回灵技能表现	data\source\player\F1\动作\F1smj10双刀攻击02.tani			0
44448	明教_回灵技能表现	data\source\player\F1\动作\F1smj10双刀攻击03.tani			0
44448	明教_回灵技能表现	data\source\player\F1\动作\F1smj10组合刀攻击04_日斩.tani			0
44448	明教_回灵技能表现	data\source\player\F1\动作\F1smj10双刀攻击04_月斩.tani			0
44448	明教_回灵技能表现	data\source\player\F1\动作\F1smj10双刀攻击10连杀.tani			0
44457	万翎逐鸿	data\source\player\f1\动作\f1stm09弩攻击12.tani			0
44466	借树生花治疗	data\source\player\F1\动作\F1s18yz毒技10a.tani			0
44467	借树生花治疗二段	data\source\player\F1\动作\F1s18yz毒技10b.tani			0
44473	锁头六合	data\source\player\F1\动作\F1s03cy气技能12b_新六合HD.tani			0
44503	续木种莲花	data\source\player\f1\动作\f1b01ty晕倒01c.ani			0
44520	疾锋摧锐	data\source\player\F1\动作\F1stm09匕首02.ani			0
44545	影雷刺	data\source\player\f1\动作\f1s16lxg剑技能09_凌雪遮挡.tani			0
44552	鹿鸣放鹿动作表现	data\source\player\F1\动作\F1s13cg琴技能19_明丹心.tani			0
44558	摩诃无量_奇穴aoe版	data\source\player\F1\动作\F1s04sl棍技能14_HD03.tani			0
44576	橙武额外破穴	data\source\player\F1\动作\f1s21ds指法03.tani			0
44593	端午节_赛艇_喷气冲锋	data\source\player\F1\动作\F1H龙舟_前进01.ani			0
44641	木_木灵_春风和气	data\source\player\f1\动作\f1Lz02_wh01辅助技能02_程沐华_天养释放.tani			0
44659	水-上善若水-超链接	data\source\player\f1\动作\f1lz02_sk04_源明雅_水灵符.tani			0
44666	水流链接	data\source\player\F1\动作\F1s01tyBuff03.ani			0
44679	主动技能3	data\source\player\F1\动作\F1s01tyBuff03.ani			0
44688	唐简_归家_马车_喝酒	data\source\player\f1\动作\F1b01ty躺板车喝酒01.ani			0
44689	唐简_归家_马车_左翻滚	data\source\player\f1\动作\F1b01ty躺板车左翻01.ani			0
44690	唐简_归家_马车_右翻滚	data\source\player\f1\动作\F1b01ty躺板车右翻01.ani			0
44691	唐简_归家_马车_攻击	data\source\player\f1\动作\F1b01ty躺板车挥剑01.tani			0
44712	火核心_点燃卡牌	data\source\player\f1\动作\f1lz02_wh针灸13b_牡丹_火魅指.tani			0
44738	骑乘_天骖驭云_空格	data\source\player\F1\动作\F1HWJ_云车001_M_pst01.tani			0
44758	木_驱友	data\source\player\f1\动作\f1lz02_sk01_秦雷_霞月长针.tani			0
44759	木_驱敌	data\source\player\f1\动作\f1lz02_sk01_秦雷_霞月长针.tani			0
44800	金（集火）	data\source\player\f1\动作\f1lz02_aq攻击24_冯度_钱南撰物超所值.tani			0
44826	主动获得护盾	data\source\player\f1\动作\f1lz02_sk04_源明雅_土灵符.tani			0
44829	主动五行伤害并受护盾强化	data\source\player\f1\动作\f1lz04_tc04枪攻击06_华鹤炎.tani			0
44829	主动五行伤害并受护盾强化	data\source\player\f1\动作\f1lz04_tc04枪攻击06_华鹤炎.tani			0
44833	主动土遁并出土控制	data\source\player\F1\动作\F1smj10乾坤大法buff02沙化.tani			0
44834	传送并为友方附加护盾	data\source\player\f1\动作\f1lz02_sk04_源明雅_土灵符.tani			0
44835	目标获得基于已损气血的护盾	data\source\player\f1\动作\f1lz02_sk04_源明雅_土灵符.tani			0
44850	木_灵药寄生_蕴灵寄生	data\source\player\F1\动作\F1Lz02_sk16_程沐华_扁鹊推手01.tani			0
44924	震耳欲聋	data\source\player\f1\动作\f1lz02_双刀buff05_秦雷_钱南撰角抵技巧.tani			0
44944	金_聂云普通强化版	data\source\player\F1\动作\f1lz02_sk13a_肖红_冲刺黄01.tani			0
44974	行云触发治疗事件子技能	Data\source\player\F1\动作\F1s13cg琴技能05徵治疗.tani			0
44975	金_强化聂云二段招式	data\source\player\f1\动作\f1lz03_sk02a_拓跋思南_冲.tani			0
44980	骑乘_帮会坐骑001_表现	data\source\player\F1\动作\F1HWJ_鹿灯坐骑001_pst02.ani			0
44983	锋芒毕露	data\source\player\f1\动作\f1lz02_aq攻击24_冯度通世金决01.tani			0
44985	鸣金收兵	data\source\player\f1\动作\f1lz02_wh针灸13b_牡丹_幽冥指_绿色.tani			0
44987	金17AOE击倒	data\source\player\f1\动作\f1lz04_tc04枪攻击06_华鹤炎.tani			0
45110	唐简_归家_马车_攻击母技能	data\source\player\f1\动作\F1b01ty躺板车踹人01.tani			0
45171	8掌亢龙无僵直表现	data\source\player\f1\动作\f1sgb11掌法攻击05c_无僵直.tani			0
45172	三掌丐帮无僵直表现技能	data\source\player\f1\动作\f1sgb11掌法攻击05e_无僵直.tani			0
45182	骑乘_铁环_空格	data\source\player\f1\动作\f1hwj_乾坤圈01_pst01.ani			0
45184	骑乘_彩虹小马_空格	data\source\player\F1\动作\F1HWJ_气球马001_pst01.ani			0
45186	骑乘_须罗傀_空格	data\source\player\F1\动作\F1HA542_pst01.ani			0
45198	裂海横天表现技	data\source\player\F1\动作\F1s18dz身法06_01.tani			0
45199	普通攻击-重剑攻击表现	Data\source\player\F1\动作\F1b07cj普通攻击11_四季剑法HD.tani	data\source\other\特效\技能\SFX\被击\被击_藏剑攻击04_重剑_肉体.Sfx	S_fxmid	0
45207	普通攻击-链刃表现	Data\source\player\f1\动作\f1b16lxg普通攻击01_HD.tani	data\source\other\hd特效\技能\pss\被击\l_lxg剑被击.pss	S_fxmid	0
45209	普通攻击-弓攻击表现（唐门）	Data\source\player\F1\动作\F1stm09普通攻击01_普攻HD.tani	data\source\other\HD特效\技能\Pss\被击\t_唐门普攻被击01.pss	S_fxmid	0
45213	普通攻击-虫笛攻击表现	Data\source\player\F1\动作\F1b01bi攻击01_五毒HD.tani	data\source\other\HD特效\技能\Pss\被击\w_五毒普攻被击01.pss	S_fxmid	0
45220	霸刀专用被击僵直（临时）		data\source\other\新特效\技能\Pss\被击\B_霸刀被击04.pss	S_fxmid	0
45305		data\source\player\f1\动作\f1sgb11棒法攻击04b_悟_蜀犬吠日_悟.tani			0
45544		data\source\player\F1\动作\F1b02ty阵法01_切换HD.tani			0
64295	少林_1段母技能	data\source\player\F1\动作\F1ssl04棍攻击06_少林舞棍.tani			0
64296	少林_2段母技能	data\source\player\F1\动作\F1ssl04棍攻击02_少林砸地.tani			0
64297	八荒衡鉴_纯阳_1段母技能	data\source\player\F1\动作\F1scj07冲刺01太虚飞仙.tani			0
64298	八荒衡鉴_纯阳_2段母技能	data\source\player\F1\动作\F1scy03纯阳技能10_三连击.tani			0
64299	八荒衡鉴_七秀_1段母技能	data\source\player\F1\动作\F1s05qx剑技能12_玳弦aoehd.tani			0
64300	八荒衡鉴_七秀_2段母技能	data\source\player\f1\动作\f1s05qx剑舞爆发01_hd.tani			0
64301	八荒衡鉴_天策_1段母技能	data\source\player\F1\动作\F1s04tc技能19_崩HD.tani			0
64302	八荒衡鉴_天策_2段母技能	Data\source\player\F1\动作\F1H上马01.ani			0
64303	八荒衡鉴_万花_1段母技能	data\source\player\F1\动作\F1swh01点穴04_万花通道技.tani			0
64304	八荒衡鉴_万花_2段母技能	data\source\player\F1\动作\F1swh01拂穴04.ani			0
64305	八荒衡鉴_五毒_1段母技能	data\source\player\F1\动作\F1swd08牺牲01_粉身碎骨.tani			0
64306	八荒衡鉴_五毒_2段母技能	data\source\player\f1\动作\f1swd08变身02_女娲补天.tani			0
64307	八荒衡鉴_藏剑_1段母技能	data\source\player\F1\动作\F1scj07重剑攻击01a_重剑击飞.tani	data\source\other\特效\技能\SFX\被击\被击_藏剑攻击03_重剑_肉体.Sfx	S_fxmid	0
64308	八荒衡鉴_藏剑_2段母技能	data\source\player\F1\动作\F1scj07重剑攻击01_上挑连击.tani			0
64309	八荒衡鉴_藏剑_3段母技能	data\source\player\F1\动作\F1scj07冲刺04鹤归狐山.tani			0
64310	八荒衡鉴_唐门_1段母技能	data\source\player\F1\动作\F1stm09弩攻击01迅疾箭.tani			0
64311	八荒衡鉴_唐门_2段母技能	data\source\player\F1\动作\F1stm09弩攻击01迅疾箭.tani			0
64312	64312 八荒衡鉴_天策_2段伤害技能	data\source\player\f1\动作\f1stc04枪攻击01-骑乘.tani			0
64312	64312 八荒衡鉴_天策_2段伤害技能	data\source\player\f1\动作\f1stc04红莲龙胆05.ani			0
64313	64313 八荒衡鉴_藏剑_4段母技能	data\source\player\F1\动作\F1s07cj重剑技能15_风来吴山HD.tani			0
64323	八荒衡鉴_五毒_1段实际效果	data\source\player\f1\动作\f1swd08治疗释放04_孔雀引01.tani			0
64324	64324 八荒衡鉴_唐门_1段实际效果	data\source\player\F1\动作\F1stm09弩攻击01_蓄力技10尺.tani			0
64324	64324 八荒衡鉴_唐门_1段实际效果	data\source\player\F1\动作\F1stm09弩攻击01_蓄力技15尺.tani			0
64324	64324 八荒衡鉴_唐门_1段实际效果	data\source\player\F1\动作\F1stm09弩攻击01_蓄力技20尺.tani			0
64335	尾火虎_陷	data\source\player\F1\动作\F1swh01拂穴01.ani			0
64336	尾火虎_乱	data\source\player\F1\动作\F1swh01拂穴01.ani			0
64337	天极_怖	data\source\player\F1\动作\F1swh01拂穴01.ani			0
64338	天极_心	data\source\player\F1\动作\F1swh01拂穴01.ani			0
64339	亢金龙_炫	data\source\player\F1\动作\F1swh01拂穴01.ani			0
64340	风	data\source\player\F1\动作\F1swh01拂穴04.ani			0
64341	尾火虎_烬	data\source\player\F1\动作\F1swh01拂穴04.ani			0
64342	月	data\source\player\F1\动作\F1swh01拂穴04.ani			0
64343	闪	data\source\player\F1\动作\F1swh01拂穴04.ani			0
64344	氐土貉_坠	data\source\player\F1\动作\F1swh01拂穴04.ani			0
64345	急	data\source\player\F1\动作\F1swh01拂穴01.ani			0
64346	跃	data\source\player\F1\动作\F1swh01拂穴04.ani			0
64348	逆	data\source\player\F1\动作\F1b01qt攻击06_佛手.tani			0
64349	钟	data\source\player\F1\动作\F1swh01拂穴04.ani			0
64350	竭	data\source\player\F1\动作\F1swh01拂穴04.ani			0
64351	天极_域	data\source\player\F1\动作\F1swh01拂穴04.ani			0
64353	亢金龙_链	data\source\player\F1\动作\F1swh01拂穴04.ani			0
64354	天极_幻	data\source\player\F1\动作\F1swh01拂穴05.ani			0
64355	天极_获	data\source\player\F1\动作\F1swh01拂穴05.ani			0
64356	天极_壁	data\source\player\F1\动作\F1swh01拂穴05.ani			0
64357	氐土貉_噬	data\source\player\F1\动作\F1swh01拂穴05.ani			0
64360	坠_实际伤害		data\source\other\特效\技能\SFX\被击\被击_藏剑攻击03_重剑_肉体.Sfx	S_fxmid	0
64369	场_实际伤害	data\source\player\F1\动作\F1npc_sk06c_南诏双剑_郁刃环斩释放_双剑.tani			0
64370	角木蛟_木	data\source\player\F1\动作\F1swh01拂穴05.ani			0
64372	木武童死亡地刺		data\source\other\特效\技能\SFX\被击\被击_五毒攻击01.Sfx	S_fxmid	0
64373	角木蛟_弩	data\source\player\F1\动作\F1swh01拂穴05.ani			0
64374	房日兔_乘	data\source\player\F1\动作\F1swh01拂穴05.ani			0
64375	尾火虎_乱_实际效果	data\source\player\F1\动作\F1swh01拂穴01.ani			0
64416	亢金龙_钧	data\source\player\F1\动作\F1swh01拂穴05.ani	data\source\other\特效\技能\SFX\被击\被击_明教被击02.Sfx	S_fxmid	0
64419	亢金龙_决	data\source\player\F1\动作\F1swh01拂穴05.ani			0
64421	心月狐_拂	data\source\player\F1\动作\F1swh01拂穴05.ani			0
64424	天极_移	data\source\player\F1\动作\F1swh01拂穴05.ani			0
64426	亢金龙_霆	data\source\player\F1\动作\F1swh01拂穴05.ani			0
64445	64445 天陨真龙坠	data\source\player\F1\动作\F1b02dj开启屠杀_01.tani			0
64446	64446 断脉封穴诀	data\source\player\F1\动作\F1swh01拂穴04.ani			0
64447	64447 七段七绝破	data\source\player\f1\动作\f1smj10乾坤大法buff04.tani			0
64448	64448 大天工化身	data\source\player\f1\动作\f1bqg弹跳前蓄力动作01.tani			0
64449	64449 断脉陨天诀	data\source\player\F1\动作\f1smj10圣火诀buff06.tani			0
64452	64452 坠星实际运功效果	data\source\player\f1\动作\f1swh01蓄力06-01.tani			0
64456	64456 逐星条形实际伤害	data\source\player\f1\动作\f1smj10乾坤大法buff04.tani			0
64501	毒圈持续伤害添加		data\source\other\特效\技能\SFX\被击\被击_明教被击05.Sfx		0
64502	天极_贯	data\source\player\F1\动作\F1swh01拂穴04.ani			0
64525	燃烧_伤害子技能	data\source\player\F1\动作\F1smj10圣火诀buff02a.tani			0
64525	燃烧_伤害子技能	data\source\player\F1\动作\F1npc_sk05c_南诏单剑_郁刃斩释放.tani			0
64533	乱伤害吸血子技能		data\source\other\特效\技能\SFX\被击\被击_明教被击05.Sfx		0
64538	念_伤害子技能		data\source\other\特效\技能\SFX\被击\被击_明教被击02.Sfx	S_fxmid	0
64540	周期六_伤害		data\source\other\特效\技能\SFX\被击\被击_明教被击01.Sfx	S_fxmid	0
64541	品尝_实际伤害子技能		data\source\other\特效\技能\SFX\被击\被击_藏剑攻击03_重剑_肉体.Sfx	S_fxmid	0
64606	连弩实际伤害		data\source\other\特效\技能\SFX\被击\被击_五毒攻击01.Sfx	S_fxmid	0
64607	房日兔_斡	data\source\player\F1\动作\F1swh01拂穴04.ani			0
64611	水泡爆炸		data\source\other\特效\技能\SFX\被击\被击_七秀攻击04.Sfx	S_fxmid	0
64619	吞噬子技能		data\source\other\特效\技能\SFX\被击\被击_藏剑攻击03_重剑_肉体.Sfx	S_fxmid	0
64635	飞剑实际伤害		data\source\other\特效\技能\SFX\被击\被击_七秀攻击04.Sfx	S_fxmid	0
64644	决范围选择		data\source\other\特效\技能\SFX\被击\被击_明教被击02.Sfx	S_fxmid	0
64645	亢金龙_链_范围单体伤害		data\source\other\特效\技能\SFX\被击\被击_明教被击02.Sfx	S_fxmid	0
64735	八荒衡鉴_明教_1段母技能	data\source\player\f1\动作\f1smj10组合刀攻击06_杀戮日.tani	data\source\other\特效\技能\SFX\被击\被击_明教被击01.Sfx	S_fxmid	0
64736	八荒衡鉴_明教_2段母技能	data\source\player\f1\动作\f1smj10双刀攻击04_月斩.tani	data\source\other\特效\技能\SFX\被击\被击_明教被击02.Sfx	S_fxmid	0
64737	八荒衡鉴_明教_终结技母技能	data\source\player\f1\动作\f1smj10圣火诀buff02.tani			0
64740	八荒衡鉴_明教_终结段伤害子技能	data\source\player\f1\动作\f1smj10双刀攻击06b三连.tani	data\source\other\特效\技能\SFX\被击\被击_明教被击01.Sfx	S_fxmid	0
64740	八荒衡鉴_明教_终结段伤害子技能	data\source\player\f1\动作\f1smj10组合刀攻击05_日照.tani	data\source\other\特效\技能\SFX\被击\被击_明教被击02.Sfx	S_fxmid	0
64740	八荒衡鉴_明教_终结段伤害子技能	data\source\player\f1\动作\f1smj10圣火诀buff05.tani	data\source\other\特效\技能\SFX\被击\被击_明教被击02.Sfx	S_fxmid	0
64741	八荒衡鉴_明教_爆层伤害子技能		data\source\other\特效\技能\SFX\被击\被击_明教被击05.Sfx		0
64785	心月狐_燎	data\source\player\F1\动作\F1swh01蓄力05去荒存精.tani			0
64786	心月狐_罟	data\source\player\f1\动作\f1stm09机关攻击04遁影.tani			0
64787	心月狐_陌	data\source\player\f1\动作\f1scy03纯阳技能09-01.tani			0
64788	心月狐_悟	data\source\player\f1\动作\f1scj07辅助技能04太虚飞仙.tani			0
64790	心月狐_燎_目标点AOE		data\source\other\特效\技能\SFX\被击\被击_明教被击01.Sfx	S_fxmid	0
64792	心月狐_罟_伤害	Data\source\player\F1\动作\F1stm09遥控01引爆.tani	data\source\other\特效\技能\SFX\被击\被击_明教被击01.Sfx	S_fxmid	0
64799	房日兔_局_目标点范围伤害		data\source\other\特效\技能\SFX\被击\被击_七秀攻击04.Sfx	S_fxmid	0
64801	房日兔_滑_1段扇形伤害	data\source\player\f1\动作\f1stc04枪攻击09.tani	data\source\other\特效\技能\SFX\被击\被击_七秀攻击04.Sfx	S_fxmid	0
64802	房日兔_滑_2段冲刺伤害	data\source\player\f1\动作\f1stm09匕首01毒刃.tani	data\source\other\特效\技能\SFX\被击\被击_七秀攻击04.Sfx	S_fxmid	0
64804	房日兔_锚_实际伤害AOE		data\source\other\特效\技能\SFX\被击\被击_七秀攻击04.Sfx	S_fxmid	0
64805	氐土貉_蕴	data\source\player\F1\动作\F1swh01蓄力05去荒存精.tani			0
64807	氐土貉_聚	data\source\player\f1\动作\f1scj07buff01_zp钟渡水.tani			0
64808	角木蛟_器	data\source\player\f1\动作\f1b02dj甩鞭01.tani			0
64809	角木蛟_频	data\source\player\F1\动作\F1swh01蓄力05去荒存精.tani			0
64810	角木蛟_晷	data\source\player\f1\动作\f1b02dj甩鞭01.tani			0
64811	尾火虎_霰	data\source\player\f1\动作\f1swd08诛皇蝎a.ani			0
64812	尾火虎_濯	data\source\player\F1\动作\F1swh01拂穴05.ani			0
64813	氐土貉_蕴_血量加成延迟范围伤害	data\source\player\F1\动作\F1swh01蓄力05去荒存精.tani	data\source\other\特效\技能\SFX\被击\被击_藏剑攻击03_重剑_肉体.Sfx	S_fxmid	0
64814	氐土貉_行_前方范围伤害和击退		data\source\other\特效\技能\SFX\被击\被击_藏剑攻击03_重剑_肉体.Sfx	S_fxmid	0
64815	氐土貉_聚_护盾结束范围伤害		data\source\other\特效\技能\SFX\被击\被击_藏剑攻击03_重剑_肉体.Sfx	S_fxmid	0
64816	角木蛟_器_机器人自爆范围伤害		data\source\other\特效\技能\SFX\被击\被击_五毒攻击01.Sfx	S_fxmid	0
64817	角木蛟_频_目标点范围伤害		data\source\other\特效\技能\SFX\被击\被击_五毒攻击01.Sfx	S_fxmid	0
64818	角木蛟_晷_生成范围伤害		data\source\other\特效\技能\SFX\被击\被击_五毒攻击01.Sfx	S_fxmid	0
64819	角木蛟_晷_位置范围伤害		data\source\other\特效\技能\SFX\被击\被击_五毒攻击01.Sfx	S_fxmid	0
64820	尾火虎_霰_范围伤害上DOT	data\source\player\F1\动作\F1swh01拂穴05.ani			0
64821	尾火虎_濯_机器人净化喷雾		data\source\other\特效\技能\SFX\被击\被击_明教被击05.Sfx		0
64824	尾火虎_霰_单体上DOT		data\source\other\特效\技能\SFX\被击\被击_明教被击05.Sfx		0
64832	心月狐_陌_实际单体伤害		data\source\other\特效\技能\SFX\被击\被击_明教被击01.Sfx	S_fxmid	0
64848	龙羽破星斩	data\source\player\F1\动作\F1smj10双刀buff04_日月同在.tani			0
64881	龙羽破星斩第一击	data\source\player\f1\动作\f1scy03纯阳技能10_星空斩击01.tani			0
64882	龙羽破星斩第二击	data\source\player\f1\动作\f1scj07轻剑攻击02d_星空斩击02.tani			0
64883	龙羽破星斩第三击	data\source\player\f1\动作\f1scy03剑攻击02_星空斩击03.tani			0
64898	绝境_横扫六合	data\source\player\F1\动作\f1s04sl棍技能13_HD01.tani			0
64899	绝境_捕风式	data\source\player\F1\动作\f1s04sl爪技能11_HD01.tani			0
64900	绝境_抱残式	data\source\player\F1\动作\F1ssl04爪攻击02.tani			0
64901	绝境_守缺式	data\source\player\F1\动作\f1s04sl爪技能15a_HD01.tani			0
64911			data\source\other\特效\技能\SFX\被击\被击_丐帮普通攻击b.Sfx	S_fxmid	0
64915		data\source\player\F1\动作\F1swd08召唤01_玉蟾引.tani			0
64916		data\source\player\F1\动作\F1swd08召唤01灵蛇引.tani			0
64923		data\source\player\F1\动作\F1swd08召唤01_风蜈引.tani			0
64928		Data\source\player\F1\动作\F1b02ty号角02_白虎.ani			0
64929			data\source\other\特效\技能\SFX\被击\被击_丐帮普通攻击b.Sfx	S_fxmid	0
64942		Data\source\player\F1\动作\F1b02ty号角02_白虎.ani			0
64943			data\source\other\特效\技能\SFX\被击\被击_丐帮普通攻击b.Sfx	S_fxmid	0
64947			data\source\other\特效\技能\SFX\被击\被击_丐帮普通攻击a.Sfx	S_fxmid	0
64947			data\source\other\特效\技能\SFX\被击\被击_丐帮普通攻击a.Sfx	S_fxmid	0
64947			data\source\other\特效\技能\SFX\被击\被击_丐帮普通攻击a.Sfx	S_fxmid	0
64947			data\source\other\特效\技能\SFX\被击\被击_丐帮普通攻击a.Sfx	S_fxmid	0
64947			data\source\other\特效\技能\SFX\被击\被击_丐帮普通攻击a.Sfx	S_fxmid	0
64948			data\source\other\特效\技能\SFX\被击\被击_丐帮普通攻击a.Sfx	S_fxmid	0
64949			data\source\other\特效\技能\SFX\被击\被击_丐帮普通攻击b.Sfx	S_fxmid	0
64950			data\source\other\特效\技能\SFX\被击\被击_丐帮普通攻击a.Sfx	S_fxmid	0
64951			data\source\other\特效\技能\SFX\被击\被击_丐帮普通攻击a.Sfx	S_fxmid	0
64952			data\source\other\特效\技能\SFX\被击\被击_丐帮普通攻击a.Sfx	S_fxmid	0
64954			data\source\other\特效\技能\SFX\被击\被击_丐帮普通攻击b.Sfx	S_fxmid	0
64955			data\source\other\特效\技能\SFX\被击\被击_丐帮普通攻击b.Sfx	S_fxmid	0
64960			data\source\other\特效\技能\SFX\被击\被击_丐帮普通攻击a.Sfx	S_fxmid	0
64967			data\source\other\特效\技能\SFX\被击\被击_丐帮普通攻击a.Sfx	S_fxmid	0
64968			data\source\other\特效\技能\SFX\被击\被击_丐帮普通攻击b.Sfx	S_fxmid	0
64970			data\source\other\特效\技能\SFX\被击\被击_丐帮普通攻击a.Sfx	S_fxmid	0
64972			data\source\other\特效\技能\SFX\被击\被击_丐帮普通攻击a.Sfx	S_fxmid	0
64981			data\source\other\特效\技能\SFX\被击\被击_丐帮普通攻击a.Sfx	S_fxmid	0
64982			data\source\other\特效\技能\SFX\被击\被击_丐帮普通攻击a.Sfx	S_fxmid	0
64991	绝境_拿云式	data\source\player\F1\动作\F1s04sl爪技能13_hd01.tani			0
64992	绝境_长针	data\source\player\F1\动作\F1s01wh针灸13b长针hd.tani			0
64993	绝境_商阳指	data\source\player\F1\动作\F1s01wh点穴12_商阳指hd.tani			0
64994	绝境_钟林毓秀	data\source\player\F1\动作\F1s01wh点穴14b_钟林毓秀hd.tani			0
64995	绝境·兰摧玉折	data\source\player\F1\动作\F1s01wh点穴13b_兰摧玉折hd.tani			0
64996	绝境_破风	data\source\player\F1\动作\F1s04tc技能11b_穿云hd.tani			0
65022	绝境_穿	data\source\player\F1\动作\F1stc04枪攻击09.tani	data\source\other\特效\技能\SFX\被击\被击_天策攻击09.Sfx	S_fxmid	0
65024	绝境_太极无极	data\source\player\F1\动作\F1s03cy气技能17_太极HD.tani			0
65026	绝境_三环套月	data\source\player\F1\动作\F1s03cy剑技能11b_三环HD.tani	data\source\other\HD特效\技能\Pss\被击\C_纯阳两仪爆02.pss	S_fxmid	0
65028	绝境_剑飞惊天	data\source\player\F1\动作\F1s03cy剑技能12_剑飞HD.tani	data\source\other\HD特效\技能\Pss\被击\C_纯阳两仪爆03.pss	S_fxmid	0
65029	绝境_龙牙	data\source\player\F1\动作\F1s04tc技能13_龙牙hd.tani	data\source\other\特效\技能\SFX\被击\被击_闪光01_龙牙.Sfx	S_fxmid	120
65035			data\source\other\特效\技能\SFX\被击\被击_丐帮普通攻击a.Sfx	S_fxmid	0
65036	绝境_龙吟	data\source\player\F1\动作\F1s04tc技能12_龙吟HD.tani	data\source\other\HD特效\技能\Pss\被击\T_天策被击03.pss	S_fxmid	0
65038	绝境_灭	data\source\player\F1\动作\F1s04tc技能17_灭HD.tani			0
65046	绝境_蛇影	data\source\player\F1\动作\F1swd08毒攻击02_蛇影.tani			0
65047	绝境_蟾啸	data\source\player\F1\动作\F1swd08毒攻击02_蟾啸.tani			0
65048	绝境_夺命蛊	data\source\player\F1\动作\F1swd08蛊攻击01_夺命蛊.tani			0
65049	绝境_迷心蛊	data\source\player\F1\动作\F1swd08蛊攻击01_迷心蛊.tani			0
65050	绝境_枯残蛊	data\source\player\F1\动作\F1swd08蛊攻击01_枯残蛊.tani			0
65052			data\source\other\特效\技能\SFX\被击\被击_丐帮普通攻击a.Sfx	S_fxmid	0
65053	绝境_化血镖	Data\source\player\F1\动作\F1stm09针攻击01毒芒针.tani			0
65054	绝境_孔雀翎	Data\source\player\F1\动作\F1stm09针攻击02孔雀.tani			0
65057			data\source\other\特效\技能\SFX\被击\被击_丐帮普通攻击a.Sfx	S_fxmid	0
65058	绝境_玉石俱焚	data\source\player\F1\动作\F1s01wh点穴15_玉石俱焚hd.tani			0
65059	绝境_两仪化形	data\source\player\F1\动作\F1s03cy气技能11_两仪HD.tani			0
65060	绝境_无我无剑	data\source\player\F1\动作\F1s03cy剑技能14_无我无剑HD.tani			0
65061	绝境_万剑归宗	data\source\player\F1\动作\F1s03cy剑技能13_万剑HD.tani	data\source\other\特效\技能\SFX\被击\被击_纯阳攻击04.Sfx	S_fxmid	0
65062	绝境_天地无极	data\source\player\F1\动作\F1s03cy剑技能11c.ani	data\source\other\HD特效\技能\Pss\被击\C_纯阳两仪爆01.pss	S_fxmid	0
65065	绝境_剑主天地	data\source\player\F1\动作\F1sqx05双剑攻击04.tani			0
65068	绝境_百足	data\source\player\F1\动作\F1swd08毒攻击03_百足.tani			0
65071	绝境_追命箭	Data\source\player\F1\动作\F1stm09弩攻击03夺命01.tani			0
65074	绝境_穿心弩	Data\source\player\F1\动作\F1stm09弩攻击05撕裂弩.tani			0
65075	绝境_听雷	data\source\player\F1\动作\F1s07cj内功轻剑12_听雷HD.tani	data\source\other\特效\技能\SFX\被击\被击_藏剑攻击02_单手剑_肉体.Sfx	S_fxmid	0
65076	绝境_云飞玉皇	data\source\player\F1\动作\F1s07cj重剑技能11b_云飞HD.tani			0
65084	幽月轮第一段子技能	data\source\player\F1\动作\F1smj10双刀攻击01.tani			0
65085	幽月轮第二段子技能	data\source\player\F1\动作\F1smj10双刀攻击02.tani			0
65086	幽月轮第三段子技能	data\source\player\F1\动作\F1smj10双刀攻击03.tani			0
65087	绝境_净世破魔击	data\source\player\F1\动作\F1smj10组合刀攻击06_杀戮日.tani			90
65089	绝境_烈日斩	data\source\player\F1\动作\F1smj10组合刀攻击04_日斩.tani			0
65090	绝境_银月斩	data\source\player\F1\动作\F1smj10双刀攻击04_月斩.tani			0
65095	绝境_生死劫	data\source\player\F1\动作\F1smj10乾坤大法buff04.tani			0
65096	绝境_驱夜断愁	data\source\player\F1\动作\F1smj10双刀攻击10连杀.tani			0
65097	绝境_韦陀献杵	data\source\player\F1\动作\f1s04sl棍技能12_HD02.tani			0
65098	绝境_摩诃无量	data\source\player\F1\动作\f1s04sl棍技能14_HD03.tani			0
65100	绝境_捉影式	data\source\player\F1\动作\f1s04sl爪技能14c_HD01.tani			0
65101	绝境_五蕴皆空	data\source\player\F1\动作\F1ssl04袈裟攻击05.tani			0
65103	绝境_大狮子吼	data\source\player\F1\动作\f1ssl04技能06_hd01.tani			0
65104	绝境_无相诀	data\source\player\F1\动作\f1s04sl技能12_HD01.tani			0
65105	绝境_春泥护花	data\source\player\F1\动作\F1s01wh技能15_春泥HD.tani			0
65107	绝境_星楼月影	data\source\player\F1\动作\F1s01wh技能12_星楼月影hd.tani			0
65108	绝境_少明指	data\source\player\F1\动作\F1s01wh点穴21b_少明指HD.tani			0
65109	绝境_芙蓉并蒂	data\source\player\F1\动作\F1s01wh点穴20_芙蓉并蒂HD.tani			0
65113	绝境_傍花随柳	data\source\player\F1\动作\F1swh01拂穴02.tani			0
65116	绝境_沧月	data\source\player\F1\动作\F1s04tc技能20_沧月hd.tani			0
65118	绝境_疾如风	data\source\player\F1\动作\F1s04tc技能24_疾如风hd.tani			0
65119	绝境_撼如雷	data\source\player\F1\动作\F1s04tc技能22_撼HD.tani			0
65120	绝境_渊	data\source\player\F1\动作\F1s04tc技能18a_渊HD.tani			120
65123	绝境_破坚阵	data\source\player\F1\动作\F1s04tc技能27_骑乘破坚阵HD.tani			0
65124	绝境_裂苍穹	Data\source\player\F1\动作\F1stc04枪攻击17-骑乘.tani			0
65127	绝境·冲阴阳	data\source\player\F1\动作\F1scy03技能05-04.tani			0
65133	绝境·碎星辰	data\source\player\F1\动作\F1s03cy技能17b_碎星辰HD.tani			0
65136	绝境·破苍穹	data\source\player\F1\动作\F1s03cy技能15b_破苍穹HD.tani			0
65138	绝境·凌太虚	data\source\player\F1\动作\F1scy03技能05-05.tani			0
65140	绝境_吞日月	data\source\player\F1\动作\F1s03cy技能18b_吞日月HD.tani			0
65142	绝境_生太极	data\source\player\F1\动作\F1s03cy技能16b_生太极hd.tani			0
65144	绝境_任驰骋	Data\source\player\F1\动作\F1H上马01.ani	data\source\other\特效\技能\SFX\被击\被击_天策攻击09.Sfx	S_fxmid	0
65145	绝境_三才化生	data\source\player\F1\动作\F1s03cy气技能18_三才hd.tani			0
65146	绝境_七星拱瑞	data\source\player\F1\动作\F1s03cy气技能15b_七星HD.tani			0
65149	绝境_五方行尽	data\source\player\F1\动作\F1s03cy气技能13_五方HD.tani			0
65150	绝境_人剑合一	data\source\player\F1\动作\F1s03cy剑技能15_人剑合一hd.tani			0
65153	绝境_大道无术	data\source\player\F1\动作\F1scy03纯阳技能11_大道无术hd.tani			0
65154	绝境_坐忘无我	data\source\player\F1\动作\F1s03cy技能11_坐忘HD.tani			0
65155	绝境_剑转流云	data\source\player\F1\动作\F1s05qx剑技能14_剑转流云HD.tani			0
65156	绝境_雷霆震怒	data\source\player\F1\动作\F1s05qx剑技能25_雷霆震怒hd.tani			0
65157	绝境_绛唇珠袖	data\source\player\F1\动作\F1s05qx剑技能26_绛唇珠袖hd.tani			0
65159	绝境_帝骖龙翔	data\source\player\F1\动作\F1s05qx剑技能23_帝骖龙翔HD.tani			0
65160	绝境_天地低昂	data\source\player\F1\动作\F1s05qx剑技能20_天地低昂hd.tani			0
65161	绝境_鹊踏枝	data\source\player\F1\动作\F1s05qx剑技能22_鹊踏枝HD.tani			0
65162	绝境_蛊虫献祭	data\source\player\F1\动作\F1swd08牺牲01_粉身碎骨.tani			0
65163	绝境_女娲补天	data\source\player\F1\动作\F1swd08变身01_变身.tani			0
65164		Data\source\player\F1\动作\F1b01ty套马01b.tani			0
65165	绝境·雷震子	Data\source\player\F1\动作\F1stm09控制03雷震子.tani	data\source\other\特效\技能\SFX\被击\被击_唐门被击01.sfx	Bip01 L Foot	0
65167	绝境_镇山河	data\source\player\F1\动作\F1s03cy技能13b_镇山河.tani			0
65170			data\source\other\特效\技能\SFX\被击\被击_丐帮普通攻击a.Sfx	S_fxmid	0
65172		data\source\player\F1\动作\F1b02ty外装102_空手舞01_金HD.tani	data\source\other\特效\技能\SFX\被击\被击_丐帮普通攻击a.Sfx	S_fxmid	0
65173		data\source\player\F1\动作\F1b02ty外装103_孔雀舞01_金色HD.tani	data\source\other\特效\技能\SFX\被击\被击_丐帮普通攻击a.Sfx	S_fxmid	0
65187			data\source\other\HD特效\技能\Pss\被击\C_纯阳两仪爆01.pss	S_fxmid	0
65189			data\source\other\特效\技能\SFX\被击\被击_七秀攻击08.Sfx	S_fxmid	0
65199			data\source\other\特效\技能\SFX\被击\被击_藏剑攻击03_重剑_肉体.Sfx	S_fxmid	0
65203			data\source\other\新特效\技能\Pss\被击\C_苍云爆03.pss	S_fxmid	0
65205			data\source\other\HD特效\技能\Pss\被击\C_纯阳两仪爆03.pss	S_fxmid	0
65238			data\source\other\特效\技能\SFX\被击\被击_丐帮普通攻击a.Sfx	S_fxmid	0
65240	绝境_疾	data\source\player\F1\动作\F1s04tc技能16_疾HD.tani			0
65243	绝境_暗尘弥散	data\source\player\F1\动作\F1smj10双刀buff03隐匿.tani			0
65244	绝境_浮光掠影	Data\source\player\F1\动作\F1stm09伪装01影遁.tani			0
65250	绝境_啸如虎	data\source\player\F1\动作\F1s04tc技能25_啸如虎01HD.tani			0
65251	绝境_风袖低昂	data\source\player\F1\动作\F1s05qx扇技能12_风袖HD.tani			0
65254	绝境_千蝶吐瑞	data\source\player\F1\动作\F1swd08治疗03_金蝉吐瑞.tani			0
65667	绝境_亢龙有悔	data\source\player\f1\动作\f1sgb11掌法攻击18a01_亢龙有悔.tani			0
65669	绝境_龙战于野	data\source\player\f1\动作\f1sgb11掌法攻击02a_01.tani			0
65670	绝境_潜龙勿用	data\source\player\f1\动作\f1sgb11掌法攻击23_飞龙在天.tani			0
65672	绝境_笑醉狂	data\source\player\F1\动作\F1sqg11gbbuff01_hd.tani			0
65678	绝境_棒打狗头伤害	data\source\player\f1\动作\f1sgb11棒法攻击01b.tani			0
102044		data\source\player\f1\动作\f1lz02_xl01_提多罗吒_龙象蓄力.tani			0
102352		data\source\player\f1\动作\f1lz02_xl01_提多罗吒_龙象蓄力.tani			0
102419		data\source\player\f1\动作\f1b22wxl技能08.tani			0
102622		data\source\player\F1\动作\f1lz02_sk13a_肖红_冲刺黄01.tani			0
102623		data\source\player\f1\动作\f1lz03_sk02a_拓跋思南_冲.tani			0
