script	school	kind	fields_json	levels_json	calls	attrs
Default.lua		plain	{}	[{"nDamageBase": "0", "nDamageRand": "0", "nCostMana": "0"}, {"nDamageBase": "0", "nDamageRand": "0", "nCostMana": "0"}, {"nDamageBase": "0", "nDamageRand": "0", "nCostMana": "0"}, {"nDamageBase": "0", "nDamageRand": "0", "nCostMana": "0"}, {"nDamageBase": "0", "nDamageRand": "0", "nCostMana": "0"}, {"nDamageBase": "0", "nDamageRand": "0", "nCostMana": "0"}, {"nDamageBase": "0", "nDamageRand": "0", "nCostMana": "0"}, {"nDamageBase": "0", "nDamageRand": "0", "nCostMana": "0"}, {"nDamageBase": "0", "nDamageRand": "0", "nCostMana": "0"}, {"nDamageBase": "0", "nDamageRand": "0", "nCostMana": "0"}]		
Carrier\神机台_扫射低伤.lua	Carrier	plain	{"nMinRadius": "0 * LENGTH_BASE", "nMaxRadius": "35 * LENGTH_BASE", "nAngleRange": "64", "nAreaRadius": "35 * LENGTH_BASE", "nWeaponDamagePercent": "0"}	[{"nDamageBase": "nDamageStandard", "nDamageRand": "0", "nCostMana": "0"}, {"nDamageBase": "nDamageStandard", "nDamageRand": "0", "nCostMana": "0"}, {"nDamageBase": "nDamageStandard * 1.1", "nDamageRand": "0", "nCostMana": "0"}, {"nDamageBase": "nDamageStandard * 1.1", "nDamageRand": "0", "nCostMana": "0"}, {"nDamageBase": "nDamageStandard * 1.5", "nDamageRand": "0", "nCostMana": "0"}, {"nDamageBase": "nDamageStandard * 1.5", "nDamageRand": "0", "nCostMana": "0"}, {"nDamageBase": "nDamageStandard * 1.6", "nDamageRand": "0", "nCostMana": "0"}]		CALL_ADAPTIVE_DAMAGE;SKILL_ADAPTIVE_DAMAGE;SKILL_ADAPTIVE_DAMAGE_RAND
Carrier\神机台_扫射低火伤.lua	Carrier	plain	{"nMinRadius": "0 * LENGTH_BASE", "nMaxRadius": "35 * LENGTH_BASE", "nAngleRange": "64", "nAreaRadius": "35 * LENGTH_BASE", "nWeaponDamagePercent": "0"}	[{"nDamageBase": "nDamageStandard", "nDamageRand": "0", "nCostMana": "0"}, {"nDamageBase": "nDamageStandard", "nDamageRand": "0", "nCostMana": "0"}, {"nDamageBase": "nDamageStandard * 1.1", "nDamageRand": "0", "nCostMana": "0"}, {"nDamageBase": "nDamageStandard * 1.1", "nDamageRand": "0", "nCostMana": "0"}, {"nDamageBase": "nDamageStandard * 1.5", "nDamageRand": "0", "nCostMana": "0"}, {"nDamageBase": "nDamageStandard * 1.5", "nDamageRand": "0", "nCostMana": "0"}, {"nDamageBase": "nDamageStandard * 1.6", "nDamageRand": "0", "nCostMana": "0"}]		CALL_ADAPTIVE_DAMAGE;SKILL_ADAPTIVE_DAMAGE;SKILL_ADAPTIVE_DAMAGE_RAND
Carrier\神机台_扫射高伤.lua	Carrier	plain	{"nMinRadius": "0 * LENGTH_BASE", "nMaxRadius": "35 * LENGTH_BASE", "nAngleRange": "64", "nAreaRadius": "35 * LENGTH_BASE", "nWeaponDamagePercent": "0"}	[{"nDamageBase": "nDamageStandard", "nDamageRand": "0", "nCostMana": "0"}, {"nDamageBase": "nDamageStandard", "nDamageRand": "0", "nCostMana": "0"}, {"nDamageBase": "nDamageStandard * 1.1", "nDamageRand": "0", "nCostMana": "0"}, {"nDamageBase": "nDamageStandard * 1.1", "nDamageRand": "0", "nCostMana": "0"}, {"nDamageBase": "nDamageStandard * 2", "nDamageRand": "0", "nCostMana": "0"}, {"nDamageBase": "nDamageStandard * 2", "nDamageRand": "0", "nCostMana": "0"}, {"nDamageBase": "nDamageStandard * 2.1", "nDamageRand": "0", "nCostMana": "0"}]		CALL_ADAPTIVE_DAMAGE;SKILL_ADAPTIVE_DAMAGE;SKILL_ADAPTIVE_DAMAGE_RAND
Carrier\神机台_扫射高火伤.lua	Carrier	plain	{"nMinRadius": "0 * LENGTH_BASE", "nMaxRadius": "35 * LENGTH_BASE", "nAngleRange": "64", "nAreaRadius": "35 * LENGTH_BASE", "nWeaponDamagePercent": "0"}	[{"nDamageBase": "nDamageStandard", "nDamageRand": "0", "nCostMana": "0"}, {"nDamageBase": "nDamageStandard", "nDamageRand": "0", "nCostMana": "0"}, {"nDamageBase": "nDamageStandard * 1.1", "nDamageRand": "0", "nCostMana": "0"}, {"nDamageBase": "nDamageStandard * 1.1", "nDamageRand": "0", "nCostMana": "0"}, {"nDamageBase": "nDamageStandard * 2", "nDamageRand": "0", "nCostMana": "0"}, {"nDamageBase": "nDamageStandard * 2", "nDamageRand": "0", "nCostMana": "0"}, {"nDamageBase": "nDamageStandard * 2.1", "nDamageRand": "0", "nCostMana": "0"}]		CALL_ADAPTIVE_DAMAGE;SKILL_ADAPTIVE_DAMAGE;SKILL_ADAPTIVE_DAMAGE_RAND
Carrier\神机台_穿心弩.lua	Carrier	plain	{"nMinRadius": "0 * LENGTH_BASE", "nMaxRadius": "30 * LENGTH_BASE", "nAngleRange": "64", "nAreaRadius": "35 * LENGTH_BASE", "nWeaponDamagePercent": "0"}	[{"nDamageBase": "0", "nDamageRand": "0", "nCostMana": "0"}, {"nDamageBase": "0", "nDamageRand": "0", "nCostMana": "0"}, {"nDamageBase": "0", "nDamageRand": "0", "nCostMana": "0"}, {"nDamageBase": "0", "nDamageRand": "0", "nCostMana": "0"}, {"nDamageBase": "0", "nDamageRand": "0", "nCostMana": "0"}, {"nDamageBase": "0", "nDamageRand": "0", "nCostMana": "0"}, {"nDamageBase": "0", "nDamageRand": "0", "nCostMana": "0"}, {"nDamageBase": "0", "nDamageRand": "0", "nCostMana": "0"}, {"nDamageBase": "0", "nDamageRand": "0", "nCostMana": "0"}, {"nDamageBase": "0", "nDamageRand": "0", "nCostMana": "0"}]	SetNormalCoolDown(1, 723)	EXECUTE_SCRIPT
include\21年10月新boss伤害data.lua	include	bytecode	{}	[]		
item\橙武_易筋经_韦陀献杵回豆.lua	item	plain	{"nMaxRadius": "25 * LENGTH_BASE", "nAngleRange": "256"}	[]		ACCUMULATE
item\橙武_花间游_重置花语酥心.lua	item	plain	{"nMaxRadius": "10 * LENGTH_BASE", "nAngleRange": "256"}	[]	SetCheckCoolDown(1, 444)	CLEAR_COOL_DOWN
item\真药（万花）.lua	item	bytecode	{}	[]		bIgnorePrepareState;nMinRadius;nMaxRadius;nAreaRadius;nAngleRange
Map\洛道_李渡城\毒雾.lua	Map	plain	{"nMinRadius": "0 * LENGTH_BASE", "nMaxRadius": "100 * LENGTH_BASE", "nAngleRange": "256", "nAreaRadius": "8 * dwSkillLevel * LENGTH_BASE"}	[]		EXECUTE_SCRIPT
npc\NPC_伤害\NPC_伤害_远程_一般攻击_10.lua	npc	plain	{"nMaxRadius": "60.0 * LENGTH_BASE", "nAngleRange": "128", "nWeaponDamagePercent": "1024 * 1.5"}	[]		CALL_PHYSICS_DAMAGE
npc\体验战场机器人\万花_商阳指.lua	npc	plain	{"nMinRadius": "0 * LENGTH_BASE", "nMaxRadius": "20 * LENGTH_BASE"}	[{"nDamageBase": "0", "nDamageRand": "0", "nCostMana": "0"}, {"nDamageBase": "0", "nDamageRand": "0", "nCostMana": "0"}, {"nDamageBase": "0", "nDamageRand": "0", "nCostMana": "0"}, {"nDamageBase": "0", "nDamageRand": "0", "nCostMana": "0"}, {"nDamageBase": "0", "nDamageRand": "0", "nCostMana": "0"}, {"nDamageBase": "0", "nDamageRand": "0", "nCostMana": "0"}, {"nDamageBase": "0", "nDamageRand": "0", "nCostMana": "0"}, {"nDamageBase": "0", "nDamageRand": "0", "nCostMana": "0"}, {"nDamageBase": "0", "nDamageRand": "0", "nCostMana": "0"}, {"nDamageBase": "0", "nDamageRand": "0", "nCostMana": "0"}]		EXECUTE_SCRIPT
npc\体验战场机器人\体验战场伤害头文件.lua	npc	plain	{}	[]		
npc\体验战场机器人\唐门_孔雀翎.lua	npc	plain	{"nMinRadius": "0 * LENGTH_BASE", "nMaxRadius": "25 * LENGTH_BASE", "nAngleRange": "256", "nAreaRadius": "10 * LENGTH_BASE"}	[{"nDamageBase": "0", "nDamageRand": "0", "nCostMana": "0"}, {"nDamageBase": "0", "nDamageRand": "0", "nCostMana": "0"}, {"nDamageBase": "0", "nDamageRand": "0", "nCostMana": "0"}, {"nDamageBase": "0", "nDamageRand": "0", "nCostMana": "0"}, {"nDamageBase": "0", "nDamageRand": "0", "nCostMana": "0"}, {"nDamageBase": "0", "nDamageRand": "0", "nCostMana": "0"}, {"nDamageBase": "0", "nDamageRand": "0", "nCostMana": "0"}, {"nDamageBase": "0", "nDamageRand": "0", "nCostMana": "0"}, {"nDamageBase": "0", "nDamageRand": "0", "nCostMana": "0"}, {"nDamageBase": "0", "nDamageRand": "0", "nCostMana": "0"}]		EXECUTE_SCRIPT
npc\体验战场机器人\轻功_聂云.lua	npc	plain	{}	[{"nDamageBase": "0", "nDamageRand": "0", "nCostMana": "0"}, {"nDamageBase": "0", "nDamageRand": "0", "nCostMana": "0"}, {"nDamageBase": "0", "nDamageRand": "0", "nCostMana": "0"}, {"nDamageBase": "0", "nDamageRand": "0", "nCostMana": "0"}, {"nDamageBase": "0", "nDamageRand": "0", "nCostMana": "0"}, {"nDamageBase": "0", "nDamageRand": "0", "nCostMana": "0"}, {"nDamageBase": "0", "nDamageRand": "0", "nCostMana": "0"}, {"nDamageBase": "0", "nDamageRand": "0", "nCostMana": "0"}, {"nDamageBase": "0", "nDamageRand": "0", "nCostMana": "0"}, {"nDamageBase": "0", "nDamageRand": "0", "nCostMana": "0"}]		DASH_FORWARD
npc\副本BOSS\荻花宫_BOSS3_斗转星移.lua	npc	plain	{"nMinRadius": "0 * LENGTH_BASE", "nMaxRadius": "5 * LENGTH_BASE", "nAngleRange": "256"}	[{"nDamageBase": "0", "nDamageRand": "0", "nCostMana": "38"}, {"nDamageBase": "0", "nDamageRand": "0", "nCostMana": "38"}, {"nDamageBase": "0", "nDamageRand": "0", "nCostMana": "38"}, {"nDamageBase": "0", "nDamageRand": "0", "nCostMana": "38"}, {"nDamageBase": "0", "nDamageRand": "0", "nCostMana": "38"}, {"nDamageBase": "0", "nDamageRand": "0", "nCostMana": "38"}, {"nDamageBase": "0", "nDamageRand": "0", "nCostMana": "38"}, {"nDamageBase": "0", "nDamageRand": "0", "nCostMana": "38"}, {"nDamageBase": "0", "nDamageRand": "0", "nCostMana": "38"}, {"nDamageBase": "0", "nDamageRand": "0", "nCostMana": "38"}, {"nDamageBase": "0", "nDamageRand": "0", "nCostMana": "38"}, {"nDamageBase": "0", "nDamageRand": "0", "nCostMana": "38"}, {"nDamageBase": "0", "nDamageRand": "0", "nCostMana": "38"}, {"nDamageBase": "0", "nDamageRand": "0", "nCostMana": "38"}, {"nDamageBase": "0", "nDamageRand": "0", "nCostMana": "38"}, {"nDamageBase": "0", "nDamageRand": "0", "nCostMana": "38"}, {"nDamageBase": "0", "nDamageRand": "0", "nCostMana": "38"}, {"nDamageBase": "0", "nDamageRand": "0", "nCostMana": "38"}, {"nDamageBase": "0", "nDamageRand": "0", "nCostMana": "38"}, {"nDamageBase": "0", "nDamageRand": "0", "nCostMana": "38"}]		
npc\副本BOSS\25人谢云流\万剑归宗.lua	npc	plain	{"nMaxRadius": "30 * LENGTH_BASE", "nAngleRange": "256", "nAreaRadius": "10 * LENGTH_BASE"}	[{"nDamageBase": "5500 * 0.8", "nDamageRand": "5500 * 0.4", "nCostMana": "0"}, {"nDamageBase": "297 * 0.8", "nDamageRand": "297 * 0.4", "nCostMana": "0"}, {"nDamageBase": "5500 * 0.8", "nDamageRand": "5500 * 0.4", "nCostMana": "0"}, {"nDamageBase": "48750 * 0.8", "nDamageRand": "48750 * 0.4", "nCostMana": "0"}, {"nDamageBase": "1052 * 0.8", "nDamageRand": "1052 * 0.4", "nCostMana": "0"}, {"nDamageBase": "1381 * 0.8", "nDamageRand": "1381 * 0.4", "nCostMana": "0"}, {"nDamageBase": "1900 * 0.8", "nDamageRand": "1900 * 0.4", "nCostMana": "0"}, {"nDamageBase": "2265 * 0.8", "nDamageRand": "2265 * 0.4", "nCostMana": "0"}, {"nDamageBase": "2631 * 0.8", "nDamageRand": "2631 * 0.4", "nCostMana": "0"}, {"nDamageBase": "2996 * 0.8", "nDamageRand": "2996 * 0.4", "nCostMana": "0"}, {"nDamageBase": "3362 * 0.8", "nDamageRand": "3362 * 0.4", "nCostMana": "0"}, {"nDamageBase": "3727 * 0.8", "nDamageRand": "3727 * 0.4", "nCostMana": "0"}, {"nDamageBase": "4093 * 0.8", "nDamageRand": "4093 * 0.4", "nCostMana": "0"}, {"nDamageBase": "4458 * 0.8", "nDamageRand": "4458 * 0.4", "nCostMana": "0"}, {"nDamageBase": "7300 * 0.8", "nDamageRand": "7300 * 0.4", "nCostMana": "0"}, {"nDamageBase": "5385 * 0.8", "nDamageRand": "5385 * 0.4", "nCostMana": "0"}, {"nDamageBase": "5507 * 0.8", "nDamageRand": "5507 * 0.4", "nCostMana": "0"}, {"nDamageBase": "5629 * 0.8", "nDamageRand": "5629 * 0.4", "nCostMana": "0"}, {"nDamageBase": "5751 * 0.8", "nDamageRand": "5751 * 0.4", "nCostMana": "0"}, {"nDamageBase": "5873 * 0.8", "nDamageRand": "5873 * 0.4", "nCostMana": "0"}, {"nDamageBase": "5995 * 0.8", "nDamageRand": "5995 * 0.4", "nCostMana": "0"}, {"nDamageBase": "6117 * 0.8", "nDamageRand": "6117 * 0.4", "nCostMana": "0"}, {"nDamageBase": "6238 * 0.8", "nDamageRand": "6238 * 0.4", "nCostMana": "0"}, {"nDamageBase": "6360 * 0.8", "nDamageRand": "6360 * 0.4", "nCostMana": "0"}, {"nDamageBase": "6482 * 0.8", "nDamageRand": "6482 * 0.4", "nCostMana": "0"}, {"nDamageBase": "6604 * 0.8", "nDamageRand": "6604 * 0.4", "nCostMana": "0"}, {"nDamageBase": "6726 * 0.8", "nDamageRand": "6726 * 0.4", "nCostMana": "0"}, {"nDamageBase": "6848 * 0.8", "nDamageRand": "6848 * 0.4", "nCostMana": "0"}, {"nDamageBase": "6970 * 0.8", "nDamageRand": "6970 * 0.4", "nCostMana": "0"}, {"nDamageBase": "7092 * 0.8", "nDamageRand": "7092 * 0.4", "nCostMana": "0"}, {"nDamageBase": "7214 * 0.8", "nDamageRand": "7214 * 0.4", "nCostMana": "0"}]		CALL_NEUTRAL_DAMAGE;SKILL_NEUTRAL_DAMAGE;SKILL_NEUTRAL_DAMAGE_RAND
npc\副本BOSS\25人谢云流\凌太虚·霄风.lua	npc	plain	{"nMaxRadius": "30 * LENGTH_BASE", "nAngleRange": "256", "nAreaRadius": "10 * LENGTH_BASE", "nBeatBackRate": "0", "nBrokenRate": "1 * PERCENT_BASE"}	[]		
npc\副本BOSS\25人谢云流\凌太虚·霄风·人剑合一.lua	npc	plain	{"nMaxRadius": "30 * LENGTH_BASE", "nAngleRange": "256", "nAreaRadius": "10 * LENGTH_BASE", "nBeatBackRate": "0", "nBrokenRate": "1 * PERCENT_BASE"}	[]		
npc\副本BOSS\25人谢云流\坐忘无我.lua	npc	plain	{"nMaxRadius": "30 * LENGTH_BASE", "nBeatBackRate": "0", "nBrokenRate": "1 * PERCENT_BASE"}	[{"nDamageBase": "217 * 0.8", "nDamageRand": "217 * 0.4", "nCostMana": "0"}, {"nDamageBase": "297 * 0.8", "nDamageRand": "297 * 0.4", "nCostMana": "0"}, {"nDamageBase": "504 * 0.8", "nDamageRand": "504 * 0.4", "nCostMana": "0"}, {"nDamageBase": "723 * 0.8", "nDamageRand": "723 * 0.4", "nCostMana": "0"}, {"nDamageBase": "1052 * 0.8", "nDamageRand": "1052 * 0.4", "nCostMana": "0"}, {"nDamageBase": "1381 * 0.8", "nDamageRand": "1381 * 0.4", "nCostMana": "0"}, {"nDamageBase": "1900 * 0.8", "nDamageRand": "1900 * 0.4", "nCostMana": "0"}, {"nDamageBase": "2265 * 0.8", "nDamageRand": "2265 * 0.4", "nCostMana": "0"}, {"nDamageBase": "2631 * 0.8", "nDamageRand": "2631 * 0.4", "nCostMana": "0"}, {"nDamageBase": "2996 * 0.8", "nDamageRand": "2996 * 0.4", "nCostMana": "0"}, {"nDamageBase": "3362 * 0.8", "nDamageRand": "3362 * 0.4", "nCostMana": "0"}, {"nDamageBase": "3727 * 0.8", "nDamageRand": "3727 * 0.4", "nCostMana": "0"}, {"nDamageBase": "4093 * 0.8", "nDamageRand": "4093 * 0.4", "nCostMana": "0"}, {"nDamageBase": "4458 * 0.8", "nDamageRand": "4458 * 0.4", "nCostMana": "0"}, {"nDamageBase": "4824 * 0.8", "nDamageRand": "4824 * 0.4", "nCostMana": "0"}, {"nDamageBase": "5385 * 0.8", "nDamageRand": "5385 * 0.4", "nCostMana": "0"}, {"nDamageBase": "5507 * 0.8", "nDamageRand": "5507 * 0.4", "nCostMana": "0"}, {"nDamageBase": "5629 * 0.8", "nDamageRand": "5629 * 0.4", "nCostMana": "0"}, {"nDamageBase": "5751 * 0.8", "nDamageRand": "5751 * 0.4", "nCostMana": "0"}, {"nDamageBase": "5873 * 0.8", "nDamageRand": "5873 * 0.4", "nCostMana": "0"}, {"nDamageBase": "5995 * 0.8", "nDamageRand": "5995 * 0.4", "nCostMana": "0"}, {"nDamageBase": "6117 * 0.8", "nDamageRand": "6117 * 0.4", "nCostMana": "0"}, {"nDamageBase": "6238 * 0.8", "nDamageRand": "6238 * 0.4", "nCostMana": "0"}, {"nDamageBase": "6360 * 0.8", "nDamageRand": "6360 * 0.4", "nCostMana": "0"}, {"nDamageBase": "6482 * 0.8", "nDamageRand": "6482 * 0.4", "nCostMana": "0"}, {"nDamageBase": "6604 * 0.8", "nDamageRand": "6604 * 0.4", "nCostMana": "0"}, {"nDamageBase": "6726 * 0.8", "nDamageRand": "6726 * 0.4", "nCostMana": "0"}, {"nDamageBase": "6848 * 0.8", "nDamageRand": "6848 * 0.4", "nCostMana": "0"}, {"nDamageBase": "6970 * 0.8", "nDamageRand": "6970 * 0.4", "nCostMana": "0"}, {"nDamageBase": "7092 * 0.8", "nDamageRand": "7092 * 0.4", "nCostMana": "0"}, {"nDamageBase": "7214 * 0.8", "nDamageRand": "7214 * 0.4", "nCostMana": "0"}]		CALL_NEUTRAL_DAMAGE;SKILL_NEUTRAL_DAMAGE;SKILL_NEUTRAL_DAMAGE_RAND
npc\副本BOSS\25人谢云流\生太极.lua	npc	plain	{"nMaxRadius": "30 * LENGTH_BASE", "nAngleRange": "256", "nAreaRadius": "10 * LENGTH_BASE", "nBeatBackRate": "0", "nBrokenRate": "1 * PERCENT_BASE"}	[{"nDamageBase": "9500 * 0.8", "nDamageRand": "9500 * 0.4", "nCostMana": "0"}, {"nDamageBase": "297 * 0.8", "nDamageRand": "297 * 0.4", "nCostMana": "0"}, {"nDamageBase": "9500 * 0.8", "nDamageRand": "9500 * 0.4", "nCostMana": "0"}, {"nDamageBase": "723 * 0.8", "nDamageRand": "723 * 0.4", "nCostMana": "0"}, {"nDamageBase": "1052 * 0.8", "nDamageRand": "1052 * 0.4", "nCostMana": "0"}, {"nDamageBase": "1381 * 0.8", "nDamageRand": "1381 * 0.4", "nCostMana": "0"}, {"nDamageBase": "1900 * 0.8", "nDamageRand": "1900 * 0.4", "nCostMana": "0"}, {"nDamageBase": "2265 * 0.8", "nDamageRand": "2265 * 0.4", "nCostMana": "0"}, {"nDamageBase": "2631 * 0.8", "nDamageRand": "2631 * 0.4", "nCostMana": "0"}, {"nDamageBase": "2996 * 0.8", "nDamageRand": "2996 * 0.4", "nCostMana": "0"}, {"nDamageBase": "3362 * 0.8", "nDamageRand": "3362 * 0.4", "nCostMana": "0"}, {"nDamageBase": "3727 * 0.8", "nDamageRand": "3727 * 0.4", "nCostMana": "0"}, {"nDamageBase": "4093 * 0.8", "nDamageRand": "4093 * 0.4", "nCostMana": "0"}, {"nDamageBase": "4458 * 0.8", "nDamageRand": "4458 * 0.4", "nCostMana": "0"}, {"nDamageBase": "9500 * 0.8", "nDamageRand": "9500 * 0.4", "nCostMana": "0"}, {"nDamageBase": "5385 * 0.8", "nDamageRand": "5385 * 0.4", "nCostMana": "0"}, {"nDamageBase": "5507 * 0.8", "nDamageRand": "5507 * 0.4", "nCostMana": "0"}, {"nDamageBase": "5629 * 0.8", "nDamageRand": "5629 * 0.4", "nCostMana": "0"}, {"nDamageBase": "5751 * 0.8", "nDamageRand": "5751 * 0.4", "nCostMana": "0"}, {"nDamageBase": "5873 * 0.8", "nDamageRand": "5873 * 0.4", "nCostMana": "0"}, {"nDamageBase": "5995 * 0.8", "nDamageRand": "5995 * 0.4", "nCostMana": "0"}, {"nDamageBase": "6117 * 0.8", "nDamageRand": "6117 * 0.4", "nCostMana": "0"}, {"nDamageBase": "6238 * 0.8", "nDamageRand": "6238 * 0.4", "nCostMana": "0"}, {"nDamageBase": "6360 * 0.8", "nDamageRand": "6360 * 0.4", "nCostMana": "0"}, {"nDamageBase": "6482 * 0.8", "nDamageRand": "6482 * 0.4", "nCostMana": "0"}, {"nDamageBase": "6604 * 0.8", "nDamageRand": "6604 * 0.4", "nCostMana": "0"}, {"nDamageBase": "6726 * 0.8", "nDamageRand": "6726 * 0.4", "nCostMana": "0"}, {"nDamageBase": "6848 * 0.8", "nDamageRand": "6848 * 0.4", "nCostMana": "0"}, {"nDamageBase": "6970 * 0.8", "nDamageRand": "6970 * 0.4", "nCostMana": "0"}, {"nDamageBase": "7092 * 0.8", "nDamageRand": "7092 * 0.4", "nCostMana": "0"}, {"nDamageBase": "7214 * 0.8", "nDamageRand": "7214 * 0.4", "nCostMana": "0"}]		
npc\副本BOSS\一之窟\1号_骆耀阳\1号_骆耀阳_破风.lua	npc	plain	{"nMaxRadius": "100 * LENGTH_BASE", "nAngleRange": "256", "bIgnorePrepareState": "true"}	[{"nDamageBase": "1259340", "nDamageRand": "0", "nCostMana": "0"}, {"nDamageBase": "1682758", "nDamageRand": "0", "nCostMana": "0"}, {"nDamageBase": "2242500", "nDamageRand": "0", "nCostMana": "0"}, {"nDamageBase": "0", "nDamageRand": "0", "nCostMana": "0"}, {"nDamageBase": "0", "nDamageRand": "0", "nCostMana": "0"}, {"nDamageBase": "0", "nDamageRand": "0", "nCostMana": "0"}, {"nDamageBase": "0", "nDamageRand": "0", "nCostMana": "0"}, {"nDamageBase": "0", "nDamageRand": "0", "nCostMana": "0"}, {"nDamageBase": "0", "nDamageRand": "0", "nCostMana": "0"}, {"nDamageBase": "0", "nDamageRand": "0", "nCostMana": "0"}]		CALL_KNOCKED_OFF_PARABOLA;CALL_PHYSICS_DAMAGE;EXECUTE_SCRIPT;KNOCKED_OFF_RATE;SKILL_PHYSICS_DAMAGE;SKILL_PHYSICS_DAMAGE_RAND
npc\副本BOSS\冰火岛\拿云\赤阳爆裂阵.lua	npc	plain	{"nMinRadius": "0 * LENGTH_BASE", "nMaxRadius": "6 * LENGTH_BASE", "nAngleRange": "256", "nAreaRadius": "120 * LENGTH_BASE"}	[{"nDamageBase": "200000", "nDamageRand": "0", "nCostMana": "0"}, {"nDamageBase": "500000", "nDamageRand": "0", "nCostMana": "0"}, {"nDamageBase": "0", "nDamageRand": "0", "nCostMana": "0"}, {"nDamageBase": "0", "nDamageRand": "0", "nCostMana": "0"}, {"nDamageBase": "0", "nDamageRand": "0", "nCostMana": "0"}, {"nDamageBase": "0", "nDamageRand": "0", "nCostMana": "0"}, {"nDamageBase": "0", "nDamageRand": "0", "nCostMana": "0"}, {"nDamageBase": "0", "nDamageRand": "0", "nCostMana": "0"}, {"nDamageBase": "0", "nDamageRand": "0", "nCostMana": "0"}, {"nDamageBase": "0", "nDamageRand": "0", "nCostMana": "0"}, {"nDamageBase": "0", "nDamageRand": "0", "nCostMana": "0"}, {"nDamageBase": "0", "nDamageRand": "0", "nCostMana": "0"}, {"nDamageBase": "0", "nDamageRand": "0", "nCostMana": "0"}, {"nDamageBase": "0", "nDamageRand": "0", "nCostMana": "0"}, {"nDamageBase": "0", "nDamageRand": "0", "nCostMana": "0"}, {"nDamageBase": "0", "nDamageRand": "0", "nCostMana": "0"}, {"nDamageBase": "0", "nDamageRand": "0", "nCostMana": "0"}, {"nDamageBase": "0", "nDamageRand": "0", "nCostMana": "0"}, {"nDamageBase": "0", "nDamageRand": "0", "nCostMana": "0"}, {"nDamageBase": "0", "nDamageRand": "0", "nCostMana": "0"}]		CALL_SOLAR_DAMAGE;EXECUTE_SCRIPT;SKILL_SOLAR_DAMAGE;SKILL_SOLAR_DAMAGE_RAND
npc\副本BOSS\冰火岛_青莲狱\6号_伊玛目\断首斩.lua	npc	plain	{"nMinRadius": "0 * LENGTH_BASE", "nMaxRadius": "40 * LENGTH_BASE", "nAngleRange": "128", "nAreaRadius": "8 * LENGTH_BASE"}	[{"nDamageBase": "33000", "nDamageRand": "0", "nCostMana": "0"}, {"nDamageBase": "33000", "nDamageRand": "0", "nCostMana": "0"}, {"nDamageBase": "39900", "nDamageRand": "0", "nCostMana": "0"}, {"nDamageBase": "49200", "nDamageRand": "0", "nCostMana": "0"}]		CALL_SOLAR_DAMAGE;SKILL_SOLAR_DAMAGE;SKILL_SOLAR_DAMAGE_RAND
npc\副本BOSS\刀轮海厅\剑破伤害.lua	npc	plain	{"nMinRadius": "0 * LENGTH_BASE", "nMaxRadius": "60 * LENGTH_BASE", "nAngleRange": "128", "nAreaRadius": "5 * LENGTH_BASE"}	[{"nDamageBase": "6000", "nDamageRand": "0", "nCostMana": "0"}, {"nDamageBase": "10000", "nDamageRand": "0", "nCostMana": "0"}, {"nDamageBase": "0", "nDamageRand": "0", "nCostMana": "0"}, {"nDamageBase": "0", "nDamageRand": "0", "nCostMana": "0"}, {"nDamageBase": "0", "nDamageRand": "0", "nCostMana": "0"}, {"nDamageBase": "0", "nDamageRand": "0", "nCostMana": "0"}, {"nDamageBase": "0", "nDamageRand": "0", "nCostMana": "0"}, {"nDamageBase": "0", "nDamageRand": "0", "nCostMana": "0"}, {"nDamageBase": "0", "nDamageRand": "0", "nCostMana": "0"}, {"nDamageBase": "0", "nDamageRand": "0", "nCostMana": "0"}]		CALL_PHYSICS_DAMAGE;EXECUTE_SCRIPT;SKILL_PHYSICS_DAMAGE;SKILL_PHYSICS_DAMAGE_RAND
npc\副本BOSS\刀轮海厅\屠龙六式伤害120面向.lua	npc	plain	{"nMinRadius": "0 * LENGTH_BASE", "nMaxRadius": "20 * LENGTH_BASE", "nAngleRange": "86", "nAreaRadius": "10 * LENGTH_BASE"}	[{"nDamageBase": "3380", "nDamageRand": "0", "nCostMana": "0"}, {"nDamageBase": "0", "nDamageRand": "0", "nCostMana": "0"}, {"nDamageBase": "0", "nDamageRand": "0", "nCostMana": "0"}, {"nDamageBase": "0", "nDamageRand": "0", "nCostMana": "0"}, {"nDamageBase": "0", "nDamageRand": "0", "nCostMana": "0"}, {"nDamageBase": "0", "nDamageRand": "0", "nCostMana": "0"}, {"nDamageBase": "0", "nDamageRand": "0", "nCostMana": "0"}, {"nDamageBase": "0", "nDamageRand": "0", "nCostMana": "0"}, {"nDamageBase": "0", "nDamageRand": "0", "nCostMana": "0"}, {"nDamageBase": "0", "nDamageRand": "0", "nCostMana": "0"}]		CALL_PHYSICS_DAMAGE;EXECUTE_SCRIPT;SKILL_PHYSICS_DAMAGE;SKILL_PHYSICS_DAMAGE_RAND
npc\副本BOSS\刀轮海厅\屠龙六式打击二击退.lua	npc	plain	{"nMinRadius": "0 * LENGTH_BASE", "nMaxRadius": "10 * LENGTH_BASE", "nAngleRange": "128", "nAreaRadius": "10 * LENGTH_BASE"}	[{"nDamageBase": "0", "nDamageRand": "0", "nCostMana": "0"}, {"nDamageBase": "0", "nDamageRand": "0", "nCostMana": "0"}, {"nDamageBase": "0", "nDamageRand": "0", "nCostMana": "0"}, {"nDamageBase": "0", "nDamageRand": "0", "nCostMana": "0"}, {"nDamageBase": "0", "nDamageRand": "0", "nCostMana": "0"}, {"nDamageBase": "0", "nDamageRand": "0", "nCostMana": "0"}, {"nDamageBase": "0", "nDamageRand": "0", "nCostMana": "0"}, {"nDamageBase": "0", "nDamageRand": "0", "nCostMana": "0"}, {"nDamageBase": "0", "nDamageRand": "0", "nCostMana": "0"}, {"nDamageBase": "0", "nDamageRand": "0", "nCostMana": "0"}]		EXECUTE_SCRIPT;SKILL_MOVE
npc\副本BOSS\剑胆琴心世界boss\独孤修\白蔷忘川_180度AOE.lua	npc	plain	{"nMinRadius": "0 * LENGTH_BASE", "nMaxRadius": "30 * LENGTH_BASE", "nAngleRange": "128", "nAreaRadius": "30 * LENGTH_BASE"}	[{"nDamageBase": "103448", "nDamageRand": "0", "nCostMana": "0"}, {"nDamageBase": "0", "nDamageRand": "0", "nCostMana": "0"}, {"nDamageBase": "0", "nDamageRand": "0", "nCostMana": "0"}, {"nDamageBase": "0", "nDamageRand": "0", "nCostMana": "0"}, {"nDamageBase": "0", "nDamageRand": "0", "nCostMana": "0"}, {"nDamageBase": "0", "nDamageRand": "0", "nCostMana": "0"}, {"nDamageBase": "0", "nDamageRand": "0", "nCostMana": "0"}, {"nDamageBase": "0", "nDamageRand": "0", "nCostMana": "0"}, {"nDamageBase": "0", "nDamageRand": "0", "nCostMana": "0"}, {"nDamageBase": "0", "nDamageRand": "0", "nCostMana": "0"}]		CALL_LUNAR_DAMAGE;SKILL_LUNAR_DAMAGE
npc\副本BOSS\副本标记\副本团队标记10.lua	npc	bytecode	{}	[]		nCostMana;nMinRadius;nMaxRadius;nAreaRadius;nAngleRange
npc\副本BOSS\历战异闻录\摩提耶罗\寂灭厅_3号BOSS_摩提耶罗_拿云式.lua	npc	plain	{"nMinRadius": "0 * LENGTH_BASE", "nMaxRadius": "4 * LENGTH_BASE", "nAngleRange": "128", "nBeatBackRate": "0 * PERCENT_BASE"}	[{"nDamageBase": "26700*0.8", "nDamageRand": "26700*0.4", "nCostMana": "0"}, {"nDamageBase": "38200*0.8", "nDamageRand": "38200*0.4", "nCostMana": "0"}, {"nDamageBase": "3200*0.8", "nDamageRand": "3200*0.4", "nCostMana": "0"}, {"nDamageBase": "3200*0.8", "nDamageRand": "3200*0.4", "nCostMana": "0"}, {"nDamageBase": "3200*0.8", "nDamageRand": "3200*0.4", "nCostMana": "0"}, {"nDamageBase": "3200*0.8", "nDamageRand": "3200*0.4", "nCostMana": "0"}, {"nDamageBase": "3200*0.8", "nDamageRand": "3200*0.4", "nCostMana": "0"}, {"nDamageBase": "3200*0.8", "nDamageRand": "3200*0.4", "nCostMana": "0"}, {"nDamageBase": "3200*0.8", "nDamageRand": "3200*0.4", "nCostMana": "0"}, {"nDamageBase": "3200*0.8", "nDamageRand": "3200*0.4", "nCostMana": "0"}, {"nDamageBase": "3200*0.8", "nDamageRand": "3200*0.4", "nCostMana": "0"}, {"nDamageBase": "3200*0.8", "nDamageRand": "3200*0.4", "nCostMana": "0"}, {"nDamageBase": "3200*0.8", "nDamageRand": "3200*0.4", "nCostMana": "0"}, {"nDamageBase": "3200*0.8", "nDamageRand": "3200*0.4", "nCostMana": "0"}, {"nDamageBase": "3200*0.8", "nDamageRand": "3200*0.4", "nCostMana": "0"}, {"nDamageBase": "3200*0.8", "nDamageRand": "3200*0.4", "nCostMana": "0"}, {"nDamageBase": "3200*0.8", "nDamageRand": "3200*0.4", "nCostMana": "0"}, {"nDamageBase": "3200*0.8", "nDamageRand": "3200*0.4", "nCostMana": "0"}, {"nDamageBase": "3200*0.8", "nDamageRand": "3200*0.4", "nCostMana": "0"}, {"nDamageBase": "3200*0.8", "nDamageRand": "3200*0.4", "nCostMana": "0"}, {"nDamageBase": "3200*0.8", "nDamageRand": "3200*0.4", "nCostMana": "0"}, {"nDamageBase": "3200*0.8", "nDamageRand": "3200*0.4", "nCostMana": "0"}, {"nDamageBase": "3200*0.8", "nDamageRand": "3200*0.4", "nCostMana": "0"}, {"nDamageBase": "3200*0.8", "nDamageRand": "3200*0.4", "nCostMana": "0"}, {"nDamageBase": "3200*0.8", "nDamageRand": "3200*0.4", "nCostMana": "0"}, {"nDamageBase": "3200*0.8", "nDamageRand": "3200*0.4", "nCostMana": "0"}, {"nDamageBase": "3200*0.8", "nDamageRand": "3200*0.4", "nCostMana": "0"}, {"nDamageBase": "3200*0.8", "nDamageRand": "3200*0.4", "nCostMana": "0"}, {"nDamageBase": "3200*0.8", "nDamageRand": "3200*0.4", "nCostMana": "0"}, {"nDamageBase": "3200*0.8", "nDamageRand": "3200*0.4", "nCostMana": "0"}]		CAST_SKILL_TARGET_DST
npc\副本BOSS\历战异闻录\摩提耶罗\寂灭厅_3号BOSS_摩提耶罗_拿云式_低血量.lua	npc	plain	{"nMinRadius": "0 * LENGTH_BASE", "nMaxRadius": "4 * LENGTH_BASE", "nAngleRange": "128", "nBeatBackRate": "0 * PERCENT_BASE"}	[{"nDamageBase": "16200*0.8", "nDamageRand": "16200*0.4", "nCostMana": "0"}, {"nDamageBase": "25100*0.8", "nDamageRand": "25100*0.4", "nCostMana": "0"}, {"nDamageBase": "3200*0.8", "nDamageRand": "3200*0.4", "nCostMana": "0"}, {"nDamageBase": "3200*0.8", "nDamageRand": "3200*0.4", "nCostMana": "0"}, {"nDamageBase": "3200*0.8", "nDamageRand": "3200*0.4", "nCostMana": "0"}, {"nDamageBase": "3200*0.8", "nDamageRand": "3200*0.4", "nCostMana": "0"}, {"nDamageBase": "3200*0.8", "nDamageRand": "3200*0.4", "nCostMana": "0"}, {"nDamageBase": "3200*0.8", "nDamageRand": "3200*0.4", "nCostMana": "0"}, {"nDamageBase": "3200*0.8", "nDamageRand": "3200*0.4", "nCostMana": "0"}, {"nDamageBase": "3200*0.8", "nDamageRand": "3200*0.4", "nCostMana": "0"}, {"nDamageBase": "3200*0.8", "nDamageRand": "3200*0.4", "nCostMana": "0"}, {"nDamageBase": "3200*0.8", "nDamageRand": "3200*0.4", "nCostMana": "0"}, {"nDamageBase": "3200*0.8", "nDamageRand": "3200*0.4", "nCostMana": "0"}, {"nDamageBase": "3200*0.8", "nDamageRand": "3200*0.4", "nCostMana": "0"}, {"nDamageBase": "3200*0.8", "nDamageRand": "3200*0.4", "nCostMana": "0"}, {"nDamageBase": "3200*0.8", "nDamageRand": "3200*0.4", "nCostMana": "0"}, {"nDamageBase": "3200*0.8", "nDamageRand": "3200*0.4", "nCostMana": "0"}, {"nDamageBase": "3200*0.8", "nDamageRand": "3200*0.4", "nCostMana": "0"}, {"nDamageBase": "3200*0.8", "nDamageRand": "3200*0.4", "nCostMana": "0"}, {"nDamageBase": "3200*0.8", "nDamageRand": "3200*0.4", "nCostMana": "0"}, {"nDamageBase": "3200*0.8", "nDamageRand": "3200*0.4", "nCostMana": "0"}, {"nDamageBase": "3200*0.8", "nDamageRand": "3200*0.4", "nCostMana": "0"}, {"nDamageBase": "3200*0.8", "nDamageRand": "3200*0.4", "nCostMana": "0"}, {"nDamageBase": "3200*0.8", "nDamageRand": "3200*0.4", "nCostMana": "0"}, {"nDamageBase": "3200*0.8", "nDamageRand": "3200*0.4", "nCostMana": "0"}, {"nDamageBase": "3200*0.8", "nDamageRand": "3200*0.4", "nCostMana": "0"}, {"nDamageBase": "3200*0.8", "nDamageRand": "3200*0.4", "nCostMana": "0"}, {"nDamageBase": "3200*0.8", "nDamageRand": "3200*0.4", "nCostMana": "0"}, {"nDamageBase": "3200*0.8", "nDamageRand": "3200*0.4", "nCostMana": "0"}, {"nDamageBase": "3200*0.8", "nDamageRand": "3200*0.4", "nCostMana": "0"}]		CALL_SOLAR_DAMAGE;SKILL_SOLAR_DAMAGE;SKILL_SOLAR_DAMAGE_RAND
npc\副本BOSS\历战异闻录\摩提耶罗\寂灭厅_3号BOSS_摩提耶罗_捉影式.lua	npc	plain	{"nMinRadius": "0 * LENGTH_BASE", "nMaxRadius": "40 * LENGTH_BASE", "nAngleRange": "128"}	[{"nDamageBase": "6427*0.8", "nDamageRand": "6427*0.4", "nCostMana": "0"}, {"nDamageBase": "8570*0.8", "nDamageRand": "8570*0.4", "nCostMana": "0"}, {"nDamageBase": "3200*0.8", "nDamageRand": "3200*0.4", "nCostMana": "0"}, {"nDamageBase": "3200*0.8", "nDamageRand": "3200*0.4", "nCostMana": "0"}, {"nDamageBase": "3200*0.8", "nDamageRand": "3200*0.4", "nCostMana": "0"}, {"nDamageBase": "3200*0.8", "nDamageRand": "3200*0.4", "nCostMana": "0"}, {"nDamageBase": "3200*0.8", "nDamageRand": "3200*0.4", "nCostMana": "0"}, {"nDamageBase": "3200*0.8", "nDamageRand": "3200*0.4", "nCostMana": "0"}, {"nDamageBase": "3200*0.8", "nDamageRand": "3200*0.4", "nCostMana": "0"}, {"nDamageBase": "3200*0.8", "nDamageRand": "3200*0.4", "nCostMana": "0"}, {"nDamageBase": "3200*0.8", "nDamageRand": "3200*0.4", "nCostMana": "0"}, {"nDamageBase": "3200*0.8", "nDamageRand": "3200*0.4", "nCostMana": "0"}, {"nDamageBase": "3200*0.8", "nDamageRand": "3200*0.4", "nCostMana": "0"}, {"nDamageBase": "3200*0.8", "nDamageRand": "3200*0.4", "nCostMana": "0"}, {"nDamageBase": "3200*0.8", "nDamageRand": "3200*0.4", "nCostMana": "0"}, {"nDamageBase": "3200*0.8", "nDamageRand": "3200*0.4", "nCostMana": "0"}, {"nDamageBase": "3200*0.8", "nDamageRand": "3200*0.4", "nCostMana": "0"}, {"nDamageBase": "3200*0.8", "nDamageRand": "3200*0.4", "nCostMana": "0"}, {"nDamageBase": "3200*0.8", "nDamageRand": "3200*0.4", "nCostMana": "0"}, {"nDamageBase": "3200*0.8", "nDamageRand": "3200*0.4", "nCostMana": "0"}, {"nDamageBase": "3200*0.8", "nDamageRand": "3200*0.4", "nCostMana": "0"}, {"nDamageBase": "3200*0.8", "nDamageRand": "3200*0.4", "nCostMana": "0"}, {"nDamageBase": "3200*0.8", "nDamageRand": "3200*0.4", "nCostMana": "0"}, {"nDamageBase": "3200*0.8", "nDamageRand": "3200*0.4", "nCostMana": "0"}, {"nDamageBase": "3200*0.8", "nDamageRand": "3200*0.4", "nCostMana": "0"}, {"nDamageBase": "3200*0.8", "nDamageRand": "3200*0.4", "nCostMana": "0"}, {"nDamageBase": "3200*0.8", "nDamageRand": "3200*0.4", "nCostMana": "0"}, {"nDamageBase": "3200*0.8", "nDamageRand": "3200*0.4", "nCostMana": "0"}, {"nDamageBase": "3200*0.8", "nDamageRand": "3200*0.4", "nCostMana": "0"}, {"nDamageBase": "3200*0.8", "nDamageRand": "3200*0.4", "nCostMana": "0"}]		PULL
npc\副本BOSS\历战异闻录\摩提耶罗\寂灭厅_小怪_七秀弟子_剑主天地.lua	npc	plain	{"nMinRadius": "0 * LENGTH_BASE", "nMaxRadius": "20 * LENGTH_BASE", "nAngleRange": "128"}	[{"nDamageBase": "16200*0.8", "nDamageRand": "16200*0.4"}, {"nDamageBase": "24900*0.8", "nDamageRand": "24900*0.4"}, {"nDamageBase": "3200*0.8", "nDamageRand": "3200*0.4"}, {"nDamageBase": "3200*0.8", "nDamageRand": "3200*0.4"}, {"nDamageBase": "3200*0.8", "nDamageRand": "3200*0.4"}, {"nDamageBase": "3200*0.8", "nDamageRand": "3200*0.4"}, {"nDamageBase": "3200*0.8", "nDamageRand": "3200*0.4"}, {"nDamageBase": "3200*0.8", "nDamageRand": "3200*0.4"}, {"nDamageBase": "3200*0.8", "nDamageRand": "3200*0.4"}, {"nDamageBase": "3200*0.8", "nDamageRand": "3200*0.4"}, {"nDamageBase": "3200*0.8", "nDamageRand": "3200*0.4"}, {"nDamageBase": "3200*0.8", "nDamageRand": "3200*0.4"}, {"nDamageBase": "3200*0.8", "nDamageRand": "3200*0.4"}, {"nDamageBase": "3200*0.8", "nDamageRand": "3200*0.4"}, {"nDamageBase": "3200*0.8", "nDamageRand": "3200*0.4"}, {"nDamageBase": "3200*0.8", "nDamageRand": "3200*0.4"}, {"nDamageBase": "3200*0.8", "nDamageRand": "3200*0.4"}, {"nDamageBase": "3200*0.8", "nDamageRand": "3200*0.4"}, {"nDamageBase": "3200*0.8", "nDamageRand": "3200*0.4"}, {"nDamageBase": "3200*0.8", "nDamageRand": "3200*0.4"}, {"nDamageBase": "3200*0.8", "nDamageRand": "3200*0.4"}, {"nDamageBase": "3200*0.8", "nDamageRand": "3200*0.4"}, {"nDamageBase": "3200*0.8", "nDamageRand": "3200*0.4"}, {"nDamageBase": "3200*0.8", "nDamageRand": "3200*0.4"}, {"nDamageBase": "3200*0.8", "nDamageRand": "3200*0.4"}, {"nDamageBase": "3200*0.8", "nDamageRand": "3200*0.4"}, {"nDamageBase": "3200*0.8", "nDamageRand": "3200*0.4"}, {"nDamageBase": "3200*0.8", "nDamageRand": "3200*0.4"}, {"nDamageBase": "3200*0.8", "nDamageRand": "3200*0.4"}, {"nDamageBase": "3200*0.8", "nDamageRand": "3200*0.4"}]		CALL_LUNAR_DAMAGE;SKILL_LUNAR_DAMAGE;SKILL_LUNAR_DAMAGE_RAND
npc\副本BOSS\历战异闻录\陌香\小怪_剑主天地.lua	npc	plain	{"nMinRadius": "0 * LENGTH_BASE", "nMaxRadius": "32* LENGTH_BASE", "nAngleRange": "128"}	[{"nDamageBase": "0", "nDamageRand": "0", "nCostMana": "0"}, {"nDamageBase": "0", "nDamageRand": "0", "nCostMana": "0"}, {"nDamageBase": "0", "nDamageRand": "0", "nCostMana": "0"}, {"nDamageBase": "0", "nDamageRand": "0", "nCostMana": "0"}, {"nDamageBase": "0", "nDamageRand": "0", "nCostMana": "0"}, {"nDamageBase": "0", "nDamageRand": "0", "nCostMana": "0"}, {"nDamageBase": "0", "nDamageRand": "0", "nCostMana": "0"}, {"nDamageBase": "0", "nDamageRand": "0", "nCostMana": "0"}, {"nDamageBase": "0", "nDamageRand": "0", "nCostMana": "0"}, {"nDamageBase": "0", "nDamageRand": "0", "nCostMana": "0"}, {"nDamageBase": "0", "nDamageRand": "0", "nCostMana": "0"}, {"nDamageBase": "0", "nDamageRand": "0", "nCostMana": "0"}, {"nDamageBase": "0", "nDamageRand": "0", "nCostMana": "0"}, {"nDamageBase": "0", "nDamageRand": "0", "nCostMana": "0"}, {"nDamageBase": "0", "nDamageRand": "0", "nCostMana": "0"}, {"nDamageBase": "0", "nDamageRand": "0", "nCostMana": "0"}, {"nDamageBase": "0", "nDamageRand": "0", "nCostMana": "0"}, {"nDamageBase": "0", "nDamageRand": "0", "nCostMana": "0"}, {"nDamageBase": "0", "nDamageRand": "0", "nCostMana": "0"}, {"nDamageBase": "0", "nDamageRand": "0", "nCostMana": "0"}]		
npc\副本BOSS\唐门密室\毁灭.lua	npc	plain	{"nMinRadius": "0 * LENGTH_BASE", "nMaxRadius": "6 * LENGTH_BASE", "nAngleRange": "256", "nAreaRadius": "6 * LENGTH_BASE", "nPrepareFrames": "16", "nBeatBackRate": "0 * PERCENT_BASE", "nBrokenRate": "0 * PERCENT_BASE"}	[{"nDamageBase": "0", "nDamageRand": "0", "nCostMana": "0"}, {"nDamageBase": "0", "nDamageRand": "0", "nCostMana": "0"}, {"nDamageBase": "0", "nDamageRand": "0", "nCostMana": "0"}, {"nDamageBase": "0", "nDamageRand": "0", "nCostMana": "0"}, {"nDamageBase": "0", "nDamageRand": "0", "nCostMana": "0"}, {"nDamageBase": "0", "nDamageRand": "0", "nCostMana": "0"}, {"nDamageBase": "0", "nDamageRand": "0", "nCostMana": "0"}, {"nDamageBase": "0", "nDamageRand": "0", "nCostMana": "0"}, {"nDamageBase": "0", "nDamageRand": "0", "nCostMana": "0"}, {"nDamageBase": "0", "nDamageRand": "0", "nCostMana": "0"}]		CALL_REPULSED;EXECUTE_SCRIPT
npc\副本BOSS\墨家密殿\墨家密殿_三号_玩家前冲真.lua	npc	plain	{"nMinRadius": "0 * LENGTH_BASE", "nMaxRadius": "30 * LENGTH_BASE", "nAngleRange": "256", "nWeaponDamagePercent": "0"}	[{"nDamageBase": "0", "nDamageRand": "0", "nCostMana": "0"}, {"nDamageBase": "0", "nDamageRand": "0", "nCostMana": "0"}, {"nDamageBase": "0", "nDamageRand": "0", "nCostMana": "0"}, {"nDamageBase": "0", "nDamageRand": "0", "nCostMana": "0"}, {"nDamageBase": "0", "nDamageRand": "0", "nCostMana": "0"}, {"nDamageBase": "0", "nDamageRand": "0", "nCostMana": "0"}, {"nDamageBase": "0", "nDamageRand": "0", "nCostMana": "0"}, {"nDamageBase": "0", "nDamageRand": "0", "nCostMana": "0"}, {"nDamageBase": "0", "nDamageRand": "0", "nCostMana": "0"}, {"nDamageBase": "0", "nDamageRand": "0", "nCostMana": "0"}]		DASH_FORWARD;EXECUTE_SCRIPT
npc\副本BOSS\墨家密殿\墨家密殿_三号_玩家右翻真.lua	npc	plain	{"nMinRadius": "0 * LENGTH_BASE", "nMaxRadius": "30 * LENGTH_BASE", "nAngleRange": "256", "nWeaponDamagePercent": "0"}	[{"nDamageBase": "0", "nDamageRand": "0", "nCostMana": "0"}, {"nDamageBase": "0", "nDamageRand": "0", "nCostMana": "0"}, {"nDamageBase": "0", "nDamageRand": "0", "nCostMana": "0"}, {"nDamageBase": "0", "nDamageRand": "0", "nCostMana": "0"}, {"nDamageBase": "0", "nDamageRand": "0", "nCostMana": "0"}, {"nDamageBase": "0", "nDamageRand": "0", "nCostMana": "0"}, {"nDamageBase": "0", "nDamageRand": "0", "nCostMana": "0"}, {"nDamageBase": "0", "nDamageRand": "0", "nCostMana": "0"}, {"nDamageBase": "0", "nDamageRand": "0", "nCostMana": "0"}, {"nDamageBase": "0", "nDamageRand": "0", "nCostMana": "0"}]		DASH_RIGHT;EXECUTE_SCRIPT
npc\副本BOSS\墨家密殿\墨家密殿_三号_玩家左翻真.lua	npc	plain	{"nMinRadius": "0 * LENGTH_BASE", "nMaxRadius": "30 * LENGTH_BASE", "nAngleRange": "256", "nWeaponDamagePercent": "0"}	[{"nDamageBase": "0", "nDamageRand": "0", "nCostMana": "0"}, {"nDamageBase": "0", "nDamageRand": "0", "nCostMana": "0"}, {"nDamageBase": "0", "nDamageRand": "0", "nCostMana": "0"}, {"nDamageBase": "0", "nDamageRand": "0", "nCostMana": "0"}, {"nDamageBase": "0", "nDamageRand": "0", "nCostMana": "0"}, {"nDamageBase": "0", "nDamageRand": "0", "nCostMana": "0"}, {"nDamageBase": "0", "nDamageRand": "0", "nCostMana": "0"}, {"nDamageBase": "0", "nDamageRand": "0", "nCostMana": "0"}, {"nDamageBase": "0", "nDamageRand": "0", "nCostMana": "0"}, {"nDamageBase": "0", "nDamageRand": "0", "nCostMana": "0"}]		DASH_LEFT;EXECUTE_SCRIPT
npc\副本BOSS\大明宫\大明宫_剑圣_剑主天地.lua	npc	plain	{"nMinRadius": "0 * LENGTH_BASE", "nMaxRadius": "25 * LENGTH_BASE", "nAngleRange": "128"}	[{"nDamageBase": "6900", "nDamageRand": "0", "nCostMana": "0"}, {"nDamageBase": "13700", "nDamageRand": "0", "nCostMana": "0"}, {"nDamageBase": "0", "nDamageRand": "0", "nCostMana": "0"}, {"nDamageBase": "0", "nDamageRand": "0", "nCostMana": "0"}, {"nDamageBase": "0", "nDamageRand": "0", "nCostMana": "0"}, {"nDamageBase": "0", "nDamageRand": "0", "nCostMana": "0"}, {"nDamageBase": "0", "nDamageRand": "0", "nCostMana": "0"}, {"nDamageBase": "0", "nDamageRand": "0", "nCostMana": "0"}, {"nDamageBase": "0", "nDamageRand": "0", "nCostMana": "0"}, {"nDamageBase": "0", "nDamageRand": "0", "nCostMana": "0"}]		CALL_LUNAR_DAMAGE;SKILL_LUNAR_DAMAGE;SKILL_LUNAR_DAMAGE_RAND
npc\副本BOSS\大明宫\大明宫_剑圣_徐如林.lua	npc	plain	{"nMinRadius": "0 * LENGTH_BASE", "nMaxRadius": "4 * LENGTH_BASE", "nAngleRange": "256"}	[{"nDamageBase": "0", "nDamageRand": "0", "nCostMana": "0"}, {"nDamageBase": "0", "nDamageRand": "0", "nCostMana": "0"}, {"nDamageBase": "0", "nDamageRand": "0", "nCostMana": "0"}, {"nDamageBase": "0", "nDamageRand": "0", "nCostMana": "0"}, {"nDamageBase": "0", "nDamageRand": "0", "nCostMana": "0"}, {"nDamageBase": "0", "nDamageRand": "0", "nCostMana": "0"}, {"nDamageBase": "0", "nDamageRand": "0", "nCostMana": "0"}, {"nDamageBase": "0", "nDamageRand": "0", "nCostMana": "0"}, {"nDamageBase": "0", "nDamageRand": "0", "nCostMana": "0"}, {"nDamageBase": "0", "nDamageRand": "0", "nCostMana": "0"}]		
npc\副本BOSS\天子峰\天子峰_4号BOSS_玄悲_捉影式.lua	npc	plain	{"nMinRadius": "0 * LENGTH_BASE", "nMaxRadius": "25* LENGTH_BASE", "nAngleRange": "256", "nPrepareFrames": "8", "nBrokenRate": "1024", "nBeatBackRate": "0 * PERCENT_BASE"}	[{"nDamageBase": "99   *0.8", "nDamageRand": "99   *0.4", "nCostMana": "0"}, {"nDamageBase": "167  *0.8", "nDamageRand": "167  *0.4", "nCostMana": "0"}, {"nDamageBase": "240  *0.8", "nDamageRand": "240  *0.4", "nCostMana": "0"}, {"nDamageBase": "349  *0.8", "nDamageRand": "349  *0.4", "nCostMana": "0"}, {"nDamageBase": "459  *0.8", "nDamageRand": "459  *0.4", "nCostMana": "0"}, {"nDamageBase": "631  *0.8", "nDamageRand": "631  *0.4", "nCostMana": "0"}, {"nDamageBase": "752  *0.8", "nDamageRand": "752  *0.4", "nCostMana": "0"}, {"nDamageBase": "874  *0.8", "nDamageRand": "874  *0.4", "nCostMana": "0"}, {"nDamageBase": "995  *0.8", "nDamageRand": "995  *0.4", "nCostMana": "0"}, {"nDamageBase": "1116 *0.8", "nDamageRand": "1116 *0.4", "nCostMana": "0"}, {"nDamageBase": "1238 *0.8", "nDamageRand": "1238 *0.4", "nCostMana": "0"}, {"nDamageBase": "1359 *0.8", "nDamageRand": "1359 *0.4", "nCostMana": "0"}, {"nDamageBase": "1481 *0.8", "nDamageRand": "1481 *0.4", "nCostMana": "0"}, {"nDamageBase": "1602 *0.8", "nDamageRand": "1602 *0.4", "nCostMana": "0"}, {"nDamageBase": "1723 *0.8", "nDamageRand": "1723 *0.4", "nCostMana": "0"}, {"nDamageBase": "1845 *0.8", "nDamageRand": "1845 *0.4", "nCostMana": "0"}, {"nDamageBase": "1966 *0.8", "nDamageRand": "1966 *0.4", "nCostMana": "0"}, {"nDamageBase": "2087 *0.8", "nDamageRand": "2087 *0.4", "nCostMana": "0"}, {"nDamageBase": "2209 *0.8", "nDamageRand": "2209 *0.4", "nCostMana": "0"}, {"nDamageBase": "2330 *0.8", "nDamageRand": "2330 *0.4", "nCostMana": "0"}]		KNOCKED_BACK_RATE;PULL
npc\副本BOSS\天子峰\天子峰_小怪_楚秀弄月弟子、昭秀舞风弟子_剑主天地(DEBUFF).lua	npc	plain	{"nMinRadius": "0 * LENGTH_BASE", "nMaxRadius": "32* LENGTH_BASE", "nAngleRange": "128"}	[{"nDamageBase": "0", "nDamageRand": "0", "nCostMana": "0"}, {"nDamageBase": "0", "nDamageRand": "0", "nCostMana": "0"}, {"nDamageBase": "0", "nDamageRand": "0", "nCostMana": "0"}, {"nDamageBase": "0", "nDamageRand": "0", "nCostMana": "0"}, {"nDamageBase": "0", "nDamageRand": "0", "nCostMana": "0"}, {"nDamageBase": "0", "nDamageRand": "0", "nCostMana": "0"}, {"nDamageBase": "0", "nDamageRand": "0", "nCostMana": "0"}, {"nDamageBase": "0", "nDamageRand": "0", "nCostMana": "0"}, {"nDamageBase": "0", "nDamageRand": "0", "nCostMana": "0"}, {"nDamageBase": "0", "nDamageRand": "0", "nCostMana": "0"}, {"nDamageBase": "0", "nDamageRand": "0", "nCostMana": "0"}, {"nDamageBase": "0", "nDamageRand": "0", "nCostMana": "0"}, {"nDamageBase": "0", "nDamageRand": "0", "nCostMana": "0"}, {"nDamageBase": "0", "nDamageRand": "0", "nCostMana": "0"}, {"nDamageBase": "0", "nDamageRand": "0", "nCostMana": "0"}, {"nDamageBase": "0", "nDamageRand": "0", "nCostMana": "0"}, {"nDamageBase": "0", "nDamageRand": "0", "nCostMana": "0"}, {"nDamageBase": "0", "nDamageRand": "0", "nCostMana": "0"}, {"nDamageBase": "0", "nDamageRand": "0", "nCostMana": "0"}, {"nDamageBase": "0", "nDamageRand": "0", "nCostMana": "0"}]		
npc\副本BOSS\太原之战_逐虎驱狼\安雨_冰球冷雨.lua	npc	plain	{"nMinRadius": "0 * LENGTH_BASE", "nMaxRadius": "20 * LENGTH_BASE", "nAngleRange": "256", "nAreaRadius": "12 * LENGTH_BASE"}	[{"nDamageBase": "18600", "nDamageRand": "0", "nCostMana": "0"}, {"nDamageBase": "17200", "nDamageRand": "0", "nCostMana": "0"}, {"nDamageBase": "26300", "nDamageRand": "0", "nCostMana": "0"}, {"nDamageBase": "19600", "nDamageRand": "0", "nCostMana": "0"}]		CALL_LUNAR_DAMAGE;SKILL_LUNAR_DAMAGE;SKILL_LUNAR_DAMAGE_RAND
npc\副本BOSS\寂灭厅\寂灭厅_2号BOSS_剑心_凌太虚.lua	npc	plain	{"nMinRadius": "0 * LENGTH_BASE", "nMaxRadius": "4 * LENGTH_BASE", "nAngleRange": "256", "nPrepareFrames": "8", "nBeatBackRate": "0 * PERCENT_BASE", "nBrokenRate": "0 * PERCENT_BASE"}	[]		EXECUTE_SCRIPT
npc\副本BOSS\寂灭厅\寂灭厅_3号BOSS_摩提耶罗_拿云式.lua	npc	plain	{"nMinRadius": "0 * LENGTH_BASE", "nMaxRadius": "4 * LENGTH_BASE", "nAngleRange": "128", "nBeatBackRate": "0 * PERCENT_BASE"}	[{"nDamageBase": "26700*0.8", "nDamageRand": "26700*0.4", "nCostMana": "0"}, {"nDamageBase": "38200*0.8", "nDamageRand": "38200*0.4", "nCostMana": "0"}, {"nDamageBase": "3200*0.8", "nDamageRand": "3200*0.4", "nCostMana": "0"}, {"nDamageBase": "3200*0.8", "nDamageRand": "3200*0.4", "nCostMana": "0"}, {"nDamageBase": "3200*0.8", "nDamageRand": "3200*0.4", "nCostMana": "0"}, {"nDamageBase": "3200*0.8", "nDamageRand": "3200*0.4", "nCostMana": "0"}, {"nDamageBase": "3200*0.8", "nDamageRand": "3200*0.4", "nCostMana": "0"}, {"nDamageBase": "3200*0.8", "nDamageRand": "3200*0.4", "nCostMana": "0"}, {"nDamageBase": "3200*0.8", "nDamageRand": "3200*0.4", "nCostMana": "0"}, {"nDamageBase": "3200*0.8", "nDamageRand": "3200*0.4", "nCostMana": "0"}, {"nDamageBase": "3200*0.8", "nDamageRand": "3200*0.4", "nCostMana": "0"}, {"nDamageBase": "3200*0.8", "nDamageRand": "3200*0.4", "nCostMana": "0"}, {"nDamageBase": "3200*0.8", "nDamageRand": "3200*0.4", "nCostMana": "0"}, {"nDamageBase": "3200*0.8", "nDamageRand": "3200*0.4", "nCostMana": "0"}, {"nDamageBase": "3200*0.8", "nDamageRand": "3200*0.4", "nCostMana": "0"}, {"nDamageBase": "3200*0.8", "nDamageRand": "3200*0.4", "nCostMana": "0"}, {"nDamageBase": "3200*0.8", "nDamageRand": "3200*0.4", "nCostMana": "0"}, {"nDamageBase": "3200*0.8", "nDamageRand": "3200*0.4", "nCostMana": "0"}, {"nDamageBase": "3200*0.8", "nDamageRand": "3200*0.4", "nCostMana": "0"}, {"nDamageBase": "3200*0.8", "nDamageRand": "3200*0.4", "nCostMana": "0"}, {"nDamageBase": "3200*0.8", "nDamageRand": "3200*0.4", "nCostMana": "0"}, {"nDamageBase": "3200*0.8", "nDamageRand": "3200*0.4", "nCostMana": "0"}, {"nDamageBase": "3200*0.8", "nDamageRand": "3200*0.4", "nCostMana": "0"}, {"nDamageBase": "3200*0.8", "nDamageRand": "3200*0.4", "nCostMana": "0"}, {"nDamageBase": "3200*0.8", "nDamageRand": "3200*0.4", "nCostMana": "0"}, {"nDamageBase": "3200*0.8", "nDamageRand": "3200*0.4", "nCostMana": "0"}, {"nDamageBase": "3200*0.8", "nDamageRand": "3200*0.4", "nCostMana": "0"}, {"nDamageBase": "3200*0.8", "nDamageRand": "3200*0.4", "nCostMana": "0"}, {"nDamageBase": "3200*0.8", "nDamageRand": "3200*0.4", "nCostMana": "0"}, {"nDamageBase": "3200*0.8", "nDamageRand": "3200*0.4", "nCostMana": "0"}]		CAST_SKILL_TARGET_DST
npc\副本BOSS\寂灭厅\寂灭厅_3号BOSS_摩提耶罗_拿云式_低血量.lua	npc	plain	{"nMinRadius": "0 * LENGTH_BASE", "nMaxRadius": "4 * LENGTH_BASE", "nAngleRange": "128", "nBeatBackRate": "0 * PERCENT_BASE"}	[{"nDamageBase": "16200*0.8", "nDamageRand": "16200*0.4", "nCostMana": "0"}, {"nDamageBase": "25100*0.8", "nDamageRand": "25100*0.4", "nCostMana": "0"}, {"nDamageBase": "3200*0.8", "nDamageRand": "3200*0.4", "nCostMana": "0"}, {"nDamageBase": "3200*0.8", "nDamageRand": "3200*0.4", "nCostMana": "0"}, {"nDamageBase": "3200*0.8", "nDamageRand": "3200*0.4", "nCostMana": "0"}, {"nDamageBase": "3200*0.8", "nDamageRand": "3200*0.4", "nCostMana": "0"}, {"nDamageBase": "3200*0.8", "nDamageRand": "3200*0.4", "nCostMana": "0"}, {"nDamageBase": "3200*0.8", "nDamageRand": "3200*0.4", "nCostMana": "0"}, {"nDamageBase": "3200*0.8", "nDamageRand": "3200*0.4", "nCostMana": "0"}, {"nDamageBase": "3200*0.8", "nDamageRand": "3200*0.4", "nCostMana": "0"}, {"nDamageBase": "3200*0.8", "nDamageRand": "3200*0.4", "nCostMana": "0"}, {"nDamageBase": "3200*0.8", "nDamageRand": "3200*0.4", "nCostMana": "0"}, {"nDamageBase": "3200*0.8", "nDamageRand": "3200*0.4", "nCostMana": "0"}, {"nDamageBase": "3200*0.8", "nDamageRand": "3200*0.4", "nCostMana": "0"}, {"nDamageBase": "3200*0.8", "nDamageRand": "3200*0.4", "nCostMana": "0"}, {"nDamageBase": "3200*0.8", "nDamageRand": "3200*0.4", "nCostMana": "0"}, {"nDamageBase": "3200*0.8", "nDamageRand": "3200*0.4", "nCostMana": "0"}, {"nDamageBase": "3200*0.8", "nDamageRand": "3200*0.4", "nCostMana": "0"}, {"nDamageBase": "3200*0.8", "nDamageRand": "3200*0.4", "nCostMana": "0"}, {"nDamageBase": "3200*0.8", "nDamageRand": "3200*0.4", "nCostMana": "0"}, {"nDamageBase": "3200*0.8", "nDamageRand": "3200*0.4", "nCostMana": "0"}, {"nDamageBase": "3200*0.8", "nDamageRand": "3200*0.4", "nCostMana": "0"}, {"nDamageBase": "3200*0.8", "nDamageRand": "3200*0.4", "nCostMana": "0"}, {"nDamageBase": "3200*0.8", "nDamageRand": "3200*0.4", "nCostMana": "0"}, {"nDamageBase": "3200*0.8", "nDamageRand": "3200*0.4", "nCostMana": "0"}, {"nDamageBase": "3200*0.8", "nDamageRand": "3200*0.4", "nCostMana": "0"}, {"nDamageBase": "3200*0.8", "nDamageRand": "3200*0.4", "nCostMana": "0"}, {"nDamageBase": "3200*0.8", "nDamageRand": "3200*0.4", "nCostMana": "0"}, {"nDamageBase": "3200*0.8", "nDamageRand": "3200*0.4", "nCostMana": "0"}, {"nDamageBase": "3200*0.8", "nDamageRand": "3200*0.4", "nCostMana": "0"}]		CALL_SOLAR_DAMAGE;SKILL_SOLAR_DAMAGE;SKILL_SOLAR_DAMAGE_RAND
npc\副本BOSS\寂灭厅\寂灭厅_3号BOSS_摩提耶罗_拿云式_高血量.lua	npc	plain	{"nMinRadius": "0 * LENGTH_BASE", "nMaxRadius": "4 * LENGTH_BASE", "nAngleRange": "128", "nBeatBackRate": "0 * PERCENT_BASE"}	[{"nDamageBase": "10000*0.8", "nDamageRand": "10000*0.4", "nCostMana": "0"}, {"nDamageBase": "15500*0.8", "nDamageRand": "15500*0.4", "nCostMana": "0"}, {"nDamageBase": "3200*0.8", "nDamageRand": "3200*0.4", "nCostMana": "0"}, {"nDamageBase": "3200*0.8", "nDamageRand": "3200*0.4", "nCostMana": "0"}, {"nDamageBase": "3200*0.8", "nDamageRand": "3200*0.4", "nCostMana": "0"}, {"nDamageBase": "3200*0.8", "nDamageRand": "3200*0.4", "nCostMana": "0"}, {"nDamageBase": "3200*0.8", "nDamageRand": "3200*0.4", "nCostMana": "0"}, {"nDamageBase": "3200*0.8", "nDamageRand": "3200*0.4", "nCostMana": "0"}, {"nDamageBase": "3200*0.8", "nDamageRand": "3200*0.4", "nCostMana": "0"}, {"nDamageBase": "3200*0.8", "nDamageRand": "3200*0.4", "nCostMana": "0"}, {"nDamageBase": "3200*0.8", "nDamageRand": "3200*0.4", "nCostMana": "0"}, {"nDamageBase": "3200*0.8", "nDamageRand": "3200*0.4", "nCostMana": "0"}, {"nDamageBase": "3200*0.8", "nDamageRand": "3200*0.4", "nCostMana": "0"}, {"nDamageBase": "3200*0.8", "nDamageRand": "3200*0.4", "nCostMana": "0"}, {"nDamageBase": "3200*0.8", "nDamageRand": "3200*0.4", "nCostMana": "0"}, {"nDamageBase": "3200*0.8", "nDamageRand": "3200*0.4", "nCostMana": "0"}, {"nDamageBase": "3200*0.8", "nDamageRand": "3200*0.4", "nCostMana": "0"}, {"nDamageBase": "3200*0.8", "nDamageRand": "3200*0.4", "nCostMana": "0"}, {"nDamageBase": "3200*0.8", "nDamageRand": "3200*0.4", "nCostMana": "0"}, {"nDamageBase": "3200*0.8", "nDamageRand": "3200*0.4", "nCostMana": "0"}, {"nDamageBase": "3200*0.8", "nDamageRand": "3200*0.4", "nCostMana": "0"}, {"nDamageBase": "3200*0.8", "nDamageRand": "3200*0.4", "nCostMana": "0"}, {"nDamageBase": "3200*0.8", "nDamageRand": "3200*0.4", "nCostMana": "0"}, {"nDamageBase": "3200*0.8", "nDamageRand": "3200*0.4", "nCostMana": "0"}, {"nDamageBase": "3200*0.8", "nDamageRand": "3200*0.4", "nCostMana": "0"}, {"nDamageBase": "3200*0.8", "nDamageRand": "3200*0.4", "nCostMana": "0"}, {"nDamageBase": "3200*0.8", "nDamageRand": "3200*0.4", "nCostMana": "0"}, {"nDamageBase": "3200*0.8", "nDamageRand": "3200*0.4", "nCostMana": "0"}, {"nDamageBase": "3200*0.8", "nDamageRand": "3200*0.4", "nCostMana": "0"}, {"nDamageBase": "3200*0.8", "nDamageRand": "3200*0.4", "nCostMana": "0"}]		CALL_SOLAR_DAMAGE;SKILL_SOLAR_DAMAGE;SKILL_SOLAR_DAMAGE_RAND
npc\副本BOSS\寂灭厅\寂灭厅_小怪_七秀弟子_剑主天地.lua	npc	plain	{"nMinRadius": "0 * LENGTH_BASE", "nMaxRadius": "20 * LENGTH_BASE", "nAngleRange": "128"}	[{"nDamageBase": "16200*0.8", "nDamageRand": "16200*0.4"}, {"nDamageBase": "24900*0.8", "nDamageRand": "24900*0.4"}, {"nDamageBase": "3200*0.8", "nDamageRand": "3200*0.4"}, {"nDamageBase": "3200*0.8", "nDamageRand": "3200*0.4"}, {"nDamageBase": "3200*0.8", "nDamageRand": "3200*0.4"}, {"nDamageBase": "3200*0.8", "nDamageRand": "3200*0.4"}, {"nDamageBase": "3200*0.8", "nDamageRand": "3200*0.4"}, {"nDamageBase": "3200*0.8", "nDamageRand": "3200*0.4"}, {"nDamageBase": "3200*0.8", "nDamageRand": "3200*0.4"}, {"nDamageBase": "3200*0.8", "nDamageRand": "3200*0.4"}, {"nDamageBase": "3200*0.8", "nDamageRand": "3200*0.4"}, {"nDamageBase": "3200*0.8", "nDamageRand": "3200*0.4"}, {"nDamageBase": "3200*0.8", "nDamageRand": "3200*0.4"}, {"nDamageBase": "3200*0.8", "nDamageRand": "3200*0.4"}, {"nDamageBase": "3200*0.8", "nDamageRand": "3200*0.4"}, {"nDamageBase": "3200*0.8", "nDamageRand": "3200*0.4"}, {"nDamageBase": "3200*0.8", "nDamageRand": "3200*0.4"}, {"nDamageBase": "3200*0.8", "nDamageRand": "3200*0.4"}, {"nDamageBase": "3200*0.8", "nDamageRand": "3200*0.4"}, {"nDamageBase": "3200*0.8", "nDamageRand": "3200*0.4"}, {"nDamageBase": "3200*0.8", "nDamageRand": "3200*0.4"}, {"nDamageBase": "3200*0.8", "nDamageRand": "3200*0.4"}, {"nDamageBase": "3200*0.8", "nDamageRand": "3200*0.4"}, {"nDamageBase": "3200*0.8", "nDamageRand": "3200*0.4"}, {"nDamageBase": "3200*0.8", "nDamageRand": "3200*0.4"}, {"nDamageBase": "3200*0.8", "nDamageRand": "3200*0.4"}, {"nDamageBase": "3200*0.8", "nDamageRand": "3200*0.4"}, {"nDamageBase": "3200*0.8", "nDamageRand": "3200*0.4"}, {"nDamageBase": "3200*0.8", "nDamageRand": "3200*0.4"}, {"nDamageBase": "3200*0.8", "nDamageRand": "3200*0.4"}]		CALL_LUNAR_DAMAGE;SKILL_LUNAR_DAMAGE;SKILL_LUNAR_DAMAGE_RAND
npc\副本BOSS\恶人谷\毕罗巴_拜火斩起势.lua	npc	plain	{"nMinRadius": "0 * LENGTH_BASE", "nMaxRadius": "4 * LENGTH_BASE", "nPrepareFrames": "16", "nBeatBackRate": "0 * PERCENT_BASE", "nBrokenRate": "0 * PERCENT_BASE"}	[]		EXECUTE_SCRIPT
npc\副本BOSS\新手村改造\道函_捉影式.lua	npc	plain	{"nMaxRadius": "25 * LENGTH_BASE", "nAngleRange": "128", "nPrepareFrames": "16", "nBeatBackRate": "0", "nBrokenRate": "0 * PERCENT_BASE"}	[]		KNOCKED_BACK_RATE;PULL
npc\副本BOSS\无量宫\无量宫_多多_斗转星移.lua	npc	plain	{"nMaxRadius": "4 * LENGTH_BASE", "nAngleRange": "256", "nChannelFrame": "48", "nBeatBackRate": "0 * PERCENT_BASE", "nBrokenRate": "0 * PERCENT_BASE"}	[]		CALL_BUFF
npc\副本BOSS\无量宫\无量宫_多多_斗转星移_反击.lua	npc	plain	{"nMinRadius": "0 * LENGTH_BASE", "nMaxRadius": "40 * LENGTH_BASE", "nAngleRange": "256", "nBeatBackRate": "0 * PERCENT_BASE", "nBrokenRate": "0 * PERCENT_BASE"}	[{"nDamageBase": "3300*0.8", "nDamageRand": "3300*0.4", "nCostMana": "0"}, {"nDamageBase": "8300*0.8", "nDamageRand": "8300*0.4", "nCostMana": "0"}, {"nDamageBase": "3200*0.8", "nDamageRand": "3200*0.4", "nCostMana": "0"}, {"nDamageBase": "3200*0.8", "nDamageRand": "3200*0.4", "nCostMana": "0"}, {"nDamageBase": "3200*0.8", "nDamageRand": "3200*0.4", "nCostMana": "0"}, {"nDamageBase": "3200*0.8", "nDamageRand": "3200*0.4", "nCostMana": "0"}, {"nDamageBase": "3200*0.8", "nDamageRand": "3200*0.4", "nCostMana": "0"}, {"nDamageBase": "3200*0.8", "nDamageRand": "3200*0.4", "nCostMana": "0"}, {"nDamageBase": "3200*0.8", "nDamageRand": "3200*0.4", "nCostMana": "0"}, {"nDamageBase": "3200*0.8", "nDamageRand": "3200*0.4", "nCostMana": "0"}, {"nDamageBase": "3200*0.8", "nDamageRand": "3200*0.4", "nCostMana": "0"}, {"nDamageBase": "3200*0.8", "nDamageRand": "3200*0.4", "nCostMana": "0"}, {"nDamageBase": "3200*0.8", "nDamageRand": "3200*0.4", "nCostMana": "0"}, {"nDamageBase": "3200*0.8", "nDamageRand": "3200*0.4", "nCostMana": "0"}, {"nDamageBase": "3200*0.8", "nDamageRand": "3200*0.4", "nCostMana": "0"}, {"nDamageBase": "3200*0.8", "nDamageRand": "3200*0.4", "nCostMana": "0"}, {"nDamageBase": "3200*0.8", "nDamageRand": "3200*0.4", "nCostMana": "0"}, {"nDamageBase": "3200*0.8", "nDamageRand": "3200*0.4", "nCostMana": "0"}, {"nDamageBase": "3200*0.8", "nDamageRand": "3200*0.4", "nCostMana": "0"}, {"nDamageBase": "3200*0.8", "nDamageRand": "3200*0.4", "nCostMana": "0"}, {"nDamageBase": "3200*0.8", "nDamageRand": "3200*0.4", "nCostMana": "0"}, {"nDamageBase": "3200*0.8", "nDamageRand": "3200*0.4", "nCostMana": "0"}, {"nDamageBase": "3200*0.8", "nDamageRand": "3200*0.4", "nCostMana": "0"}, {"nDamageBase": "3200*0.8", "nDamageRand": "3200*0.4", "nCostMana": "0"}, {"nDamageBase": "3200*0.8", "nDamageRand": "3200*0.4", "nCostMana": "0"}, {"nDamageBase": "3200*0.8", "nDamageRand": "3200*0.4", "nCostMana": "0"}, {"nDamageBase": "3200*0.8", "nDamageRand": "3200*0.4", "nCostMana": "0"}, {"nDamageBase": "3200*0.8", "nDamageRand": "3200*0.4", "nCostMana": "0"}, {"nDamageBase": "3200*0.8", "nDamageRand": "3200*0.4", "nCostMana": "0"}, {"nDamageBase": "3200*0.8", "nDamageRand": "3200*0.4", "nCostMana": "0"}]		CALL_NEUTRAL_DAMAGE;SKILL_NEUTRAL_DAMAGE;SKILL_NEUTRAL_DAMAGE_RAND
npc\副本BOSS\永王行宫_仙侣庭院\1号_屈焰阳\1号_屈焰阳_连斩_伤害.lua	npc	plain	{"nMinRadius": "0 * LENGTH_BASE", "nMaxRadius": "4 * LENGTH_BASE", "nAngleRange": "256"}	[{"nDamageBase": "2300", "nDamageRand": "0", "nCostMana": "0"}, {"nDamageBase": "3000", "nDamageRand": "0", "nCostMana": "0"}, {"nDamageBase": "4000", "nDamageRand": "0", "nCostMana": "0"}, {"nDamageBase": "5000", "nDamageRand": "0", "nCostMana": "0"}, {"nDamageBase": "2300 * 5", "nDamageRand": "0", "nCostMana": "0"}, {"nDamageBase": "2300 * 6", "nDamageRand": "0", "nCostMana": "0"}, {"nDamageBase": "2300 * 7", "nDamageRand": "0", "nCostMana": "0"}, {"nDamageBase": "2300 * 8", "nDamageRand": "0", "nCostMana": "0"}, {"nDamageBase": "2300 * 9", "nDamageRand": "0", "nCostMana": "0"}, {"nDamageBase": "2300 * 10", "nDamageRand": "0", "nCostMana": "0"}, {"nDamageBase": "66100", "nDamageRand": "0", "nCostMana": "0"}, {"nDamageBase": "66100 * 2", "nDamageRand": "0", "nCostMana": "0"}, {"nDamageBase": "66100 * 3", "nDamageRand": "0", "nCostMana": "0"}, {"nDamageBase": "66100 * 4", "nDamageRand": "0", "nCostMana": "0"}, {"nDamageBase": "66100 * 5", "nDamageRand": "0", "nCostMana": "0"}, {"nDamageBase": "66100 * 6", "nDamageRand": "0", "nCostMana": "0"}, {"nDamageBase": "66100 * 7", "nDamageRand": "0", "nCostMana": "0"}, {"nDamageBase": "66100 * 8", "nDamageRand": "0", "nCostMana": "0"}, {"nDamageBase": "66100 * 9", "nDamageRand": "0", "nCostMana": "0"}, {"nDamageBase": "66100 * 10", "nDamageRand": "0", "nCostMana": "0"}]		CALL_LUNAR_DAMAGE;EXECUTE_SCRIPT;SKILL_LUNAR_DAMAGE;SKILL_LUNAR_DAMAGE_RAND
npc\副本BOSS\沃石院\1号\1号_击退30尺.lua	npc	plain	{"bIgnorePrepareState": "true", "nMinRadius": "0 * LENGTH_BASE", "nMaxRadius": "50 * LENGTH_BASE", "nAngleRange": "256", "nBeatBackRate": "0 * PERCENT_BASE", "nBrokenRate": "0 * PERCENT_BASE"}	[{"nDamageBase": "0", "nDamageRand": "0", "nCostMana": "0"}, {"nDamageBase": "0", "nDamageRand": "0", "nCostMana": "0"}, {"nDamageBase": "0", "nDamageRand": "0", "nCostMana": "0"}, {"nDamageBase": "0", "nDamageRand": "0", "nCostMana": "0"}, {"nDamageBase": "0", "nDamageRand": "0", "nCostMana": "0"}, {"nDamageBase": "0", "nDamageRand": "0", "nCostMana": "0"}, {"nDamageBase": "0", "nDamageRand": "0", "nCostMana": "0"}, {"nDamageBase": "0", "nDamageRand": "0", "nCostMana": "0"}, {"nDamageBase": "0", "nDamageRand": "0", "nCostMana": "0"}, {"nDamageBase": "0", "nDamageRand": "0", "nCostMana": "0"}]		
npc\副本BOSS\沃石院\1号\1号_大矩形aoe.lua	npc	plain	{"nAngleRange": "256", "nAreaRadius": "40* LENGTH_BASE", "nPrepareFrames": "96", "nBeatBackRate": "0 * PERCENT_BASE", "nBrokenRate": "0 * PERCENT_BASE"}	[{"nDamageBase": "132100", "nDamageRand": "0", "nCostMana": "0"}, {"nDamageBase": "214700", "nDamageRand": "0", "nCostMana": "0"}, {"nDamageBase": "0", "nDamageRand": "0", "nCostMana": "0"}, {"nDamageBase": "0", "nDamageRand": "0", "nCostMana": "0"}, {"nDamageBase": "0", "nDamageRand": "0", "nCostMana": "0"}, {"nDamageBase": "0", "nDamageRand": "0", "nCostMana": "0"}, {"nDamageBase": "0", "nDamageRand": "0", "nCostMana": "0"}, {"nDamageBase": "0", "nDamageRand": "0", "nCostMana": "0"}, {"nDamageBase": "0", "nDamageRand": "0", "nCostMana": "0"}, {"nDamageBase": "0", "nDamageRand": "0", "nCostMana": "0"}, {"nDamageBase": "0", "nDamageRand": "0", "nCostMana": "0"}]		CALL_PHYSICS_DAMAGE;EXECUTE_SCRIPT;SKILL_PHYSICS_DAMAGE
npc\副本BOSS\法王窟\法王窟_智慧王_五蕴皆空.lua	npc	plain	{"nMinRadius": "0 * LENGTH_BASE", "nMaxRadius": "99 * LENGTH_BASE", "nAngleRange": "256", "nBeatBackRate": "0 * PERCENT_BASE"}	[{"nDamageBase": "5200*0.8", "nDamageRand": "5200*0.4"}, {"nDamageBase": "12500*0.8", "nDamageRand": "12500*0.4"}, {"nDamageBase": "3200*0.8", "nDamageRand": "3200*0.4"}, {"nDamageBase": "3200*0.8", "nDamageRand": "3200*0.4"}, {"nDamageBase": "3200*0.8", "nDamageRand": "3200*0.4"}, {"nDamageBase": "3200*0.8", "nDamageRand": "3200*0.4"}, {"nDamageBase": "3200*0.8", "nDamageRand": "3200*0.4"}, {"nDamageBase": "3200*0.8", "nDamageRand": "3200*0.4"}, {"nDamageBase": "3200*0.8", "nDamageRand": "3200*0.4"}, {"nDamageBase": "3200*0.8", "nDamageRand": "3200*0.4"}, {"nDamageBase": "3200*0.8", "nDamageRand": "3200*0.4"}, {"nDamageBase": "3200*0.8", "nDamageRand": "3200*0.4"}, {"nDamageBase": "3200*0.8", "nDamageRand": "3200*0.4"}, {"nDamageBase": "3200*0.8", "nDamageRand": "3200*0.4"}, {"nDamageBase": "3200*0.8", "nDamageRand": "3200*0.4"}, {"nDamageBase": "3200*0.8", "nDamageRand": "3200*0.4"}, {"nDamageBase": "3200*0.8", "nDamageRand": "3200*0.4"}, {"nDamageBase": "3200*0.8", "nDamageRand": "3200*0.4"}, {"nDamageBase": "3200*0.8", "nDamageRand": "3200*0.4"}, {"nDamageBase": "3200*0.8", "nDamageRand": "3200*0.4"}, {"nDamageBase": "3200*0.8", "nDamageRand": "3200*0.4"}, {"nDamageBase": "3200*0.8", "nDamageRand": "3200*0.4"}, {"nDamageBase": "3200*0.8", "nDamageRand": "3200*0.4"}, {"nDamageBase": "3200*0.8", "nDamageRand": "3200*0.4"}, {"nDamageBase": "3200*0.8", "nDamageRand": "3200*0.4"}, {"nDamageBase": "3200*0.8", "nDamageRand": "3200*0.4"}, {"nDamageBase": "3200*0.8", "nDamageRand": "3200*0.4"}, {"nDamageBase": "3200*0.8", "nDamageRand": "3200*0.4"}, {"nDamageBase": "3200*0.8", "nDamageRand": "3200*0.4"}, {"nDamageBase": "3200*0.8", "nDamageRand": "3200*0.4"}]		CALL_SOLAR_DAMAGE;SKILL_SOLAR_DAMAGE;SKILL_SOLAR_DAMAGE_RAND
npc\副本BOSS\流离岛\流离岛-詹素-小怪旋转.lua	npc	plain	{"nMinRadius": "0 * LENGTH_BASE", "nMaxRadius": "10 * LENGTH_BASE", "nAngleRange": "256", "nAreaRadius": "10 * LENGTH_BASE"}	[{"nDamage": "120 * 0.8", "nDamageRand": "0", "nCostMana": "0"}, {"nDamage": "18900 * 0.8", "nDamageRand": "18900 * 0.4", "nCostMana": "0"}, {"nDamage": "0", "nDamageRand": "0", "nCostMana": "0"}, {"nDamage": "0", "nDamageRand": "0", "nCostMana": "0"}, {"nDamage": "0", "nDamageRand": "0", "nCostMana": "0"}, {"nDamage": "0", "nDamageRand": "0", "nCostMana": "0"}, {"nDamage": "0", "nDamageRand": "0", "nCostMana": "0"}, {"nDamage": "0", "nDamageRand": "0", "nCostMana": "0"}, {"nDamage": "0", "nDamageRand": "0", "nCostMana": "0"}, {"nDamage": "0", "nDamageRand": "0", "nCostMana": "0"}]		CALL_PHYSICS_DAMAGE;SKILL_PHYSICS_DAMAGE;SKILL_PHYSICS_DAMAGE_RAND
npc\副本BOSS\浩气盟\韩非池_强音.lua	npc	plain	{"nMinRadius": "0 * LENGTH_BASE", "nMaxRadius": "10 * LENGTH_BASE", "nAngleRange": "256", "nAreaRadius": "15 * LENGTH_BASE", "nPrepareFrames": "24", "nBeatBackRate": "0 * PERCENT_BASE", "nBrokenRate": "0 * PERCENT_BASE"}	[]		CALL_LUNAR_DAMAGE;EXECUTE_SCRIPT;SKILL_LUNAR_DAMAGE;SKILL_LUNAR_DAMAGE_RAND
npc\副本BOSS\烛龙殿\巡守普通攻击.lua	npc	plain	{"nMinRadius": "0 * LENGTH_BASE", "nMaxRadius": "4 * LENGTH_BASE", "nAngleRange": "128"}	[{"nDamage": "19400", "nDamageRand": "0", "nCostMana": "0"}, {"nDamage": "44900", "nDamageRand": "0", "nCostMana": "0"}, {"nDamageBase": "0", "nDamageRand": "0", "nCostMana": "0"}, {"nDamageBase": "0", "nDamageRand": "0", "nCostMana": "0"}, {"nDamageBase": "0", "nDamageRand": "0", "nCostMana": "0"}, {"nDamageBase": "0", "nDamageRand": "0", "nCostMana": "0"}, {"nDamageBase": "0", "nDamageRand": "0", "nCostMana": "0"}, {"nDamageBase": "0", "nDamageRand": "0", "nCostMana": "0"}, {"nDamageBase": "0", "nDamageRand": "0", "nCostMana": "0"}, {"nDamageBase": "0", "nDamageRand": "0", "nCostMana": "0"}]		CALL_PHYSICS_DAMAGE;GLOBAL_BLOCK;SKILL_PHYSICS_DAMAGE
npc\副本BOSS\烛龙殿\烛龙殿_万花_商阳指.lua	npc	plain	{"nMinRadius": "0 * LENGTH_BASE", "nMaxRadius": "20 * LENGTH_BASE", "nAngleRange": "128"}	[{"nDamage": "0", "nDamageRand": "0", "nCostMana": "0"}, {"nDamage": "0", "nDamageRand": "0", "nCostMana": "0"}, {"nDamage": "0", "nDamageRand": "0", "nCostMana": "0"}, {"nDamage": "0", "nDamageRand": "0", "nCostMana": "0"}, {"nDamage": "0", "nDamageRand": "0", "nCostMana": "0"}, {"nDamage": "0", "nDamageRand": "0", "nCostMana": "0"}, {"nDamage": "0", "nDamageRand": "0", "nCostMana": "0"}, {"nDamage": "0", "nDamageRand": "0", "nCostMana": "0"}, {"nDamage": "0", "nDamageRand": "0", "nCostMana": "0"}, {"nDamage": "0", "nDamageRand": "0", "nCostMana": "0"}]		
npc\副本BOSS\烛龙殿\烛龙殿_唐门_化血镖.lua	npc	plain	{"nMinRadius": "0 * LENGTH_BASE", "nMaxRadius": "20 * LENGTH_BASE", "nAngleRange": "128"}	[{"nDamage": "0", "nDamageRand": "0", "nCostMana": "0"}, {"nDamage": "0", "nDamageRand": "0", "nCostMana": "0"}, {"nDamage": "0", "nDamageRand": "0", "nCostMana": "0"}, {"nDamage": "0", "nDamageRand": "0", "nCostMana": "0"}, {"nDamage": "0", "nDamageRand": "0", "nCostMana": "0"}, {"nDamage": "0", "nDamageRand": "0", "nCostMana": "0"}, {"nDamage": "0", "nDamageRand": "0", "nCostMana": "0"}, {"nDamage": "0", "nDamageRand": "0", "nCostMana": "0"}, {"nDamage": "0", "nDamageRand": "0", "nCostMana": "0"}, {"nDamage": "0", "nDamageRand": "0", "nCostMana": "0"}]		CALL_PHYSICS_DAMAGE;SKILL_PHYSICS_DAMAGE;SKILL_PHYSICS_DAMAGE_RAND
npc\副本BOSS\烛龙殿\烛龙殿_天策_破风.lua	npc	plain	{"nMinRadius": "0 * LENGTH_BASE", "nMaxRadius": "4 * LENGTH_BASE", "nAngleRange": "128"}	[{"nDamage": "0", "nDamageRand": "0", "nCostMana": "0"}, {"nDamage": "0", "nDamageRand": "0", "nCostMana": "0"}, {"nDamage": "0", "nDamageRand": "0", "nCostMana": "0"}, {"nDamage": "0", "nDamageRand": "0", "nCostMana": "0"}, {"nDamage": "0", "nDamageRand": "0", "nCostMana": "0"}, {"nDamage": "0", "nDamageRand": "0", "nCostMana": "0"}, {"nDamage": "0", "nDamageRand": "0", "nCostMana": "0"}, {"nDamage": "0", "nDamageRand": "0", "nCostMana": "0"}, {"nDamage": "0", "nDamageRand": "0", "nCostMana": "0"}, {"nDamage": "0", "nDamageRand": "0", "nCostMana": "0"}]		CALL_PHYSICS_DAMAGE;SKILL_PHYSICS_DAMAGE;SKILL_PHYSICS_DAMAGE_RAND
npc\副本BOSS\狼牙堡_战兽山\无支祁\暗流涌动.lua	npc	plain	{"nMinRadius": "0 * LENGTH_BASE", "nMaxRadius": "10 * LENGTH_BASE", "nAngleRange": "256", "nAreaRadius": "6 * LENGTH_BASE"}	[{"nDamageBase": "9100", "nDamageRand": "0", "nCostMana": "0"}, {"nDamageBase": "12500", "nDamageRand": "0", "nCostMana": "0"}, {"nDamageBase": "0", "nDamageRand": "0", "nCostMana": "0"}, {"nDamageBase": "0", "nDamageRand": "0", "nCostMana": "0"}, {"nDamageBase": "0", "nDamageRand": "0", "nCostMana": "0"}, {"nDamageBase": "0", "nDamageRand": "0", "nCostMana": "0"}, {"nDamageBase": "0", "nDamageRand": "0", "nCostMana": "0"}, {"nDamageBase": "0", "nDamageRand": "0", "nCostMana": "0"}, {"nDamageBase": "0", "nDamageRand": "0", "nCostMana": "0"}, {"nDamageBase": "0", "nDamageRand": "0", "nCostMana": "0"}]		CALL_KNOCKED_BACK_EXHALE;CALL_PHYSICS_DAMAGE;EXECUTE_SCRIPT;SKILL_PHYSICS_DAMAGE;SKILL_PHYSICS_DAMAGE_RAND
npc\副本BOSS\狼牙堡_战兽山\无支祁\绝命深渊.lua	npc	plain	{"nMinRadius": "0 * LENGTH_BASE", "nMaxRadius": "60 * LENGTH_BASE", "nAngleRange": "256", "nAreaRadius": "6 * LENGTH_BASE"}	[{"nDamageBase": "3100", "nDamageRand": "0", "nCostMana": "0"}, {"nDamageBase": "6000", "nDamageRand": "0", "nCostMana": "0"}, {"nDamageBase": "0", "nDamageRand": "0", "nCostMana": "0"}, {"nDamageBase": "0", "nDamageRand": "0", "nCostMana": "0"}, {"nDamageBase": "0", "nDamageRand": "0", "nCostMana": "0"}, {"nDamageBase": "0", "nDamageRand": "0", "nCostMana": "0"}, {"nDamageBase": "0", "nDamageRand": "0", "nCostMana": "0"}, {"nDamageBase": "0", "nDamageRand": "0", "nCostMana": "0"}, {"nDamageBase": "0", "nDamageRand": "0", "nCostMana": "0"}, {"nDamageBase": "0", "nDamageRand": "0", "nCostMana": "0"}]		EXECUTE_SCRIPT;HALT
npc\副本BOSS\狼牙堡_狼神殿\6号_靳空明\千钧横扫.lua	npc	plain	{"nMinRadius": "0 * LENGTH_BASE", "nMaxRadius": "40 * LENGTH_BASE", "nAngleRange": "128", "nAreaRadius": "7 * LENGTH_BASE"}	[{"nDamageBase": "9500", "nDamageRand": "0", "nCostMana": "0"}, {"nDamageBase": "10400", "nDamageRand": "0", "nCostMana": "0"}, {"nDamageBase": "5700", "nDamageRand": "0", "nCostMana": "0"}]		CALL_PHYSICS_DAMAGE;SKILL_PHYSICS_DAMAGE;SKILL_PHYSICS_DAMAGE_RAND
npc\副本BOSS\狼牙堡_狼神殿\6号_靳空明\火狼箭雨.lua	npc	plain	{"nMinRadius": "0 * LENGTH_BASE", "nMaxRadius": "30 * LENGTH_BASE", "nAngleRange": "256", "nAreaRadius": "5 * LENGTH_BASE"}	[{"nDamageBase": "14800", "nDamageRand": "0", "nCostMana": "0"}, {"nDamageBase": "16100", "nDamageRand": "0", "nCostMana": "0"}, {"nDamageBase": "8800", "nDamageRand": "0", "nCostMana": "0"}]		CALL_SOLAR_DAMAGE;EXECUTE_SCRIPT;SKILL_SOLAR_DAMAGE;SKILL_SOLAR_DAMAGE_RAND
npc\副本BOSS\狼牙堡_狼神殿\8号_史思明\禁断长生8尺.lua	npc	plain	{"nMinRadius": "0 * LENGTH_BASE", "nMaxRadius": "8 * LENGTH_BASE", "nAngleRange": "256", "nAreaRadius": "8 * LENGTH_BASE", "nPrepareFrames": "48", "nBeatBackRate": "0 * PERCENT_BASE", "nBrokenRate": "0 * PERCENT_BASE"}	[{"nDamageBase": "40857", "nDamageRand": "0", "nCostMana": "0"}, {"nDamageBase": "42500", "nDamageRand": "0", "nCostMana": "0"}, {"nDamageBase": "22600", "nDamageRand": "0", "nCostMana": "0"}, {"nDamageBase": "0", "nDamageRand": "0", "nCostMana": "0"}, {"nDamageBase": "0", "nDamageRand": "0", "nCostMana": "0"}, {"nDamageBase": "0", "nDamageRand": "0", "nCostMana": "0"}, {"nDamageBase": "0", "nDamageRand": "0", "nCostMana": "0"}, {"nDamageBase": "0", "nDamageRand": "0", "nCostMana": "0"}, {"nDamageBase": "0", "nDamageRand": "0", "nCostMana": "0"}, {"nDamageBase": "0", "nDamageRand": "0", "nCostMana": "0"}]		CALL_SOLAR_DAMAGE;EXECUTE_SCRIPT;SKILL_SOLAR_DAMAGE;SKILL_SOLAR_DAMAGE_RAND
npc\副本BOSS\狼牙堡_辉天堑\周边\潜龙勿用.lua	npc	plain	{"nMinRadius": "0 * LENGTH_BASE", "nMaxRadius": "20 * LENGTH_BASE", "nAngleRange": "256", "nAreaRadius": "10 * LENGTH_BASE"}	[{"nDamageBase": "328000", "nDamageRand": "0", "nCostMana": "0"}, {"nDamageBase": "516000", "nDamageRand": "0", "nCostMana": "0"}, {"nDamageBase": "0", "nDamageRand": "0", "nCostMana": "0"}, {"nDamageBase": "0", "nDamageRand": "0", "nCostMana": "0"}, {"nDamageBase": "0", "nDamageRand": "0", "nCostMana": "0"}, {"nDamageBase": "0", "nDamageRand": "0", "nCostMana": "0"}, {"nDamageBase": "0", "nDamageRand": "0", "nCostMana": "0"}, {"nDamageBase": "0", "nDamageRand": "0", "nCostMana": "0"}, {"nDamageBase": "0", "nDamageRand": "0", "nCostMana": "0"}, {"nDamageBase": "0", "nDamageRand": "0", "nCostMana": "0"}]		CALL_PHYSICS_DAMAGE;EXECUTE_SCRIPT;SKILL_PHYSICS_DAMAGE;SKILL_PHYSICS_DAMAGE_RAND
npc\副本BOSS\白帝江关\7号_宫傲\甘霖子.lua	npc	plain	{"bIgnorePrepareState": "true", "nMinRadius": "0 * LENGTH_BASE", "nMaxRadius": "100 * LENGTH_BASE", "nAngleRange": "256", "nAreaRadius": "100 * LENGTH_BASE", "nBeatBackRate": "0 * PERCENT_BASE", "nBrokenRate": "0 * PERCENT_BASE"}	[{"nDamageBase": "32518*0.9", "nDamageRand": "0", "nCostMana": "0"}, {"nDamageBase": "37395*0.9", "nDamageRand": "0", "nCostMana": "0"}, {"nDamageBase": "43005*0.9", "nDamageRand": "0", "nCostMana": "0"}, {"nDamageBase": "49455*0.9", "nDamageRand": "0", "nCostMana": "0"}, {"nDamageBase": "56874*0.9", "nDamageRand": "0", "nCostMana": "0"}, {"nDamageBase": "65405*0.9", "nDamageRand": "0", "nCostMana": "0"}, {"nDamageBase": "75215*0.9", "nDamageRand": "0", "nCostMana": "0"}, {"nDamageBase": "86498*0.9", "nDamageRand": "0", "nCostMana": "0"}, {"nDamageBase": "9999999", "nDamageRand": "0", "nCostMana": "0"}, {"nDamageBase": "9999999", "nDamageRand": "0", "nCostMana": "0"}, {"nDamageBase": "9999999", "nDamageRand": "0", "nCostMana": "0"}, {"nDamageBase": "9999999", "nDamageRand": "0", "nCostMana": "0"}, {"nDamageBase": "9999999", "nDamageRand": "0", "nCostMana": "0"}, {"nDamageBase": "9999999", "nDamageRand": "0", "nCostMana": "0"}, {"nDamageBase": "9999999", "nDamageRand": "0", "nCostMana": "0"}, {"nDamageBase": "9999999", "nDamageRand": "0", "nCostMana": "0"}, {"nDamageBase": "9999999", "nDamageRand": "0", "nCostMana": "0"}, {"nDamageBase": "9999999", "nDamageRand": "0", "nCostMana": "0"}, {"nDamageBase": "9999999", "nDamageRand": "0", "nCostMana": "0"}, {"nDamageBase": "9999999", "nDamageRand": "0", "nCostMana": "0"}, {"nDamageBase": "9999999", "nDamageRand": "0", "nCostMana": "0"}, {"nDamageBase": "9999999", "nDamageRand": "0", "nCostMana": "0"}, {"nDamageBase": "9999999", "nDamageRand": "0", "nCostMana": "0"}, {"nDamageBase": "9999999", "nDamageRand": "0", "nCostMana": "0"}, {"nDamageBase": "9999999", "nDamageRand": "0", "nCostMana": "0"}, {"nDamageBase": "9999999", "nDamageRand": "0", "nCostMana": "0"}, {"nDamageBase": "9999999", "nDamageRand": "0", "nCostMana": "0"}, {"nDamageBase": "9999999", "nDamageRand": "0", "nCostMana": "0"}, {"nDamageBase": "9999999", "nDamageRand": "0", "nCostMana": "0"}, {"nDamageBase": "9999999", "nDamageRand": "0", "nCostMana": "0"}, {"nDamageBase": "9999999", "nDamageRand": "0", "nCostMana": "0"}, {"nDamageBase": "9999999", "nDamageRand": "0", "nCostMana": "0"}, {"nDamageBase": "9999999", "nDamageRand": "0", "nCostMana": "0"}, {"nDamageBase": "9999999", "nDamageRand": "0", "nCostMana": "0"}, {"nDamageBase": "9999999", "nDamageRand": "0", "nCostMana": "0"}, {"nDamageBase": "9999999", "nDamageRand": "0", "nCostMana": "0"}, {"nDamageBase": "9999999", "nDamageRand": "0", "nCostMana": "0"}, {"nDamageBase": "9999999", "nDamageRand": "0", "nCostMana": "0"}, {"nDamageBase": "9999999", "nDamageRand": "0", "nCostMana": "0"}, {"nDamageBase": "9999999", "nDamageRand": "0", "nCostMana": "0"}, {"nDamageBase": "9999999", "nDamageRand": "0", "nCostMana": "0"}, {"nDamageBase": "9999999", "nDamageRand": "0", "nCostMana": "0"}, {"nDamageBase": "9999999", "nDamageRand": "0", "nCostMana": "0"}, {"nDamageBase": "9999999", "nDamageRand": "0", "nCostMana": "0"}, {"nDamageBase": "9999999", "nDamageRand": "0", "nCostMana": "0"}, {"nDamageBase": "9999999", "nDamageRand": "0", "nCostMana": "0"}, {"nDamageBase": "9999999", "nDamageRand": "0", "nCostMana": "0"}, {"nDamageBase": "9999999", "nDamageRand": "0", "nCostMana": "0"}, {"nDamageBase": "9999999", "nDamageRand": "0", "nCostMana": "0"}, {"nDamageBase": "9999999", "nDamageRand": "0", "nCostMana": "0"}]		CALL_BUFF;CALL_LUNAR_DAMAGE;DEL_MULTI_GROUP_BUFF_BY_ID;SKILL_LUNAR_DAMAGE;SKILL_LUNAR_DAMAGE_RAND
npc\副本BOSS\百战异闻录\友方\毛毛_御法八式_剑尾返_实际效果.lua	npc	plain	{"nBaseThreat": "tSkillData[dwSkillLevel].nThreat", "bIgnorePrepareState": "true", "nMinRadius": "0 * LENGTH_BASE", "nMaxRadius": "8 * LENGTH_BASE", "nAngleRange": "256", "nAreaRadius": "8 * LENGTH_BASE", "nBeatBackRate": "0 * PERCENT_BASE", "nBrokenRate": "0 * PERCENT_BASE", "nBreakRate": "0 * PERCENT_BASE", "nDismountingRate": "0"}	[{"nDamageBase": "51200", "nDamageRand": "0"}, {"nDamageBase": "57600", "nDamageRand": "0"}, {"nDamageBase": "64000", "nDamageRand": "0"}, {"nDamageBase": "0", "nDamageRand": "0"}, {"nDamageBase": "0", "nDamageRand": "0"}, {"nDamageBase": "51200", "nDamageRand": "0"}, {"nDamageBase": "57600", "nDamageRand": "0"}, {"nDamageBase": "64000", "nDamageRand": "0"}, {"nDamageBase": "0", "nDamageRand": "0"}, {"nDamageBase": "0", "nDamageRand": "0"}, {"nDamageBase": "51200", "nDamageRand": "0"}, {"nDamageBase": "57600", "nDamageRand": "0"}, {"nDamageBase": "64000", "nDamageRand": "0"}, {"nDamageBase": "0", "nDamageRand": "0"}, {"nDamageBase": "0", "nDamageRand": "0"}]		CALL_PHYSICS_DAMAGE;SKILL_PHYSICS_DAMAGE;SKILL_PHYSICS_DAMAGE_RAND
npc\副本BOSS\百战异闻录\友方\陈月_百花飞星.lua	npc	plain	{"nMinRadius": "0 * LENGTH_BASE", "nMaxRadius": "20 * LENGTH_BASE", "nAngleRange": "128", "nAreaRadius": "20 * LENGTH_BASE", "nPrepareFrames": "48", "nBeatBackRate": "0 * PERCENT_BASE", "nBrokenRate": "0 * PERCENT_BASE", "nBreakRate": "0 * PERCENT_BASE", "nDismountingRate": "0"}	[{"nDamageBase": "100000", "nDamageRand": "0", "nCostMana": "0"}, {"nDamageBase": "240000", "nDamageRand": "0", "nCostMana": "0"}, {"nDamageBase": "360000", "nDamageRand": "0", "nCostMana": "0"}, {"nDamageBase": "0", "nDamageRand": "0", "nCostMana": "0"}, {"nDamageBase": "0", "nDamageRand": "0", "nCostMana": "0"}, {"nDamageBase": "100000", "nDamageRand": "0", "nCostMana": "0"}, {"nDamageBase": "240000", "nDamageRand": "0", "nCostMana": "0"}, {"nDamageBase": "360000", "nDamageRand": "0", "nCostMana": "0"}, {"nDamageBase": "0", "nDamageRand": "0", "nCostMana": "0"}, {"nDamageBase": "0", "nDamageRand": "0", "nCostMana": "0"}, {"nDamageBase": "100000", "nDamageRand": "0", "nCostMana": "0"}, {"nDamageBase": "240000", "nDamageRand": "0", "nCostMana": "0"}, {"nDamageBase": "360000", "nDamageRand": "0", "nCostMana": "0"}, {"nDamageBase": "0", "nDamageRand": "0", "nCostMana": "0"}, {"nDamageBase": "0", "nDamageRand": "0", "nCostMana": "0"}]		CALL_NEUTRAL_DAMAGE;EXECUTE_SCRIPT_WITH_PARAM;SKILL_NEUTRAL_DAMAGE;SKILL_NEUTRAL_DAMAGE_RAND
npc\副本BOSS\百战异闻录\挑战萧武宗\挑战萧武宗_手游玩家使用聂云.lua	npc	plain	{"bIgnorePrepareState": "true", "nMinRadius": "0 * LENGTH_BASE", "nMaxRadius": "10 * LENGTH_BASE", "nAngleRange": "256"}	[{"nDamageBase": "0", "nDamageRand": "0", "nCostMana": "0"}, {"nDamageBase": "0", "nDamageRand": "0", "nCostMana": "0"}, {"nDamageBase": "0", "nDamageRand": "0", "nCostMana": "0"}, {"nDamageBase": "0", "nDamageRand": "0", "nCostMana": "0"}, {"nDamageBase": "0", "nDamageRand": "0", "nCostMana": "0"}, {"nDamageBase": "0", "nDamageRand": "0", "nCostMana": "0"}, {"nDamageBase": "0", "nDamageRand": "0", "nCostMana": "0"}, {"nDamageBase": "0", "nDamageRand": "0", "nCostMana": "0"}, {"nDamageBase": "0", "nDamageRand": "0", "nCostMana": "0"}, {"nDamageBase": "0", "nDamageRand": "0", "nCostMana": "0"}]		EXECUTE_SCRIPT_WITH_PARAM
npc\副本BOSS\百战异闻录\提多罗吒\提多罗吒_天国镇魂曲·普渡八音.lua	npc	plain	{"nMinRadius": "0 * LENGTH_BASE", "nMaxRadius": "200 * LENGTH_BASE", "nAngleRange": "256", "nAreaRadius": "200 * LENGTH_BASE", "nBeatBackRate": "0 * PERCENT_BASE", "nBrokenRate": "0 * PERCENT_BASE", "nBreakRate": "0 * PERCENT_BASE", "nDismountingRate": "0"}	[{"nDamageBase": "100", "nDamageRand": "0", "nCostMana": "0"}, {"nDamageBase": "200", "nDamageRand": "0", "nCostMana": "0"}, {"nDamageBase": "300", "nDamageRand": "0", "nCostMana": "0"}, {"nDamageBase": "400", "nDamageRand": "0", "nCostMana": "0"}, {"nDamageBase": "500", "nDamageRand": "0", "nCostMana": "0"}, {"nDamageBase": "1000", "nDamageRand": "0", "nCostMana": "0"}, {"nDamageBase": "2000", "nDamageRand": "0", "nCostMana": "0"}, {"nDamageBase": "3000", "nDamageRand": "0", "nCostMana": "0"}, {"nDamageBase": "4000", "nDamageRand": "0", "nCostMana": "0"}, {"nDamageBase": "5000", "nDamageRand": "0", "nCostMana": "0"}, {"nDamageBase": "1000", "nDamageRand": "0", "nCostMana": "0"}, {"nDamageBase": "2000", "nDamageRand": "0", "nCostMana": "0"}, {"nDamageBase": "3000", "nDamageRand": "0", "nCostMana": "0"}, {"nDamageBase": "4000", "nDamageRand": "0", "nCostMana": "0"}, {"nDamageBase": "5000", "nDamageRand": "0", "nCostMana": "0"}]		CALL_NEUTRAL_DAMAGE;EXECUTE_SCRIPT_WITH_PARAM;SKILL_NEUTRAL_DAMAGE;SKILL_NEUTRAL_DAMAGE_RAND
npc\副本BOSS\百战异闻录\提多罗吒\提多罗吒_天国镇魂曲·破静天门.lua	npc	plain	{"nMinRadius": "0 * LENGTH_BASE", "nMaxRadius": "200 * LENGTH_BASE", "nAngleRange": "256", "nAreaRadius": "200 * LENGTH_BASE", "nBeatBackRate": "0 * PERCENT_BASE", "nBrokenRate": "0 * PERCENT_BASE", "nBreakRate": "0 * PERCENT_BASE", "nDismountingRate": "0"}	[{"nDamageBase": "100", "nDamageRand": "0", "nCostMana": "0"}, {"nDamageBase": "200", "nDamageRand": "0", "nCostMana": "0"}, {"nDamageBase": "300", "nDamageRand": "0", "nCostMana": "0"}, {"nDamageBase": "400", "nDamageRand": "0", "nCostMana": "0"}, {"nDamageBase": "500", "nDamageRand": "0", "nCostMana": "0"}, {"nDamageBase": "1000", "nDamageRand": "0", "nCostMana": "0"}, {"nDamageBase": "2000", "nDamageRand": "0", "nCostMana": "0"}, {"nDamageBase": "3000", "nDamageRand": "0", "nCostMana": "0"}, {"nDamageBase": "4000", "nDamageRand": "0", "nCostMana": "0"}, {"nDamageBase": "5000", "nDamageRand": "0", "nCostMana": "0"}, {"nDamageBase": "1000", "nDamageRand": "0", "nCostMana": "0"}, {"nDamageBase": "2000", "nDamageRand": "0", "nCostMana": "0"}, {"nDamageBase": "3000", "nDamageRand": "0", "nCostMana": "0"}, {"nDamageBase": "4000", "nDamageRand": "0", "nCostMana": "0"}, {"nDamageBase": "5000", "nDamageRand": "0", "nCostMana": "0"}]		CALL_NEUTRAL_DAMAGE;EXECUTE_SCRIPT_WITH_PARAM;SKILL_NEUTRAL_DAMAGE;SKILL_NEUTRAL_DAMAGE_RAND
npc\副本BOSS\百战异闻录\罗翼\罗翼_猎犬_低吠_实际作用.lua	npc	plain	{"nMinRadius": "0 * LENGTH_BASE", "nMaxRadius": "8 * LENGTH_BASE", "nAngleRange": "256", "nAreaRadius": "8 * LENGTH_BASE"}	[{"nDamageBase": "9510", "nDamageRand": "0", "nCostMana": "0"}, {"nDamageBase": "13290", "nDamageRand": "0", "nCostMana": "0"}, {"nDamageBase": "15245", "nDamageRand": "0", "nCostMana": "0"}, {"nDamageBase": "17059", "nDamageRand": "0", "nCostMana": "0"}, {"nDamageBase": "18874", "nDamageRand": "0", "nCostMana": "0"}, {"nDamageBase": "9510", "nDamageRand": "0", "nCostMana": "0"}, {"nDamageBase": "13290", "nDamageRand": "0", "nCostMana": "0"}, {"nDamageBase": "15245", "nDamageRand": "0", "nCostMana": "0"}, {"nDamageBase": "17059", "nDamageRand": "0", "nCostMana": "0"}, {"nDamageBase": "18874", "nDamageRand": "0", "nCostMana": "0"}, {"nDamageBase": "4755", "nDamageRand": "0", "nCostMana": "0"}, {"nDamageBase": "6645", "nDamageRand": "0", "nCostMana": "0"}, {"nDamageBase": "7622", "nDamageRand": "0", "nCostMana": "0"}, {"nDamageBase": "8529", "nDamageRand": "0", "nCostMana": "0"}, {"nDamageBase": "9437", "nDamageRand": "0", "nCostMana": "0"}, {"nDamageBase": "9618", "nDamageRand": "0", "nCostMana": "0"}, {"nDamageBase": "19237", "nDamageRand": "0", "nCostMana": "0"}, {"nDamageBase": "19237", "nDamageRand": "0", "nCostMana": "0"}, {"nDamageBase": "10163", "nDamageRand": "0", "nCostMana": "0"}, {"nDamageBase": "20326", "nDamageRand": "0", "nCostMana": "0"}, {"nDamageBase": "20326", "nDamageRand": "0", "nCostMana": "0"}, {"nDamageBase": "29038", "nDamageRand": "0", "nCostMana": "0"}, {"nDamageBase": "58076", "nDamageRand": "0", "nCostMana": "0"}, {"nDamageBase": "58076", "nDamageRand": "0", "nCostMana": "0"}, {"nDamageBase": "30852", "nDamageRand": "0", "nCostMana": "0"}, {"nDamageBase": "61705", "nDamageRand": "0", "nCostMana": "0"}, {"nDamageBase": "61705", "nDamageRand": "0", "nCostMana": "0"}, {"nDamageBase": "32667", "nDamageRand": "0", "nCostMana": "0"}, {"nDamageBase": "65335", "nDamageRand": "0", "nCostMana": "0"}, {"nDamageBase": "65335", "nDamageRand": "0", "nCostMana": "0"}]		CALL_PHYSICS_DAMAGE;EXECUTE_SCRIPT_WITH_PARAM;SKILL_PHYSICS_DAMAGE;SKILL_PHYSICS_DAMAGE_RAND
npc\副本BOSS\百战异闻录\谢云流\谢云流_凌太虚_循环.lua	npc	plain	{"bIgnorePrepareState": "true", "nMinRadius": "0 * LENGTH_BASE", "nMaxRadius": "150 * LENGTH_BASE", "nAngleRange": "256", "nAreaRadius": "10 * LENGTH_BASE", "nBeatBackRate": "0 * PERCENT_BASE", "nBrokenRate": "0 * PERCENT_BASE", "nBreakRate": "0 * PERCENT_BASE", "nDismountingRate": "0"}	[{"nDamageBase": "0", "nDamageRand": "0", "nCostMana": "0"}, {"nDamageBase": "0", "nDamageRand": "0", "nCostMana": "0"}, {"nDamageBase": "0", "nDamageRand": "0", "nCostMana": "0"}, {"nDamageBase": "0", "nDamageRand": "0", "nCostMana": "0"}, {"nDamageBase": "0", "nDamageRand": "0", "nCostMana": "0"}, {"nDamageBase": "0", "nDamageRand": "0", "nCostMana": "0"}, {"nDamageBase": "0", "nDamageRand": "0", "nCostMana": "0"}, {"nDamageBase": "0", "nDamageRand": "0", "nCostMana": "0"}, {"nDamageBase": "0", "nDamageRand": "0", "nCostMana": "0"}, {"nDamageBase": "0", "nDamageRand": "0", "nCostMana": "0"}]		EXECUTE_SCRIPT_WITH_PARAM
npc\副本BOSS\百战异闻录\陆寻\陆寻_乱仇.lua	npc	plain	{"bIgnorePrepareState": "true", "nMinRadius": "0 * LENGTH_BASE", "nMaxRadius": "150 * LENGTH_BASE", "nAngleRange": "256", "nAreaRadius": "150 * LENGTH_BASE", "nBeatBackRate": "0 * PERCENT_BASE", "nBrokenRate": "0 * PERCENT_BASE", "nBreakRate": "0 * PERCENT_BASE", "nDismountingRate": "0"}	[{"nDamageBase": "0", "nDamageRand": "0", "nCostMana": "0"}, {"nDamageBase": "0", "nDamageRand": "0", "nCostMana": "0"}, {"nDamageBase": "0", "nDamageRand": "0", "nCostMana": "0"}, {"nDamageBase": "0", "nDamageRand": "0", "nCostMana": "0"}, {"nDamageBase": "0", "nDamageRand": "0", "nCostMana": "0"}, {"nDamageBase": "0", "nDamageRand": "0", "nCostMana": "0"}, {"nDamageBase": "0", "nDamageRand": "0", "nCostMana": "0"}, {"nDamageBase": "0", "nDamageRand": "0", "nCostMana": "0"}, {"nDamageBase": "0", "nDamageRand": "0", "nCostMana": "0"}, {"nDamageBase": "0", "nDamageRand": "0", "nCostMana": "0"}]		EXECUTE_SCRIPT_WITH_PARAM;SPOOF
npc\副本BOSS\神剑冢\唐门橙武_化血镖.lua	npc	plain	{"nMinRadius": "0 * LENGTH_BASE", "nMaxRadius": "99 * LENGTH_BASE", "nAngleRange": "256", "nAreaRadius": "8 * LENGTH_BASE"}	[{"nDamageBase": "0", "nDamageRand": "0", "nCostMana": "0"}, {"nDamageBase": "0", "nDamageRand": "0", "nCostMana": "0"}, {"nDamageBase": "0", "nDamageRand": "0", "nCostMana": "0"}, {"nDamageBase": "0", "nDamageRand": "0", "nCostMana": "0"}, {"nDamageBase": "0", "nDamageRand": "0", "nCostMana": "0"}, {"nDamageBase": "0", "nDamageRand": "0", "nCostMana": "0"}, {"nDamageBase": "0", "nDamageRand": "0", "nCostMana": "0"}, {"nDamageBase": "0", "nDamageRand": "0", "nCostMana": "0"}, {"nDamageBase": "0", "nDamageRand": "0", "nCostMana": "0"}, {"nDamageBase": "0", "nDamageRand": "0", "nCostMana": "0"}]		
npc\副本BOSS\神剑冢\幽月乱花_绛唇珠袖.lua	npc	plain	{"nMinRadius": "0 * LENGTH_BASE", "nMaxRadius": "20 * LENGTH_BASE", "nAngleRange": "256", "nAreaRadius": "20 * LENGTH_BASE"}	[{"nDamageBase": "0", "nDamageRand": "0", "nCostMana": "0"}, {"nDamageBase": "0", "nDamageRand": "0", "nCostMana": "0"}, {"nDamageBase": "0", "nDamageRand": "0", "nCostMana": "0"}, {"nDamageBase": "0", "nDamageRand": "0", "nCostMana": "0"}, {"nDamageBase": "0", "nDamageRand": "0", "nCostMana": "0"}, {"nDamageBase": "0", "nDamageRand": "0", "nCostMana": "0"}, {"nDamageBase": "0", "nDamageRand": "0", "nCostMana": "0"}, {"nDamageBase": "0", "nDamageRand": "0", "nCostMana": "0"}, {"nDamageBase": "0", "nDamageRand": "0", "nCostMana": "0"}, {"nDamageBase": "0", "nDamageRand": "0", "nCostMana": "0"}]		
npc\副本BOSS\神剑冢\摧城_破风.lua	npc	plain	{"nMinRadius": "0 * LENGTH_BASE", "nMaxRadius": "8 * LENGTH_BASE", "nAngleRange": "256"}	[{"nDamageBase": "0", "nDamageRand": "0", "nCostMana": "0"}, {"nDamageBase": "0", "nDamageRand": "0", "nCostMana": "0"}, {"nDamageBase": "0", "nDamageRand": "0", "nCostMana": "0"}, {"nDamageBase": "0", "nDamageRand": "0", "nCostMana": "0"}, {"nDamageBase": "0", "nDamageRand": "0", "nCostMana": "0"}, {"nDamageBase": "0", "nDamageRand": "0", "nCostMana": "0"}, {"nDamageBase": "0", "nDamageRand": "0", "nCostMana": "0"}, {"nDamageBase": "0", "nDamageRand": "0", "nCostMana": "0"}, {"nDamageBase": "0", "nDamageRand": "0", "nCostMana": "0"}, {"nDamageBase": "0", "nDamageRand": "0", "nCostMana": "0"}]		
npc\副本BOSS\神剑冢\碧落_商阳指.lua	npc	plain	{"nMinRadius": "0 * LENGTH_BASE", "nMaxRadius": "30 * LENGTH_BASE", "nAngleRange": "128"}	[{"nDamageBase": "0", "nDamageRand": "0", "nCostMana": "0"}, {"nDamageBase": "0", "nDamageRand": "0", "nCostMana": "0"}, {"nDamageBase": "0", "nDamageRand": "0", "nCostMana": "0"}, {"nDamageBase": "0", "nDamageRand": "0", "nCostMana": "0"}, {"nDamageBase": "0", "nDamageRand": "0", "nCostMana": "0"}, {"nDamageBase": "0", "nDamageRand": "0", "nCostMana": "0"}, {"nDamageBase": "0", "nDamageRand": "0", "nCostMana": "0"}, {"nDamageBase": "0", "nDamageRand": "0", "nCostMana": "0"}, {"nDamageBase": "0", "nDamageRand": "0", "nCostMana": "0"}, {"nDamageBase": "0", "nDamageRand": "0", "nCostMana": "0"}]		
npc\副本BOSS\神剑冢\碧落_商阳指_AOE.lua	npc	plain	{"nMinRadius": "0 * LENGTH_BASE", "nMaxRadius": "50 * LENGTH_BASE", "nAngleRange": "256", "nAreaRadius": "8 * LENGTH_BASE"}	[{"nDamageBase": "7200*0.8", "nDamageRand": "7200*0.4", "nCostMana": "0"}, {"nDamageBase": "0", "nDamageRand": "0", "nCostMana": "0"}, {"nDamageBase": "0", "nDamageRand": "0", "nCostMana": "0"}, {"nDamageBase": "0", "nDamageRand": "0", "nCostMana": "0"}, {"nDamageBase": "0", "nDamageRand": "0", "nCostMana": "0"}, {"nDamageBase": "0", "nDamageRand": "0", "nCostMana": "0"}, {"nDamageBase": "0", "nDamageRand": "0", "nCostMana": "0"}, {"nDamageBase": "0", "nDamageRand": "0", "nCostMana": "0"}, {"nDamageBase": "0", "nDamageRand": "0", "nCostMana": "0"}, {"nDamageBase": "0", "nDamageRand": "0", "nCostMana": "0"}]		CALL_NEUTRAL_DAMAGE;SKILL_NEUTRAL_DAMAGE;SKILL_NEUTRAL_DAMAGE_RAND
npc\副本BOSS\神剑冢\鸣雷惊蛰_枯残蛊.lua	npc	plain	{"nMinRadius": "0 * LENGTH_BASE", "nMaxRadius": "20 * LENGTH_BASE", "nAngleRange": "256", "nAreaRadius": "30 * LENGTH_BASE"}	[{"nDamageBase": "0", "nDamageRand": "0", "nCostMana": "0"}, {"nDamageBase": "0", "nDamageRand": "0", "nCostMana": "0"}, {"nDamageBase": "0", "nDamageRand": "0", "nCostMana": "0"}, {"nDamageBase": "0", "nDamageRand": "0", "nCostMana": "0"}, {"nDamageBase": "0", "nDamageRand": "0", "nCostMana": "0"}, {"nDamageBase": "0", "nDamageRand": "0", "nCostMana": "0"}, {"nDamageBase": "0", "nDamageRand": "0", "nCostMana": "0"}, {"nDamageBase": "0", "nDamageRand": "0", "nCostMana": "0"}, {"nDamageBase": "0", "nDamageRand": "0", "nCostMana": "0"}, {"nDamageBase": "0", "nDamageRand": "0", "nCostMana": "0"}]		
npc\副本BOSS\英雄天子峰\英雄天子峰_1号boss_谢云流_凌太虚.lua	npc	plain	{"nMaxRadius": "20 * LENGTH_BASE", "nAngleRange": "256", "nAreaRadius": "10 * LENGTH_BASE"}	[{"nDamageBase": "60 * 0.8", "nDamageRand": "60 * 0.4", "nCostMana": "0"}, {"nDamageBase": "82 * 0.8", "nDamageRand": "82 * 0.4", "nCostMana": "0"}, {"nDamageBase": "139 * 0.8", "nDamageRand": "139 * 0.4", "nCostMana": "0"}, {"nDamageBase": "199 * 0.8", "nDamageRand": "199 * 0.4", "nCostMana": "0"}, {"nDamageBase": "289 * 0.8", "nDamageRand": "289 * 0.4", "nCostMana": "0"}, {"nDamageBase": "380 * 0.8", "nDamageRand": "380 * 0.4", "nCostMana": "0"}, {"nDamageBase": "522 * 0.8", "nDamageRand": "522 * 0.4", "nCostMana": "0"}, {"nDamageBase": "623 * 0.8", "nDamageRand": "623 * 0.4", "nCostMana": "0"}, {"nDamageBase": "723 * 0.8", "nDamageRand": "723 * 0.4", "nCostMana": "0"}, {"nDamageBase": "824 * 0.8", "nDamageRand": "824 * 0.4", "nCostMana": "0"}, {"nDamageBase": "924 * 0.8", "nDamageRand": "924 * 0.4", "nCostMana": "0"}, {"nDamageBase": "1025 * 0.8", "nDamageRand": "1025 * 0.4", "nCostMana": "0"}, {"nDamageBase": "1125 * 0.8", "nDamageRand": "1125 * 0.4", "nCostMana": "0"}, {"nDamageBase": "1226 * 0.8", "nDamageRand": "1226 * 0.4", "nCostMana": "0"}, {"nDamageBase": "1326 * 0.8", "nDamageRand": "1326 * 0.4", "nCostMana": "0"}, {"nDamageBase": "1480 * 0.8", "nDamageRand": "1480 * 0.4", "nCostMana": "0"}, {"nDamageBase": "1514 * 0.8", "nDamageRand": "1514 * 0.4", "nCostMana": "0"}, {"nDamageBase": "1547 * 0.8", "nDamageRand": "1547 * 0.4", "nCostMana": "0"}, {"nDamageBase": "1581 * 0.8", "nDamageRand": "1581 * 0.4", "nCostMana": "0"}, {"nDamageBase": "1614 * 0.8", "nDamageRand": "1614 * 0.4", "nCostMana": "0"}, {"nDamageBase": "1648 * 0.8", "nDamageRand": "1648 * 0.4", "nCostMana": "0"}, {"nDamageBase": "1681 * 0.8", "nDamageRand": "1681 * 0.4", "nCostMana": "0"}, {"nDamageBase": "1715 * 0.8", "nDamageRand": "1715 * 0.4", "nCostMana": "0"}, {"nDamageBase": "1748 * 0.8", "nDamageRand": "1748 * 0.4", "nCostMana": "0"}, {"nDamageBase": "1782 * 0.8", "nDamageRand": "1782 * 0.4", "nCostMana": "0"}, {"nDamageBase": "1815 * 0.8", "nDamageRand": "1815 * 0.4", "nCostMana": "0"}, {"nDamageBase": "1849 * 0.8", "nDamageRand": "1849 * 0.4", "nCostMana": "0"}, {"nDamageBase": "1882 * 0.8", "nDamageRand": "1882 * 0.4", "nCostMana": "0"}, {"nDamageBase": "1916 * 0.8", "nDamageRand": "1916 * 0.4", "nCostMana": "0"}, {"nDamageBase": "1949 * 0.8", "nDamageRand": "1949 * 0.4", "nCostMana": "0"}, {"nDamageBase": "1983 * 0.8", "nDamageRand": "1983 * 0.4", "nCostMana": "0"}]		CALL_NEUTRAL_DAMAGE;SKILL_NEUTRAL_DAMAGE;SKILL_NEUTRAL_DAMAGE_RAND
npc\副本BOSS\英雄天子峰\英雄天子峰_2号boss小怪_大锤兵_破风.lua	npc	plain	{"nMaxRadius": "MELEE_ATTACK_DISTANCE", "nAngleRange": "128"}	[]		
npc\副本BOSS\英雄天子峰\英雄天子峰_2号boss小怪_盾兵_定军.lua	npc	plain	{"nMaxRadius": "10 * LENGTH_BASE", "nAngleRange": "256", "nAreaRadius": "10 * LENGTH_BASE"}	[]		MODIFY_THREAT
npc\副本BOSS\英雄天子峰\英雄天子峰_4号boss_道衍_拿云式.lua	npc	plain	{"nMaxRadius": "4 * LENGTH_BASE", "nAngleRange": "128"}	[{"nDamageBase": "30 * 0.8", "nDamageRand": "30 * 0.4", "nCostMana": "0"}, {"nDamageBase": "41 * 0.8", "nDamageRand": "41 * 0.4", "nCostMana": "0"}, {"nDamageBase": "69 * 0.8", "nDamageRand": "69 * 0.4", "nCostMana": "0"}, {"nDamageBase": "99 * 0.8", "nDamageRand": "99 * 0.4", "nCostMana": "0"}, {"nDamageBase": "145 * 0.8", "nDamageRand": "145 * 0.4", "nCostMana": "0"}, {"nDamageBase": "190 * 0.8", "nDamageRand": "190 * 0.4", "nCostMana": "0"}, {"nDamageBase": "261 * 0.8", "nDamageRand": "261 * 0.4", "nCostMana": "0"}, {"nDamageBase": "311 * 0.8", "nDamageRand": "311 * 0.4", "nCostMana": "0"}, {"nDamageBase": "362 * 0.8", "nDamageRand": "362 * 0.4", "nCostMana": "0"}, {"nDamageBase": "412 * 0.8", "nDamageRand": "412 * 0.4", "nCostMana": "0"}, {"nDamageBase": "462 * 0.8", "nDamageRand": "462 * 0.4", "nCostMana": "0"}, {"nDamageBase": "512 * 0.8", "nDamageRand": "512 * 0.4", "nCostMana": "0"}, {"nDamageBase": "563 * 0.8", "nDamageRand": "563 * 0.4", "nCostMana": "0"}, {"nDamageBase": "613 * 0.8", "nDamageRand": "613 * 0.4", "nCostMana": "0"}, {"nDamageBase": "663 * 0.8", "nDamageRand": "663 * 0.4", "nCostMana": "0"}, {"nDamageBase": "740 * 0.8", "nDamageRand": "740 * 0.4", "nCostMana": "0"}, {"nDamageBase": "757 * 0.8", "nDamageRand": "757 * 0.4", "nCostMana": "0"}, {"nDamageBase": "774 * 0.8", "nDamageRand": "774 * 0.4", "nCostMana": "0"}, {"nDamageBase": "790 * 0.8", "nDamageRand": "790 * 0.4", "nCostMana": "0"}, {"nDamageBase": "807 * 0.8", "nDamageRand": "807 * 0.4", "nCostMana": "0"}, {"nDamageBase": "824 * 0.8", "nDamageRand": "824 * 0.4", "nCostMana": "0"}, {"nDamageBase": "841 * 0.8", "nDamageRand": "841 * 0.4", "nCostMana": "0"}, {"nDamageBase": "857 * 0.8", "nDamageRand": "857 * 0.4", "nCostMana": "0"}, {"nDamageBase": "874 * 0.8", "nDamageRand": "874 * 0.4", "nCostMana": "0"}, {"nDamageBase": "891 * 0.8", "nDamageRand": "891 * 0.4", "nCostMana": "0"}, {"nDamageBase": "908 * 0.8", "nDamageRand": "908 * 0.4", "nCostMana": "0"}, {"nDamageBase": "924 * 0.8", "nDamageRand": "924 * 0.4", "nCostMana": "0"}, {"nDamageBase": "941 * 0.8", "nDamageRand": "941 * 0.4", "nCostMana": "0"}, {"nDamageBase": "958 * 0.8", "nDamageRand": "958 * 0.4", "nCostMana": "0"}, {"nDamageBase": "975 * 0.8", "nDamageRand": "975 * 0.4", "nCostMana": "0"}, {"nDamageBase": "991 * 0.8", "nDamageRand": "991 * 0.4", "nCostMana": "0"}]		CALL_SOLAR_DAMAGE;CAST_SKILL_TARGET_DST;SKILL_SOLAR_DAMAGE;SKILL_SOLAR_DAMAGE_RAND
npc\副本BOSS\英雄天子峰\英雄天子峰_4号boss_道衍_拿云式_子技能.lua	npc	plain	{"nMaxRadius": "4 * LENGTH_BASE", "nAngleRange": "128"}	[{"nDamageBase": "30 * 0.8", "nDamageRand": "30 * 0.4", "nCostMana": "0"}, {"nDamageBase": "41 * 0.8", "nDamageRand": "41 * 0.4", "nCostMana": "0"}, {"nDamageBase": "69 * 0.8", "nDamageRand": "69 * 0.4", "nCostMana": "0"}, {"nDamageBase": "99 * 0.8", "nDamageRand": "99 * 0.4", "nCostMana": "0"}, {"nDamageBase": "145 * 0.8", "nDamageRand": "145 * 0.4", "nCostMana": "0"}, {"nDamageBase": "190 * 0.8", "nDamageRand": "190 * 0.4", "nCostMana": "0"}, {"nDamageBase": "261 * 0.8", "nDamageRand": "261 * 0.4", "nCostMana": "0"}, {"nDamageBase": "311 * 0.8", "nDamageRand": "311 * 0.4", "nCostMana": "0"}, {"nDamageBase": "362 * 0.8", "nDamageRand": "362 * 0.4", "nCostMana": "0"}, {"nDamageBase": "412 * 0.8", "nDamageRand": "412 * 0.4", "nCostMana": "0"}, {"nDamageBase": "462 * 0.8", "nDamageRand": "462 * 0.4", "nCostMana": "0"}, {"nDamageBase": "512 * 0.8", "nDamageRand": "512 * 0.4", "nCostMana": "0"}, {"nDamageBase": "563 * 0.8", "nDamageRand": "563 * 0.4", "nCostMana": "0"}, {"nDamageBase": "613 * 0.8", "nDamageRand": "613 * 0.4", "nCostMana": "0"}, {"nDamageBase": "663 * 0.8", "nDamageRand": "663 * 0.4", "nCostMana": "0"}, {"nDamageBase": "740 * 0.8", "nDamageRand": "740 * 0.4", "nCostMana": "0"}, {"nDamageBase": "757 * 0.8", "nDamageRand": "757 * 0.4", "nCostMana": "0"}, {"nDamageBase": "774 * 0.8", "nDamageRand": "774 * 0.4", "nCostMana": "0"}, {"nDamageBase": "790 * 0.8", "nDamageRand": "790 * 0.4", "nCostMana": "0"}, {"nDamageBase": "807 * 0.8", "nDamageRand": "807 * 0.4", "nCostMana": "0"}, {"nDamageBase": "824 * 0.8", "nDamageRand": "824 * 0.4", "nCostMana": "0"}, {"nDamageBase": "841 * 0.8", "nDamageRand": "841 * 0.4", "nCostMana": "0"}, {"nDamageBase": "857 * 0.8", "nDamageRand": "857 * 0.4", "nCostMana": "0"}, {"nDamageBase": "874 * 0.8", "nDamageRand": "874 * 0.4", "nCostMana": "0"}, {"nDamageBase": "891 * 0.8", "nDamageRand": "891 * 0.4", "nCostMana": "0"}, {"nDamageBase": "908 * 0.8", "nDamageRand": "908 * 0.4", "nCostMana": "0"}, {"nDamageBase": "924 * 0.8", "nDamageRand": "924 * 0.4", "nCostMana": "0"}, {"nDamageBase": "941 * 0.8", "nDamageRand": "941 * 0.4", "nCostMana": "0"}, {"nDamageBase": "958 * 0.8", "nDamageRand": "958 * 0.4", "nCostMana": "0"}, {"nDamageBase": "975 * 0.8", "nDamageRand": "975 * 0.4", "nCostMana": "0"}, {"nDamageBase": "991 * 0.8", "nDamageRand": "991 * 0.4", "nCostMana": "0"}]		CALL_SOLAR_DAMAGE;SKILL_SOLAR_DAMAGE;SKILL_SOLAR_DAMAGE_RAND
npc\副本BOSS\英雄天子峰\英雄天子峰_4号boss_道衍_捉影式.lua	npc	plain	{"nMaxRadius": "25 * LENGTH_BASE", "nAngleRange": "128"}	[]		KNOCKED_BACK_RATE;PULL
npc\副本BOSS\英雄天子峰\英雄天子峰_4号boss小怪_七秀小怪_剑主天地.lua	npc	plain	{"nMaxRadius": "32 * LENGTH_BASE", "nAngleRange": "128"}	[{"nDamageBase": "87 * 0.8", "nDamageRand": "87 * 0.4", "nCostMana": "0"}, {"nDamageBase": "119 * 0.8", "nDamageRand": "119 * 0.4", "nCostMana": "0"}, {"nDamageBase": "202 * 0.8", "nDamageRand": "202 * 0.4", "nCostMana": "0"}, {"nDamageBase": "289 * 0.8", "nDamageRand": "289 * 0.4", "nCostMana": "0"}, {"nDamageBase": "421 * 0.8", "nDamageRand": "421 * 0.4", "nCostMana": "0"}, {"nDamageBase": "552 * 0.8", "nDamageRand": "552 * 0.4", "nCostMana": "0"}, {"nDamageBase": "760 * 0.8", "nDamageRand": "760 * 0.4", "nCostMana": "0"}, {"nDamageBase": "906 * 0.8", "nDamageRand": "906 * 0.4", "nCostMana": "0"}, {"nDamageBase": "1052 * 0.8", "nDamageRand": "1052 * 0.4", "nCostMana": "0"}, {"nDamageBase": "1199 * 0.8", "nDamageRand": "1199 * 0.4", "nCostMana": "0"}, {"nDamageBase": "1345 * 0.8", "nDamageRand": "1345 * 0.4", "nCostMana": "0"}, {"nDamageBase": "1491 * 0.8", "nDamageRand": "1491 * 0.4", "nCostMana": "0"}, {"nDamageBase": "1637 * 0.8", "nDamageRand": "1637 * 0.4", "nCostMana": "0"}, {"nDamageBase": "1783 * 0.8", "nDamageRand": "1783 * 0.4", "nCostMana": "0"}, {"nDamageBase": "1930 * 0.8", "nDamageRand": "1930 * 0.4", "nCostMana": "0"}, {"nDamageBase": "2154 * 0.8", "nDamageRand": "2154 * 0.4", "nCostMana": "0"}, {"nDamageBase": "2203 * 0.8", "nDamageRand": "2203 * 0.4", "nCostMana": "0"}, {"nDamageBase": "2252 * 0.8", "nDamageRand": "2252 * 0.4", "nCostMana": "0"}, {"nDamageBase": "2300 * 0.8", "nDamageRand": "2300 * 0.4", "nCostMana": "0"}, {"nDamageBase": "2349 * 0.8", "nDamageRand": "2349 * 0.4", "nCostMana": "0"}, {"nDamageBase": "2398 * 0.8", "nDamageRand": "2398 * 0.4", "nCostMana": "0"}, {"nDamageBase": "2447 * 0.8", "nDamageRand": "2447 * 0.4", "nCostMana": "0"}, {"nDamageBase": "2495 * 0.8", "nDamageRand": "2495 * 0.4", "nCostMana": "0"}, {"nDamageBase": "2544 * 0.8", "nDamageRand": "2544 * 0.4", "nCostMana": "0"}, {"nDamageBase": "2593 * 0.8", "nDamageRand": "2593 * 0.4", "nCostMana": "0"}, {"nDamageBase": "2642 * 0.8", "nDamageRand": "2642 * 0.4", "nCostMana": "0"}, {"nDamageBase": "2690 * 0.8", "nDamageRand": "2690 * 0.4", "nCostMana": "0"}, {"nDamageBase": "2739 * 0.8", "nDamageRand": "2739 * 0.4", "nCostMana": "0"}, {"nDamageBase": "2788 * 0.8", "nDamageRand": "2788 * 0.4", "nCostMana": "0"}, {"nDamageBase": "2837 * 0.8", "nDamageRand": "2837 * 0.4", "nCostMana": "0"}, {"nDamageBase": "2886 * 0.8", "nDamageRand": "2886 * 0.4", "nCostMana": "0"}]		CALL_LUNAR_DAMAGE;SKILL_LUNAR_DAMAGE;SKILL_LUNAR_DAMAGE_RAND
npc\副本BOSS\英雄荻花宫\英雄荻花宫_BOSS3_斗转星移.lua	npc	plain	{"nMinRadius": "0 * LENGTH_BASE", "nMaxRadius": "5 * LENGTH_BASE", "nAngleRange": "256"}	[]		
npc\副本BOSS\荻花圣殿\荻花圣殿_6号BOSS_将军_定军.lua	npc	plain	{"nMinRadius": "0 * LENGTH_BASE", "nMaxRadius": "4 * LENGTH_BASE", "nAngleRange": "128", "nBeatBackRate": "0 * PERCENT_BASE"}	[{"nDamageBase": "8200*0.8", "nDamageRand": "8200*0.4"}, {"nDamageBase": "9000*0.8", "nDamageRand": "9000*0.4"}, {"nDamageBase": "10500*0.8", "nDamageRand": "10500*0.4"}, {"nDamageBase": "13600*0.8", "nDamageRand": "13600*0.4"}, {"nDamageBase": "3200*0.8", "nDamageRand": "3200*0.4"}, {"nDamageBase": "3200*0.8", "nDamageRand": "3200*0.4"}, {"nDamageBase": "3200*0.8", "nDamageRand": "3200*0.4"}, {"nDamageBase": "3200*0.8", "nDamageRand": "3200*0.4"}, {"nDamageBase": "3200*0.8", "nDamageRand": "3200*0.4"}, {"nDamageBase": "3200*0.8", "nDamageRand": "3200*0.4"}, {"nDamageBase": "3200*0.8", "nDamageRand": "3200*0.4"}, {"nDamageBase": "3200*0.8", "nDamageRand": "3200*0.4"}, {"nDamageBase": "3200*0.8", "nDamageRand": "3200*0.4"}, {"nDamageBase": "3200*0.8", "nDamageRand": "3200*0.4"}, {"nDamageBase": "3200*0.8", "nDamageRand": "3200*0.4"}, {"nDamageBase": "3200*0.8", "nDamageRand": "3200*0.4"}, {"nDamageBase": "3200*0.8", "nDamageRand": "3200*0.4"}, {"nDamageBase": "3200*0.8", "nDamageRand": "3200*0.4"}, {"nDamageBase": "3200*0.8", "nDamageRand": "3200*0.4"}, {"nDamageBase": "3200*0.8", "nDamageRand": "3200*0.4"}, {"nDamageBase": "3200*0.8", "nDamageRand": "3200*0.4"}, {"nDamageBase": "3200*0.8", "nDamageRand": "3200*0.4"}, {"nDamageBase": "3200*0.8", "nDamageRand": "3200*0.4"}, {"nDamageBase": "3200*0.8", "nDamageRand": "3200*0.4"}, {"nDamageBase": "3200*0.8", "nDamageRand": "3200*0.4"}, {"nDamageBase": "3200*0.8", "nDamageRand": "3200*0.4"}, {"nDamageBase": "3200*0.8", "nDamageRand": "3200*0.4"}, {"nDamageBase": "3200*0.8", "nDamageRand": "3200*0.4"}, {"nDamageBase": "3200*0.8", "nDamageRand": "3200*0.4"}, {"nDamageBase": "3200*0.8", "nDamageRand": "3200*0.4"}]		CALL_PHYSICS_DAMAGE;SKILL_PHYSICS_DAMAGE;SKILL_PHYSICS_DAMAGE_RAND;SPOOF
npc\副本BOSS\血战天策\血战天策-狼牙据点-横扫千军.lua	npc	plain	{"nMinRadius": "0 * LENGTH_BASE", "nMaxRadius": "4 * LENGTH_BASE", "nAngleRange": "256", "nWeaponDamagePercent": "0"}	[{"nDamageBase": "0", "nDamageRand": "0", "nCostMana": "0"}, {"nDamageBase": "0", "nDamageRand": "0", "nCostMana": "0"}, {"nDamageBase": "0", "nDamageRand": "0", "nCostMana": "0"}, {"nDamageBase": "0", "nDamageRand": "0", "nCostMana": "0"}, {"nDamageBase": "0", "nDamageRand": "0", "nCostMana": "0"}, {"nDamageBase": "0", "nDamageRand": "0", "nCostMana": "0"}, {"nDamageBase": "0", "nDamageRand": "0", "nCostMana": "0"}, {"nDamageBase": "0", "nDamageRand": "0", "nCostMana": "0"}, {"nDamageBase": "0", "nDamageRand": "0", "nCostMana": "0"}, {"nDamageBase": "0", "nDamageRand": "0", "nCostMana": "0"}]		EXECUTE_SCRIPT
npc\副本BOSS\血战天策\血战天策_苏曼莎_玩家_剑主天地.lua	npc	plain	{"nMinRadius": "0 * LENGTH_BASE", "nMaxRadius": "150 * LENGTH_BASE", "nAngleRange": "256", "nWeaponDamagePercent": "0"}	[{"nDamageBase": "7500", "nDamageRand": "0", "nCostMana": "0"}, {"nDamageBase": "10500", "nDamageRand": "0", "nCostMana": "0"}, {"nDamageBase": "13500", "nDamageRand": "0", "nCostMana": "0"}, {"nDamageBase": "16500", "nDamageRand": "0", "nCostMana": "0"}, {"nDamageBase": "19500", "nDamageRand": "0", "nCostMana": "0"}, {"nDamageBase": "0", "nDamageRand": "0", "nCostMana": "0"}, {"nDamageBase": "0", "nDamageRand": "0", "nCostMana": "0"}, {"nDamageBase": "0", "nDamageRand": "0", "nCostMana": "0"}, {"nDamageBase": "0", "nDamageRand": "0", "nCostMana": "0"}, {"nDamageBase": "0", "nDamageRand": "0", "nCostMana": "0"}]		CALL_LUNAR_DAMAGE;SKILL_LUNAR_DAMAGE;SKILL_LUNAR_DAMAGE_RAND
npc\副本BOSS\血战天策\血战天策_苏曼莎_玩家_孔雀翎.lua	npc	plain	{"nMinRadius": "0 * LENGTH_BASE", "nMaxRadius": "150 * LENGTH_BASE", "nAngleRange": "256", "nAreaRadius": "10 * LENGTH_BASE", "nWeaponDamagePercent": "0"}	[{"nDamageBase": "7500", "nDamageRand": "0", "nCostMana": "0"}, {"nDamageBase": "10500", "nDamageRand": "0", "nCostMana": "0"}, {"nDamageBase": "13500", "nDamageRand": "0", "nCostMana": "0"}, {"nDamageBase": "16500", "nDamageRand": "0", "nCostMana": "0"}, {"nDamageBase": "19500", "nDamageRand": "0", "nCostMana": "0"}, {"nDamageBase": "0", "nDamageRand": "0", "nCostMana": "0"}, {"nDamageBase": "0", "nDamageRand": "0", "nCostMana": "0"}, {"nDamageBase": "0", "nDamageRand": "0", "nCostMana": "0"}, {"nDamageBase": "0", "nDamageRand": "0", "nCostMana": "0"}, {"nDamageBase": "0", "nDamageRand": "0", "nCostMana": "0"}]		CALL_PHYSICS_DAMAGE;SKILL_PHYSICS_DAMAGE;SKILL_PHYSICS_DAMAGE_RAND
npc\副本BOSS\达摩洞\1号_血斗士\1号_血斗士崇拜值.lua	npc	plain	{}	[]		
npc\副本BOSS\达摩洞\1号_血斗士\1号_血斗士盾冲后重击.lua	npc	plain	{"nMaxRadius": "60 * LENGTH_BASE", "nAngleRange": "256"}	[{"nDamageBase": "91300", "nDamageRand": "0", "nCostMana": "0"}, {"nDamageBase": "104300", "nDamageRand": "0", "nCostMana": "0"}, {"nDamageBase": "117400", "nDamageRand": "0", "nCostMana": "0"}, {"nDamageBase": "169600", "nDamageRand": "0", "nCostMana": "0"}, {"nDamageBase": "182600", "nDamageRand": "0", "nCostMana": "0"}, {"nDamageBase": "202200", "nDamageRand": "0", "nCostMana": "0"}, {"nDamageBase": "221700", "nDamageRand": "0", "nCostMana": "0"}, {"nDamageBase": "521700", "nDamageRand": "0", "nCostMana": "0"}, {"nDamageBase": "587000", "nDamageRand": "0", "nCostMana": "0"}, {"nDamageBase": "652200", "nDamageRand": "0", "nCostMana": "0"}, {"nDamageBase": "108600", "nDamageRand": "0", "nCostMana": "0"}, {"nDamageBase": "124100", "nDamageRand": "0", "nCostMana": "0"}, {"nDamageBase": "139600", "nDamageRand": "0", "nCostMana": "0"}, {"nDamageBase": "201600", "nDamageRand": "0", "nCostMana": "0"}, {"nDamageBase": "217100", "nDamageRand": "0", "nCostMana": "0"}, {"nDamageBase": "240400", "nDamageRand": "0", "nCostMana": "0"}, {"nDamageBase": "248200", "nDamageRand": "0", "nCostMana": "0"}, {"nDamageBase": "620400", "nDamageRand": "0", "nCostMana": "0"}, {"nDamageBase": "698000", "nDamageRand": "0", "nCostMana": "0"}, {"nDamageBase": "775500", "nDamageRand": "0", "nCostMana": "0"}]		EXECUTE_SCRIPT_WITH_PARAM
npc\副本BOSS\达摩洞\1号_血斗士\1号_血斗士盾冲过程伤害.lua	npc	plain	{"nAngleRange": "256", "nAreaRadius": "4 * LENGTH_BASE"}	[{"nDamageBase": "17700", "nDamageRand": "0", "nCostMana": "0"}, {"nDamageBase": "108700", "nDamageRand": "0", "nCostMana": "0"}, {"nDamageBase": "129300", "nDamageRand": "0", "nCostMana": "0"}, {"nDamageBase": "0", "nDamageRand": "0", "nCostMana": "0"}, {"nDamageBase": "0", "nDamageRand": "0", "nCostMana": "0"}, {"nDamageBase": "0", "nDamageRand": "0", "nCostMana": "0"}, {"nDamageBase": "0", "nDamageRand": "0", "nCostMana": "0"}, {"nDamageBase": "0", "nDamageRand": "0", "nCostMana": "0"}, {"nDamageBase": "0", "nDamageRand": "0", "nCostMana": "0"}, {"nDamageBase": "0", "nDamageRand": "0", "nCostMana": "0"}]		CALL_BUFF;CALL_PHYSICS_DAMAGE;EXECUTE_SCRIPT_WITH_PARAM;SKILL_PHYSICS_DAMAGE;SKILL_PHYSICS_DAMAGE_RAND
npc\副本BOSS\雷域大泽\1号_粉尘孢花\1号_小怪_钥匙伤害.lua	npc	plain	{"bIgnorePrepareState": "true", "nMinRadius": "0 * LENGTH_BASE", "nMaxRadius": "100 * LENGTH_BASE", "nAngleRange": "256", "nAreaRadius": "3 * LENGTH_BASE", "nBeatBackRate": "0 * PERCENT_BASE", "nBrokenRate": "0 * PERCENT_BASE"}	[{"nDamageBase": "5869", "nDamageRand": "0", "nCostMana": "0"}, {"nDamageBase": "7173", "nDamageRand": "0", "nCostMana": "0"}, {"nDamageBase": "8478", "nDamageRand": "0", "nCostMana": "0"}, {"nDamageBase": "0", "nDamageRand": "0", "nCostMana": "0"}, {"nDamageBase": "0", "nDamageRand": "0", "nCostMana": "0"}, {"nDamageBase": "0", "nDamageRand": "0", "nCostMana": "0"}, {"nDamageBase": "0", "nDamageRand": "0", "nCostMana": "0"}, {"nDamageBase": "0", "nDamageRand": "0", "nCostMana": "0"}, {"nDamageBase": "0", "nDamageRand": "0", "nCostMana": "0"}, {"nDamageBase": "0", "nDamageRand": "0", "nCostMana": "0"}]		CALL_POISON_DAMAGE;SKILL_POISON_DAMAGE;SKILL_POISON_DAMAGE_RAND
npc\副本BOSS\雷域大泽\1号_粉尘孢花\1号_粉尘孢花_空中击落.lua	npc	plain	{"bIgnorePrepareState": "true", "nMinRadius": "0 * LENGTH_BASE", "nMaxRadius": "100 * LENGTH_BASE", "nAngleRange": "256", "nBeatBackRate": "0 * PERCENT_BASE", "nBrokenRate": "0 * PERCENT_BASE"}	[{"nDamageBase": "0", "nDamageRand": "0", "nCostMana": "0"}, {"nDamageBase": "0", "nDamageRand": "0", "nCostMana": "0"}, {"nDamageBase": "0", "nDamageRand": "0", "nCostMana": "0"}, {"nDamageBase": "0", "nDamageRand": "0", "nCostMana": "0"}, {"nDamageBase": "0", "nDamageRand": "0", "nCostMana": "0"}, {"nDamageBase": "0", "nDamageRand": "0", "nCostMana": "0"}, {"nDamageBase": "0", "nDamageRand": "0", "nCostMana": "0"}, {"nDamageBase": "0", "nDamageRand": "0", "nCostMana": "0"}, {"nDamageBase": "0", "nDamageRand": "0", "nCostMana": "0"}, {"nDamageBase": "0", "nDamageRand": "0", "nCostMana": "0"}]		CALL_KNOCKED_DOWN;EXECUTE_SCRIPT;KNOCKED_DOWN_RATE
npc\副本BOSS\风雨稻香村\风雨稻香村_小怪_叛军骑兵长_断魂刺(伤害眩晕).lua	npc	plain	{"nMaxRadius": "15* LENGTH_BASE", "nAngleRange": "14", "nAreaRadius": "15 * LENGTH_BASE", "nBeatBackRate": "0 * PERCENT_BASE", "nBrokenRate": "0 * PERCENT_BASE"}	[{"nDamageBase": "0  *0.8", "nDamageRand": "0  *0.4", "nCostMana": "0"}, {"nDamageBase": "0  *0.8", "nDamageRand": "0  *0.4", "nCostMana": "0"}, {"nDamageBase": "0  *0.8", "nDamageRand": "0  *0.4", "nCostMana": "0"}, {"nDamageBase": "0  *0.8", "nDamageRand": "0  *0.4", "nCostMana": "0"}, {"nDamageBase": "0  *0.8", "nDamageRand": "0  *0.4", "nCostMana": "0"}, {"nDamageBase": "0  *0.8", "nDamageRand": "0  *0.4", "nCostMana": "0"}, {"nDamageBase": "0  *0.8", "nDamageRand": "0  *0.4", "nCostMana": "0"}, {"nDamageBase": "0  *0.8", "nDamageRand": "0  *0.4", "nCostMana": "0"}, {"nDamageBase": "0  *0.8", "nDamageRand": "0  *0.4", "nCostMana": "0"}, {"nDamageBase": "0  *0.8", "nDamageRand": "0  *0.4", "nCostMana": "0"}, {"nDamageBase": "0  *0.8", "nDamageRand": "0  *0.4", "nCostMana": "0"}, {"nDamageBase": "0  *0.8", "nDamageRand": "0  *0.4", "nCostMana": "0"}, {"nDamageBase": "0  *0.8", "nDamageRand": "0  *0.4", "nCostMana": "0"}, {"nDamageBase": "0  *0.8", "nDamageRand": "0  *0.4", "nCostMana": "0"}, {"nDamageBase": "0  *0.8", "nDamageRand": "0  *0.4", "nCostMana": "0"}, {"nDamageBase": "0  *0.8", "nDamageRand": "0  *0.4", "nCostMana": "0"}, {"nDamageBase": "0  *0.8", "nDamageRand": "0  *0.4", "nCostMana": "0"}, {"nDamageBase": "0  *0.8", "nDamageRand": "0  *0.4", "nCostMana": "0"}, {"nDamageBase": "0  *0.8", "nDamageRand": "0  *0.4", "nCostMana": "0"}, {"nDamageBase": "0  *0.8", "nDamageRand": "0  *0.4", "nCostMana": "0"}]		CALL_KNOCKED_DOWN;CALL_PHYSICS_DAMAGE
npc\副本BOSS\风雨稻香村\风雨稻香村_小怪_叛军骑兵长_断魂刺.lua	npc	plain	{"nMinRadius": "8 * LENGTH_BASE", "nMaxRadius": "25* LENGTH_BASE", "nAngleRange": "85", "nBeatBackRate": "0 * PERCENT_BASE", "nBrokenRate": "0 * PERCENT_BASE"}	[{"nDamageBase": "0  *0.8", "nDamageRand": "0  *0.4", "nCostMana": "0"}, {"nDamageBase": "0  *0.8", "nDamageRand": "0  *0.4", "nCostMana": "0"}, {"nDamageBase": "0  *0.8", "nDamageRand": "0  *0.4", "nCostMana": "0"}, {"nDamageBase": "0  *0.8", "nDamageRand": "0  *0.4", "nCostMana": "0"}, {"nDamageBase": "0  *0.8", "nDamageRand": "0  *0.4", "nCostMana": "0"}, {"nDamageBase": "0  *0.8", "nDamageRand": "0  *0.4", "nCostMana": "0"}, {"nDamageBase": "0  *0.8", "nDamageRand": "0  *0.4", "nCostMana": "0"}, {"nDamageBase": "0  *0.8", "nDamageRand": "0  *0.4", "nCostMana": "0"}, {"nDamageBase": "0  *0.8", "nDamageRand": "0  *0.4", "nCostMana": "0"}, {"nDamageBase": "0  *0.8", "nDamageRand": "0  *0.4", "nCostMana": "0"}, {"nDamageBase": "0  *0.8", "nDamageRand": "0  *0.4", "nCostMana": "0"}, {"nDamageBase": "0  *0.8", "nDamageRand": "0  *0.4", "nCostMana": "0"}, {"nDamageBase": "0  *0.8", "nDamageRand": "0  *0.4", "nCostMana": "0"}, {"nDamageBase": "0  *0.8", "nDamageRand": "0  *0.4", "nCostMana": "0"}, {"nDamageBase": "0  *0.8", "nDamageRand": "0  *0.4", "nCostMana": "0"}, {"nDamageBase": "0  *0.8", "nDamageRand": "0  *0.4", "nCostMana": "0"}, {"nDamageBase": "0  *0.8", "nDamageRand": "0  *0.4", "nCostMana": "0"}, {"nDamageBase": "0  *0.8", "nDamageRand": "0  *0.4", "nCostMana": "0"}, {"nDamageBase": "0  *0.8", "nDamageRand": "0  *0.4", "nCostMana": "0"}, {"nDamageBase": "0  *0.8", "nDamageRand": "0  *0.4", "nCostMana": "0"}]		CAST_SKILL_TARGET_DST;DASH_FORWARD
npc\少林\五蕴皆空.lua	npc	plain	{"nCostMana": "tSkillData[dwSkillLevel].nCostMana", "nMaxRadius": "tSkillData[dwSkillLevel].nMaxRadius * LENGTH_BASE", "nAngleRange": "tSkillData[dwSkillLevel].nAngleRange", "nPrepareFrames": "tSkillData[dwSkillLevel].nPrepareFrames", "nBulletVelocity": "tSkillData[dwSkillLevel].nBulletVelocity", "nBreakRate": "tSkillData[dwSkillLevel].nBreakRate"}	[{"nCostMana": "36", "nMaxRadius": "5", "nPrepareFrames": "0"}, {"nCostMana": "67", "nMaxRadius": "5", "nPrepareFrames": "0"}, {"nCostMana": "97", "nMaxRadius": "5", "nPrepareFrames": "0"}, {"nCostMana": "120", "nMaxRadius": "5", "nPrepareFrames": "0"}, {"nCostMana": "157", "nMaxRadius": "5", "nPrepareFrames": "0"}, {"nCostMana": "187", "nMaxRadius": "5", "nPrepareFrames": "0"}, {"nCostMana": "213", "nMaxRadius": "5", "nPrepareFrames": "0"}, {"nCostMana": "225", "nMaxRadius": "5", "nPrepareFrames": "0"}, {"nCostMana": "235", "nMaxRadius": "5", "nPrepareFrames": "0"}, {"nCostMana": "243", "nMaxRadius": "5", "nPrepareFrames": "0"}, {"nCostMana": "250", "nMaxRadius": "5", "nPrepareFrames": "0"}, {"nCostMana": "278", "nMaxRadius": "5", "nPrepareFrames": "0"}, {"nCostMana": "305", "nMaxRadius": "5", "nPrepareFrames": "0"}, {"nCostMana": "332", "nMaxRadius": "5", "nPrepareFrames": "0"}, {"nCostMana": "360", "nMaxRadius": "5", "nPrepareFrames": "0"}]		CALL_BUFF
npc\峰值活动\沈剑心弱群攻.lua	npc	plain	{"nMinRadius": "0 * LENGTH_BASE", "nMaxRadius": "10 * LENGTH_BASE", "nAngleRange": "256", "nAreaRadius": "30 * LENGTH_BASE", "nBeatBackRate": "0", "nBrokenRate": "0"}	[{"nDamageBase": "60000", "nDamageRand": "0", "nCostMana": "0"}, {"nDamageBase": "0", "nDamageRand": "0", "nCostMana": "0"}, {"nDamageBase": "0", "nDamageRand": "0", "nCostMana": "0"}, {"nDamageBase": "0", "nDamageRand": "0", "nCostMana": "0"}, {"nDamageBase": "0", "nDamageRand": "0", "nCostMana": "0"}, {"nDamageBase": "0", "nDamageRand": "0", "nCostMana": "0"}, {"nDamageBase": "0", "nDamageRand": "0", "nCostMana": "0"}, {"nDamageBase": "0", "nDamageRand": "0", "nCostMana": "0"}, {"nDamageBase": "0", "nDamageRand": "0", "nCostMana": "0"}, {"nDamageBase": "0", "nDamageRand": "0", "nCostMana": "0"}]	SetPublicCoolDown(16)	CALL_PHYSICS_DAMAGE;SKILL_PHYSICS_DAMAGE;SKILL_PHYSICS_DAMAGE_RAND
npc\峰值活动\皮鞭.lua	npc	plain	{"nMinRadius": "0 * LENGTH_BASE", "nMaxRadius": "100 * LENGTH_BASE", "nAngleRange": "256", "nAreaRadius": "30 * LENGTH_BASE", "nBeatBackRate": "0", "nBrokenRate": "0"}	[{"nDamageBase": "150000", "nDamageRand": "0", "nCostMana": "0"}, {"nDamageBase": "0", "nDamageRand": "0", "nCostMana": "0"}, {"nDamageBase": "0", "nDamageRand": "0", "nCostMana": "0"}, {"nDamageBase": "0", "nDamageRand": "0", "nCostMana": "0"}, {"nDamageBase": "0", "nDamageRand": "0", "nCostMana": "0"}, {"nDamageBase": "0", "nDamageRand": "0", "nCostMana": "0"}, {"nDamageBase": "0", "nDamageRand": "0", "nCostMana": "0"}, {"nDamageBase": "0", "nDamageRand": "0", "nCostMana": "0"}, {"nDamageBase": "0", "nDamageRand": "0", "nCostMana": "0"}, {"nDamageBase": "0", "nDamageRand": "0", "nCostMana": "0"}]		CALL_PHYSICS_DAMAGE;SKILL_PHYSICS_DAMAGE;SKILL_PHYSICS_DAMAGE_RAND
npc\干什么\啊\爆炸伤害.lua	npc	plain	{"nMinRadius": "0 * LENGTH_BASE", "nMaxRadius": "100 * LENGTH_BASE", "nAngleRange": "256", "nAreaRadius": "3 * LENGTH_BASE", "nPrepareFrames": "48"}	[{"nDamageBase": "36167", "nDamageRand": "0", "nCostMana": "0"}, {"nDamageBase": "0", "nDamageRand": "0", "nCostMana": "0"}, {"nDamageBase": "0", "nDamageRand": "0", "nCostMana": "0"}, {"nDamageBase": "0", "nDamageRand": "0", "nCostMana": "0"}, {"nDamageBase": "0", "nDamageRand": "0", "nCostMana": "0"}, {"nDamageBase": "0", "nDamageRand": "0", "nCostMana": "0"}, {"nDamageBase": "0", "nDamageRand": "0", "nCostMana": "0"}, {"nDamageBase": "0", "nDamageRand": "0", "nCostMana": "0"}, {"nDamageBase": "0", "nDamageRand": "0", "nCostMana": "0"}, {"nDamageBase": "0", "nDamageRand": "0", "nCostMana": "0"}]		CALL_PHYSICS_DAMAGE;EXECUTE_SCRIPT;SKILL_PHYSICS_DAMAGE;SKILL_PHYSICS_DAMAGE_RAND
npc\桃园非梦\新手关\挑战3正面扇形180.lua	npc	plain	{"nMinRadius": "0 * LENGTH_BASE", "nMaxRadius": "100 * LENGTH_BASE", "nAngleRange": "128", "nAreaRadius": "8 * LENGTH_BASE"}	[{"nDamageBase": "6666", "nDamageRand": "0", "nCostMana": "0"}, {"nDamageBase": "0", "nDamageRand": "0", "nCostMana": "0"}, {"nDamageBase": "0", "nDamageRand": "0", "nCostMana": "0"}, {"nDamageBase": "0", "nDamageRand": "0", "nCostMana": "0"}, {"nDamageBase": "0", "nDamageRand": "0", "nCostMana": "0"}, {"nDamageBase": "0", "nDamageRand": "0", "nCostMana": "0"}, {"nDamageBase": "0", "nDamageRand": "0", "nCostMana": "0"}, {"nDamageBase": "0", "nDamageRand": "0", "nCostMana": "0"}, {"nDamageBase": "0", "nDamageRand": "0", "nCostMana": "0"}, {"nDamageBase": "0", "nDamageRand": "0", "nCostMana": "0"}]		CALL_PHYSICS_DAMAGE;SKILL_PHYSICS_DAMAGE;SKILL_PHYSICS_DAMAGE_RAND
npc\红衣教\红衣教_横扫千军.lua	npc	plain	{"nCostMana": "tSkillData[dwSkillLevel].nCostMana", "nMinRadius": "0", "nMaxRadius": "6 * LENGTH_BASE", "nAngleRange": "256", "nAreaRadius": "6 * LENGTH_BASE", "nPrepareFrames": "0", "nBulletVelocity": "0", "nBreakRate": "0"}	[{"nCostMana": "0", "nDamage": "10", "nDamageRand": "0"}, {"nCostMana": "0", "nDamage": "15", "nDamageRand": "0"}, {"nCostMana": "0", "nDamage": "22", "nDamageRand": "0"}, {"nCostMana": "0", "nDamage": "30", "nDamageRand": "0"}, {"nCostMana": "0", "nDamage": "42", "nDamageRand": "0"}, {"nCostMana": "0", "nDamage": "55", "nDamageRand": "0"}, {"nCostMana": "0", "nDamage": "69", "nDamageRand": "0"}, {"nCostMana": "0", "nDamage": "82", "nDamageRand": "0"}, {"nCostMana": "0", "nDamage": "109", "nDamageRand": "0"}, {"nCostMana": "0", "nDamage": "137", "nDamageRand": "0"}, {"nCostMana": "0", "nDamage": "164", "nDamageRand": "0"}, {"nCostMana": "0", "nDamage": "200", "nDamageRand": "0"}, {"nCostMana": "0", "nDamage": "245", "nDamageRand": "0"}, {"nCostMana": "0", "nDamage": "298", "nDamageRand": "0"}, {"nCostMana": "0", "nDamage": "358", "nDamageRand": "0"}]		CALL_PHYSICS_DAMAGE;SKILL_PHYSICS_DAMAGE;SKILL_PHYSICS_DAMAGE_RAND
npc\门派掌门\万花守卫_商阳指.lua	npc	plain	{"nMinRadius": "0 * LENGTH_BASE", "nMaxRadius": "20 * LENGTH_BASE", "nAngleRange": "256", "nAreaRadius": "20 * LENGTH_BASE"}	[{"nDamageBase": "3000", "nDamageRand": "0", "nCostMana": "0"}, {"nDamageBase": "0", "nDamageRand": "0", "nCostMana": "0"}, {"nDamageBase": "0", "nDamageRand": "0", "nCostMana": "0"}, {"nDamageBase": "0", "nDamageRand": "0", "nCostMana": "0"}, {"nDamageBase": "0", "nDamageRand": "0", "nCostMana": "0"}, {"nDamageBase": "0", "nDamageRand": "0", "nCostMana": "0"}, {"nDamageBase": "0", "nDamageRand": "0", "nCostMana": "0"}, {"nDamageBase": "0", "nDamageRand": "0", "nCostMana": "0"}, {"nDamageBase": "0", "nDamageRand": "0", "nCostMana": "0"}, {"nDamageBase": "0", "nDamageRand": "0", "nCostMana": "0"}]		CALL_NEUTRAL_DAMAGE;SKILL_NEUTRAL_DAMAGE;SKILL_NEUTRAL_DAMAGE_RAND
npc\门派掌门\陆危楼_怖畏暗刑.lua	npc	plain	{"nMinRadius": "0 * LENGTH_BASE", "nMaxRadius": "10 * LENGTH_BASE", "nAngleRange": "256", "nAreaRadius": "15 * LENGTH_BASE", "nPrepareFrames": "64", "nBeatBackRate": "0", "nBrokenRate": "0"}	[{"nDamageBase": "0", "nDamageRand": "0", "nCostMana": "0"}, {"nDamageBase": "0", "nDamageRand": "0", "nCostMana": "0"}, {"nDamageBase": "0", "nDamageRand": "0", "nCostMana": "0"}, {"nDamageBase": "0", "nDamageRand": "0", "nCostMana": "0"}, {"nDamageBase": "0", "nDamageRand": "0", "nCostMana": "0"}, {"nDamageBase": "0", "nDamageRand": "0", "nCostMana": "0"}, {"nDamageBase": "0", "nDamageRand": "0", "nCostMana": "0"}, {"nDamageBase": "0", "nDamageRand": "0", "nCostMana": "0"}, {"nDamageBase": "0", "nDamageRand": "0", "nCostMana": "0"}, {"nDamageBase": "0", "nDamageRand": "0", "nCostMana": "0"}]		EXECUTE_SCRIPT
npc\门派掌门\陆危楼_怖畏暗刑实际伤害.lua	npc	plain	{}	[{"nDamageBase": "0", "nDamageRand": "0", "nCostMana": "0"}, {"nDamageBase": "0", "nDamageRand": "0", "nCostMana": "0"}, {"nDamageBase": "0", "nDamageRand": "0", "nCostMana": "0"}, {"nDamageBase": "0", "nDamageRand": "0", "nCostMana": "0"}, {"nDamageBase": "0", "nDamageRand": "0", "nCostMana": "0"}, {"nDamageBase": "0", "nDamageRand": "0", "nCostMana": "0"}, {"nDamageBase": "0", "nDamageRand": "0", "nCostMana": "0"}, {"nDamageBase": "0", "nDamageRand": "0", "nCostMana": "0"}, {"nDamageBase": "0", "nDamageRand": "0", "nCostMana": "0"}, {"nDamageBase": "0", "nDamageRand": "0", "nCostMana": "0"}]		
npc\门派掌门\陆危楼_缴械AOE伤害.lua	npc	plain	{"bIgnorePrepareState": "true", "nMinRadius": "0 * LENGTH_BASE", "nMaxRadius": "6 * LENGTH_BASE", "nAngleRange": "256", "nAreaRadius": "15 * LENGTH_BASE"}	[{"nDamageBase": "30000", "nDamageRand": "3000", "nCostMana": "0"}, {"nDamageBase": "0", "nDamageRand": "0", "nCostMana": "0"}, {"nDamageBase": "0", "nDamageRand": "0", "nCostMana": "0"}, {"nDamageBase": "0", "nDamageRand": "0", "nCostMana": "0"}, {"nDamageBase": "0", "nDamageRand": "0", "nCostMana": "0"}, {"nDamageBase": "0", "nDamageRand": "0", "nCostMana": "0"}, {"nDamageBase": "0", "nDamageRand": "0", "nCostMana": "0"}, {"nDamageBase": "0", "nDamageRand": "0", "nCostMana": "0"}, {"nDamageBase": "0", "nDamageRand": "0", "nCostMana": "0"}, {"nDamageBase": "0", "nDamageRand": "0", "nCostMana": "0"}]		CALL_LUNAR_DAMAGE;SKILL_LUNAR_DAMAGE;SKILL_LUNAR_DAMAGE_RAND
npc助战降临\npc助战跟随\共鸣降临npc伤害表.lua	npc助战降临	bytecode	{}	[]		nChannelInterval;nBaseThreat
Quest\七夕活动_剑主天地.lua	Quest	plain	{"nMinRadius": "0", "nMaxRadius": "20 * LENGTH_BASE", "nAngleRange": "256", "nPrepareFrames": "0", "nBulletVelocity": "0"}	[{"nCostMana": "157"}]		CALL_LUNAR_DAMAGE;SKILL_LUNAR_DAMAGE;SKILL_LUNAR_DAMAGE_RAND
Quest\七秀_傲寒真气.lua	Quest	plain	{"nCostMana": "0", "nMinRadius": "0", "nMaxRadius": "5 * LENGTH_BASE", "nAngleRange": "128", "nPrepareFrames": "0", "nBulletVelocity": "0", "nBreakRate": "0"}	[]		
Quest\八旗大蛇_伤害_AOE_10.lua	Quest	plain	{"nMaxRadius": "3 * LENGTH_BASE", "nAngleRange": "256", "nAreaRadius": "50 * LENGTH_BASE"}	[{"nDamageBase": "30    *0.8", "nDamageRand": "30   *0.4", "nCostMana": "0"}, {"nDamageBase": "51    *0.8", "nDamageRand": "51   *0.4", "nCostMana": "0"}, {"nDamageBase": "73    *0.8", "nDamageRand": "73   *0.4", "nCostMana": "0"}, {"nDamageBase": "106   *0.8", "nDamageRand": "106  *0.4", "nCostMana": "0"}, {"nDamageBase": "139   *0.8", "nDamageRand": "139  *0.4", "nCostMana": "0"}, {"nDamageBase": "191   *0.8", "nDamageRand": "191  *0.4", "nCostMana": "0"}, {"nDamageBase": "228   *0.8", "nDamageRand": "228  *0.4", "nCostMana": "0"}, {"nDamageBase": "265   *0.8", "nDamageRand": "265  *0.4", "nCostMana": "0"}, {"nDamageBase": "302   *0.8", "nDamageRand": "302  *0.4", "nCostMana": "0"}, {"nDamageBase": "307   *0.8", "nDamageRand": "307 * 0.4", "nCostMana": "0"}, {"nDamageBase": "376   *0.8", "nDamageRand": "376  *0.4", "nCostMana": "0"}, {"nDamageBase": "412   *0.8", "nDamageRand": "412  *0.4", "nCostMana": "0"}, {"nDamageBase": "449   *0.8", "nDamageRand": "449  *0.4", "nCostMana": "0"}, {"nDamageBase": "486   *0.8", "nDamageRand": "486  *0.4", "nCostMana": "0"}, {"nDamageBase": "523   *0.8", "nDamageRand": "523  *0.4", "nCostMana": "0"}]		CALL_PHYSICS_DAMAGE;SKILL_PHYSICS_DAMAGE;SKILL_PHYSICS_DAMAGE_RAND
Quest\天选者_加盾.lua	Quest	plain	{"nMinRadius": "0 * LENGTH_BASE", "nMaxRadius": "99 * LENGTH_BASE", "nAngleRange": "256", "nAreaRadius": "99 * LENGTH_BASE", "nWeaponDamagePercent": "0"}	[{"nDamageBase": "0", "nDamageRand": "0", "nCostMana": "0"}, {"nDamageBase": "0", "nDamageRand": "0", "nCostMana": "0"}, {"nDamageBase": "0", "nDamageRand": "0", "nCostMana": "0"}, {"nDamageBase": "0", "nDamageRand": "0", "nCostMana": "0"}, {"nDamageBase": "0", "nDamageRand": "0", "nCostMana": "0"}, {"nDamageBase": "0", "nDamageRand": "0", "nCostMana": "0"}, {"nDamageBase": "0", "nDamageRand": "0", "nCostMana": "0"}, {"nDamageBase": "0", "nDamageRand": "0", "nCostMana": "0"}, {"nDamageBase": "0", "nDamageRand": "0", "nCostMana": "0"}, {"nDamageBase": "0", "nDamageRand": "0", "nCostMana": "0"}]	SetPublicCoolDown(16);SetNormalCoolDown(1, 674)	
Quest\天选者_龙啸九天.lua	Quest	plain	{"nMinRadius": "0 * LENGTH_BASE", "nMaxRadius": "10 * LENGTH_BASE", "nAngleRange": "256", "nAreaRadius": "10 * LENGTH_BASE", "nWeaponDamagePercent": "0"}	[{"nDamageBase": "0", "nDamageRand": "0", "nCostMana": "0"}, {"nDamageBase": "0", "nDamageRand": "0", "nCostMana": "0"}, {"nDamageBase": "0", "nDamageRand": "0", "nCostMana": "0"}, {"nDamageBase": "0", "nDamageRand": "0", "nCostMana": "0"}, {"nDamageBase": "0", "nDamageRand": "0", "nCostMana": "0"}, {"nDamageBase": "0", "nDamageRand": "0", "nCostMana": "0"}, {"nDamageBase": "0", "nDamageRand": "0", "nCostMana": "0"}, {"nDamageBase": "0", "nDamageRand": "0", "nCostMana": "0"}, {"nDamageBase": "0", "nDamageRand": "0", "nCostMana": "0"}, {"nDamageBase": "0", "nDamageRand": "0", "nCostMana": "0"}]	SetNormalCoolDown(1, 675)	CALL_PHYSICS_DAMAGE
Quest\苍山洱海_厉天行_定军.lua	Quest	plain	{"nMinRadius": "0 * LENGTH_BASE", "nMaxRadius": "8 * LENGTH_BASE", "nAngleRange": "256"}	[{"nDamage": "0", "nDamageRand": "0", "nCostMana": "0"}, {"nDamage": "0", "nDamageRand": "0", "nCostMana": "0"}, {"nDamage": "0", "nDamageRand": "0", "nCostMana": "0"}, {"nDamage": "0", "nDamageRand": "0", "nCostMana": "0"}, {"nDamage": "0", "nDamageRand": "0", "nCostMana": "0"}, {"nDamage": "0", "nDamageRand": "0", "nCostMana": "0"}, {"nDamage": "0", "nDamageRand": "0", "nCostMana": "0"}, {"nDamage": "0", "nDamageRand": "0", "nCostMana": "0"}, {"nDamage": "0", "nDamageRand": "0", "nCostMana": "0"}, {"nDamage": "0", "nDamageRand": "0", "nCostMana": "0"}]		SPOOF
Quest\苍山洱海_厉天行_破风.lua	Quest	plain	{"nMinRadius": "0 * LENGTH_BASE", "nMaxRadius": "8 * LENGTH_BASE", "nAngleRange": "256"}	[{"nDamage": "0", "nDamageRand": "0", "nCostMana": "0"}, {"nDamage": "0", "nDamageRand": "0", "nCostMana": "0"}, {"nDamage": "0", "nDamageRand": "0", "nCostMana": "0"}, {"nDamage": "0", "nDamageRand": "0", "nCostMana": "0"}, {"nDamage": "0", "nDamageRand": "0", "nCostMana": "0"}, {"nDamage": "0", "nDamageRand": "0", "nCostMana": "0"}, {"nDamage": "0", "nDamageRand": "0", "nCostMana": "0"}, {"nDamage": "0", "nDamageRand": "0", "nCostMana": "0"}, {"nDamage": "0", "nDamageRand": "0", "nCostMana": "0"}, {"nDamage": "0", "nDamageRand": "0", "nCostMana": "0"}]		
Quest\苍山洱海_小怪破风.lua	Quest	plain	{"nMinRadius": "0 * LENGTH_BASE", "nMaxRadius": "8 * LENGTH_BASE", "nAngleRange": "256"}	[{"nDamage": "0", "nDamageRand": "0", "nCostMana": "0"}, {"nDamage": "0", "nDamageRand": "0", "nCostMana": "0"}, {"nDamage": "0", "nDamageRand": "0", "nCostMana": "0"}, {"nDamage": "0", "nDamageRand": "0", "nCostMana": "0"}, {"nDamage": "0", "nDamageRand": "0", "nCostMana": "0"}, {"nDamage": "0", "nDamageRand": "0", "nCostMana": "0"}, {"nDamage": "0", "nDamageRand": "0", "nCostMana": "0"}, {"nDamage": "0", "nDamageRand": "0", "nCostMana": "0"}, {"nDamage": "0", "nDamageRand": "0", "nCostMana": "0"}, {"nDamage": "0", "nDamageRand": "0", "nCostMana": "0"}]		
Quest\赛马_以假乱真.lua	Quest	plain	{"nMinRadius": "0 * LENGTH_BASE", "nMaxRadius": "4 * LENGTH_BASE", "nAngleRange": "256"}	[{"nDamageBase": "0", "nDamageRand": "0", "nCostMana": "0"}, {"nDamageBase": "0", "nDamageRand": "0", "nCostMana": "0"}, {"nDamageBase": "0", "nDamageRand": "0", "nCostMana": "0"}, {"nDamageBase": "0", "nDamageRand": "0", "nCostMana": "0"}, {"nDamageBase": "0", "nDamageRand": "0", "nCostMana": "0"}, {"nDamageBase": "0", "nDamageRand": "0", "nCostMana": "0"}, {"nDamageBase": "0", "nDamageRand": "0", "nCostMana": "0"}, {"nDamageBase": "0", "nDamageRand": "0", "nCostMana": "0"}, {"nDamageBase": "0", "nDamageRand": "0", "nCostMana": "0"}, {"nDamageBase": "0", "nDamageRand": "0", "nCostMana": "0"}]		DEL_SINGLE_BUFF_BY_ID_AND_LEVEL
Quest\通用解除击倒.lua	Quest	plain	{"bIgnorePrepareState": "true", "nMinRadius": "0 * LENGTH_BASE", "nMaxRadius": "20 * LENGTH_BASE", "nAngleRange": "256"}	[{"nDamageBase": "0", "nDamageRand": "0", "nCostMana": "0"}, {"nDamageBase": "0", "nDamageRand": "0", "nCostMana": "0"}, {"nDamageBase": "0", "nDamageRand": "0", "nCostMana": "0"}, {"nDamageBase": "0", "nDamageRand": "0", "nCostMana": "0"}, {"nDamageBase": "0", "nDamageRand": "0", "nCostMana": "0"}, {"nDamageBase": "0", "nDamageRand": "0", "nCostMana": "0"}, {"nDamageBase": "0", "nDamageRand": "0", "nCostMana": "0"}, {"nDamageBase": "0", "nDamageRand": "0", "nCostMana": "0"}, {"nDamageBase": "0", "nDamageRand": "0", "nCostMana": "0"}, {"nDamageBase": "0", "nDamageRand": "0", "nCostMana": "0"}]		DO_ACTION;STOP
Quest\长安_天策破甲.lua	Quest	plain	{"nCostMana": "tSkillData[dwSkillLevel].nCostMana", "nMaxRadius": "4 * LENGTH_BASE", "nAngleRange": "128", "nPrepareFrames": "0", "nBulletVelocity": "0", "nBreakRate": "0"}	[{"nCostMana": "0"}]		
Quest\长安_纯阳伤害.lua	Quest	plain	{"nMaxRadius": "4 * LENGTH_BASE", "nAngleRange": "128", "nPrepareFrames": "0", "nBulletVelocity": "0", "nBreakRate": "0"}	[]		CALL_NEUTRAL_DAMAGE
Quest\龙门_徐如林.lua	Quest	plain	{"nMinRadius": "0 * LENGTH_BASE", "nMaxRadius": "5 * LENGTH_BASE", "nAngleRange": "256"}	[{"nDamageBase": "0", "nDamageRand": "0", "nCostMana": "38"}]		
Quest\ACT_100级PQ\通用选取目标_前方扇形_敌方.lua	Quest	plain	{"nMinRadius": "0 * LENGTH_BASE", "nMaxRadius": "4 * LENGTH_BASE", "nAngleRange": "107", "nAreaRadius": "35 * LENGTH_BASE"}	[{"nDamageBase": "0", "nDamageRand": "0", "nCostMana": "0"}, {"nDamageBase": "0", "nDamageRand": "0", "nCostMana": "0"}, {"nDamageBase": "0", "nDamageRand": "0", "nCostMana": "0"}, {"nDamageBase": "0", "nDamageRand": "0", "nCostMana": "0"}, {"nDamageBase": "0", "nDamageRand": "0", "nCostMana": "0"}, {"nDamageBase": "0", "nDamageRand": "0", "nCostMana": "0"}, {"nDamageBase": "0", "nDamageRand": "0", "nCostMana": "0"}, {"nDamageBase": "0", "nDamageRand": "0", "nCostMana": "0"}, {"nDamageBase": "0", "nDamageRand": "0", "nCostMana": "0"}, {"nDamageBase": "0", "nDamageRand": "0", "nCostMana": "0"}]		EXECUTE_SCRIPT
Quest\ACT_仙剑一联动\仙剑QTE_技能2.lua	Quest	plain	{}	[{"nDamageBase": "0", "nDamageRand": "0", "nCostMana": "0"}, {"nDamageBase": "0", "nDamageRand": "0", "nCostMana": "0"}, {"nDamageBase": "0", "nDamageRand": "0", "nCostMana": "0"}, {"nDamageBase": "0", "nDamageRand": "0", "nCostMana": "0"}, {"nDamageBase": "0", "nDamageRand": "0", "nCostMana": "0"}, {"nDamageBase": "0", "nDamageRand": "0", "nCostMana": "0"}, {"nDamageBase": "0", "nDamageRand": "0", "nCostMana": "0"}, {"nDamageBase": "0", "nDamageRand": "0", "nCostMana": "0"}, {"nDamageBase": "0", "nDamageRand": "0", "nCostMana": "0"}, {"nDamageBase": "0", "nDamageRand": "0", "nCostMana": "0"}]		EXECUTE_SCRIPT
Quest\ACT_刺客信条\敌人检索范围_扇形180度.lua	Quest	bytecode	{}	[]		nCostMana;nMinRadius;nMaxRadius;nAreaRadius;nAngleRange;nBeatBackRate;nBrokenRate
Quest\ACT_助战NPC\康宴别_捉影式.lua	Quest	plain	{"nMinRadius": "0", "nMaxRadius": "20 * LENGTH_BASE", "nAngleRange": "128", "nPrepareFrames": "16"}	[]		PULL
Quest\ACT_四月洛阳\山狼_追命箭.lua	Quest	plain	{"nMinRadius": "0 * LENGTH_BASE", "nMaxRadius": "100 * LENGTH_BASE", "nPrepareFrames": "16", "nBeatBackRate": "0 * PERCENT_BASE", "nBrokenRate": "0 * PERCENT_BASE"}	[{"nDamageBase": "10000", "nDamageRand": "3000", "nCostMana": "0"}, {"nDamageBase": "0", "nDamageRand": "0", "nCostMana": "0"}, {"nDamageBase": "0", "nDamageRand": "0", "nCostMana": "0"}, {"nDamageBase": "0", "nDamageRand": "0", "nCostMana": "0"}, {"nDamageBase": "0", "nDamageRand": "0", "nCostMana": "0"}, {"nDamageBase": "0", "nDamageRand": "0", "nCostMana": "0"}, {"nDamageBase": "0", "nDamageRand": "0", "nCostMana": "0"}, {"nDamageBase": "0", "nDamageRand": "0", "nCostMana": "0"}, {"nDamageBase": "0", "nDamageRand": "0", "nCostMana": "0"}, {"nDamageBase": "0", "nDamageRand": "0", "nCostMana": "0"}]		EXECUTE_SCRIPT
Quest\ACT_四月洛阳\陈月_商阳指.lua	Quest	plain	{"nMaxRadius": "30 * LENGTH_BASE", "nAngleRange": "128", "nMinChannelInterval": "1", "nBrokenRate": "0"}	[{"nDamageBase": "10000", "nDamageRand": "0.1", "nCostMana": "0"}, {"nDamageBase": "0", "nDamageRand": "0", "nCostMana": "0"}, {"nDamageBase": "0", "nDamageRand": "0", "nCostMana": "0"}, {"nDamageBase": "0", "nDamageRand": "0", "nCostMana": "0"}, {"nDamageBase": "0", "nDamageRand": "0", "nCostMana": "0"}, {"nDamageBase": "0", "nDamageRand": "0", "nCostMana": "0"}, {"nDamageBase": "0", "nDamageRand": "0", "nCostMana": "0"}, {"nDamageBase": "0", "nDamageRand": "0", "nCostMana": "0"}, {"nDamageBase": "0", "nDamageRand": "0", "nCostMana": "0"}, {"nDamageBase": "0", "nDamageRand": "0", "nCostMana": "0"}]		EXECUTE_SCRIPT
Quest\ACT_场景预热\22006完成任务AOE.lua	Quest	plain	{"nMinRadius": "0 * LENGTH_BASE", "nMaxRadius": "10 * LENGTH_BASE", "nAngleRange": "256", "nAreaRadius": "40 * LENGTH_BASE", "bIgnorePrepareState": "true"}	[]		EXECUTE_SCRIPT
Quest\ACT_场景预热\雷劈伤害.lua	Quest	plain	{"nMinRadius": "0 * LENGTH_BASE", "nMaxRadius": "100 * LENGTH_BASE", "nAngleRange": "256", "nAreaRadius": "2 * LENGTH_BASE"}	[{"nDamageBase": "35231", "nDamageRand": "15620", "nCostMana": "0"}, {"nDamageBase": "0", "nDamageRand": "0", "nCostMana": "0"}, {"nDamageBase": "0", "nDamageRand": "0", "nCostMana": "0"}, {"nDamageBase": "0", "nDamageRand": "0", "nCostMana": "0"}, {"nDamageBase": "0", "nDamageRand": "0", "nCostMana": "0"}, {"nDamageBase": "0", "nDamageRand": "0", "nCostMana": "0"}, {"nDamageBase": "0", "nDamageRand": "0", "nCostMana": "0"}, {"nDamageBase": "0", "nDamageRand": "0", "nCostMana": "0"}, {"nDamageBase": "0", "nDamageRand": "0", "nCostMana": "0"}, {"nDamageBase": "0", "nDamageRand": "0", "nCostMana": "0"}]		CALL_NEUTRAL_DAMAGE;EXECUTE_SCRIPT;SKILL_NEUTRAL_DAMAGE;SKILL_NEUTRAL_DAMAGE_RAND
Quest\ACT_浪客行\残影嘲讽.lua	Quest	plain	{"nMinRadius": "0 * LENGTH_BASE", "nMaxRadius": "20 * LENGTH_BASE", "nAngleRange": "256", "nAreaRadius": "15 * LENGTH_BASE"}	[{"nDamageBase": "0", "nDamageRand": "0", "nCostMana": "0"}, {"nDamageBase": "0", "nDamageRand": "0", "nCostMana": "0"}, {"nDamageBase": "0", "nDamageRand": "0", "nCostMana": "0"}, {"nDamageBase": "0", "nDamageRand": "0", "nCostMana": "0"}, {"nDamageBase": "0", "nDamageRand": "0", "nCostMana": "0"}, {"nDamageBase": "0", "nDamageRand": "0", "nCostMana": "0"}, {"nDamageBase": "0", "nDamageRand": "0", "nCostMana": "0"}, {"nDamageBase": "0", "nDamageRand": "0", "nCostMana": "0"}, {"nDamageBase": "0", "nDamageRand": "0", "nCostMana": "0"}, {"nDamageBase": "0", "nDamageRand": "0", "nCostMana": "0"}]		SPOOF;TOP_THREAT
Quest\ACT_浪客行\狼牙_战争践踏.lua	Quest	plain	{"nMinRadius": "0 * LENGTH_BASE", "nMaxRadius": "4 * LENGTH_BASE", "nAngleRange": "256", "nAreaRadius": "8 * LENGTH_BASE", "nPrepareFrames": "32", "nBeatBackRate": "0 * PERCENT_BASE"}	[{"nDamageBase": "2179 * 0.8", "nDamageRand": "2179 * 0.4", "nCostMana": "0"}, {"nDamageBase": "2542 * 0.8", "nDamageRand": "2542 * 0.4", "nCostMana": "0"}, {"nDamageBase": "0", "nDamageRand": "0", "nCostMana": "0"}, {"nDamageBase": "0", "nDamageRand": "0", "nCostMana": "0"}, {"nDamageBase": "0", "nDamageRand": "0", "nCostMana": "0"}, {"nDamageBase": "0", "nDamageRand": "0", "nCostMana": "0"}, {"nDamageBase": "0", "nDamageRand": "0", "nCostMana": "0"}, {"nDamageBase": "0", "nDamageRand": "0", "nCostMana": "0"}, {"nDamageBase": "0", "nDamageRand": "0", "nCostMana": "0"}, {"nDamageBase": "0", "nDamageRand": "0", "nCostMana": "0"}]		CALL_PHYSICS_DAMAGE;EXECUTE_SCRIPT;SKILL_PHYSICS_DAMAGE;SKILL_PHYSICS_DAMAGE_RAND
Quest\ACT_浪客行\狼牙_致死顺劈.lua	Quest	plain	{"nMinRadius": "0 * LENGTH_BASE", "nMaxRadius": "4 * LENGTH_BASE", "nPrepareFrames": "32", "nBeatBackRate": "0 * PERCENT_BASE", "nBrokenRate": "0 * PERCENT_BASE"}	[{"nDamageBase": "1936 * 0.8", "nDamageRand": "1936 * 0.4", "nCostMana": "0"}, {"nDamageBase": "2300 * 0.8", "nDamageRand": "2300 * 0.4", "nCostMana": "0"}, {"nDamageBase": "0", "nDamageRand": "0", "nCostMana": "0"}, {"nDamageBase": "0", "nDamageRand": "0", "nCostMana": "0"}, {"nDamageBase": "0", "nDamageRand": "0", "nCostMana": "0"}, {"nDamageBase": "0", "nDamageRand": "0", "nCostMana": "0"}, {"nDamageBase": "0", "nDamageRand": "0", "nCostMana": "0"}, {"nDamageBase": "0", "nDamageRand": "0", "nCostMana": "0"}, {"nDamageBase": "0", "nDamageRand": "0", "nCostMana": "0"}, {"nDamageBase": "0", "nDamageRand": "0", "nCostMana": "0"}]		EXECUTE_SCRIPT
Quest\ACT_浪客行\狼牙_致死顺劈_子技能_伤害与效果.lua	Quest	plain	{"nMinRadius": "0 * LENGTH_BASE", "nMaxRadius": "4 * LENGTH_BASE", "nAngleRange": "128", "nAreaRadius": "8 * LENGTH_BASE"}	[{"nDamageBase": "1936 * 0.8", "nDamageRand": "1936 * 0.4", "nCostMana": "0"}, {"nDamageBase": "2300 * 0.8", "nDamageRand": "2300 * 0.4", "nCostMana": "0"}, {"nDamageBase": "0", "nDamageRand": "0", "nCostMana": "0"}, {"nDamageBase": "0", "nDamageRand": "0", "nCostMana": "0"}, {"nDamageBase": "0", "nDamageRand": "0", "nCostMana": "0"}, {"nDamageBase": "0", "nDamageRand": "0", "nCostMana": "0"}, {"nDamageBase": "0", "nDamageRand": "0", "nCostMana": "0"}, {"nDamageBase": "0", "nDamageRand": "0", "nCostMana": "0"}, {"nDamageBase": "0", "nDamageRand": "0", "nCostMana": "0"}, {"nDamageBase": "0", "nDamageRand": "0", "nCostMana": "0"}]		CALL_PHYSICS_DAMAGE;SKILL_PHYSICS_DAMAGE;SKILL_PHYSICS_DAMAGE_RAND
Quest\ACT_浪客行\玩家_聂云残影.lua	Quest	plain	{"nMinRadius": "0 * LENGTH_BASE", "nMaxRadius": "100 * LENGTH_BASE", "nAngleRange": "256"}	[{"nDamageBase": "0", "nDamageRand": "0", "nCostMana": "0"}, {"nDamageBase": "0", "nDamageRand": "0", "nCostMana": "0"}, {"nDamageBase": "0", "nDamageRand": "0", "nCostMana": "0"}, {"nDamageBase": "0", "nDamageRand": "0", "nCostMana": "0"}, {"nDamageBase": "0", "nDamageRand": "0", "nCostMana": "0"}, {"nDamageBase": "0", "nDamageRand": "0", "nCostMana": "0"}, {"nDamageBase": "0", "nDamageRand": "0", "nCostMana": "0"}, {"nDamageBase": "0", "nDamageRand": "0", "nCostMana": "0"}, {"nDamageBase": "0", "nDamageRand": "0", "nCostMana": "0"}, {"nDamageBase": "0", "nDamageRand": "0", "nCostMana": "0"}]		EXECUTE_SCRIPT
Quest\ACT_浪客行\词缀_冰封伤害.lua	Quest	plain	{"nMinRadius": "0 * LENGTH_BASE", "nMaxRadius": "10 * LENGTH_BASE", "nAngleRange": "256", "nAreaRadius": "14 * LENGTH_BASE"}	[{"nDamageBase": "484", "nDamageRand": "0", "nCostMana": "0"}, {"nDamageBase": "726", "nDamageRand": "0", "nCostMana": "0"}, {"nDamageBase": "0", "nDamageRand": "0", "nCostMana": "0"}, {"nDamageBase": "0", "nDamageRand": "0", "nCostMana": "0"}, {"nDamageBase": "0", "nDamageRand": "0", "nCostMana": "0"}, {"nDamageBase": "0", "nDamageRand": "0", "nCostMana": "0"}, {"nDamageBase": "0", "nDamageRand": "0", "nCostMana": "0"}, {"nDamageBase": "0", "nDamageRand": "0", "nCostMana": "0"}, {"nDamageBase": "0", "nDamageRand": "0", "nCostMana": "0"}, {"nDamageBase": "0", "nDamageRand": "0", "nCostMana": "0"}]		CALL_LUNAR_DAMAGE;EXECUTE_SCRIPT;SKILL_LUNAR_DAMAGE;SKILL_LUNAR_DAMAGE_RAND
Quest\ACT_浪客行\词缀_火场伤害.lua	Quest	plain	{"nMinRadius": "0 * LENGTH_BASE", "nMaxRadius": "10 * LENGTH_BASE", "nAngleRange": "256", "nAreaRadius": "5 * LENGTH_BASE"}	[{"nDamageBase": "605", "nDamageRand": "0", "nCostMana": "0"}, {"nDamageBase": "968", "nDamageRand": "0", "nCostMana": "0"}, {"nDamageBase": "0", "nDamageRand": "0", "nCostMana": "0"}, {"nDamageBase": "0", "nDamageRand": "0", "nCostMana": "0"}, {"nDamageBase": "0", "nDamageRand": "0", "nCostMana": "0"}, {"nDamageBase": "0", "nDamageRand": "0", "nCostMana": "0"}, {"nDamageBase": "0", "nDamageRand": "0", "nCostMana": "0"}, {"nDamageBase": "0", "nDamageRand": "0", "nCostMana": "0"}, {"nDamageBase": "0", "nDamageRand": "0", "nCostMana": "0"}, {"nDamageBase": "0", "nDamageRand": "0", "nCostMana": "0"}]		CALL_SOLAR_DAMAGE;EXECUTE_SCRIPT;SKILL_SOLAR_DAMAGE;SKILL_SOLAR_DAMAGE_RAND
Quest\ACT_浪客行\词缀_火扇伤害.lua	Quest	plain	{"nMinRadius": "0 * LENGTH_BASE", "nMaxRadius": "10 * LENGTH_BASE", "nAngleRange": "64", "nAreaRadius": "10 * LENGTH_BASE"}	[{"nDamageBase": "3026", "nDamageRand": "0", "nCostMana": "0"}, {"nDamageBase": "3632", "nDamageRand": "0", "nCostMana": "0"}, {"nDamageBase": "4842", "nDamageRand": "0", "nCostMana": "0"}, {"nDamageBase": "0", "nDamageRand": "0", "nCostMana": "0"}, {"nDamageBase": "0", "nDamageRand": "0", "nCostMana": "0"}, {"nDamageBase": "0", "nDamageRand": "0", "nCostMana": "0"}, {"nDamageBase": "0", "nDamageRand": "0", "nCostMana": "0"}, {"nDamageBase": "0", "nDamageRand": "0", "nCostMana": "0"}, {"nDamageBase": "0", "nDamageRand": "0", "nCostMana": "0"}, {"nDamageBase": "0", "nDamageRand": "0", "nCostMana": "0"}]		CALL_SOLAR_DAMAGE;EXECUTE_SCRIPT;SKILL_SOLAR_DAMAGE;SKILL_SOLAR_DAMAGE_RAND
Quest\ACT_浪客行\词缀_雷球伤害.lua	Quest	plain	{"nMinRadius": "0 * LENGTH_BASE", "nMaxRadius": "10 * LENGTH_BASE", "nAngleRange": "256", "nAreaRadius": "15 * LENGTH_BASE"}	[{"nDamageBase": "6537", "nDamageRand": "0", "nCostMana": "0"}, {"nDamageBase": "8474", "nDamageRand": "0", "nCostMana": "0"}, {"nDamageBase": "10047", "nDamageRand": "0", "nCostMana": "0"}, {"nDamageBase": "0", "nDamageRand": "0", "nCostMana": "0"}, {"nDamageBase": "0", "nDamageRand": "0", "nCostMana": "0"}, {"nDamageBase": "0", "nDamageRand": "0", "nCostMana": "0"}, {"nDamageBase": "0", "nDamageRand": "0", "nCostMana": "0"}, {"nDamageBase": "0", "nDamageRand": "0", "nCostMana": "0"}, {"nDamageBase": "0", "nDamageRand": "0", "nCostMana": "0"}, {"nDamageBase": "0", "nDamageRand": "0", "nCostMana": "0"}]		CALL_NEUTRAL_DAMAGE;EXECUTE_SCRIPT;SKILL_NEUTRAL_DAMAGE;SKILL_NEUTRAL_DAMAGE_RAND
Quest\乱世藏剑阵营日常\天策_渊_动作.lua	Quest	plain	{"nMaxRadius": "30 * LENGTH_BASE", "nAngleRange": "256"}	[{"nDamageBase": "0", "nDamageRand": "0", "nCostMana": "0"}, {"nDamageBase": "0", "nDamageRand": "0", "nCostMana": "0"}, {"nDamageBase": "0", "nDamageRand": "0", "nCostMana": "0"}, {"nDamageBase": "0", "nDamageRand": "0", "nCostMana": "0"}, {"nDamageBase": "0", "nDamageRand": "0", "nCostMana": "0"}, {"nDamageBase": "0", "nDamageRand": "0", "nCostMana": "0"}, {"nDamageBase": "0", "nDamageRand": "0", "nCostMana": "0"}, {"nDamageBase": "0", "nDamageRand": "0", "nCostMana": "0"}, {"nDamageBase": "0", "nDamageRand": "0", "nCostMana": "0"}, {"nDamageBase": "0", "nDamageRand": "0", "nCostMana": "0"}]		CALL_BUFF;DASH
Quest\乱世藏剑阵营日常\天策弟子_渊.lua	Quest	plain	{"nMaxRadius": "20 * LENGTH_BASE", "nAngleRange": "256"}	[]		CALL_BUFF;CALL_BUFF_STACK_3;CAST_SKILL_TARGET_DST;DEL_MULTI_GROUP_BUFF_BY_FUNCTIONTYPE
Quest\乱世藏剑阵营日常\藏剑弟子_自己打自己.lua	Quest	plain	{"nMinRadius": "0 * LENGTH_BASE", "nMaxRadius": "20 * LENGTH_BASE"}	[{"nDamageBase": "0", "nDamageRand": "0", "nCostMana": "0"}, {"nDamageBase": "0", "nDamageRand": "0", "nCostMana": "0"}, {"nDamageBase": "0", "nDamageRand": "0", "nCostMana": "0"}, {"nDamageBase": "0", "nDamageRand": "0", "nCostMana": "0"}, {"nDamageBase": "0", "nDamageRand": "0", "nCostMana": "0"}, {"nDamageBase": "0", "nDamageRand": "0", "nCostMana": "0"}, {"nDamageBase": "0", "nDamageRand": "0", "nCostMana": "0"}, {"nDamageBase": "0", "nDamageRand": "0", "nCostMana": "0"}, {"nDamageBase": "0", "nDamageRand": "0", "nCostMana": "0"}, {"nDamageBase": "0", "nDamageRand": "0", "nCostMana": "0"}]		
Quest\凌雪阁任务\陷阱机关伤害.lua	Quest	plain	{"nMinRadius": "0 * LENGTH_BASE", "nMaxRadius": "10 * LENGTH_BASE", "nAngleRange": "256", "nAreaRadius": "2 * LENGTH_BASE", "nWeaponDamagePercent": "4096"}	[{"nDamageBase": "150", "nDamageRand": "150", "nCostMana": "0"}, {"nDamageBase": "0", "nDamageRand": "0", "nCostMana": "0"}, {"nDamageBase": "0", "nDamageRand": "0", "nCostMana": "0"}, {"nDamageBase": "0", "nDamageRand": "0", "nCostMana": "0"}, {"nDamageBase": "0", "nDamageRand": "0", "nCostMana": "0"}, {"nDamageBase": "0", "nDamageRand": "0", "nCostMana": "0"}, {"nDamageBase": "0", "nDamageRand": "0", "nCostMana": "0"}, {"nDamageBase": "0", "nDamageRand": "0", "nCostMana": "0"}, {"nDamageBase": "0", "nDamageRand": "0", "nCostMana": "0"}, {"nDamageBase": "0", "nDamageRand": "0", "nCostMana": "0"}]		CALL_PHYSICS_DAMAGE;EXECUTE_SCRIPT;SKILL_PHYSICS_DAMAGE;SKILL_PHYSICS_DAMAGE_RAND
Quest\唐门_重制\横扫千军.lua	Quest	plain	{"nMaxRadius": "6 * LENGTH_BASE", "nAngleRange": "360", "nAreaRadius": "6 * LENGTH_BASE"}	[{"nDamageBase": "0", "nDamageRand": "0", "nCostMana": "0"}, {"nDamageBase": "0", "nDamageRand": "0", "nCostMana": "0"}, {"nDamageBase": "0", "nDamageRand": "0", "nCostMana": "0"}, {"nDamageBase": "0", "nDamageRand": "0", "nCostMana": "0"}, {"nDamageBase": "0", "nDamageRand": "0", "nCostMana": "0"}, {"nDamageBase": "0", "nDamageRand": "0", "nCostMana": "0"}, {"nDamageBase": "0", "nDamageRand": "0", "nCostMana": "0"}, {"nDamageBase": "0", "nDamageRand": "0", "nCostMana": "0"}, {"nDamageBase": "0", "nDamageRand": "0", "nCostMana": "0"}, {"nDamageBase": "0", "nDamageRand": "0", "nCostMana": "0"}]	SetPublicCoolDown(16);SetNormalCoolDown(1, 1196)	EXECUTE_SCRIPT
Quest\唐门_重制\横扫千军子技能.lua	Quest	plain	{"nMaxRadius": "6 * LENGTH_BASE", "nAngleRange": "360", "nAreaRadius": "6 * LENGTH_BASE"}	[{"nDamageBase": "2000000", "nDamageRand": "200000", "nCostMana": "0"}, {"nDamageBase": "0", "nDamageRand": "0", "nCostMana": "0"}, {"nDamageBase": "0", "nDamageRand": "0", "nCostMana": "0"}, {"nDamageBase": "0", "nDamageRand": "0", "nCostMana": "0"}, {"nDamageBase": "0", "nDamageRand": "0", "nCostMana": "0"}, {"nDamageBase": "0", "nDamageRand": "0", "nCostMana": "0"}, {"nDamageBase": "0", "nDamageRand": "0", "nCostMana": "0"}, {"nDamageBase": "0", "nDamageRand": "0", "nCostMana": "0"}, {"nDamageBase": "0", "nDamageRand": "0", "nCostMana": "0"}, {"nDamageBase": "0", "nDamageRand": "0", "nCostMana": "0"}]		CALL_PHYSICS_DAMAGE;SKILL_PHYSICS_DAMAGE;SKILL_PHYSICS_DAMAGE_RAND
Quest\场景组通用\场景玩法\潜行\敌人检索范围_180度.lua	Quest	bytecode	{}	[]		nCostMana;nMinRadius;nMaxRadius;nAreaRadius;nAngleRange;nBeatBackRate;nBrokenRate
Quest\林中小村\选人开打.lua	Quest	plain	{"nMinRadius": "0 * LENGTH_BASE", "nMaxRadius": "10 * LENGTH_BASE", "nAngleRange": "256"}	[{"nDamageBase": "0", "nDamageRand": "0", "nCostMana": "0"}, {"nDamageBase": "0", "nDamageRand": "0", "nCostMana": "0"}, {"nDamageBase": "0", "nDamageRand": "0", "nCostMana": "0"}, {"nDamageBase": "0", "nDamageRand": "0", "nCostMana": "0"}, {"nDamageBase": "0", "nDamageRand": "0", "nCostMana": "0"}, {"nDamageBase": "0", "nDamageRand": "0", "nCostMana": "0"}, {"nDamageBase": "0", "nDamageRand": "0", "nCostMana": "0"}, {"nDamageBase": "0", "nDamageRand": "0", "nCostMana": "0"}, {"nDamageBase": "0", "nDamageRand": "0", "nCostMana": "0"}, {"nDamageBase": "0", "nDamageRand": "0", "nCostMana": "0"}]	SetCheckCoolDown(1, 2243)	EXECUTE_SCRIPT
Quest\江湖百态\驭兽_九灵_16265.lua	Quest	plain	{"nMinRadius": "0 * LENGTH_BASE", "nMaxRadius": "4 * LENGTH_BASE", "nAngleRange": "256", "nAreaRadius": "10 * LENGTH_BASE"}	[{"nDamageBase": "0", "nDamageRand": "0", "nCostMana": "0"}, {"nDamageBase": "0", "nDamageRand": "0", "nCostMana": "0"}, {"nDamageBase": "0", "nDamageRand": "0", "nCostMana": "0"}, {"nDamageBase": "0", "nDamageRand": "0", "nCostMana": "0"}, {"nDamageBase": "0", "nDamageRand": "0", "nCostMana": "0"}, {"nDamageBase": "0", "nDamageRand": "0", "nCostMana": "0"}, {"nDamageBase": "0", "nDamageRand": "0", "nCostMana": "0"}, {"nDamageBase": "0", "nDamageRand": "0", "nCostMana": "0"}, {"nDamageBase": "0", "nDamageRand": "0", "nCostMana": "0"}, {"nDamageBase": "0", "nDamageRand": "0", "nCostMana": "0"}]		EXECUTE_SCRIPT
Quest\江湖百态\驭兽_九灵_16266.lua	Quest	plain	{"nMinRadius": "0 * LENGTH_BASE", "nMaxRadius": "4 * LENGTH_BASE", "nAngleRange": "256", "nAreaRadius": "10 * LENGTH_BASE"}	[{"nDamageBase": "0", "nDamageRand": "0", "nCostMana": "0"}, {"nDamageBase": "0", "nDamageRand": "0", "nCostMana": "0"}, {"nDamageBase": "0", "nDamageRand": "0", "nCostMana": "0"}, {"nDamageBase": "0", "nDamageRand": "0", "nCostMana": "0"}, {"nDamageBase": "0", "nDamageRand": "0", "nCostMana": "0"}, {"nDamageBase": "0", "nDamageRand": "0", "nCostMana": "0"}, {"nDamageBase": "0", "nDamageRand": "0", "nCostMana": "0"}, {"nDamageBase": "0", "nDamageRand": "0", "nCostMana": "0"}, {"nDamageBase": "0", "nDamageRand": "0", "nCostMana": "0"}, {"nDamageBase": "0", "nDamageRand": "0", "nCostMana": "0"}]		EXECUTE_SCRIPT
Quest\江湖百态\驭兽_哈皮_16220.lua	Quest	plain	{"nMinRadius": "0 * LENGTH_BASE", "nMaxRadius": "4 * LENGTH_BASE", "nAngleRange": "256", "nAreaRadius": "10 * LENGTH_BASE"}	[{"nDamageBase": "0", "nDamageRand": "0", "nCostMana": "0"}, {"nDamageBase": "0", "nDamageRand": "0", "nCostMana": "0"}, {"nDamageBase": "0", "nDamageRand": "0", "nCostMana": "0"}, {"nDamageBase": "0", "nDamageRand": "0", "nCostMana": "0"}, {"nDamageBase": "0", "nDamageRand": "0", "nCostMana": "0"}, {"nDamageBase": "0", "nDamageRand": "0", "nCostMana": "0"}, {"nDamageBase": "0", "nDamageRand": "0", "nCostMana": "0"}, {"nDamageBase": "0", "nDamageRand": "0", "nCostMana": "0"}, {"nDamageBase": "0", "nDamageRand": "0", "nCostMana": "0"}, {"nDamageBase": "0", "nDamageRand": "0", "nCostMana": "0"}]		EXECUTE_SCRIPT
Quest\江湖百态\驭兽_哈皮_16221.lua	Quest	plain	{"nMinRadius": "0 * LENGTH_BASE", "nMaxRadius": "4 * LENGTH_BASE", "nAngleRange": "256", "nAreaRadius": "10 * LENGTH_BASE"}	[{"nDamageBase": "0", "nDamageRand": "0", "nCostMana": "0"}, {"nDamageBase": "0", "nDamageRand": "0", "nCostMana": "0"}, {"nDamageBase": "0", "nDamageRand": "0", "nCostMana": "0"}, {"nDamageBase": "0", "nDamageRand": "0", "nCostMana": "0"}, {"nDamageBase": "0", "nDamageRand": "0", "nCostMana": "0"}, {"nDamageBase": "0", "nDamageRand": "0", "nCostMana": "0"}, {"nDamageBase": "0", "nDamageRand": "0", "nCostMana": "0"}, {"nDamageBase": "0", "nDamageRand": "0", "nCostMana": "0"}, {"nDamageBase": "0", "nDamageRand": "0", "nCostMana": "0"}, {"nDamageBase": "0", "nDamageRand": "0", "nCostMana": "0"}]		EXECUTE_SCRIPT
Quest\江湖百态\驭兽_哈皮_16222.lua	Quest	plain	{"nMinRadius": "0 * LENGTH_BASE", "nMaxRadius": "4 * LENGTH_BASE", "nAngleRange": "256", "nAreaRadius": "10 * LENGTH_BASE"}	[{"nDamageBase": "0", "nDamageRand": "0", "nCostMana": "0"}, {"nDamageBase": "0", "nDamageRand": "0", "nCostMana": "0"}, {"nDamageBase": "0", "nDamageRand": "0", "nCostMana": "0"}, {"nDamageBase": "0", "nDamageRand": "0", "nCostMana": "0"}, {"nDamageBase": "0", "nDamageRand": "0", "nCostMana": "0"}, {"nDamageBase": "0", "nDamageRand": "0", "nCostMana": "0"}, {"nDamageBase": "0", "nDamageRand": "0", "nCostMana": "0"}, {"nDamageBase": "0", "nDamageRand": "0", "nCostMana": "0"}, {"nDamageBase": "0", "nDamageRand": "0", "nCostMana": "0"}, {"nDamageBase": "0", "nDamageRand": "0", "nCostMana": "0"}]		EXECUTE_SCRIPT
Quest\江湖百态\驭兽_哼哼_16249.lua	Quest	plain	{"nMinRadius": "0 * LENGTH_BASE", "nMaxRadius": "4 * LENGTH_BASE", "nAngleRange": "256", "nAreaRadius": "10 * LENGTH_BASE"}	[{"nDamageBase": "0", "nDamageRand": "0", "nCostMana": "0"}, {"nDamageBase": "0", "nDamageRand": "0", "nCostMana": "0"}, {"nDamageBase": "0", "nDamageRand": "0", "nCostMana": "0"}, {"nDamageBase": "0", "nDamageRand": "0", "nCostMana": "0"}, {"nDamageBase": "0", "nDamageRand": "0", "nCostMana": "0"}, {"nDamageBase": "0", "nDamageRand": "0", "nCostMana": "0"}, {"nDamageBase": "0", "nDamageRand": "0", "nCostMana": "0"}, {"nDamageBase": "0", "nDamageRand": "0", "nCostMana": "0"}, {"nDamageBase": "0", "nDamageRand": "0", "nCostMana": "0"}, {"nDamageBase": "0", "nDamageRand": "0", "nCostMana": "0"}]		EXECUTE_SCRIPT
Quest\江湖百态\驭兽_小果_16211.lua	Quest	plain	{"nMinRadius": "0 * LENGTH_BASE", "nMaxRadius": "4 * LENGTH_BASE", "nAngleRange": "256", "nAreaRadius": "10 * LENGTH_BASE"}	[{"nDamageBase": "0", "nDamageRand": "0", "nCostMana": "0"}, {"nDamageBase": "0", "nDamageRand": "0", "nCostMana": "0"}, {"nDamageBase": "0", "nDamageRand": "0", "nCostMana": "0"}, {"nDamageBase": "0", "nDamageRand": "0", "nCostMana": "0"}, {"nDamageBase": "0", "nDamageRand": "0", "nCostMana": "0"}, {"nDamageBase": "0", "nDamageRand": "0", "nCostMana": "0"}, {"nDamageBase": "0", "nDamageRand": "0", "nCostMana": "0"}, {"nDamageBase": "0", "nDamageRand": "0", "nCostMana": "0"}, {"nDamageBase": "0", "nDamageRand": "0", "nCostMana": "0"}, {"nDamageBase": "0", "nDamageRand": "0", "nCostMana": "0"}]		EXECUTE_SCRIPT
Quest\江湖百态\驭兽_小果_16213.lua	Quest	plain	{"nMinRadius": "0 * LENGTH_BASE", "nMaxRadius": "4 * LENGTH_BASE", "nAngleRange": "256", "nAreaRadius": "10 * LENGTH_BASE"}	[{"nDamageBase": "0", "nDamageRand": "0", "nCostMana": "0"}, {"nDamageBase": "0", "nDamageRand": "0", "nCostMana": "0"}, {"nDamageBase": "0", "nDamageRand": "0", "nCostMana": "0"}, {"nDamageBase": "0", "nDamageRand": "0", "nCostMana": "0"}, {"nDamageBase": "0", "nDamageRand": "0", "nCostMana": "0"}, {"nDamageBase": "0", "nDamageRand": "0", "nCostMana": "0"}, {"nDamageBase": "0", "nDamageRand": "0", "nCostMana": "0"}, {"nDamageBase": "0", "nDamageRand": "0", "nCostMana": "0"}, {"nDamageBase": "0", "nDamageRand": "0", "nCostMana": "0"}, {"nDamageBase": "0", "nDamageRand": "0", "nCostMana": "0"}]		EXECUTE_SCRIPT
Quest\江湖百态\驭兽_灰狐_16239.lua	Quest	plain	{"nMinRadius": "0 * LENGTH_BASE", "nMaxRadius": "4 * LENGTH_BASE", "nAngleRange": "256", "nAreaRadius": "10 * LENGTH_BASE"}	[{"nDamageBase": "0", "nDamageRand": "0", "nCostMana": "0"}, {"nDamageBase": "0", "nDamageRand": "0", "nCostMana": "0"}, {"nDamageBase": "0", "nDamageRand": "0", "nCostMana": "0"}, {"nDamageBase": "0", "nDamageRand": "0", "nCostMana": "0"}, {"nDamageBase": "0", "nDamageRand": "0", "nCostMana": "0"}, {"nDamageBase": "0", "nDamageRand": "0", "nCostMana": "0"}, {"nDamageBase": "0", "nDamageRand": "0", "nCostMana": "0"}, {"nDamageBase": "0", "nDamageRand": "0", "nCostMana": "0"}, {"nDamageBase": "0", "nDamageRand": "0", "nCostMana": "0"}, {"nDamageBase": "0", "nDamageRand": "0", "nCostMana": "0"}]		EXECUTE_SCRIPT
Quest\江湖百态\驭兽_葫芦_16267.lua	Quest	plain	{"nMinRadius": "0 * LENGTH_BASE", "nMaxRadius": "4 * LENGTH_BASE", "nAngleRange": "256", "nAreaRadius": "10 * LENGTH_BASE"}	[{"nDamageBase": "0", "nDamageRand": "0", "nCostMana": "0"}, {"nDamageBase": "0", "nDamageRand": "0", "nCostMana": "0"}, {"nDamageBase": "0", "nDamageRand": "0", "nCostMana": "0"}, {"nDamageBase": "0", "nDamageRand": "0", "nCostMana": "0"}, {"nDamageBase": "0", "nDamageRand": "0", "nCostMana": "0"}, {"nDamageBase": "0", "nDamageRand": "0", "nCostMana": "0"}, {"nDamageBase": "0", "nDamageRand": "0", "nCostMana": "0"}, {"nDamageBase": "0", "nDamageRand": "0", "nCostMana": "0"}, {"nDamageBase": "0", "nDamageRand": "0", "nCostMana": "0"}, {"nDamageBase": "0", "nDamageRand": "0", "nCostMana": "0"}]		EXECUTE_SCRIPT
Quest\润扬任务\PQ357_黄七_多点圆形伤害蓄力.lua	Quest	plain	{"nMinRadius": "0 * LENGTH_BASE", "nMaxRadius": "200 * LENGTH_BASE", "nAngleRange": "256", "nAreaRadius": "4 * LENGTH_BASE", "nPrepareFrames": "48", "nBeatBackRate": "0 * PERCENT_BASE", "nBrokenRate": "0 * PERCENT_BASE", "nBreakRate": "0 * PERCENT_BASE", "nDismountingRate": "0"}	[{"nDamageBase": "0", "nDamageRand": "0", "nCostMana": "0"}, {"nDamageBase": "0", "nDamageRand": "0", "nCostMana": "0"}, {"nDamageBase": "0", "nDamageRand": "0", "nCostMana": "0"}, {"nDamageBase": "0", "nDamageRand": "0", "nCostMana": "0"}, {"nDamageBase": "0", "nDamageRand": "0", "nCostMana": "0"}, {"nDamageBase": "0", "nDamageRand": "0", "nCostMana": "0"}, {"nDamageBase": "0", "nDamageRand": "0", "nCostMana": "0"}, {"nDamageBase": "0", "nDamageRand": "0", "nCostMana": "0"}, {"nDamageBase": "0", "nDamageRand": "0", "nCostMana": "0"}, {"nDamageBase": "0", "nDamageRand": "0", "nCostMana": "0"}]		EXECUTE_SCRIPT
Quest\润扬任务\PQ405_BOSS_持续圆形伤害.lua	Quest	plain	{"bIgnorePrepareState": "true", "nMinRadius": "0 * LENGTH_BASE", "nMaxRadius": "200 * LENGTH_BASE", "nAngleRange": "256", "nAreaRadius": "6 * LENGTH_BASE", "nBeatBackRate": "0 * PERCENT_BASE", "nBrokenRate": "0 * PERCENT_BASE", "nBreakRate": "0 * PERCENT_BASE", "nDismountingRate": "0", "nWeaponDamagePercent": "256"}	[{"nDamageBase": "0", "nDamageRand": "0", "nCostMana": "0"}, {"nDamageBase": "0", "nDamageRand": "0", "nCostMana": "0"}, {"nDamageBase": "0", "nDamageRand": "0", "nCostMana": "0"}, {"nDamageBase": "0", "nDamageRand": "0", "nCostMana": "0"}, {"nDamageBase": "0", "nDamageRand": "0", "nCostMana": "0"}, {"nDamageBase": "0", "nDamageRand": "0", "nCostMana": "0"}, {"nDamageBase": "0", "nDamageRand": "0", "nCostMana": "0"}, {"nDamageBase": "0", "nDamageRand": "0", "nCostMana": "0"}, {"nDamageBase": "0", "nDamageRand": "0", "nCostMana": "0"}, {"nDamageBase": "0", "nDamageRand": "0", "nCostMana": "0"}]		CALL_PHYSICS_DAMAGE
Quest\润扬任务\PQ405_BOSS_放置圆形伤害.lua	Quest	plain	{"bIgnorePrepareState": "true", "nMinRadius": "0 * LENGTH_BASE", "nMaxRadius": "200 * LENGTH_BASE", "nAngleRange": "256", "nAreaRadius": "6 * LENGTH_BASE", "nBeatBackRate": "0 * PERCENT_BASE", "nBrokenRate": "0 * PERCENT_BASE", "nBreakRate": "0 * PERCENT_BASE", "nDismountingRate": "0", "nWeaponDamagePercent": "1280"}	[{"nDamageBase": "0", "nDamageRand": "0", "nCostMana": "0"}, {"nDamageBase": "0", "nDamageRand": "0", "nCostMana": "0"}, {"nDamageBase": "0", "nDamageRand": "0", "nCostMana": "0"}, {"nDamageBase": "0", "nDamageRand": "0", "nCostMana": "0"}, {"nDamageBase": "0", "nDamageRand": "0", "nCostMana": "0"}, {"nDamageBase": "0", "nDamageRand": "0", "nCostMana": "0"}, {"nDamageBase": "0", "nDamageRand": "0", "nCostMana": "0"}, {"nDamageBase": "0", "nDamageRand": "0", "nCostMana": "0"}, {"nDamageBase": "0", "nDamageRand": "0", "nCostMana": "0"}, {"nDamageBase": "0", "nDamageRand": "0", "nCostMana": "0"}]		CALL_PHYSICS_DAMAGE
Quest\润扬任务\PQ405_BOSS_放置圆形吟唱.lua	Quest	plain	{"nMinRadius": "0 * LENGTH_BASE", "nMaxRadius": "200 * LENGTH_BASE", "nAngleRange": "256", "nAreaRadius": "6 * LENGTH_BASE", "nPrepareFrames": "32", "nBeatBackRate": "0 * PERCENT_BASE", "nBrokenRate": "0 * PERCENT_BASE", "nBreakRate": "0 * PERCENT_BASE", "nDismountingRate": "0"}	[{"nDamageBase": "0", "nDamageRand": "0", "nCostMana": "0"}, {"nDamageBase": "0", "nDamageRand": "0", "nCostMana": "0"}, {"nDamageBase": "0", "nDamageRand": "0", "nCostMana": "0"}, {"nDamageBase": "0", "nDamageRand": "0", "nCostMana": "0"}, {"nDamageBase": "0", "nDamageRand": "0", "nCostMana": "0"}, {"nDamageBase": "0", "nDamageRand": "0", "nCostMana": "0"}, {"nDamageBase": "0", "nDamageRand": "0", "nCostMana": "0"}, {"nDamageBase": "0", "nDamageRand": "0", "nCostMana": "0"}, {"nDamageBase": "0", "nDamageRand": "0", "nCostMana": "0"}, {"nDamageBase": "0", "nDamageRand": "0", "nCostMana": "0"}]		
Quest\润扬任务\PQ405_BOSS_放置矩形伤害.lua	Quest	plain	{"bIgnorePrepareState": "true", "nMinRadius": "0 * LENGTH_BASE", "nMaxRadius": "200 * LENGTH_BASE", "nAngleRange": "256", "nAreaRadius": "16 * LENGTH_BASE", "nBeatBackRate": "0 * PERCENT_BASE", "nBrokenRate": "0 * PERCENT_BASE", "nBreakRate": "0 * PERCENT_BASE", "nDismountingRate": "0", "nWeaponDamagePercent": "1024"}	[{"nDamageBase": "0", "nDamageRand": "0", "nCostMana": "0"}, {"nDamageBase": "0", "nDamageRand": "0", "nCostMana": "0"}, {"nDamageBase": "0", "nDamageRand": "0", "nCostMana": "0"}, {"nDamageBase": "0", "nDamageRand": "0", "nCostMana": "0"}, {"nDamageBase": "0", "nDamageRand": "0", "nCostMana": "0"}, {"nDamageBase": "0", "nDamageRand": "0", "nCostMana": "0"}, {"nDamageBase": "0", "nDamageRand": "0", "nCostMana": "0"}, {"nDamageBase": "0", "nDamageRand": "0", "nCostMana": "0"}, {"nDamageBase": "0", "nDamageRand": "0", "nCostMana": "0"}, {"nDamageBase": "0", "nDamageRand": "0", "nCostMana": "0"}]		CALL_PHYSICS_DAMAGE
Quest\润扬任务\PQ405_BOSS_放置矩形吟唱.lua	Quest	plain	{"nMinRadius": "0 * LENGTH_BASE", "nMaxRadius": "200 * LENGTH_BASE", "nAngleRange": "256", "nAreaRadius": "6 * LENGTH_BASE", "nPrepareFrames": "32", "nBeatBackRate": "0 * PERCENT_BASE", "nBrokenRate": "0 * PERCENT_BASE", "nBreakRate": "0 * PERCENT_BASE", "nDismountingRate": "0"}	[{"nDamageBase": "0", "nDamageRand": "0", "nCostMana": "0"}, {"nDamageBase": "0", "nDamageRand": "0", "nCostMana": "0"}, {"nDamageBase": "0", "nDamageRand": "0", "nCostMana": "0"}, {"nDamageBase": "0", "nDamageRand": "0", "nCostMana": "0"}, {"nDamageBase": "0", "nDamageRand": "0", "nCostMana": "0"}, {"nDamageBase": "0", "nDamageRand": "0", "nCostMana": "0"}, {"nDamageBase": "0", "nDamageRand": "0", "nCostMana": "0"}, {"nDamageBase": "0", "nDamageRand": "0", "nCostMana": "0"}, {"nDamageBase": "0", "nDamageRand": "0", "nCostMana": "0"}, {"nDamageBase": "0", "nDamageRand": "0", "nCostMana": "0"}]		
Quest\润扬任务\PQ405_BOSS_蓄力圆形伤害.lua	Quest	plain	{"nMinRadius": "0 * LENGTH_BASE", "nMaxRadius": "30 * LENGTH_BASE", "nAngleRange": "256", "nAreaRadius": "30 * LENGTH_BASE", "nPrepareFrames": "48", "nBeatBackRate": "0 * PERCENT_BASE", "nBrokenRate": "0 * PERCENT_BASE", "nBreakRate": "0 * PERCENT_BASE", "nDismountingRate": "0", "nWeaponDamagePercent": "896"}	[{"nDamageBase": "0", "nDamageRand": "0", "nCostMana": "0"}, {"nDamageBase": "0", "nDamageRand": "0", "nCostMana": "0"}, {"nDamageBase": "0", "nDamageRand": "0", "nCostMana": "0"}, {"nDamageBase": "0", "nDamageRand": "0", "nCostMana": "0"}, {"nDamageBase": "0", "nDamageRand": "0", "nCostMana": "0"}, {"nDamageBase": "0", "nDamageRand": "0", "nCostMana": "0"}, {"nDamageBase": "0", "nDamageRand": "0", "nCostMana": "0"}, {"nDamageBase": "0", "nDamageRand": "0", "nCostMana": "0"}, {"nDamageBase": "0", "nDamageRand": "0", "nCostMana": "0"}, {"nDamageBase": "0", "nDamageRand": "0", "nCostMana": "0"}]		CALL_PHYSICS_DAMAGE
Quest\润扬任务\PQ405_BOSS_链状表现.lua	Quest	plain	{"bIgnorePrepareState": "true", "nMinRadius": "0 * LENGTH_BASE", "nMaxRadius": "150 * LENGTH_BASE", "nAngleRange": "256", "nAreaRadius": "150 * LENGTH_BASE", "nBeatBackRate": "0 * PERCENT_BASE", "nBrokenRate": "0 * PERCENT_BASE", "nBreakRate": "0 * PERCENT_BASE", "nDismountingRate": "0"}	[{"nDamageBase": "0", "nDamageRand": "0", "nCostMana": "0"}, {"nDamageBase": "0", "nDamageRand": "0", "nCostMana": "0"}, {"nDamageBase": "0", "nDamageRand": "0", "nCostMana": "0"}, {"nDamageBase": "0", "nDamageRand": "0", "nCostMana": "0"}, {"nDamageBase": "0", "nDamageRand": "0", "nCostMana": "0"}, {"nDamageBase": "0", "nDamageRand": "0", "nCostMana": "0"}, {"nDamageBase": "0", "nDamageRand": "0", "nCostMana": "0"}, {"nDamageBase": "0", "nDamageRand": "0", "nCostMana": "0"}, {"nDamageBase": "0", "nDamageRand": "0", "nCostMana": "0"}, {"nDamageBase": "0", "nDamageRand": "0", "nCostMana": "0"}]		
Quest\烂柯山\事件\PQ361BOSS_扇形AOE.lua	Quest	plain	{"nMinRadius": "0 * LENGTH_BASE", "nMaxRadius": "30 * LENGTH_BASE", "nAngleRange": "128", "nAreaRadius": "30 * LENGTH_BASE", "nPrepareFrames": "32", "nBeatBackRate": "0 * PERCENT_BASE", "nBrokenRate": "0 * PERCENT_BASE"}	[{"nDamageBase": "140000", "nDamageRand": "10000", "nCostMana": "0"}, {"nDamageBase": "0", "nDamageRand": "0", "nCostMana": "0"}, {"nDamageBase": "0", "nDamageRand": "0", "nCostMana": "0"}, {"nDamageBase": "0", "nDamageRand": "0", "nCostMana": "0"}, {"nDamageBase": "0", "nDamageRand": "0", "nCostMana": "0"}, {"nDamageBase": "0", "nDamageRand": "0", "nCostMana": "0"}, {"nDamageBase": "0", "nDamageRand": "0", "nCostMana": "0"}, {"nDamageBase": "0", "nDamageRand": "0", "nCostMana": "0"}, {"nDamageBase": "0", "nDamageRand": "0", "nCostMana": "0"}, {"nDamageBase": "0", "nDamageRand": "0", "nCostMana": "0"}]		CALL_PHYSICS_DAMAGE;SKILL_PHYSICS_DAMAGE;SKILL_PHYSICS_DAMAGE_RAND
Quest\烂柯山\事件\PQ361BOSS_矩形AOE1号.lua	Quest	plain	{"nMinRadius": "0 * LENGTH_BASE", "nMaxRadius": "30 * LENGTH_BASE", "nAreaRadius": "4 * LENGTH_BASE", "nPrepareFrames": "32", "nBeatBackRate": "0 * PERCENT_BASE", "nBrokenRate": "0 * PERCENT_BASE"}	[{"nDamageBase": "50000", "nDamageRand": "10000", "nCostMana": "0"}, {"nDamageBase": "0", "nDamageRand": "0", "nCostMana": "0"}, {"nDamageBase": "0", "nDamageRand": "0", "nCostMana": "0"}, {"nDamageBase": "0", "nDamageRand": "0", "nCostMana": "0"}, {"nDamageBase": "0", "nDamageRand": "0", "nCostMana": "0"}, {"nDamageBase": "0", "nDamageRand": "0", "nCostMana": "0"}, {"nDamageBase": "0", "nDamageRand": "0", "nCostMana": "0"}, {"nDamageBase": "0", "nDamageRand": "0", "nCostMana": "0"}, {"nDamageBase": "0", "nDamageRand": "0", "nCostMana": "0"}, {"nDamageBase": "0", "nDamageRand": "0", "nCostMana": "0"}]		CALL_PHYSICS_DAMAGE;SKILL_PHYSICS_DAMAGE;SKILL_PHYSICS_DAMAGE_RAND
Quest\烂柯山\事件\PQ361BOSS_矩形AOE2号.lua	Quest	plain	{"nMinRadius": "0 * LENGTH_BASE", "nMaxRadius": "30 * LENGTH_BASE", "nAreaRadius": "12 * LENGTH_BASE", "nPrepareFrames": "32", "nBeatBackRate": "0 * PERCENT_BASE", "nBrokenRate": "0 * PERCENT_BASE"}	[{"nDamageBase": "50000", "nDamageRand": "10000", "nCostMana": "0"}, {"nDamageBase": "0", "nDamageRand": "0", "nCostMana": "0"}, {"nDamageBase": "0", "nDamageRand": "0", "nCostMana": "0"}, {"nDamageBase": "0", "nDamageRand": "0", "nCostMana": "0"}, {"nDamageBase": "0", "nDamageRand": "0", "nCostMana": "0"}, {"nDamageBase": "0", "nDamageRand": "0", "nCostMana": "0"}, {"nDamageBase": "0", "nDamageRand": "0", "nCostMana": "0"}, {"nDamageBase": "0", "nDamageRand": "0", "nCostMana": "0"}, {"nDamageBase": "0", "nDamageRand": "0", "nCostMana": "0"}, {"nDamageBase": "0", "nDamageRand": "0", "nCostMana": "0"}]		CALL_PHYSICS_DAMAGE;SKILL_PHYSICS_DAMAGE;SKILL_PHYSICS_DAMAGE_RAND
Quest\烂柯山\事件\PQ361BOSS_矩形AOE3号.lua	Quest	plain	{"nMinRadius": "0 * LENGTH_BASE", "nMaxRadius": "30 * LENGTH_BASE", "nAreaRadius": "28 * LENGTH_BASE", "nPrepareFrames": "32", "nBeatBackRate": "0 * PERCENT_BASE", "nBrokenRate": "0 * PERCENT_BASE"}	[{"nDamageBase": "50000", "nDamageRand": "10000", "nCostMana": "0"}, {"nDamageBase": "0", "nDamageRand": "0", "nCostMana": "0"}, {"nDamageBase": "0", "nDamageRand": "0", "nCostMana": "0"}, {"nDamageBase": "0", "nDamageRand": "0", "nCostMana": "0"}, {"nDamageBase": "0", "nDamageRand": "0", "nCostMana": "0"}, {"nDamageBase": "0", "nDamageRand": "0", "nCostMana": "0"}, {"nDamageBase": "0", "nDamageRand": "0", "nCostMana": "0"}, {"nDamageBase": "0", "nDamageRand": "0", "nCostMana": "0"}, {"nDamageBase": "0", "nDamageRand": "0", "nCostMana": "0"}, {"nDamageBase": "0", "nDamageRand": "0", "nCostMana": "0"}]		CALL_PHYSICS_DAMAGE;SKILL_PHYSICS_DAMAGE;SKILL_PHYSICS_DAMAGE_RAND
Quest\烂柯山\事件\PQ361BOSS_矩形读条表现.lua	Quest	plain	{"nMinRadius": "0 * LENGTH_BASE", "nMaxRadius": "30 * LENGTH_BASE", "nAngleRange": "256", "nAreaRadius": "30 * LENGTH_BASE", "nPrepareFrames": "32", "nBeatBackRate": "0 * PERCENT_BASE", "nBrokenRate": "0 * PERCENT_BASE"}	[{"nDamageBase": "0", "nDamageRand": "0", "nCostMana": "0"}, {"nDamageBase": "0", "nDamageRand": "0", "nCostMana": "0"}, {"nDamageBase": "0", "nDamageRand": "0", "nCostMana": "0"}, {"nDamageBase": "0", "nDamageRand": "0", "nCostMana": "0"}, {"nDamageBase": "0", "nDamageRand": "0", "nCostMana": "0"}, {"nDamageBase": "0", "nDamageRand": "0", "nCostMana": "0"}, {"nDamageBase": "0", "nDamageRand": "0", "nCostMana": "0"}, {"nDamageBase": "0", "nDamageRand": "0", "nCostMana": "0"}, {"nDamageBase": "0", "nDamageRand": "0", "nCostMana": "0"}, {"nDamageBase": "0", "nDamageRand": "0", "nCostMana": "0"}]		
Quest\烂柯山\事件\PQ395_圆形AOE.lua	Quest	plain	{"nMinRadius": "0 * LENGTH_BASE", "nMaxRadius": "30 * LENGTH_BASE", "nAngleRange": "256", "nAreaRadius": "3 * LENGTH_BASE", "nPrepareFrames": "32", "nBeatBackRate": "0 * PERCENT_BASE", "nBrokenRate": "0 * PERCENT_BASE"}	[{"nDamageBase": "130000", "nDamageRand": "20000", "nCostMana": "0"}, {"nDamageBase": "0", "nDamageRand": "0", "nCostMana": "0"}, {"nDamageBase": "0", "nDamageRand": "0", "nCostMana": "0"}, {"nDamageBase": "0", "nDamageRand": "0", "nCostMana": "0"}, {"nDamageBase": "0", "nDamageRand": "0", "nCostMana": "0"}, {"nDamageBase": "0", "nDamageRand": "0", "nCostMana": "0"}, {"nDamageBase": "0", "nDamageRand": "0", "nCostMana": "0"}, {"nDamageBase": "0", "nDamageRand": "0", "nCostMana": "0"}, {"nDamageBase": "0", "nDamageRand": "0", "nCostMana": "0"}, {"nDamageBase": "0", "nDamageRand": "0", "nCostMana": "0"}]		CALL_LUNAR_DAMAGE;SKILL_LUNAR_DAMAGE;SKILL_LUNAR_DAMAGE_RAND
Quest\烂柯山\事件\PQ395_扇形AOE.lua	Quest	plain	{"nMinRadius": "0 * LENGTH_BASE", "nMaxRadius": "40 * LENGTH_BASE", "nAngleRange": "85", "nAreaRadius": "30 * LENGTH_BASE", "nPrepareFrames": "32", "nBeatBackRate": "0 * PERCENT_BASE", "nBrokenRate": "0 * PERCENT_BASE"}	[{"nDamageBase": "200000", "nDamageRand": "100000", "nCostMana": "0"}, {"nDamageBase": "0", "nDamageRand": "0", "nCostMana": "0"}, {"nDamageBase": "0", "nDamageRand": "0", "nCostMana": "0"}, {"nDamageBase": "0", "nDamageRand": "0", "nCostMana": "0"}, {"nDamageBase": "0", "nDamageRand": "0", "nCostMana": "0"}, {"nDamageBase": "0", "nDamageRand": "0", "nCostMana": "0"}, {"nDamageBase": "0", "nDamageRand": "0", "nCostMana": "0"}, {"nDamageBase": "0", "nDamageRand": "0", "nCostMana": "0"}, {"nDamageBase": "0", "nDamageRand": "0", "nCostMana": "0"}, {"nDamageBase": "0", "nDamageRand": "0", "nCostMana": "0"}]		CALL_LUNAR_DAMAGE;SKILL_LUNAR_DAMAGE;SKILL_LUNAR_DAMAGE_RAND
Quest\烂柯山\事件\PQ395_拉人伤害.lua	Quest	plain	{"nMinRadius": "0 * LENGTH_BASE", "nMaxRadius": "40 * LENGTH_BASE", "nAngleRange": "256", "nAreaRadius": "40 * LENGTH_BASE", "nBeatBackRate": "0 * PERCENT_BASE", "nBrokenRate": "0 * PERCENT_BASE"}	[{"nDamageBase": "50000", "nDamageRand": "5000", "nCostMana": "0"}, {"nDamageBase": "0", "nDamageRand": "0", "nCostMana": "0"}, {"nDamageBase": "0", "nDamageRand": "0", "nCostMana": "0"}, {"nDamageBase": "0", "nDamageRand": "0", "nCostMana": "0"}, {"nDamageBase": "0", "nDamageRand": "0", "nCostMana": "0"}, {"nDamageBase": "0", "nDamageRand": "0", "nCostMana": "0"}, {"nDamageBase": "0", "nDamageRand": "0", "nCostMana": "0"}, {"nDamageBase": "0", "nDamageRand": "0", "nCostMana": "0"}, {"nDamageBase": "0", "nDamageRand": "0", "nCostMana": "0"}, {"nDamageBase": "0", "nDamageRand": "0", "nCostMana": "0"}]		CALL_LUNAR_DAMAGE;SKILL_LUNAR_DAMAGE;SKILL_LUNAR_DAMAGE_RAND
Quest\烂柯山\事件\PQ395_普攻.lua	Quest	plain	{"nMinRadius": "0 * LENGTH_BASE", "nMaxRadius": "40 * LENGTH_BASE", "nAngleRange": "256", "nAreaRadius": "40 * LENGTH_BASE", "nBeatBackRate": "0 * PERCENT_BASE", "nBrokenRate": "0 * PERCENT_BASE"}	[{"nDamageBase": "3000", "nDamageRand": "1000", "nCostMana": "0"}, {"nDamageBase": "0", "nDamageRand": "0", "nCostMana": "0"}, {"nDamageBase": "0", "nDamageRand": "0", "nCostMana": "0"}, {"nDamageBase": "0", "nDamageRand": "0", "nCostMana": "0"}, {"nDamageBase": "0", "nDamageRand": "0", "nCostMana": "0"}, {"nDamageBase": "0", "nDamageRand": "0", "nCostMana": "0"}, {"nDamageBase": "0", "nDamageRand": "0", "nCostMana": "0"}, {"nDamageBase": "0", "nDamageRand": "0", "nCostMana": "0"}, {"nDamageBase": "0", "nDamageRand": "0", "nCostMana": "0"}, {"nDamageBase": "0", "nDamageRand": "0", "nCostMana": "0"}]		CALL_LUNAR_DAMAGE;SKILL_LUNAR_DAMAGE;SKILL_LUNAR_DAMAGE_RAND
Quest\节日冬至\段树_引窍.lua	Quest	plain	{"nMinRadius": "0 * LENGTH_BASE", "nMaxRadius": "25 * LENGTH_BASE", "nAngleRange": "256", "nAreaRadius": "6 * LENGTH_BASE", "nChannelInterval": "6000"}	[{"nDamageBase": "5000", "nDamageRand": "0", "nCostMana": "0"}, {"nDamageBase": "2000", "nDamageRand": "0", "nCostMana": "0"}, {"nDamageBase": "2000", "nDamageRand": "0", "nCostMana": "0"}, {"nDamageBase": "2000", "nDamageRand": "0", "nCostMana": "0"}, {"nDamageBase": "0", "nDamageRand": "0", "nCostMana": "0"}, {"nDamageBase": "0", "nDamageRand": "0", "nCostMana": "0"}, {"nDamageBase": "0", "nDamageRand": "0", "nCostMana": "0"}, {"nDamageBase": "0", "nDamageRand": "0", "nCostMana": "0"}, {"nDamageBase": "0", "nDamageRand": "0", "nCostMana": "0"}, {"nDamageBase": "0", "nDamageRand": "0", "nCostMana": "0"}]		CALL_NEUTRAL_DAMAGE;EXECUTE_SCRIPT;SKILL_NEUTRAL_DAMAGE;SKILL_NEUTRAL_DAMAGE_RAND
Quest\节日冬至\段树_引窍单体伤害.lua	Quest	plain	{"nMinRadius": "0 * LENGTH_BASE", "nMaxRadius": "25 * LENGTH_BASE", "nAngleRange": "256", "nAreaRadius": "6 * LENGTH_BASE", "nChannelInterval": "1000*dwSkillLevel"}	[{"nDamageBase": "2000", "nDamageRand": "0", "nCostMana": "0"}, {"nDamageBase": "2000", "nDamageRand": "0", "nCostMana": "0"}, {"nDamageBase": "2000", "nDamageRand": "0", "nCostMana": "0"}, {"nDamageBase": "2000", "nDamageRand": "0", "nCostMana": "0"}, {"nDamageBase": "2000", "nDamageRand": "0", "nCostMana": "0"}, {"nDamageBase": "2000", "nDamageRand": "0", "nCostMana": "0"}, {"nDamageBase": "2000", "nDamageRand": "0", "nCostMana": "0"}, {"nDamageBase": "2000", "nDamageRand": "0", "nCostMana": "0"}, {"nDamageBase": "2000", "nDamageRand": "0", "nCostMana": "0"}, {"nDamageBase": "2000", "nDamageRand": "0", "nCostMana": "0"}]		CALL_NEUTRAL_DAMAGE;SKILL_NEUTRAL_DAMAGE;SKILL_NEUTRAL_DAMAGE_RAND
Quest\节日冬至\段树_引窍范围伤害.lua	Quest	plain	{"nMinRadius": "0 * LENGTH_BASE", "nMaxRadius": "25 * LENGTH_BASE", "nAngleRange": "256", "nAreaRadius": "6 * LENGTH_BASE", "nChannelInterval": "6000"}	[{"nDamageBase": "5000", "nDamageRand": "0", "nCostMana": "0"}, {"nDamageBase": "0", "nDamageRand": "0", "nCostMana": "0"}, {"nDamageBase": "0", "nDamageRand": "0", "nCostMana": "0"}, {"nDamageBase": "0", "nDamageRand": "0", "nCostMana": "0"}, {"nDamageBase": "0", "nDamageRand": "0", "nCostMana": "0"}, {"nDamageBase": "0", "nDamageRand": "0", "nCostMana": "0"}, {"nDamageBase": "0", "nDamageRand": "0", "nCostMana": "0"}, {"nDamageBase": "0", "nDamageRand": "0", "nCostMana": "0"}, {"nDamageBase": "0", "nDamageRand": "0", "nCostMana": "0"}, {"nDamageBase": "0", "nDamageRand": "0", "nCostMana": "0"}]		CALL_NEUTRAL_DAMAGE;SKILL_NEUTRAL_DAMAGE;SKILL_NEUTRAL_DAMAGE_RAND
Quest\节日冬至\段树_截阳.lua	Quest	plain	{"nMinRadius": "0 * LENGTH_BASE", "nMaxRadius": "25 * LENGTH_BASE", "nAngleRange": "256", "nAreaRadius": "6 * LENGTH_BASE", "nChannelInterval": "2000"}	[{"nDamageBase": "2000", "nDamageRand": "0", "nCostMana": "0"}, {"nDamageBase": "2000", "nDamageRand": "0", "nCostMana": "0"}, {"nDamageBase": "2000", "nDamageRand": "0", "nCostMana": "0"}, {"nDamageBase": "2000", "nDamageRand": "0", "nCostMana": "0"}, {"nDamageBase": "0", "nDamageRand": "0", "nCostMana": "0"}, {"nDamageBase": "0", "nDamageRand": "0", "nCostMana": "0"}, {"nDamageBase": "0", "nDamageRand": "0", "nCostMana": "0"}, {"nDamageBase": "0", "nDamageRand": "0", "nCostMana": "0"}, {"nDamageBase": "0", "nDamageRand": "0", "nCostMana": "0"}, {"nDamageBase": "0", "nDamageRand": "0", "nCostMana": "0"}]		CALL_NEUTRAL_DAMAGE;EXECUTE_SCRIPT;SKILL_NEUTRAL_DAMAGE;SKILL_NEUTRAL_DAMAGE_RAND
Quest\节日冬至\澜漪_商阳指.lua	Quest	bytecode	{}	[]		nChannelInterval;nCostMana;nMinRadius;nMaxRadius;nAreaRadius;nAngleRange
Quest\节日冬至\风眠_无间狱.lua	Quest	plain	{"bIgnorePrepareState": "true"}	[]	SetNormalCoolDown(1, 393);SetNormalCoolDown(2, 1930);SetNormalCoolDown(3, 2268)	EXECUTE_SCRIPT
Quest\节日冬至\风眠_无间狱每跳释放.lua	Quest	plain	{}	[{"nDamageBase": "0", "nDamageRand": "0", "nCostMana": "0"}, {"nDamageBase": "0", "nDamageRand": "0", "nCostMana": "0"}, {"nDamageBase": "0", "nDamageRand": "0", "nCostMana": "0"}, {"nDamageBase": "0", "nDamageRand": "0", "nCostMana": "0"}, {"nDamageBase": "0", "nDamageRand": "0", "nCostMana": "0"}, {"nDamageBase": "0", "nDamageRand": "0", "nCostMana": "0"}, {"nDamageBase": "0", "nDamageRand": "0", "nCostMana": "0"}, {"nDamageBase": "0", "nDamageRand": "0", "nCostMana": "0"}, {"nDamageBase": "0", "nDamageRand": "0", "nCostMana": "0"}, {"nDamageBase": "0", "nDamageRand": "0", "nCostMana": "0"}]		
Quest\节日冬至\风眠门客信物无间狱.lua	Quest	plain	{}	[{"nDamageBase": "0", "nDamageRand": "0", "nCostMana": "0"}, {"nDamageBase": "0", "nDamageRand": "0", "nCostMana": "0"}, {"nDamageBase": "0", "nDamageRand": "0", "nCostMana": "0"}, {"nDamageBase": "0", "nDamageRand": "0", "nCostMana": "0"}, {"nDamageBase": "0", "nDamageRand": "0", "nCostMana": "0"}, {"nDamageBase": "0", "nDamageRand": "0", "nCostMana": "0"}, {"nDamageBase": "0", "nDamageRand": "0", "nCostMana": "0"}, {"nDamageBase": "0", "nDamageRand": "0", "nCostMana": "0"}, {"nDamageBase": "0", "nDamageRand": "0", "nCostMana": "0"}, {"nDamageBase": "0", "nDamageRand": "0", "nCostMana": "0"}]		
Quest\蔷薇列岛\云真_千羽箭.lua	Quest	plain	{"nPrepareFrames": "16", "nBeatBackRate": "0 * PERCENT_BASE", "nBrokenRate": "0 * PERCENT_BASE", "nBreakRate": "0 * PERCENT_BASE", "nMinRadius": "0 * LENGTH_BASE", "nMaxRadius": "30 * LENGTH_BASE", "nAngleRange": "256"}	[{"nDamageBase": "0", "nDamageRand": "0", "nCostMana": "0"}, {"nDamageBase": "0", "nDamageRand": "0", "nCostMana": "0"}, {"nDamageBase": "0", "nDamageRand": "0", "nCostMana": "0"}, {"nDamageBase": "0", "nDamageRand": "0", "nCostMana": "0"}, {"nDamageBase": "0", "nDamageRand": "0", "nCostMana": "0"}, {"nDamageBase": "0", "nDamageRand": "0", "nCostMana": "0"}, {"nDamageBase": "0", "nDamageRand": "0", "nCostMana": "0"}, {"nDamageBase": "0", "nDamageRand": "0", "nCostMana": "0"}, {"nDamageBase": "0", "nDamageRand": "0", "nCostMana": "0"}, {"nDamageBase": "0", "nDamageRand": "0", "nCostMana": "0"}]		EXECUTE_SCRIPT
Quest\蔷薇列岛\云真_扇形箭.lua	Quest	plain	{"nAngleRange": "42", "nAreaRadius": "9 * LENGTH_BASE", "nPrepareFrames": "24"}	[{"nDamageBase": "5000", "nDamageRand": "0", "nCostMana": "0"}, {"nDamageBase": "0", "nDamageRand": "0", "nCostMana": "0"}, {"nDamageBase": "0", "nDamageRand": "0", "nCostMana": "0"}, {"nDamageBase": "0", "nDamageRand": "0", "nCostMana": "0"}, {"nDamageBase": "0", "nDamageRand": "0", "nCostMana": "0"}, {"nDamageBase": "0", "nDamageRand": "0", "nCostMana": "0"}, {"nDamageBase": "0", "nDamageRand": "0", "nCostMana": "0"}, {"nDamageBase": "0", "nDamageRand": "0", "nCostMana": "0"}, {"nDamageBase": "0", "nDamageRand": "0", "nCostMana": "0"}, {"nDamageBase": "0", "nDamageRand": "0", "nCostMana": "0"}]		CALL_PHYSICS_DAMAGE;SKILL_PHYSICS_DAMAGE;SKILL_PHYSICS_DAMAGE_RAND
Quest\蔷薇列岛\云真_连珠箭.lua	Quest	plain	{"nMinRadius": "0 * LENGTH_BASE", "nMaxRadius": "30 * LENGTH_BASE", "nAngleRange": "128", "nBeatBackRate": "0 * PERCENT_BASE", "nBrokenRate": "0 * PERCENT_BASE"}	[]		EXECUTE_SCRIPT
Quest\蔷薇列岛\炸弹AOE.lua	Quest	plain	{"nAngleRange": "256", "nAreaRadius": "6 * LENGTH_BASE", "nBeatBackRate": "0 * PERCENT_BASE", "nBrokenRate": "0 * PERCENT_BASE"}	[{"nDamageBase": "10000", "nDamageRand": "0", "nCostMana": "0"}, {"nDamageBase": "0", "nDamageRand": "0", "nCostMana": "0"}, {"nDamageBase": "0", "nDamageRand": "0", "nCostMana": "0"}, {"nDamageBase": "0", "nDamageRand": "0", "nCostMana": "0"}, {"nDamageBase": "0", "nDamageRand": "0", "nCostMana": "0"}, {"nDamageBase": "0", "nDamageRand": "0", "nCostMana": "0"}, {"nDamageBase": "0", "nDamageRand": "0", "nCostMana": "0"}, {"nDamageBase": "0", "nDamageRand": "0", "nCostMana": "0"}, {"nDamageBase": "0", "nDamageRand": "0", "nCostMana": "0"}, {"nDamageBase": "0", "nDamageRand": "0", "nCostMana": "0"}]		EXECUTE_SCRIPT
Quest\藏剑山庄_乱世\夕照雷锋.lua	Quest	plain	{"nBaseThreat": "500000", "bIgnorePrepareState": "true", "nMinRadius": "0 * LENGTH_BASE", "nMaxRadius": "20 * LENGTH_BASE", "nAreaRadius": "20 * LENGTH_BASE", "nWeaponDamagePercent": "15360"}	[{"nDamageBase": "0", "nDamageRand": "0", "nCostMana": "0"}, {"nDamageBase": "0", "nDamageRand": "0", "nCostMana": "0"}, {"nDamageBase": "0", "nDamageRand": "0", "nCostMana": "0"}, {"nDamageBase": "0", "nDamageRand": "0", "nCostMana": "0"}, {"nDamageBase": "0", "nDamageRand": "0", "nCostMana": "0"}, {"nDamageBase": "0", "nDamageRand": "0", "nCostMana": "0"}, {"nDamageBase": "0", "nDamageRand": "0", "nCostMana": "0"}, {"nDamageBase": "0", "nDamageRand": "0", "nCostMana": "0"}, {"nDamageBase": "0", "nDamageRand": "0", "nCostMana": "0"}, {"nDamageBase": "0", "nDamageRand": "0", "nCostMana": "0"}]	SetPublicCoolDown(16);SetNormalCoolDown(1, 1294)	CALL_PHYSICS_DAMAGE;SKILL_PHYSICS_DAMAGE;SKILL_PHYSICS_DAMAGE_RAND
Quest\趣味玩法\玩具_如临深渊.lua	Quest	bytecode	{}	[]	SetNormalCoolDown	nCostMana;nMinRadius;nMaxRadius;nAngleRange
Quest\逐鹿中原\骑乘.lua	Quest	bytecode	{}	[]		nCostMana;nMinRadius;nMaxRadius;nAngleRange
Quest\银霜口\月泉宗高级弟子_180度扇形AOE.lua	Quest	plain	{"nMinRadius": "0 * LENGTH_BASE", "nMaxRadius": "30 * LENGTH_BASE", "nAngleRange": "128", "nAreaRadius": "8 * LENGTH_BASE", "nPrepareFrames": "48", "nBeatBackRate": "0 * PERCENT_BASE", "nBrokenRate": "0 * PERCENT_BASE"}	[{"nDamageBase": "10000", "nDamageRand": "1000", "nCostMana": "0"}, {"nDamageBase": "0", "nDamageRand": "0", "nCostMana": "0"}, {"nDamageBase": "0", "nDamageRand": "0", "nCostMana": "0"}, {"nDamageBase": "0", "nDamageRand": "0", "nCostMana": "0"}, {"nDamageBase": "0", "nDamageRand": "0", "nCostMana": "0"}, {"nDamageBase": "0", "nDamageRand": "0", "nCostMana": "0"}, {"nDamageBase": "0", "nDamageRand": "0", "nCostMana": "0"}, {"nDamageBase": "0", "nDamageRand": "0", "nCostMana": "0"}, {"nDamageBase": "0", "nDamageRand": "0", "nCostMana": "0"}, {"nDamageBase": "0", "nDamageRand": "0", "nCostMana": "0"}]		CALL_PHYSICS_DAMAGE;SKILL_PHYSICS_DAMAGE;SKILL_PHYSICS_DAMAGE_RAND
Quest\银霜口\武家弟子_180度扇形AOE.lua	Quest	plain	{"nMinRadius": "0 * LENGTH_BASE", "nMaxRadius": "30 * LENGTH_BASE", "nAngleRange": "128", "nAreaRadius": "8 * LENGTH_BASE", "nPrepareFrames": "48", "nBeatBackRate": "0 * PERCENT_BASE", "nBrokenRate": "0 * PERCENT_BASE"}	[{"nDamageBase": "30000", "nDamageRand": "2000", "nCostMana": "0"}, {"nDamageBase": "0", "nDamageRand": "0", "nCostMana": "0"}, {"nDamageBase": "0", "nDamageRand": "0", "nCostMana": "0"}, {"nDamageBase": "0", "nDamageRand": "0", "nCostMana": "0"}, {"nDamageBase": "0", "nDamageRand": "0", "nCostMana": "0"}, {"nDamageBase": "0", "nDamageRand": "0", "nCostMana": "0"}, {"nDamageBase": "0", "nDamageRand": "0", "nCostMana": "0"}, {"nDamageBase": "0", "nDamageRand": "0", "nCostMana": "0"}, {"nDamageBase": "0", "nDamageRand": "0", "nCostMana": "0"}, {"nDamageBase": "0", "nDamageRand": "0", "nCostMana": "0"}]		CALL_PHYSICS_DAMAGE;SKILL_PHYSICS_DAMAGE;SKILL_PHYSICS_DAMAGE_RAND
Quest\银霜口\事件\平宵小\PQ428_BOSS_放置圆形预警.lua	Quest	plain	{"nMinRadius": "0 * LENGTH_BASE", "nMaxRadius": "200 * LENGTH_BASE", "nAngleRange": "256", "nAreaRadius": "4 * LENGTH_BASE", "nPrepareFrames": "48", "nBeatBackRate": "0 * PERCENT_BASE", "nBrokenRate": "0 * PERCENT_BASE", "nBreakRate": "0 * PERCENT_BASE", "nDismountingRate": "0"}	[{"nDamageBase": "0", "nDamageRand": "0", "nCostMana": "0"}, {"nDamageBase": "0", "nDamageRand": "0", "nCostMana": "0"}, {"nDamageBase": "0", "nDamageRand": "0", "nCostMana": "0"}, {"nDamageBase": "0", "nDamageRand": "0", "nCostMana": "0"}, {"nDamageBase": "0", "nDamageRand": "0", "nCostMana": "0"}, {"nDamageBase": "0", "nDamageRand": "0", "nCostMana": "0"}, {"nDamageBase": "0", "nDamageRand": "0", "nCostMana": "0"}, {"nDamageBase": "0", "nDamageRand": "0", "nCostMana": "0"}, {"nDamageBase": "0", "nDamageRand": "0", "nCostMana": "0"}, {"nDamageBase": "0", "nDamageRand": "0", "nCostMana": "0"}]		
Quest\银霜口\事件\引猪出洞\PQ421_野猪王_圆形AOE.lua	Quest	plain	{"nAreaRadius": "8 * LENGTH_BASE", "nChannelInterval": "8", "nChannelFrame": "39", "bInstantChannel": "true", "nBeatBackRate": "0 * PERCENT_BASE", "nBrokenRate": "0 * PERCENT_BASE"}	[{"nDamageBase": "11000", "nDamageRand": "0", "nCostMana": "0"}, {"nDamageBase": "0", "nDamageRand": "0", "nCostMana": "0"}, {"nDamageBase": "0", "nDamageRand": "0", "nCostMana": "0"}, {"nDamageBase": "0", "nDamageRand": "0", "nCostMana": "0"}, {"nDamageBase": "0", "nDamageRand": "0", "nCostMana": "0"}, {"nDamageBase": "0", "nDamageRand": "0", "nCostMana": "0"}, {"nDamageBase": "0", "nDamageRand": "0", "nCostMana": "0"}, {"nDamageBase": "0", "nDamageRand": "0", "nCostMana": "0"}, {"nDamageBase": "0", "nDamageRand": "0", "nCostMana": "0"}, {"nDamageBase": "0", "nDamageRand": "0", "nCostMana": "0"}]		CALL_PHYSICS_DAMAGE;SKILL_PHYSICS_DAMAGE;SKILL_PHYSICS_DAMAGE_RAND
Quest\银霜口\事件\引猪出洞\PQ421_野猪王_圆形AOE_25尺.lua	Quest	plain	{"nAreaRadius": "25 * LENGTH_BASE", "nPrepareFrames": "48", "nBeatBackRate": "0 * PERCENT_BASE", "nBrokenRate": "0 * PERCENT_BASE"}	[{"nDamageBase": "76000", "nDamageRand": "0", "nCostMana": "0"}, {"nDamageBase": "0", "nDamageRand": "0", "nCostMana": "0"}, {"nDamageBase": "0", "nDamageRand": "0", "nCostMana": "0"}, {"nDamageBase": "0", "nDamageRand": "0", "nCostMana": "0"}, {"nDamageBase": "0", "nDamageRand": "0", "nCostMana": "0"}, {"nDamageBase": "0", "nDamageRand": "0", "nCostMana": "0"}, {"nDamageBase": "0", "nDamageRand": "0", "nCostMana": "0"}, {"nDamageBase": "0", "nDamageRand": "0", "nCostMana": "0"}, {"nDamageBase": "0", "nDamageRand": "0", "nCostMana": "0"}, {"nDamageBase": "0", "nDamageRand": "0", "nCostMana": "0"}]		CALL_PHYSICS_DAMAGE;SKILL_PHYSICS_DAMAGE;SKILL_PHYSICS_DAMAGE_RAND
Quest\银霜口\事件\引猪出洞\PQ421_野猪王_扇形AOE.lua	Quest	plain	{"nMaxRadius": "25 * LENGTH_BASE", "nAngleRange": "42", "nAreaRadius": "85 * LENGTH_BASE", "nPrepareFrames": "48", "nBeatBackRate": "0 * PERCENT_BASE", "nBrokenRate": "0 * PERCENT_BASE"}	[{"nDamageBase": "76000", "nDamageRand": "0", "nCostMana": "0"}, {"nDamageBase": "0", "nDamageRand": "0", "nCostMana": "0"}, {"nDamageBase": "0", "nDamageRand": "0", "nCostMana": "0"}, {"nDamageBase": "0", "nDamageRand": "0", "nCostMana": "0"}, {"nDamageBase": "0", "nDamageRand": "0", "nCostMana": "0"}, {"nDamageBase": "0", "nDamageRand": "0", "nCostMana": "0"}, {"nDamageBase": "0", "nDamageRand": "0", "nCostMana": "0"}, {"nDamageBase": "0", "nDamageRand": "0", "nCostMana": "0"}, {"nDamageBase": "0", "nDamageRand": "0", "nCostMana": "0"}, {"nDamageBase": "0", "nDamageRand": "0", "nCostMana": "0"}]		CALL_KNOCKED_OFF_PARABOLA;CALL_PHYSICS_DAMAGE;SKILL_PHYSICS_DAMAGE;SKILL_PHYSICS_DAMAGE_RAND
Quest\银霜口\事件\金色玉石\PQ449_BOSS_二连扇形伤害.lua	Quest	plain	{"bIgnorePrepareState": "true", "nMinRadius": "0 * LENGTH_BASE", "nMaxRadius": "10 * LENGTH_BASE", "nAngleRange": "64", "nAreaRadius": "15 * LENGTH_BASE", "nBeatBackRate": "0 * PERCENT_BASE", "nBrokenRate": "0 * PERCENT_BASE", "nBreakRate": "0 * PERCENT_BASE", "nDismountingRate": "0", "nWeaponDamagePercent": "768"}	[{"nDamageBase": "0", "nDamageRand": "0", "nCostMana": "0"}, {"nDamageBase": "0", "nDamageRand": "0", "nCostMana": "0"}, {"nDamageBase": "0", "nDamageRand": "0", "nCostMana": "0"}, {"nDamageBase": "0", "nDamageRand": "0", "nCostMana": "0"}, {"nDamageBase": "0", "nDamageRand": "0", "nCostMana": "0"}, {"nDamageBase": "0", "nDamageRand": "0", "nCostMana": "0"}, {"nDamageBase": "0", "nDamageRand": "0", "nCostMana": "0"}, {"nDamageBase": "0", "nDamageRand": "0", "nCostMana": "0"}, {"nDamageBase": "0", "nDamageRand": "0", "nCostMana": "0"}, {"nDamageBase": "0", "nDamageRand": "0", "nCostMana": "0"}]		CALL_PHYSICS_DAMAGE
Quest\银霜口\事件\金色玉石\PQ449_BOSS_二连扇形预警.lua	Quest	plain	{"nMinRadius": "0 * LENGTH_BASE", "nMaxRadius": "10 * LENGTH_BASE", "nAngleRange": "64", "nAreaRadius": "15 * LENGTH_BASE", "nPrepareFrames": "32", "nBeatBackRate": "0 * PERCENT_BASE", "nBrokenRate": "0 * PERCENT_BASE", "nBreakRate": "0 * PERCENT_BASE", "nDismountingRate": "0"}	[{"nDamageBase": "0", "nDamageRand": "0", "nCostMana": "0"}, {"nDamageBase": "0", "nDamageRand": "0", "nCostMana": "0"}, {"nDamageBase": "0", "nDamageRand": "0", "nCostMana": "0"}, {"nDamageBase": "0", "nDamageRand": "0", "nCostMana": "0"}, {"nDamageBase": "0", "nDamageRand": "0", "nCostMana": "0"}, {"nDamageBase": "0", "nDamageRand": "0", "nCostMana": "0"}, {"nDamageBase": "0", "nDamageRand": "0", "nCostMana": "0"}, {"nDamageBase": "0", "nDamageRand": "0", "nCostMana": "0"}, {"nDamageBase": "0", "nDamageRand": "0", "nCostMana": "0"}, {"nDamageBase": "0", "nDamageRand": "0", "nCostMana": "0"}]		
Quest\银霜口\事件\金色玉石\PQ449_BOSS_圆形目标点伤害.lua	Quest	plain	{"bIgnorePrepareState": "true", "nMinRadius": "0 * LENGTH_BASE", "nMaxRadius": "200 * LENGTH_BASE", "nAngleRange": "256", "nAreaRadius": "15 * LENGTH_BASE", "nBeatBackRate": "0 * PERCENT_BASE", "nBrokenRate": "0 * PERCENT_BASE", "nBreakRate": "0 * PERCENT_BASE", "nDismountingRate": "0", "nWeaponDamagePercent": "256"}	[{"nDamageBase": "0", "nDamageRand": "0", "nCostMana": "0"}, {"nDamageBase": "0", "nDamageRand": "0", "nCostMana": "0"}, {"nDamageBase": "0", "nDamageRand": "0", "nCostMana": "0"}, {"nDamageBase": "0", "nDamageRand": "0", "nCostMana": "0"}, {"nDamageBase": "0", "nDamageRand": "0", "nCostMana": "0"}, {"nDamageBase": "0", "nDamageRand": "0", "nCostMana": "0"}, {"nDamageBase": "0", "nDamageRand": "0", "nCostMana": "0"}, {"nDamageBase": "0", "nDamageRand": "0", "nCostMana": "0"}, {"nDamageBase": "0", "nDamageRand": "0", "nCostMana": "0"}, {"nDamageBase": "0", "nDamageRand": "0", "nCostMana": "0"}]		CALL_PHYSICS_DAMAGE
Quest\银霜口\事件\金色玉石\PQ449_BOSS_圆形蓄力击飞.lua	Quest	plain	{"nMinRadius": "0 * LENGTH_BASE", "nMaxRadius": "10 * LENGTH_BASE", "nAngleRange": "256", "nAreaRadius": "20 * LENGTH_BASE", "nPrepareFrames": "48", "nBeatBackRate": "0 * PERCENT_BASE", "nBrokenRate": "0 * PERCENT_BASE", "nBreakRate": "0 * PERCENT_BASE", "nDismountingRate": "0", "nWeaponDamagePercent": "1024"}	[{"nDamageBase": "0", "nDamageRand": "0", "nCostMana": "0"}, {"nDamageBase": "0", "nDamageRand": "0", "nCostMana": "0"}, {"nDamageBase": "0", "nDamageRand": "0", "nCostMana": "0"}, {"nDamageBase": "0", "nDamageRand": "0", "nCostMana": "0"}, {"nDamageBase": "0", "nDamageRand": "0", "nCostMana": "0"}, {"nDamageBase": "0", "nDamageRand": "0", "nCostMana": "0"}, {"nDamageBase": "0", "nDamageRand": "0", "nCostMana": "0"}, {"nDamageBase": "0", "nDamageRand": "0", "nCostMana": "0"}, {"nDamageBase": "0", "nDamageRand": "0", "nCostMana": "0"}, {"nDamageBase": "0", "nDamageRand": "0", "nCostMana": "0"}]		CALL_KNOCKED_OFF_PARABOLA;CALL_PHYSICS_DAMAGE;EXECUTE_SCRIPT
Quest\银霜口\事件\金色玉石\PQ449_BOSS_圆形通道伤害.lua	Quest	plain	{"nMinRadius": "0 * LENGTH_BASE", "nMaxRadius": "30 * LENGTH_BASE", "nAngleRange": "256", "nAreaRadius": "5 * LENGTH_BASE", "nChannelInterval": "10", "nChannelFrame": "68", "bInstantChannel": "false", "nBeatBackRate": "0 * PERCENT_BASE", "nBrokenRate": "0 * PERCENT_BASE", "nBreakRate": "0 * PERCENT_BASE", "nDismountingRate": "0", "nWeaponDamagePercent": "256"}	[{"nDamageBase": "0", "nDamageRand": "0", "nCostMana": "0"}, {"nDamageBase": "0", "nDamageRand": "0", "nCostMana": "0"}, {"nDamageBase": "0", "nDamageRand": "0", "nCostMana": "0"}, {"nDamageBase": "0", "nDamageRand": "0", "nCostMana": "0"}, {"nDamageBase": "0", "nDamageRand": "0", "nCostMana": "0"}, {"nDamageBase": "0", "nDamageRand": "0", "nCostMana": "0"}, {"nDamageBase": "0", "nDamageRand": "0", "nCostMana": "0"}, {"nDamageBase": "0", "nDamageRand": "0", "nCostMana": "0"}, {"nDamageBase": "0", "nDamageRand": "0", "nCostMana": "0"}, {"nDamageBase": "0", "nDamageRand": "0", "nCostMana": "0"}]		CALL_PHYSICS_DAMAGE
Quest\银霜口\事件\金色玉石\PQ449_BOSS_圆形通道预警.lua	Quest	plain	{"nMinRadius": "0 * LENGTH_BASE", "nMaxRadius": "200 * LENGTH_BASE", "nAngleRange": "256", "nAreaRadius": "4 * LENGTH_BASE", "nPrepareFrames": "48", "nBeatBackRate": "0 * PERCENT_BASE", "nBrokenRate": "0 * PERCENT_BASE", "nBreakRate": "0 * PERCENT_BASE", "nDismountingRate": "0"}	[{"nDamageBase": "0", "nDamageRand": "0", "nCostMana": "0"}, {"nDamageBase": "0", "nDamageRand": "0", "nCostMana": "0"}, {"nDamageBase": "0", "nDamageRand": "0", "nCostMana": "0"}, {"nDamageBase": "0", "nDamageRand": "0", "nCostMana": "0"}, {"nDamageBase": "0", "nDamageRand": "0", "nCostMana": "0"}, {"nDamageBase": "0", "nDamageRand": "0", "nCostMana": "0"}, {"nDamageBase": "0", "nDamageRand": "0", "nCostMana": "0"}, {"nDamageBase": "0", "nDamageRand": "0", "nCostMana": "0"}, {"nDamageBase": "0", "nDamageRand": "0", "nCostMana": "0"}, {"nDamageBase": "0", "nDamageRand": "0", "nCostMana": "0"}]		
Quest\银霜口\事件\金色玉石\PQ449_BOSS_普通攻击母技能.lua	Quest	plain	{"nMinRadius": "4 * LENGTH_BASE", "nMaxRadius": "40 * LENGTH_BASE", "nAngleRange": "256", "nAreaRadius": "40 * LENGTH_BASE", "nBeatBackRate": "0 * PERCENT_BASE", "nBrokenRate": "0 * PERCENT_BASE", "nBreakRate": "0 * PERCENT_BASE", "nDismountingRate": "0"}	[{"nDamageBase": "0", "nDamageRand": "0", "nCostMana": "0"}, {"nDamageBase": "0", "nDamageRand": "0", "nCostMana": "0"}, {"nDamageBase": "0", "nDamageRand": "0", "nCostMana": "0"}, {"nDamageBase": "0", "nDamageRand": "0", "nCostMana": "0"}, {"nDamageBase": "0", "nDamageRand": "0", "nCostMana": "0"}, {"nDamageBase": "0", "nDamageRand": "0", "nCostMana": "0"}, {"nDamageBase": "0", "nDamageRand": "0", "nCostMana": "0"}, {"nDamageBase": "0", "nDamageRand": "0", "nCostMana": "0"}, {"nDamageBase": "0", "nDamageRand": "0", "nCostMana": "0"}, {"nDamageBase": "0", "nDamageRand": "0", "nCostMana": "0"}]		EXECUTE_SCRIPT
Quest\银霜口\事件\金色玉石\PQ449_BOSS_矩形通道实际伤害.lua	Quest	plain	{"bIgnorePrepareState": "true", "nMinRadius": "0 * LENGTH_BASE", "nMaxRadius": "20 * LENGTH_BASE", "nAngleRange": "128", "nAreaRadius": "10 * LENGTH_BASE", "nBeatBackRate": "0 * PERCENT_BASE", "nBrokenRate": "0 * PERCENT_BASE", "nBreakRate": "0 * PERCENT_BASE", "nDismountingRate": "0", "nWeaponDamagePercent": "256"}	[{"nDamageBase": "0", "nDamageRand": "0", "nCostMana": "0"}, {"nDamageBase": "0", "nDamageRand": "0", "nCostMana": "0"}, {"nDamageBase": "0", "nDamageRand": "0", "nCostMana": "0"}, {"nDamageBase": "0", "nDamageRand": "0", "nCostMana": "0"}, {"nDamageBase": "0", "nDamageRand": "0", "nCostMana": "0"}, {"nDamageBase": "0", "nDamageRand": "0", "nCostMana": "0"}, {"nDamageBase": "0", "nDamageRand": "0", "nCostMana": "0"}, {"nDamageBase": "0", "nDamageRand": "0", "nCostMana": "0"}, {"nDamageBase": "0", "nDamageRand": "0", "nCostMana": "0"}, {"nDamageBase": "0", "nDamageRand": "0", "nCostMana": "0"}]		CALL_PHYSICS_DAMAGE
Quest\银霜口\事件\金色玉石\PQ449_BOSS_矩形通道读条.lua	Quest	plain	{"nMinRadius": "0 * LENGTH_BASE", "nMaxRadius": "20 * LENGTH_BASE", "nAngleRange": "256", "nAreaRadius": "20 * LENGTH_BASE", "nChannelInterval": "13", "nChannelFrame": "62", "bInstantChannel": "false", "nBeatBackRate": "0 * PERCENT_BASE", "nBrokenRate": "0 * PERCENT_BASE", "nBreakRate": "0 * PERCENT_BASE", "nDismountingRate": "0", "nWeaponDamagePercent": "384"}	[{"nDamageBase": "0", "nDamageRand": "0", "nCostMana": "0"}, {"nDamageBase": "0", "nDamageRand": "0", "nCostMana": "0"}, {"nDamageBase": "0", "nDamageRand": "0", "nCostMana": "0"}, {"nDamageBase": "0", "nDamageRand": "0", "nCostMana": "0"}, {"nDamageBase": "0", "nDamageRand": "0", "nCostMana": "0"}, {"nDamageBase": "0", "nDamageRand": "0", "nCostMana": "0"}, {"nDamageBase": "0", "nDamageRand": "0", "nCostMana": "0"}, {"nDamageBase": "0", "nDamageRand": "0", "nCostMana": "0"}, {"nDamageBase": "0", "nDamageRand": "0", "nCostMana": "0"}, {"nDamageBase": "0", "nDamageRand": "0", "nCostMana": "0"}]		
Quest\银霜口\事件\金色玉石\PQ449_BOSS_近战攻击.lua	Quest	plain	{"nMinRadius": "0 * LENGTH_BASE", "nMaxRadius": "4 * LENGTH_BASE", "nAngleRange": "128", "nAreaRadius": "4 * LENGTH_BASE", "nBeatBackRate": "0 * PERCENT_BASE", "nBrokenRate": "0 * PERCENT_BASE", "nBreakRate": "0 * PERCENT_BASE", "nDismountingRate": "0"}	[{"nDamageBase": "0", "nDamageRand": "0", "nCostMana": "0"}, {"nDamageBase": "0", "nDamageRand": "0", "nCostMana": "0"}, {"nDamageBase": "0", "nDamageRand": "0", "nCostMana": "0"}, {"nDamageBase": "0", "nDamageRand": "0", "nCostMana": "0"}, {"nDamageBase": "0", "nDamageRand": "0", "nCostMana": "0"}, {"nDamageBase": "0", "nDamageRand": "0", "nCostMana": "0"}, {"nDamageBase": "0", "nDamageRand": "0", "nCostMana": "0"}, {"nDamageBase": "0", "nDamageRand": "0", "nCostMana": "0"}, {"nDamageBase": "0", "nDamageRand": "0", "nCostMana": "0"}, {"nDamageBase": "0", "nDamageRand": "0", "nCostMana": "0"}]		CALL_PHYSICS_DAMAGE
Quest\银霜口\事件\金色玉石\PQ449_BOSS_远程攻击.lua	Quest	plain	{"nMinRadius": "4 * LENGTH_BASE", "nMaxRadius": "40 * LENGTH_BASE", "nAngleRange": "256", "nAreaRadius": "40 * LENGTH_BASE", "nBeatBackRate": "0 * PERCENT_BASE", "nBrokenRate": "0 * PERCENT_BASE", "nBreakRate": "0 * PERCENT_BASE", "nDismountingRate": "0"}	[{"nDamageBase": "0", "nDamageRand": "0", "nCostMana": "0"}, {"nDamageBase": "0", "nDamageRand": "0", "nCostMana": "0"}, {"nDamageBase": "0", "nDamageRand": "0", "nCostMana": "0"}, {"nDamageBase": "0", "nDamageRand": "0", "nCostMana": "0"}, {"nDamageBase": "0", "nDamageRand": "0", "nCostMana": "0"}, {"nDamageBase": "0", "nDamageRand": "0", "nCostMana": "0"}, {"nDamageBase": "0", "nDamageRand": "0", "nCostMana": "0"}, {"nDamageBase": "0", "nDamageRand": "0", "nCostMana": "0"}, {"nDamageBase": "0", "nDamageRand": "0", "nCostMana": "0"}, {"nDamageBase": "0", "nDamageRand": "0", "nCostMana": "0"}]		CALL_PHYSICS_DAMAGE;EXECUTE_SCRIPT
Quest\银霜口\事件\金色玉石\PQ449_小怪_圆形伤害.lua	Quest	plain	{"bIgnorePrepareState": "true", "nMinRadius": "0 * LENGTH_BASE", "nMaxRadius": "30 * LENGTH_BASE", "nAngleRange": "256", "nAreaRadius": "4 * LENGTH_BASE", "nBeatBackRate": "0 * PERCENT_BASE", "nBrokenRate": "0 * PERCENT_BASE", "nBreakRate": "0 * PERCENT_BASE", "nDismountingRate": "0", "nWeaponDamagePercent": "512"}	[{"nDamageBase": "0", "nDamageRand": "0", "nCostMana": "0"}, {"nDamageBase": "0", "nDamageRand": "0", "nCostMana": "0"}, {"nDamageBase": "0", "nDamageRand": "0", "nCostMana": "0"}, {"nDamageBase": "0", "nDamageRand": "0", "nCostMana": "0"}, {"nDamageBase": "0", "nDamageRand": "0", "nCostMana": "0"}, {"nDamageBase": "0", "nDamageRand": "0", "nCostMana": "0"}, {"nDamageBase": "0", "nDamageRand": "0", "nCostMana": "0"}, {"nDamageBase": "0", "nDamageRand": "0", "nCostMana": "0"}, {"nDamageBase": "0", "nDamageRand": "0", "nCostMana": "0"}, {"nDamageBase": "0", "nDamageRand": "0", "nCostMana": "0"}]		CALL_PHYSICS_DAMAGE
Quest\镜花别院\伞技能伤害.lua	Quest	plain	{"bIgnorePrepareState": "true", "nMinRadius": "0 * LENGTH_BASE", "nMaxRadius": "10 * LENGTH_BASE", "nAngleRange": "256", "nAreaRadius": "1 * LENGTH_BASE"}	[{"nDamageBase": "1500", "nDamageRand": "0", "nCostMana": "0"}, {"nDamageBase": "0", "nDamageRand": "0", "nCostMana": "0"}, {"nDamageBase": "0", "nDamageRand": "0", "nCostMana": "0"}, {"nDamageBase": "0", "nDamageRand": "0", "nCostMana": "0"}, {"nDamageBase": "0", "nDamageRand": "0", "nCostMana": "0"}, {"nDamageBase": "0", "nDamageRand": "0", "nCostMana": "0"}, {"nDamageBase": "0", "nDamageRand": "0", "nCostMana": "0"}, {"nDamageBase": "0", "nDamageRand": "0", "nCostMana": "0"}, {"nDamageBase": "0", "nDamageRand": "0", "nCostMana": "0"}, {"nDamageBase": "0", "nDamageRand": "0", "nCostMana": "0"}]		
Quest\镜花别院\佛秀连携_连线高伤害_子技能.lua	Quest	plain	{"nMinRadius": "0 * LENGTH_BASE", "nMaxRadius": "100 * LENGTH_BASE", "nAngleRange": "256"}	[{"nDamageBase": "0", "nDamageRand": "0", "nCostMana": "0"}, {"nDamageBase": "0", "nDamageRand": "0", "nCostMana": "0"}, {"nDamageBase": "0", "nDamageRand": "0", "nCostMana": "0"}, {"nDamageBase": "0", "nDamageRand": "0", "nCostMana": "0"}, {"nDamageBase": "0", "nDamageRand": "0", "nCostMana": "0"}, {"nDamageBase": "0", "nDamageRand": "0", "nCostMana": "0"}, {"nDamageBase": "0", "nDamageRand": "0", "nCostMana": "0"}, {"nDamageBase": "0", "nDamageRand": "0", "nCostMana": "0"}, {"nDamageBase": "0", "nDamageRand": "0", "nCostMana": "0"}, {"nDamageBase": "0", "nDamageRand": "0", "nCostMana": "0"}]		EXECUTE_SCRIPT
Quest\镜花别院\道具_无敌.lua	Quest	plain	{"nMinRadius": "0 * LENGTH_BASE", "nMaxRadius": "100 * LENGTH_BASE", "nAngleRange": "256", "nAreaRadius": "2 * LENGTH_BASE"}	[{"nDamageBase": "0", "nDamageRand": "0", "nCostMana": "0"}, {"nDamageBase": "0", "nDamageRand": "0", "nCostMana": "0"}, {"nDamageBase": "0", "nDamageRand": "0", "nCostMana": "0"}, {"nDamageBase": "0", "nDamageRand": "0", "nCostMana": "0"}, {"nDamageBase": "0", "nDamageRand": "0", "nCostMana": "0"}, {"nDamageBase": "0", "nDamageRand": "0", "nCostMana": "0"}, {"nDamageBase": "0", "nDamageRand": "0", "nCostMana": "0"}, {"nDamageBase": "0", "nDamageRand": "0", "nCostMana": "0"}, {"nDamageBase": "0", "nDamageRand": "0", "nCostMana": "0"}, {"nDamageBase": "0", "nDamageRand": "0", "nCostMana": "0"}]		EXECUTE_SCRIPT
Quest\长安_皇城\跟踪要员_下车.lua	Quest	plain	{}	[]		EXECUTE_SCRIPT
Quest\霸刀场景\李令霞AOE完成任务.lua	Quest	plain	{"nMinRadius": "0 * LENGTH_BASE", "nMaxRadius": "30 * LENGTH_BASE", "nAngleRange": "256", "nAreaRadius": "30 * LENGTH_BASE", "nPrepareFrames": "48"}	[{"nDamageBase": "0", "nDamageRand": "0", "nCostMana": "0"}, {"nDamageBase": "0", "nDamageRand": "0", "nCostMana": "0"}, {"nDamageBase": "0", "nDamageRand": "0", "nCostMana": "0"}, {"nDamageBase": "0", "nDamageRand": "0", "nCostMana": "0"}, {"nDamageBase": "0", "nDamageRand": "0", "nCostMana": "0"}, {"nDamageBase": "0", "nDamageRand": "0", "nCostMana": "0"}, {"nDamageBase": "0", "nDamageRand": "0", "nCostMana": "0"}, {"nDamageBase": "0", "nDamageRand": "0", "nCostMana": "0"}, {"nDamageBase": "0", "nDamageRand": "0", "nCostMana": "0"}, {"nDamageBase": "0", "nDamageRand": "0", "nCostMana": "0"}]		EXECUTE_SCRIPT
Quest\黑山林海\技能打任务变量.lua	Quest	plain	{"bIgnorePrepareState": "true", "nMinRadius": "0 * LENGTH_BASE", "nMaxRadius": "30 * LENGTH_BASE", "nAngleRange": "256", "nAreaRadius": "30 * LENGTH_BASE", "nPrepareFrames": "0", "nBeatBackRate": "0 * PERCENT_BASE", "nBrokenRate": "0 * PERCENT_BASE", "nWeaponDamagePercent": "0"}	[]		EXECUTE_SCRIPT
Quest\黑山林海\断修_普攻.lua	Quest	plain	{"nMinRadius": "0 * LENGTH_BASE", "nMaxRadius": "8 * LENGTH_BASE", "nAngleRange": "42", "nAreaRadius": "8 * LENGTH_BASE", "nBeatBackRate": "0 * PERCENT_BASE", "nBrokenRate": "0 * PERCENT_BASE", "nBreakRate": "512 * PERCENT_BASE"}	[{"nDamageBase": "7777", "nDamageRand": "0", "nCostMana": "0"}, {"nDamageBase": "10000", "nDamageRand": "0", "nCostMana": "0"}]		CALL_PHYSICS_DAMAGE;SKILL_PHYSICS_DAMAGE;SKILL_PHYSICS_DAMAGE_RAND
Quest\黑山林海\断修_百斩.lua	Quest	plain	{"nMinRadius": "0 * LENGTH_BASE", "nMaxRadius": "40 * LENGTH_BASE", "nAngleRange": "256", "nAreaRadius": "30 * LENGTH_BASE", "nBeatBackRate": "0 * PERCENT_BASE", "nBrokenRate": "0 * PERCENT_BASE"}	[{"nDamageBase": "1000", "nDamageRand": "0", "nCostMana": "0"}, {"nDamageBase": "0", "nDamageRand": "0", "nCostMana": "0"}, {"nDamageBase": "0", "nDamageRand": "0", "nCostMana": "0"}]		CALL_PHYSICS_DAMAGE;EXECUTE_SCRIPT;SKILL_PHYSICS_DAMAGE;SKILL_PHYSICS_DAMAGE_RAND
test\四象.lua	test	plain	{"nMinRadius": "0 * LENGTH_BASE", "nMaxRadius": "40 * LENGTH_BASE", "nAngleRange": "128", "nPrepareFrames": "24", "nBeatBackRate": "0 * PERCENT_BASE", "nBrokenRate": "0 * PERCENT_BASE", "nBreakRate": "80 * PERCENT_BASE", "nWeaponDamagePercent": "0"}	[{"nDamageBase": "0", "nDamageRand": "0", "nCostMana": "0"}, {"nDamageBase": "0", "nDamageRand": "0", "nCostMana": "0"}, {"nDamageBase": "0", "nDamageRand": "0", "nCostMana": "0"}, {"nDamageBase": "0", "nDamageRand": "0", "nCostMana": "0"}, {"nDamageBase": "0", "nDamageRand": "0", "nCostMana": "0"}, {"nDamageBase": "0", "nDamageRand": "0", "nCostMana": "0"}, {"nDamageBase": "0", "nDamageRand": "0", "nCostMana": "0"}, {"nDamageBase": "0", "nDamageRand": "0", "nCostMana": "0"}, {"nDamageBase": "0", "nDamageRand": "0", "nCostMana": "0"}, {"nDamageBase": "0", "nDamageRand": "0", "nCostMana": "0"}]		CALL_NEUTRAL_DAMAGE;EXECUTE_SCRIPT
test\斗转星移_前.lua	test	plain	{"nMaxRadius": "5 * LENGTH_BASE", "nAngleRange": "256"}	[]		DASH_FORWARD
test\斗转星移_右.lua	test	plain	{"nPrepareFrames": "0", "nBulletVelocity": "0", "nBreakRate": "1000"}	[]		DASH_RIGHT
test\斗转星移_后.lua	test	plain	{"nPrepareFrames": "0", "nBulletVelocity": "0", "nBreakRate": "1000"}	[]		DASH_BACKWARD
test\斗转星移_左.lua	test	plain	{"nPrepareFrames": "0", "nBulletVelocity": "0", "nBreakRate": "1000"}	[]		DASH_LEFT
七秀\七秀_七诀剑气.lua	七秀	plain	{"nMinRadius": "0", "nMaxRadius": "20 * LENGTH_BASE", "nAngleRange": "128", "nPrepareFrames": "0", "nChannelInterval": "128", "nBulletVelocity": "0"}	[]		CALL_LUNAR_DAMAGE;DETACH_MULTI_GROUP_BUFF;SKILL_LUNAR_DAMAGE;SKILL_LUNAR_DAMAGE_RAND
七秀\七秀_绛唇珠袖_伤害效果.lua	七秀	plain	{"nMinRadius": "0", "nMaxRadius": "5 * LENGTH_BASE", "nAngleRange": "256", "nPrepareFrames": "0", "nChannelInterval": "64", "nBulletVelocity": "0", "nBreakRate": "1024"}	[{"nDamage": "115", "nDamageRand": "5"}, {"nDamage": "163", "nDamageRand": "5"}, {"nDamage": "211", "nDamageRand": "5"}, {"nDamage": "259", "nDamageRand": "5"}, {"nDamage": "307", "nDamageRand": "5"}]		CALL_LUNAR_DAMAGE;DEL_SINGLE_BUFF_BY_ID_AND_LEVEL;EXECUTE_SCRIPT;SKILL_LUNAR_DAMAGE;SKILL_LUNAR_DAMAGE_RAND
七秀\剑器浑脱_蝶弄足.lua	七秀	bytecode	{}	[]	SetNormalCoolDown;SetCheckCoolDown	nPrepareFrames;nCostMana;nCostSprintPower;nMinRadius;nMaxRadius;nAngleRange;nBreakRate;nBulletVelocity
七秀\剑器浑脱_鹊踏枝.lua	七秀	bytecode	{}	[]	SetNormalCoolDown;SetCheckCoolDown;ModifyCoolDown	nPrepareFrames;nCostMana;nCostSprintPower;nMinRadius;nMaxRadius;nAngleRange;nBulletVelocity
七秀\猿公剑法_剑主天地.lua	七秀	bytecode	{}	[]	SetPublicCoolDown;SetNormalCoolDown;SetCheckCoolDown	nPrepareFrames;nChannelInterval;nCostMana;nMinRadius;nMaxRadius;nAngleRange;nBulletVelocity
七秀\猿公剑法_剑转流云.lua	七秀	bytecode	{}	[]	SetPublicCoolDown;SetNormalCoolDown;SetCheckCoolDown	nPrepareFrames;nCostMana;nCostSprintPower;nMinRadius;nMaxRadius;nAngleRange;nBulletVelocity
七秀\西河剑器_天地低昂.lua	七秀	bytecode	{}	[]	SetPublicCoolDown;SetNormalCoolDown;SetCheckCoolDown	nPrepareFrames;nCostMana;nCostSprintPower;nMinRadius;nMaxRadius;nAngleRange;nBulletVelocity
七秀\西河剑器_帝骖龙翔.lua	七秀	bytecode	{}	[]	SetPublicCoolDown;SetNormalCoolDown;SetCheckCoolDown	nPrepareFrames;nCostMana;nCostSprintPower;nMaxRadius;nAreaRadius;nAngleRange;nDismountingRate;nBulletVelocity
七秀\西河剑器_绛唇珠袖.lua	七秀	bytecode	{}	[]	SetNormalCoolDown;SetCheckCoolDown	nPrepareFrames;nCostMana;nMinRadius;nMaxRadius;nAngleRange;nBreakRate;nBulletVelocity
七秀\西河剑器_雷霆震怒.lua	七秀	bytecode	{}	[]	SetPublicCoolDown;SetNormalCoolDown;SetCheckCoolDown;ModifyCoolDown	nPrepareFrames;nCostMana;nCostSprintPower;nMinRadius;nMaxRadius;nAngleRange;nBulletVelocity
七秀\霓裳羽衣_风袖低昂.lua	七秀	bytecode	{}	[]	SetPublicCoolDown;SetNormalCoolDown;SetCheckCoolDown;ClearCDTime	nPrepareFrames;nChannelInterval;nCostMana;nCostSprintPower;nMinRadius;nMaxRadius;nAngleRange;nBulletVelocity
七秀\90级奇穴\七秀红绡倩影.lua	七秀	bytecode	{}	[]	SetPublicCoolDown;SetNormalCoolDown;SetCheckCoolDown	nCostMana;nCostSprintPower;nMinRadius;nMaxRadius;nAngleRange
七秀\90级奇穴\剑破4层DOT.lua	七秀	plain	{"bIgnorePrepareState": "true", "nMinRadius": "0 * LENGTH_BASE", "nMaxRadius": "22 * LENGTH_BASE", "nAngleRange": "256", "nChannelInterval": "114 * 1.1* 0.9* 1.1"}	[{"nDamageBase": "0", "nDamageRand": "0", "nCostMana": "0"}, {"nDamageBase": "0", "nDamageRand": "0", "nCostMana": "0"}, {"nDamageBase": "0", "nDamageRand": "0", "nCostMana": "0"}, {"nDamageBase": "0", "nDamageRand": "0", "nCostMana": "0"}, {"nDamageBase": "0", "nDamageRand": "0", "nCostMana": "0"}, {"nDamageBase": "0", "nDamageRand": "0", "nCostMana": "0"}, {"nDamageBase": "0", "nDamageRand": "0", "nCostMana": "0"}, {"nDamageBase": "0", "nDamageRand": "0", "nCostMana": "0"}, {"nDamageBase": "0", "nDamageRand": "0", "nCostMana": "0"}, {"nDamageBase": "0", "nDamageRand": "0", "nCostMana": "0"}]		
七秀\90级奇穴\剑舞界面加1格.lua	七秀	plain	{"nMinRadius": "0 * LENGTH_BASE", "nMaxRadius": "4 * LENGTH_BASE", "nAngleRange": "256"}	[{"nDamageBase": "0", "nDamageRand": "0", "nCostMana": "0"}, {"nDamageBase": "0", "nDamageRand": "0", "nCostMana": "0"}, {"nDamageBase": "0", "nDamageRand": "0", "nCostMana": "0"}, {"nDamageBase": "0", "nDamageRand": "0", "nCostMana": "0"}, {"nDamageBase": "0", "nDamageRand": "0", "nCostMana": "0"}, {"nDamageBase": "0", "nDamageRand": "0", "nCostMana": "0"}, {"nDamageBase": "0", "nDamageRand": "0", "nCostMana": "0"}, {"nDamageBase": "0", "nDamageRand": "0", "nCostMana": "0"}, {"nDamageBase": "0", "nDamageRand": "0", "nCostMana": "0"}, {"nDamageBase": "0", "nDamageRand": "0", "nCostMana": "0"}]		ACCUMULATE
万灵山庄\万灵山庄_应天授命.lua	万灵山庄	bytecode	{}	[]	SetNormalCoolDown;SetCheckCoolDown;ModifyCoolDown	nChannelInterval;nCostMana;nCostSprintPower;nMinRadius;nMaxRadius;nAreaRadius;nAngleRange
万灵山庄\万灵山庄_没石饮羽.lua	万灵山庄	bytecode	{}	[]	SetPublicCoolDown;SetNormalCoolDown;SetCheckCoolDown;ModifyCoolDown;GetCDLeft	nCostMana;nNeedRage;nMinRadius;nMaxRadius;nAngleRange
万灵山庄\万灵山庄_通用换弹延迟.lua	万灵山庄	plain	{}	[{"nDamageBase": "0", "nDamageRand": "0", "nCostMana": "0"}, {"nDamageBase": "0", "nDamageRand": "0", "nCostMana": "0"}, {"nDamageBase": "0", "nDamageRand": "0", "nCostMana": "0"}, {"nDamageBase": "0", "nDamageRand": "0", "nCostMana": "0"}, {"nDamageBase": "0", "nDamageRand": "0", "nCostMana": "0"}, {"nDamageBase": "0", "nDamageRand": "0", "nCostMana": "0"}, {"nDamageBase": "0", "nDamageRand": "0", "nCostMana": "0"}, {"nDamageBase": "0", "nDamageRand": "0", "nCostMana": "0"}, {"nDamageBase": "0", "nDamageRand": "0", "nCostMana": "0"}, {"nDamageBase": "0", "nDamageRand": "0", "nCostMana": "0"}]		
万灵山庄\万灵山庄_驰风鸣角表现母技能.lua	万灵山庄	bytecode	{}	[]	SetPublicCoolDown;SetNormalCoolDown;SetCheckCoolDown	nCostMana;nCostSprintPower;nMinRadius;nMaxRadius;nAngleRange
万灵山庄\山海心诀奇穴套路\万灵09-3兴游_汇灵合契需求唤灵印减一.lua	万灵山庄	plain	{"nMinRadius": "0 * LENGTH_BASE", "nMaxRadius": "20 * LENGTH_BASE", "nAngleRange": "256", "nAreaRadius": "50 * LENGTH_BASE"}	[{"nDamageBase": "0", "nDamageRand": "0", "nCostMana": "0"}, {"nDamageBase": "0", "nDamageRand": "0", "nCostMana": "0"}, {"nDamageBase": "0", "nDamageRand": "0", "nCostMana": "0"}, {"nDamageBase": "0", "nDamageRand": "0", "nCostMana": "0"}, {"nDamageBase": "0", "nDamageRand": "0", "nCostMana": "0"}, {"nDamageBase": "0", "nDamageRand": "0", "nCostMana": "0"}, {"nDamageBase": "0", "nDamageRand": "0", "nCostMana": "0"}, {"nDamageBase": "0", "nDamageRand": "0", "nCostMana": "0"}, {"nDamageBase": "0", "nDamageRand": "0", "nCostMana": "0"}, {"nDamageBase": "0", "nDamageRand": "0", "nCostMana": "0"}]		SET_TALENT_RECIPE
万灵山庄\山海心诀奇穴套路\乘黄之威技能升级.lua	万灵山庄	bytecode	{}	[]		nMaxRadius;nAreaRadius;nAngleRange
万灵山庄\山海心诀奇穴套路\乘黄之威护盾加厚.lua	万灵山庄	bytecode	{}	[]		nMaxRadius;nAreaRadius;nAngleRange
万灵山庄\山海心诀奇穴套路\乘黄之威斩杀buff.lua	万灵山庄	bytecode	{}	[]		nMaxRadius;nAreaRadius;nAngleRange
万灵山庄\山海心诀奇穴套路\乘黄之威降血上限.lua	万灵山庄	bytecode	{}	[]		nMaxRadius;nAreaRadius;nAngleRange
万灵山庄\山海心诀子技能\万灵山庄_游雾乘云跳跃.lua	万灵山庄	bytecode	{}	[]	SetNormalCoolDown;SetCheckCoolDown	nCostMana;nMinRadius;nMaxRadius;nAreaRadius;nAngleRange
万灵山庄\山海心诀子技能\万灵山庄_霖集簇追尝试4目标.lua	万灵山庄	bytecode	{}	[]	SetPublicCoolDown;SetNormalCoolDown;SetCheckCoolDown	nCostMana;nNeedRage;nMinRadius;nMaxRadius;nAreaRadius;nAngleRange
万灵山庄\山海心诀子技能\乘黄之威斩杀子技能伤害.lua	万灵山庄	bytecode	{}	[]		bIgnorePrepareState;nCostMana;nMinRadius;nMaxRadius;nAreaRadius;nAngleRange
万花\万花_养心决_星楼月影.lua	万花	bytecode	{}	[]	SetNormalCoolDown;SetCheckCoolDown	nCostMana;nCostSprintPower
万花\万花_养心决_春泥护花.lua	万花	bytecode	{}	[]	SetPublicCoolDown;SetNormalCoolDown;SetCheckCoolDown	nCostMana;nCostSprintPower;nMaxRadius;nAngleRange
万花\万花_养心决_花语酥心.lua	万花	bytecode	{}	[]	SetPublicCoolDown;SetNormalCoolDown;SetCheckCoolDown	nCostMana
万花\万花_养心诀_绣阁空手.lua	万花	bytecode	{}	[]	SetNormalCoolDown;SetCheckCoolDown;ClearCDTime	nCostSprintPower;nMinRadius;nMaxRadius;nAngleRange
万花\万花_太素九针_提针.lua	万花	bytecode	{}	[]	SetPublicCoolDown;SetCheckCoolDown	nPrepareFrames;nMinPrepareFrames;nCostMana;nCostSprintPower;nMaxRadius;nAngleRange
万花\万花_太素九针_长针.lua	万花	bytecode	{}	[]	SetPublicCoolDown;SetCheckCoolDown;ModifyCoolDown	nPrepareFrames;nMinPrepareFrames;nChannelInterval;nCostMana;nCostSprintPower;nMaxRadius;nAngleRange
万花\万花_子技能_傍花随柳_施技定身.lua	万花	plain	{"nMaxRadius": "20 * LENGTH_BASE", "nAngleRange": "128"}	[]		EXECUTE_SCRIPT
万花\万花_子技能_阳明指_花间中性易伤DEBUFF.lua	万花	plain	{"nMinRadius": "0 * LENGTH_BASE", "nMaxRadius": "25* LENGTH_BASE", "nAngleRange": "256"}	[]		
万花\万花_子技能_阳明指_花间刷新傍花随柳.lua	万花	plain	{"nMinRadius": "0 * LENGTH_BASE", "nMaxRadius": "25* LENGTH_BASE", "nAngleRange": "256"}	[]		
万花\万花_点穴截脉_商阳指.lua	万花	bytecode	{}	[]	SetPublicCoolDown;SetCheckCoolDown	nChannelInterval;nCostMana;nCostSprintPower;nMaxRadius;nAngleRange;nBrokenRate
万花\万花_点穴截脉_少明指.lua	万花	bytecode	{}	[]	SetPublicCoolDown;SetCheckCoolDown	nPrepareFrames;nMinPrepareFrames;nCostMana;nMaxRadius;nAngleRange;nBrokenRate
万花\万花_点穴截脉_阳明指正常伤害.lua	万花	bytecode	{}	[]	ClearCDTime	nChannelInterval;nCostRage;nMaxRadius;nAngleRange;nBrokenRate
万花\万花_百花拂穴手_傍花随柳.lua	万花	bytecode	{}	[]	SetPublicCoolDown;SetNormalCoolDown;SetCheckCoolDown	nPrepareFrames;nMinPrepareFrames;nCostMana;nMaxRadius;nAngleRange;nBrokenRate
万花\万花_百花拂穴手_兰摧玉折.lua	万花	bytecode	{}	[]	SetPublicCoolDown;SetNormalCoolDown;SetCheckCoolDown;ModifyCoolDown	nPrepareFrames;nMinPrepareFrames;nCostMana;nCostSprintPower;nMaxRadius;nAngleRange;nBrokenRate
万花\万花_百花拂穴手_玉石俱焚.lua	万花	bytecode	{}	[]	SetPublicCoolDown;SetNormalCoolDown;SetCheckCoolDown;ModifyCoolDown	nChannelInterval;nCostRage;nCostSprintPower;nMinRadius;nMaxRadius;nAngleRange;nBrokenRate
万花\万花_百花拂穴手_芙蓉并蒂.lua	万花	bytecode	{}	[]	SetPublicCoolDown;SetNormalCoolDown;SetCheckCoolDown	nPrepareFrames;nChannelInterval;nCostMana;nCostSprintPower;nMaxRadius;nAngleRange;nBrokenRate
万花\万花_百花拂穴手_钟林毓秀.lua	万花	bytecode	{}	[]	SetPublicCoolDown;SetCheckCoolDown;ModifyCoolDown	nPrepareFrames;nMinPrepareFrames;nCostMana;nCostSprintPower;nMaxRadius;nAngleRange;nBrokenRate
万花\万花_轻功_震地拔冲.lua	万花	bytecode	{}	[]	SetPublicCoolDown;SetNormalCoolDown;SetCheckCoolDown	nPrepareFrames;nCostMana;nCostSprintPower;nMaxRadius;nBreakRate;nBulletVelocity
万花\商阳指直接伤害.lua	万花	bytecode	{}	[]	ClearCDTime	nChannelInterval;nCostMana;nMaxRadius;nAngleRange;nBrokenRate
万花\子技能_乱洒阳明附带商阳.lua	万花	plain	{"nMaxRadius": "25 * LENGTH_BASE", "nAngleRange": "256", "nChannelInterval": "tSkillCoefficient[180].skillnChannelInterval(dwSkillLevel)"}	[{"nCostMana": "26"}, {"nCostMana": "38"}, {"nCostMana": "53"}, {"nCostMana": "74"}, {"nCostMana": "90"}, {"nCostMana": "106"}, {"nCostMana": "122"}, {"nCostMana": "138"}, {"nCostMana": "154"}, {"nCostMana": "170"}, {"nCostMana": "170"}, {"nCostMana": "170"}, {"nCostMana": "170"}, {"nCostMana": "26"}, {"nCostMana": "38"}, {"nCostMana": "53"}, {"nCostMana": "74"}, {"nCostMana": "90"}, {"nCostMana": "106"}, {"nCostMana": "122"}, {"nCostMana": "138"}, {"nCostMana": "154"}, {"nCostMana": "170"}, {"nCostMana": "170"}, {"nCostMana": "170"}, {"nCostMana": "170"}, {"nCostMana": "170"}, {"nCostMana": "170"}, {"nCostMana": "170"}]		EXECUTE_SCRIPT
万花\子技能_傍花随柳降低5秒调息时间.lua	万花	plain	{"bIgnorePrepareState": "true", "nMinRadius": "0 * LENGTH_BASE", "nMaxRadius": "0 * LENGTH_BASE", "nAngleRange": "256"}	[{"nDamageBase": "0", "nDamageRand": "0", "nCostMana": "0"}, {"nDamageBase": "0", "nDamageRand": "0", "nCostMana": "0"}, {"nDamageBase": "0", "nDamageRand": "0", "nCostMana": "0"}, {"nDamageBase": "0", "nDamageRand": "0", "nCostMana": "0"}, {"nDamageBase": "0", "nDamageRand": "0", "nCostMana": "0"}, {"nDamageBase": "0", "nDamageRand": "0", "nCostMana": "0"}, {"nDamageBase": "0", "nDamageRand": "0", "nCostMana": "0"}, {"nDamageBase": "0", "nDamageRand": "0", "nCostMana": "0"}, {"nDamageBase": "0", "nDamageRand": "0", "nCostMana": "0"}, {"nDamageBase": "0", "nDamageRand": "0", "nCostMana": "0"}]		MODIFY_COOL_DOWN
万花\子技能_商阳指监控界面处理.lua	万花	plain	{}	[{"nDamageBase": "0", "nDamageRand": "0", "nCostMana": "0"}, {"nDamageBase": "0", "nDamageRand": "0", "nCostMana": "0"}, {"nDamageBase": "0", "nDamageRand": "0", "nCostMana": "0"}, {"nDamageBase": "0", "nDamageRand": "0", "nCostMana": "0"}, {"nDamageBase": "0", "nDamageRand": "0", "nCostMana": "0"}, {"nDamageBase": "0", "nDamageRand": "0", "nCostMana": "0"}, {"nDamageBase": "0", "nDamageRand": "0", "nCostMana": "0"}, {"nDamageBase": "0", "nDamageRand": "0", "nCostMana": "0"}, {"nDamageBase": "0", "nDamageRand": "0", "nCostMana": "0"}, {"nDamageBase": "0", "nDamageRand": "0", "nCostMana": "0"}]		EXECUTE_SCRIPT
万花\子技能_飞白后商阳DOT.lua	万花	plain	{"bIgnorePrepareState": "true", "nMaxRadius": "30 * LENGTH_BASE", "nAngleRange": "128", "nChannelInterval": "tSkillCoefficient[180].skillnChannelInterval(tSkillCoefficient[180].nMaxLevel) * tSkillCoefficient.WanhuaFeiBaiCof", "nBrokenRate": "PERCENT_BASE"}	[{"nCostMana": "26"}, {"nCostMana": "38"}, {"nCostMana": "53"}, {"nCostMana": "74"}, {"nCostMana": "90"}, {"nCostMana": "106"}, {"nCostMana": "122"}, {"nCostMana": "138"}, {"nCostMana": "154"}, {"nCostMana": "170"}, {"nCostMana": "170"}, {"nCostMana": "170"}, {"nCostMana": "170"}, {"nCostMana": "26"}, {"nCostMana": "38"}, {"nCostMana": "53"}, {"nCostMana": "74"}, {"nCostMana": "90"}, {"nCostMana": "106"}, {"nCostMana": "122"}, {"nCostMana": "138"}, {"nCostMana": "154"}, {"nCostMana": "170"}, {"nCostMana": "170"}, {"nCostMana": "170"}, {"nCostMana": "170"}, {"nCostMana": "26"}, {"nCostMana": "38"}, {"nCostMana": "53"}, {"nCostMana": "74"}, {"nCostMana": "90"}, {"nCostMana": "106"}, {"nCostMana": "122"}, {"nCostMana": "138"}, {"nCostMana": "154"}, {"nCostMana": "170"}, {"nCostMana": "170"}, {"nCostMana": "170"}, {"nCostMana": "26"}, {"nCostMana": "38"}, {"nCostMana": "53"}, {"nCostMana": "74"}, {"nCostMana": "90"}, {"nCostMana": "106"}, {"nCostMana": "122"}, {"nCostMana": "138"}, {"nCostMana": "154"}, {"nCostMana": "170"}, {"nCostMana": "170"}, {"nCostMana": "170"}, {"nCostMana": "170"}, {"nCostMana": "170"}]		EXECUTE_SCRIPT
万花\春泥秘籍hot.lua	万花	plain	{"nMinRadius": "0 * LENGTH_BASE", "nMaxRadius": "30 * LENGTH_BASE", "nAngleRange": "256", "nChannelInterval": "70*0.6"}	[]		
万花\触发玄素清脉.lua	万花	bytecode	{}	[]	ModifyCoolDown	
万花\触发玄素清脉_备用.lua	万花	plain	{}	[]		
万花\长针招式提前判定.lua	万花	plain	{}	[]		
万花\90级奇穴\刷新商阳指.lua	万花	plain	{"bIgnorePrepareState": "true", "nMaxRadius": "30 * LENGTH_BASE", "nAngleRange": "128", "nChannelInterval": "tSkillCoefficient[180].skillnChannelInterval(tSkillCoefficient[180].nMaxLevel)", "nBrokenRate": "PERCENT_BASE"}	[{"nCostMana": "26"}, {"nCostMana": "38"}, {"nCostMana": "53"}, {"nCostMana": "74"}, {"nCostMana": "90"}, {"nCostMana": "106"}, {"nCostMana": "122"}, {"nCostMana": "138"}, {"nCostMana": "154"}, {"nCostMana": "170"}, {"nCostMana": "170"}, {"nCostMana": "170"}, {"nCostMana": "170"}, {"nCostMana": "26"}, {"nCostMana": "38"}, {"nCostMana": "53"}, {"nCostMana": "74"}, {"nCostMana": "90"}, {"nCostMana": "106"}, {"nCostMana": "122"}, {"nCostMana": "138"}, {"nCostMana": "154"}, {"nCostMana": "170"}, {"nCostMana": "170"}, {"nCostMana": "170"}, {"nCostMana": "170"}, {"nCostMana": "26"}, {"nCostMana": "38"}, {"nCostMana": "53"}, {"nCostMana": "74"}, {"nCostMana": "90"}, {"nCostMana": "106"}, {"nCostMana": "122"}, {"nCostMana": "138"}, {"nCostMana": "154"}, {"nCostMana": "170"}, {"nCostMana": "170"}, {"nCostMana": "170"}, {"nCostMana": "26"}, {"nCostMana": "38"}, {"nCostMana": "53"}, {"nCostMana": "74"}, {"nCostMana": "90"}, {"nCostMana": "106"}, {"nCostMana": "122"}, {"nCostMana": "138"}, {"nCostMana": "154"}, {"nCostMana": "170"}, {"nCostMana": "170"}, {"nCostMana": "170"}, {"nCostMana": "170"}, {"nCostMana": "170"}]		EXECUTE_SCRIPT
万花\90级奇穴\玉石判定dot层数.lua	万花	plain	{}	[]		
万花\90级奇穴\离经_天工甲士喷雾治疗.lua	万花	bytecode	{}	[]		nChannelInterval;bIgnorePrepareState;nCostMana;nAreaRadius;nAngleRange
丐帮\6351_丐帮_蜀犬吠日_伤害2.lua	丐帮	bytecode	{}	[]		nChannelInterval;bIgnorePrepareState;nCostMana;nWeaponDamagePercent;nMinRadius;nMaxRadius;nAngleRange
丐帮\6395_落水打狗_伤害2.lua	丐帮	plain	{"nMinRadius": "0 * LENGTH_BASE", "nMaxRadius": "4 * LENGTH_BASE", "nAngleRange": "256", "nAreaRadius": "6 * LENGTH_BASE", "nChannelInterval": "56", "nWeaponDamagePercent": "0"}	[{"nAddRage": "35", "nCostRage": "20", "nDamage": "37 * 0.95", "nDamageRand": "37 * 0.1"}, {"nAddRage": "35", "nCostRage": "20", "nDamage": "45 * 0.95", "nDamageRand": "45 * 0.1"}, {"nAddRage": "35", "nCostRage": "20", "nDamage": "53 * 0.95", "nDamageRand": "53 * 0.1"}, {"nAddRage": "35", "nCostRage": "20", "nDamage": "61 * 0.95", "nDamageRand": "61 * 0.1"}, {"nAddRage": "35", "nCostRage": "20", "nDamage": "69 * 0.95", "nDamageRand": "69 * 0.1"}, {"nAddRage": "35", "nCostRage": "20", "nDamage": "77 * 0.95", "nDamageRand": "77 * 0.1"}, {"nAddRage": "35", "nCostRage": "20", "nDamage": "85 * 0.95", "nDamageRand": "85 * 0.1"}, {"nAddRage": "35", "nCostRage": "20", "nDamage": "93 * 0.95", "nDamageRand": "93 * 0.1"}, {"nAddRage": "35", "nCostRage": "20", "nDamage": "101 * 0.95", "nDamageRand": "101 * 0.1"}, {"nAddRage": "35", "nCostRage": "20", "nDamage": "109 * 0.95", "nDamageRand": "109 * 0.1"}, {"nAddRage": "35", "nCostRage": "20", "nDamage": "117 * 0.95", "nDamageRand": "117 * 0.1"}, {"nAddRage": "35", "nCostRage": "20", "nDamage": "125 * 0.95", "nDamageRand": "125 * 0.1"}]	SetNormalCoolDown(1, 1541)	CALL_PHYSICS_DAMAGE;EXECUTE_SCRIPT;SKILL_PHYSICS_DAMAGE;SKILL_PHYSICS_DAMAGE_RAND
丐帮\6396_落水打狗_伤害3.lua	丐帮	plain	{"nMinRadius": "0 * LENGTH_BASE", "nMaxRadius": "4 * LENGTH_BASE", "nAngleRange": "256", "nAreaRadius": "6 * LENGTH_BASE", "nChannelInterval": "68", "nWeaponDamagePercent": "0"}	[{"nAddRage": "35", "nCostRage": "20", "nDamage": "37 * 0.95", "nDamageRand": "37 * 0.1"}, {"nAddRage": "35", "nCostRage": "20", "nDamage": "45 * 0.95", "nDamageRand": "45 * 0.1"}, {"nAddRage": "35", "nCostRage": "20", "nDamage": "53 * 0.95", "nDamageRand": "53 * 0.1"}, {"nAddRage": "35", "nCostRage": "20", "nDamage": "61 * 0.95", "nDamageRand": "61 * 0.1"}, {"nAddRage": "35", "nCostRage": "20", "nDamage": "69 * 0.95", "nDamageRand": "69 * 0.1"}, {"nAddRage": "35", "nCostRage": "20", "nDamage": "77 * 0.95", "nDamageRand": "77 * 0.1"}, {"nAddRage": "35", "nCostRage": "20", "nDamage": "85 * 0.95", "nDamageRand": "85 * 0.1"}, {"nAddRage": "35", "nCostRage": "20", "nDamage": "93 * 0.95", "nDamageRand": "93 * 0.1"}, {"nAddRage": "35", "nCostRage": "20", "nDamage": "101 * 0.95", "nDamageRand": "101 * 0.1"}, {"nAddRage": "35", "nCostRage": "20", "nDamage": "109 * 0.95", "nDamageRand": "109 * 0.1"}, {"nAddRage": "35", "nCostRage": "20", "nDamage": "117 * 0.95", "nDamageRand": "117 * 0.1"}, {"nAddRage": "35", "nCostRage": "20", "nDamage": "125 * 0.95", "nDamageRand": "125 * 0.1"}]	SetNormalCoolDown(1, 1542)	CAST_SKILL_TARGET_DST;EXECUTE_SCRIPT
丐帮\6396_落水打狗_伤害3_真实伤害.lua	丐帮	plain	{"nMinRadius": "0 * LENGTH_BASE", "nMaxRadius": "10 * LENGTH_BASE", "nAngleRange": "256", "nChannelInterval": "68", "nWeaponDamagePercent": "0"}	[{"nAddRage": "35", "nCostRage": "20", "nDamage": "37 * 0.95", "nDamageRand": "37 * 0.1"}, {"nAddRage": "35", "nCostRage": "20", "nDamage": "45 * 0.95", "nDamageRand": "45 * 0.1"}, {"nAddRage": "35", "nCostRage": "20", "nDamage": "53 * 0.95", "nDamageRand": "53 * 0.1"}, {"nAddRage": "35", "nCostRage": "20", "nDamage": "61 * 0.95", "nDamageRand": "61 * 0.1"}, {"nAddRage": "35", "nCostRage": "20", "nDamage": "69 * 0.95", "nDamageRand": "69 * 0.1"}, {"nAddRage": "35", "nCostRage": "20", "nDamage": "77 * 0.95", "nDamageRand": "77 * 0.1"}, {"nAddRage": "35", "nCostRage": "20", "nDamage": "85 * 0.95", "nDamageRand": "85 * 0.1"}, {"nAddRage": "35", "nCostRage": "20", "nDamage": "93 * 0.95", "nDamageRand": "93 * 0.1"}, {"nAddRage": "35", "nCostRage": "20", "nDamage": "101 * 0.95", "nDamageRand": "101 * 0.1"}, {"nAddRage": "35", "nCostRage": "20", "nDamage": "109 * 0.95", "nDamageRand": "109 * 0.1"}, {"nAddRage": "35", "nCostRage": "20", "nDamage": "117 * 0.95", "nDamageRand": "117 * 0.1"}, {"nAddRage": "35", "nCostRage": "20", "nDamage": "125 * 0.95", "nDamageRand": "125 * 0.1"}]		CALL_PHYSICS_DAMAGE;EXECUTE_SCRIPT;SKILL_PHYSICS_DAMAGE;SKILL_PHYSICS_DAMAGE_RAND
丐帮\6397_恶狗拦路_伤害1.lua	丐帮	bytecode	{}	[]		nChannelInterval;bIgnorePrepareState;nCostRage;nWeaponDamagePercent;nMinRadius;nMaxRadius;nAreaRadius;nAngleRange
丐帮\6397_恶狗拦路_伤害1_真实伤害.lua	丐帮	plain	{"bIgnorePrepareState": "true", "nMinRadius": "0 * LENGTH_BASE", "nMaxRadius": "12 * LENGTH_BASE", "nAngleRange": "256", "nChannelInterval": "70", "nWeaponDamagePercent": "0"}	[{"nAddRage": "35", "nCostRage": "20", "nDamage": "69 * 0.95", "nDamageRand": "69 * 0.1"}, {"nAddRage": "35", "nCostRage": "20", "nDamage": "77 * 0.95", "nDamageRand": "77 * 0.1"}, {"nAddRage": "35", "nCostRage": "20", "nDamage": "85 * 0.95", "nDamageRand": "85 * 0.1"}, {"nAddRage": "35", "nCostRage": "20", "nDamage": "93 * 0.95", "nDamageRand": "93 * 0.1"}, {"nAddRage": "35", "nCostRage": "20", "nDamage": "101 * 0.95", "nDamageRand": "101 * 0.1"}, {"nAddRage": "35", "nCostRage": "20", "nDamage": "109 * 0.95", "nDamageRand": "109 * 0.1"}, {"nAddRage": "35", "nCostRage": "20", "nDamage": "117 * 0.95", "nDamageRand": "117 * 0.1"}, {"nAddRage": "35", "nCostRage": "20", "nDamage": "125 * 0.95", "nDamageRand": "125 * 0.1"}, {"nAddRage": "35", "nCostRage": "20", "nDamage": "101 * 0.95", "nDamageRand": "101 * 0.1"}, {"nAddRage": "35", "nCostRage": "20", "nDamage": "109 * 0.95", "nDamageRand": "109 * 0.1"}, {"nAddRage": "35", "nCostRage": "20", "nDamage": "117 * 0.95", "nDamageRand": "117 * 0.1"}, {"nAddRage": "35", "nCostRage": "20", "nDamage": "125 * 0.95", "nDamageRand": "125 * 0.1"}]		CALL_PHYSICS_DAMAGE;EXECUTE_SCRIPT;SKILL_PHYSICS_DAMAGE;SKILL_PHYSICS_DAMAGE_RAND
丐帮\6397_恶狗拦路_伤害命中判断.lua	丐帮	bytecode	{}	[]		nCostMana
丐帮\6398_犬牙交错_伤害1.lua	丐帮	bytecode	{}	[]		nChannelInterval;bIgnorePrepareState;nCostRage;nWeaponDamagePercent;nMinRadius;nMaxRadius;nAreaRadius;nAngleRange
丐帮\6398_犬牙交错_伤害1_真实伤害.lua	丐帮	bytecode	{}	[]		nChannelInterval;bIgnorePrepareState;nCostRage;nWeaponDamagePercent;nMinRadius;nMaxRadius;nAngleRange
丐帮\丐帮_亢龙有悔.lua	丐帮	bytecode	{}	[]	SetPublicCoolDown;SetNormalCoolDown;SetCheckCoolDown	nCostMana;nCostSprintPower;nWeaponDamagePercent;nMaxRadius;nAngleRange
丐帮\丐帮_新潜龙勿用AOE.lua	丐帮	bytecode	{}	[]	SetPublicCoolDown;SetNormalCoolDown;SetCheckCoolDown	nCostMana;nCostSprintPower;nMinRadius;nMaxRadius;nAngleRange
丐帮\丐帮_时乘六龙二段.lua	丐帮	bytecode	{}	[]	SetPublicCoolDown;SetNormalCoolDown;SetCheckCoolDown	nCostMana;nCostSprintPower;nWeaponDamagePercent;nMaxRadius;nAreaRadius;nAngleRange
丐帮\丐帮_棒打狗头.lua	丐帮	bytecode	{}	[]	SetPublicCoolDown;SetNormalCoolDown;SetCheckCoolDown	nCostMana;nCostSprintPower;nMaxRadius;nAngleRange
丐帮\丐帮_棒打狗头_冲刺.lua	丐帮	bytecode	{}	[]		nCostMana;nMaxRadius;nAngleRange
丐帮\丐帮_烟雨行·前复制用于母技能.lua	丐帮	bytecode	{}	[]	ClearCDTime	nCostMana;nWeaponDamagePercent;nMaxRadius;nAngleRange
丐帮\丐帮_狂龙乱舞_伤害0.lua	丐帮	bytecode	{}	[]		bIgnorePrepareState;nCostMana;nWeaponDamagePercent;nMinRadius;nMaxRadius;nAreaRadius;nAngleRange
丐帮\丐帮_狂龙乱舞_伤害1.lua	丐帮	plain	{"nMinRadius": "0 * LENGTH_BASE", "nMaxRadius": "8 * LENGTH_BASE", "nAngleRange": "256", "nAreaRadius": "5 * LENGTH_BASE", "bIgnorePrepareState": "true", "nChannelInterval": "24 * 1.2", "nWeaponDamagePercent": "0"}	[{"nDamageBase": "151 * 0.8", "nDamageRand": "151 * 0.4", "nCostMana": "0"}, {"nDamageBase": "223 * 0.8", "nDamageRand": "223 * 0.4", "nCostMana": "0"}, {"nDamageBase": "295 * 0.8", "nDamageRand": "295 * 0.4", "nCostMana": "0"}, {"nDamageBase": "367 * 0.8", "nDamageRand": "367 * 0.4", "nCostMana": "0"}, {"nDamageBase": "439 * 0.8", "nDamageRand": "439 * 0.4", "nCostMana": "0"}, {"nDamageBase": "511 * 0.8", "nDamageRand": "511 * 0.4", "nCostMana": "0"}, {"nDamageBase": "583 * 0.8", "nDamageRand": "583 * 0.4", "nCostMana": "0"}, {"nDamageBase": "655 * 0.8", "nDamageRand": "655 * 0.4", "nCostMana": "0"}, {"nDamageBase": "727 * 0.8", "nDamageRand": "727 * 0.4", "nCostMana": "0"}]		CALL_PHYSICS_DAMAGE;EXECUTE_SCRIPT;SKILL_PHYSICS_DAMAGE;SKILL_PHYSICS_DAMAGE_RAND
丐帮\丐帮_狂龙乱舞_伤害2.lua	丐帮	bytecode	{}	[]	GetCDLeft	nChannelInterval;bIgnorePrepareState;nCostMana;nWeaponDamagePercent;nMinRadius;nMaxRadius;nAreaRadius;nAngleRange
丐帮\丐帮_狂龙乱舞_伤害3.lua	丐帮	plain	{"nMinRadius": "0 * LENGTH_BASE", "nMaxRadius": "8 * LENGTH_BASE", "nAngleRange": "256", "nAreaRadius": "5 * LENGTH_BASE", "nChannelInterval": "24 * 1.2", "bIgnorePrepareState": "true", "nWeaponDamagePercent": "0"}	[{"nDamageBase": "151 * 0.8", "nDamageRand": "151 * 0.4", "nCostMana": "0"}, {"nDamageBase": "223 * 0.8", "nDamageRand": "223 * 0.4", "nCostMana": "0"}, {"nDamageBase": "295 * 0.8", "nDamageRand": "295 * 0.4", "nCostMana": "0"}, {"nDamageBase": "367 * 0.8", "nDamageRand": "367 * 0.4", "nCostMana": "0"}, {"nDamageBase": "439 * 0.8", "nDamageRand": "439 * 0.4", "nCostMana": "0"}, {"nDamageBase": "511 * 0.8", "nDamageRand": "511 * 0.4", "nCostMana": "0"}, {"nDamageBase": "583 * 0.8", "nDamageRand": "583 * 0.4", "nCostMana": "0"}, {"nDamageBase": "655 * 0.8", "nDamageRand": "655 * 0.4", "nCostMana": "0"}, {"nDamageBase": "727 * 0.8", "nDamageRand": "727 * 0.4", "nCostMana": "0"}]		CALL_PHYSICS_DAMAGE;EXECUTE_SCRIPT;SKILL_PHYSICS_DAMAGE;SKILL_PHYSICS_DAMAGE_RAND
丐帮\丐帮_狂龙乱舞_伤害4.lua	丐帮	plain	{"nMinRadius": "0 * LENGTH_BASE", "nMaxRadius": "8 * LENGTH_BASE", "nAngleRange": "256", "nAreaRadius": "5 * LENGTH_BASE", "nChannelInterval": "24 * 1.2", "bIgnorePrepareState": "true", "nWeaponDamagePercent": "0"}	[{"nDamageBase": "151 * 0.8", "nDamageRand": "151 * 0.4", "nCostMana": "0"}, {"nDamageBase": "223 * 0.8", "nDamageRand": "223 * 0.4", "nCostMana": "0"}, {"nDamageBase": "295 * 0.8", "nDamageRand": "295 * 0.4", "nCostMana": "0"}, {"nDamageBase": "367 * 0.8", "nDamageRand": "367 * 0.4", "nCostMana": "0"}, {"nDamageBase": "439 * 0.8", "nDamageRand": "439 * 0.4", "nCostMana": "0"}, {"nDamageBase": "511 * 0.8", "nDamageRand": "511 * 0.4", "nCostMana": "0"}, {"nDamageBase": "583 * 0.8", "nDamageRand": "583 * 0.4", "nCostMana": "0"}, {"nDamageBase": "655 * 0.8", "nDamageRand": "655 * 0.4", "nCostMana": "0"}, {"nDamageBase": "727 * 0.8", "nDamageRand": "727 * 0.4", "nCostMana": "0"}]		CALL_PHYSICS_DAMAGE;EXECUTE_SCRIPT;SKILL_PHYSICS_DAMAGE;SKILL_PHYSICS_DAMAGE_RAND
丐帮\丐帮_狂龙乱舞追加伤害.lua	丐帮	plain	{"nMinRadius": "0 * LENGTH_BASE", "nMaxRadius": "5 * LENGTH_BASE", "nAngleRange": "256", "nAreaRadius": "5 * LENGTH_BASE", "nChannelInterval": "30 * dwSkillLevel", "nWeaponDamagePercent": "0"}	[{"nDamageBase": "727 * 0.8", "nDamageRand": "727 * 0.4", "nCostMana": "0"}, {"nDamageBase": "727 * 0.8", "nDamageRand": "727 * 0.4", "nCostMana": "0"}, {"nDamageBase": "727 * 0.8", "nDamageRand": "727 * 0.4", "nCostMana": "0"}, {"nDamageBase": "727 * 0.8", "nDamageRand": "727 * 0.4", "nCostMana": "0"}, {"nDamageBase": "727 * 0.8", "nDamageRand": "727 * 0.4", "nCostMana": "0"}, {"nDamageBase": "727 * 0.8", "nDamageRand": "727 * 0.4", "nCostMana": "0"}, {"nDamageBase": "727 * 0.8", "nDamageRand": "727 * 0.4", "nCostMana": "0"}, {"nDamageBase": "727 * 0.8", "nDamageRand": "727 * 0.4", "nCostMana": "0"}, {"nDamageBase": "727 * 0.8", "nDamageRand": "727 * 0.4", "nCostMana": "0"}, {"nDamageBase": "727 * 0.8", "nDamageRand": "727 * 0.4", "nCostMana": "0"}, {"nDamageBase": "727 * 0.8", "nDamageRand": "727 * 0.4", "nCostMana": "0"}, {"nDamageBase": "727 * 0.8", "nDamageRand": "727 * 0.4", "nCostMana": "0"}, {"nDamageBase": "727 * 0.8", "nDamageRand": "727 * 0.4", "nCostMana": "0"}, {"nDamageBase": "727 * 0.8", "nDamageRand": "727 * 0.4", "nCostMana": "0"}, {"nDamageBase": "727 * 0.8", "nDamageRand": "727 * 0.4", "nCostMana": "0"}, {"nDamageBase": "727 * 0.8", "nDamageRand": "727 * 0.4", "nCostMana": "0"}, {"nDamageBase": "727 * 0.8", "nDamageRand": "727 * 0.4", "nCostMana": "0"}, {"nDamageBase": "727 * 0.8", "nDamageRand": "727 * 0.4", "nCostMana": "0"}, {"nDamageBase": "727 * 0.8", "nDamageRand": "727 * 0.4", "nCostMana": "0"}, {"nDamageBase": "727 * 0.8", "nDamageRand": "727 * 0.4", "nCostMana": "0"}]		CALL_PHYSICS_DAMAGE;SKILL_PHYSICS_DAMAGE;SKILL_PHYSICS_DAMAGE_RAND
丐帮\丐帮_飞龙在天·四段.lua	丐帮	plain	{"nCostSprintPower": "20 * CONSUME_BASE", "nMinRadius": "7 * LENGTH_BASE", "nMaxRadius": "12 * LENGTH_BASE", "nAngleRange": "128", "nChannelInterval": "100*1.1", "nWeaponDamagePercent": "0"}	[{"nDamageBase": "0", "nDamageRand": "0", "nCostMana": "0"}, {"nDamageBase": "0", "nDamageRand": "0", "nCostMana": "0"}, {"nDamageBase": "0", "nDamageRand": "0", "nCostMana": "0"}, {"nDamageBase": "0", "nDamageRand": "0", "nCostMana": "0"}, {"nDamageBase": "0", "nDamageRand": "0", "nCostMana": "0"}, {"nDamageBase": "0", "nDamageRand": "0", "nCostMana": "0"}, {"nDamageBase": "0", "nDamageRand": "0", "nCostMana": "0"}, {"nDamageBase": "0", "nDamageRand": "0", "nCostMana": "0"}, {"nDamageBase": "0", "nDamageRand": "0", "nCostMana": "0"}, {"nDamageBase": "0", "nDamageRand": "0", "nCostMana": "0"}]	SetPublicCoolDown(590);SetCheckCoolDown(1, 444);SetNormalCoolDown(1, 1297)	CALL_PHYSICS_DAMAGE;EXECUTE_SCRIPT;SKILL_MOVE;SKILL_PHYSICS_DAMAGE;SKILL_PHYSICS_DAMAGE_RAND
丐帮\丐帮_龙战于野.lua	丐帮	bytecode	{}	[]	SetPublicCoolDown;SetNormalCoolDown;SetCheckCoolDown	nCostMana;nCostSprintPower;nWeaponDamagePercent;nMaxRadius;nAngleRange
丐帮\丐帮_龙战于野·二段.lua	丐帮	bytecode	{}	[]	SetPublicCoolDown;SetCheckCoolDown;ClearCDTime	nCostMana;nCostSprintPower;nWeaponDamagePercent;nMaxRadius;nAngleRange
丐帮\丐帮_龙战于野·二段复制.lua	丐帮	bytecode	{}	[]	SetPublicCoolDown;SetCheckCoolDown;ClearCDTime	nCostMana;nCostSprintPower;nWeaponDamagePercent;nMaxRadius;nAngleRange
丐帮\丐帮_龙跃于渊.lua	丐帮	bytecode	{}	[]	SetPublicCoolDown;SetNormalCoolDown;SetCheckCoolDown;ModifyCoolDown	nCostMana;nCostSprintPower;nWeaponDamagePercent;nMaxRadius;nAngleRange
丐帮\丐帮_龙跃于渊_伤害命中触发相关.lua	丐帮	bytecode	{}	[]		nCostMana
丐帮\丐帮动物怪通用被击.lua	丐帮	plain	{}	[]		
丐帮\亢龙6.lua	丐帮	plain	{"nMinRadius": "0 * LENGTH_BASE", "nMaxRadius": "8 * LENGTH_BASE", "nAngleRange": "100", "nChannelInterval": "tSkillCoefficient[8481].skillnChannelInterval(dwSkillLevel)", "bIgnorePrepareState": "true", "nWeaponDamagePercent": "0"}	[{"nDamageBase": "11 * 0.95", "nDamageRand": "30 * 0.1", "nCostMana": "0"}, {"nDamageBase": "14 * 0.95", "nDamageRand": "30 * 0.1", "nCostMana": "0"}, {"nDamageBase": "16 * 0.95", "nDamageRand": "30 * 0.1", "nCostMana": "0"}, {"nDamageBase": "18 * 0.95", "nDamageRand": "30 * 0.1", "nCostMana": "0"}, {"nDamageBase": "20 * 0.95", "nDamageRand": "30 * 0.1", "nCostMana": "0"}, {"nDamageBase": "22 * 0.95", "nDamageRand": "30 * 0.1", "nCostMana": "0"}, {"nDamageBase": "24 * 0.95", "nDamageRand": "30 * 0.1", "nCostMana": "0"}, {"nDamageBase": "26 * 0.95", "nDamageRand": "30 * 0.1", "nCostMana": "0"}, {"nDamageBase": "28 * 0.95", "nDamageRand": "30 * 0.1", "nCostMana": "0"}, {"nDamageBase": "30 * 0.95", "nDamageRand": "30 * 0.1", "nCostMana": "0"}, {"nDamageBase": "32 * 0.95", "nDamageRand": "30 * 0.1", "nCostMana": "0"}, {"nDamageBase": "34 * 0.95", "nDamageRand": "30 * 0.1", "nCostMana": "0"}, {"nDamageBase": "36 * 0.95", "nDamageRand": "30 * 0.1", "nCostMana": "0"}, {"nDamageBase": "38 * 0.95", "nDamageRand": "30 * 0.1", "nCostMana": "0"}, {"nDamageBase": "40 * 0.95", "nDamageRand": "30 * 0.1", "nCostMana": "0"}, {"nDamageBase": "42 * 0.95", "nDamageRand": "30 * 0.1", "nCostMana": "0"}, {"nDamageBase": "44 * 0.95", "nDamageRand": "30 * 0.1", "nCostMana": "0"}, {"nDamageBase": "46 * 0.95", "nDamageRand": "30 * 0.1", "nCostMana": "0"}, {"nDamageBase": "48 * 0.95", "nDamageRand": "30 * 0.1", "nCostMana": "0"}, {"nDamageBase": "50 * 0.95", "nDamageRand": "30 * 0.1", "nCostMana": "0"}]		CALL_BUFF;CALL_PHYSICS_DAMAGE;DEL_SINGLE_BUFF_BY_ID_AND_LEVEL;DEL_SINGLE_GROUP_BUFF_BY_ID_AND_LEVEL;EXECUTE_SCRIPT;SKILL_PHYSICS_DAMAGE;SKILL_PHYSICS_DAMAGE_RAND
丐帮\亢龙合一1.lua	丐帮	bytecode	{}	[]		nChannelInterval;bIgnorePrepareState;nCostMana;nWeaponDamagePercent;nMinRadius;nMaxRadius;nAngleRange
丐帮\凤歌_狂龙乱舞加dot.lua	丐帮	plain	{"nMaxRadius": "20 * LENGTH_BASE", "nAngleRange": "256", "nChannelInterval": "300 * 1.15 * 1.2 *1.15*1.1", "nWeaponDamagePercent": "0"}	[{"nDamageBase": "0", "nDamageRand": "0", "nCostMana": "0"}, {"nDamageBase": "0", "nDamageRand": "0", "nCostMana": "0"}, {"nDamageBase": "0", "nDamageRand": "0", "nCostMana": "0"}, {"nDamageBase": "0", "nDamageRand": "0", "nCostMana": "0"}, {"nDamageBase": "0", "nDamageRand": "0", "nCostMana": "0"}, {"nDamageBase": "0", "nDamageRand": "0", "nCostMana": "0"}, {"nDamageBase": "0", "nDamageRand": "0", "nCostMana": "0"}, {"nDamageBase": "0", "nDamageRand": "0", "nCostMana": "0"}, {"nDamageBase": "0", "nDamageRand": "0", "nCostMana": "0"}, {"nDamageBase": "0", "nDamageRand": "0", "nCostMana": "0"}]		EXECUTE_SCRIPT
丐帮\烟雨行.lua	丐帮	plain	{"nCostSprintPower": "20 * CONSUME_BASE", "nMaxRadius": "4 * LENGTH_BASE", "nAngleRange": "256", "nWeaponDamagePercent": "0"}	[{"nDamageBase": "0", "nDamageRand": "0", "nCostMana": "0"}, {"nDamageBase": "0", "nDamageRand": "0", "nCostMana": "0"}, {"nDamageBase": "0", "nDamageRand": "0", "nCostMana": "0"}, {"nDamageBase": "0", "nDamageRand": "0", "nCostMana": "0"}, {"nDamageBase": "0", "nDamageRand": "0", "nCostMana": "0"}, {"nDamageBase": "0", "nDamageRand": "0", "nCostMana": "0"}, {"nDamageBase": "0", "nDamageRand": "0", "nCostMana": "0"}, {"nDamageBase": "0", "nDamageRand": "0", "nCostMana": "0"}, {"nDamageBase": "0", "nDamageRand": "0", "nCostMana": "0"}, {"nDamageBase": "0", "nDamageRand": "0", "nCostMana": "0"}]	SetNormalCoolDown(1, 621);SetNormalCoolDown(2, 3086);SetCheckCoolDown(1, 444)	EXECUTE_SCRIPT
丐帮\狂龙乱舞目标记录.lua	丐帮	bytecode	{}	[]		nCostMana
丐帮\笑醉狂.lua	丐帮	bytecode	{}	[]	SetNormalCoolDown;SetCheckCoolDown	nChannelFrame;nChannelInterval;nCostMana;nCostSprintPower;nWeaponDamagePercent;nMinRadius;nMaxRadius;nAreaRadius;nAngleRange;nBeatBackRate;nBrokenRate
丐帮\苍龙戾天标记伤害触发.lua	丐帮	bytecode	{}	[]		nCostMana
丐帮\醉拳造成伤害次数判定.lua	丐帮	plain	{"bIgnorePrepareState": "true", "nMinRadius": "0 * LENGTH_BASE", "nMaxRadius": "8 * LENGTH_BASE", "nAngleRange": "256", "nAreaRadius": "25 * LENGTH_BASE"}	[{"nAddRage": "0", "nCostRage": "10", "nDamageBase": "16 * 0.95", "nDamageRand": "16 * 0.1"}, {"nAddRage": "0", "nCostRage": "10", "nDamageBase": "22 * 0.95", "nDamageRand": "22 * 0.1"}, {"nAddRage": "0", "nCostRage": "10", "nDamageBase": "16 * 0.95", "nDamageRand": "16 * 0.1"}, {"nAddRage": "0", "nCostRage": "10", "nDamageBase": "22 * 0.95", "nDamageRand": "22 * 0.1"}, {"nAddRage": "0", "nCostRage": "10", "nDamageBase": "16 * 0.95", "nDamageRand": "16 * 0.1"}, {"nAddRage": "0", "nCostRage": "10", "nDamageBase": "22 * 0.95", "nDamageRand": "22 * 0.1"}]		EXECUTE_SCRIPT
丐帮\醉拳造成伤害次数判定2.lua	丐帮	plain	{"bIgnorePrepareState": "true", "nMinRadius": "0 * LENGTH_BASE", "nMaxRadius": "8 * LENGTH_BASE", "nAngleRange": "128", "nAreaRadius": "8 * LENGTH_BASE"}	[{"nAddRage": "0", "nCostRage": "10", "nDamageBase": "16 * 0.95", "nDamageRand": "16 * 0.1"}, {"nAddRage": "0", "nCostRage": "10", "nDamageBase": "22 * 0.95", "nDamageRand": "22 * 0.1"}, {"nAddRage": "0", "nCostRage": "10", "nDamageBase": "16 * 0.95", "nDamageRand": "16 * 0.1"}, {"nAddRage": "0", "nCostRage": "10", "nDamageBase": "22 * 0.95", "nDamageRand": "22 * 0.1"}, {"nAddRage": "0", "nCostRage": "10", "nDamageBase": "16 * 0.95", "nDamageRand": "16 * 0.1"}, {"nAddRage": "0", "nCostRage": "10", "nDamageBase": "22 * 0.95", "nDamageRand": "22 * 0.1"}]		EXECUTE_SCRIPT
丐帮\驯致亢龙额外易伤.lua	丐帮	bytecode	{}	[]		
丐帮\龙跃DOT溢出伤害.lua	丐帮	plain	{"bIgnorePrepareState": "true", "nMinRadius": "0 * LENGTH_BASE", "nMaxRadius": "40 * LENGTH_BASE", "nAngleRange": "256", "nAreaRadius": "40 * LENGTH_BASE", "nChannelInterval": "200"}	[{"nAddRage": "0", "nCostRage": "10", "nDamageBase": "160 * 0.95", "nDamageRand": "160 * 0.1"}, {"nAddRage": "0", "nCostRage": "10", "nDamageBase": "220 * 0.95", "nDamageRand": "220 * 0.1"}]		CALL_PHYSICS_DAMAGE;SKILL_PHYSICS_DAMAGE;SKILL_PHYSICS_DAMAGE_RAND
丐帮\龙跃免控添加.lua	丐帮	bytecode	{}	[]	OverDraft;AddCDTime	nCostMana
世界奇遇\金风倾楼\金风倾楼_卢任_扇形.lua	世界奇遇	bytecode	{}	[]		nPrepareFrames;nWeaponDamagePercent;nMinRadius;nMaxRadius;nAreaRadius;nAngleRange;nBeatBackRate;nBrokenRate
世界规则\无仇恨技能通用添加第一击.lua	世界规则	plain	{}	[{"nDamageBase": "0", "nDamageRand": "0", "nCostMana": "0"}, {"nDamageBase": "0", "nDamageRand": "0", "nCostMana": "0"}, {"nDamageBase": "0", "nDamageRand": "0", "nCostMana": "0"}, {"nDamageBase": "0", "nDamageRand": "0", "nCostMana": "0"}, {"nDamageBase": "0", "nDamageRand": "0", "nCostMana": "0"}, {"nDamageBase": "0", "nDamageRand": "0", "nCostMana": "0"}, {"nDamageBase": "0", "nDamageRand": "0", "nCostMana": "0"}, {"nDamageBase": "0", "nDamageRand": "0", "nCostMana": "0"}, {"nDamageBase": "0", "nDamageRand": "0", "nCostMana": "0"}, {"nDamageBase": "0", "nDamageRand": "0", "nCostMana": "0"}]		
五毒\五毒_万蛊真解_夺命蛊.lua	五毒	bytecode	{}	[]	SetCheckCoolDown	nCostMana;nMinRadius;nMaxRadius;nAngleRange
五毒\五毒_万蛊真解_枯残蛊.lua	五毒	bytecode	{}	[]	SetCheckCoolDown	nCostMana;nMinRadius;nMaxRadius;nAngleRange
五毒\五毒_万蛊真解_蚀心蛊.lua	五毒	bytecode	{}	[]	SetNormalCoolDown;SetCheckCoolDown	nPrepareFrames;nMinPrepareFrames;nCostMana;nCostSprintPower;nMinRadius;nMaxRadius;nAngleRange
五毒\五毒_万蛊真解_迷心蛊.lua	五毒	bytecode	{}	[]	SetCheckCoolDown	nCostMana;nMinRadius;nMaxRadius;nAngleRange
五毒\五毒_五仙图录_百足.lua	五毒	bytecode	{}	[]	SetPublicCoolDown;SetNormalCoolDown;SetCheckCoolDown;ModifyCoolDown	nChannelInterval;nCostRage;nCostSprintPower;nMinRadius;nMaxRadius;nAreaRadius;nAngleRange
五毒\五毒_五仙图录_蛇影.lua	五毒	bytecode	{}	[]	SetPublicCoolDown;SetCheckCoolDown;ModifyCoolDown	nCostRage;nCostSprintPower;nMinRadius;nMaxRadius;nAngleRange
五毒\五毒_五仙图录_蟾啸.lua	五毒	bytecode	{}	[]	SetPublicCoolDown;SetNormalCoolDown;SetCheckCoolDown;ModifyCoolDown	nChannelInterval;nCostMana;nCostSprintPower;nMinRadius;nMaxRadius;nAreaRadius;nAngleRange
五毒\五毒_大荒驭龙_毒饵.lua	五毒	bytecode	{}	[]	SetPublicCoolDown;SetNormalCoolDown;SetCheckCoolDown;ClearCDTime	nCostMana;nCostSprintPower;nMinRadius;nMaxRadius;nAngleRange;nBeatBackRate;nBrokenRate
五毒\五毒_大荒驭龙_蛊虫献祭.lua	五毒	bytecode	{}	[]	SetNormalCoolDown;SetCheckCoolDown;ClearCDTime	nCostSprintPower;nMinRadius;nMaxRadius;nAreaRadius;nAngleRange;nBeatBackRate;nBrokenRate
五毒\五毒_夺命蛊_对友方.lua	五毒	plain	{"nMinRadius": "0 * LENGTH_BASE", "nMaxRadius": "20 * LENGTH_BASE", "nAngleRange": "256"}	[{"nDamageBase": "34 * 0.95", "nDamageRand": "34 * 0.1", "nCostMana": "13"}, {"nDamageBase": "62 * 0.95", "nDamageRand": "62 * 0.1", "nCostMana": "24"}, {"nDamageBase": "87 * 0.95", "nDamageRand": "87 * 0.1", "nCostMana": "38"}, {"nDamageBase": "113 * 0.95", "nDamageRand": "113 * 0.1", "nCostMana": "49"}, {"nDamageBase": "138 * 0.95", "nDamageRand": "138 * 0.1", "nCostMana": "60"}, {"nDamageBase": "163 * 0.95", "nDamageRand": "163 * 0.1", "nCostMana": "70"}, {"nDamageBase": "188 * 0.95", "nDamageRand": "188 * 0.1", "nCostMana": "81"}, {"nDamageBase": "230 * 0.95", "nDamageRand": "230 * 0.1", "nCostMana": "92"}, {"nDamageBase": "384 * 0.95", "nDamageRand": "384 * 0.1", "nCostMana": "102"}]	SetNormalCoolDown(1, 614)	
五毒\五毒_夺命蛊_对敌方.lua	五毒	plain	{"nMinRadius": "0 * LENGTH_BASE", "nMaxRadius": "30 * LENGTH_BASE", "nAngleRange": "256"}	[{"nDamageBase": "34  * 0.95", "nDamageRand": "34  * 0.1", "nCostMana": "13"}, {"nDamageBase": "62  * 0.95", "nDamageRand": "62  * 0.1", "nCostMana": "24"}, {"nDamageBase": "87  * 0.95", "nDamageRand": "87  * 0.1", "nCostMana": "38"}, {"nDamageBase": "113 * 0.95", "nDamageRand": "113 * 0.1", "nCostMana": "49"}, {"nDamageBase": "138 * 0.95", "nDamageRand": "138 * 0.1", "nCostMana": "60"}, {"nDamageBase": "163 * 0.95", "nDamageRand": "163 * 0.1", "nCostMana": "70"}, {"nDamageBase": "188 * 0.95", "nDamageRand": "188 * 0.1", "nCostMana": "81"}, {"nDamageBase": "230 * 0.95", "nDamageRand": "230 * 0.1", "nCostMana": "92"}, {"nDamageBase": "384 * 0.95", "nDamageRand": "384 * 0.1", "nCostMana": "102"}]	SetNormalCoolDown(1, 402)	CALL_POISON_DAMAGE;SKILL_POISON_DAMAGE;SKILL_POISON_DAMAGE_RAND
五毒\五毒_枯残蛊_对友方.lua	五毒	plain	{"nMinRadius": "0 * LENGTH_BASE", "nMaxRadius": "20 * LENGTH_BASE", "nAngleRange": "256"}	[{"nDamageBase": "34  * 0.95", "nDamageRand": "34  * 0.1", "nCostMana": "13"}, {"nDamageBase": "62  * 0.95", "nDamageRand": "62  * 0.1", "nCostMana": "24"}, {"nDamageBase": "87  * 0.95", "nDamageRand": "87  * 0.1", "nCostMana": "38"}, {"nDamageBase": "113 * 0.95", "nDamageRand": "113 * 0.1", "nCostMana": "49"}, {"nDamageBase": "138 * 0.95", "nDamageRand": "138 * 0.1", "nCostMana": "60"}, {"nDamageBase": "163 * 0.95", "nDamageRand": "163 * 0.1", "nCostMana": "70"}, {"nDamageBase": "188 * 0.95", "nDamageRand": "188 * 0.1", "nCostMana": "81"}, {"nDamageBase": "230 * 0.95", "nDamageRand": "230 * 0.1", "nCostMana": "92"}, {"nDamageBase": "384 * 0.95", "nDamageRand": "384 * 0.1", "nCostMana": "102"}]	SetNormalCoolDown(1, 616)	DETACH_SINGLE_BUFF
五毒\五毒_枯残蛊_对敌方.lua	五毒	plain	{"nMinRadius": "0 * LENGTH_BASE", "nMaxRadius": "30 * LENGTH_BASE", "nAngleRange": "256"}	[{"nDamageBase": "28  * 0.95", "nDamageRand": "28  * 0.1", "nCostMana": "22"}, {"nDamageBase": "75  * 0.95", "nDamageRand": "75  * 0.1", "nCostMana": "35"}, {"nDamageBase": "92  * 0.95", "nDamageRand": "92  * 0.1", "nCostMana": "46"}, {"nDamageBase": "108 * 0.95", "nDamageRand": "108 * 0.1", "nCostMana": "57"}, {"nDamageBase": "125 * 0.95", "nDamageRand": "125 * 0.1", "nCostMana": "68"}, {"nDamageBase": "153 * 0.95", "nDamageRand": "153 * 0.1", "nCostMana": "79"}, {"nDamageBase": "256 * 0.95", "nDamageRand": "256 * 0.1", "nCostMana": "90"}, {"nDamageBase": "230 * 0.95", "nDamageRand": "230 * 0.1", "nCostMana": "100"}]	SetNormalCoolDown(1, 402);SetCheckCoolDown(1, 444)	CALL_POISON_DAMAGE;SKILL_POISON_DAMAGE;SKILL_POISON_DAMAGE_RAND
五毒\五毒_毒蛊触发_蝎心夺命.lua	五毒	plain	{"nMinRadius": "0 * LENGTH_BASE", "nMaxRadius": "30 * LENGTH_BASE", "nAngleRange": "256", "nChannelInterval": "25*1.1"}	[{"nAddRage": "0", "nCostRage": "10", "nDamageBase": "51/7*0.95", "nDamageRand": "51/7*0.1"}, {"nAddRage": "0", "nCostRage": "10", "nDamageBase": "66/7*0.95", "nDamageRand": "66/7*0.1"}, {"nAddRage": "0", "nCostRage": "10", "nDamageBase": "80/7*0.95", "nDamageRand": "80/7*0.1"}, {"nAddRage": "0", "nCostRage": "10", "nDamageBase": "95/7*0.95", "nDamageRand": "95/7*0.1"}, {"nAddRage": "0", "nCostRage": "10", "nDamageBase": "109/7*0.95", "nDamageRand": "109/7*0.1"}, {"nAddRage": "0", "nCostRage": "10", "nDamageBase": "124/7*0.95", "nDamageRand": "124/7*0.1"}, {"nAddRage": "0", "nCostRage": "10", "nDamageBase": "139/7*0.95", "nDamageRand": "139/7*0.1"}, {"nAddRage": "0", "nCostRage": "10", "nDamageBase": "153/7*0.95", "nDamageRand": "153/7*0.1"}, {"nAddRage": "0", "nCostRage": "10", "nDamageBase": "168/7*0.95", "nDamageRand": "168/7*0.1"}, {"nAddRage": "0", "nCostRage": "10", "nDamageBase": "182/7*0.95", "nDamageRand": "182/7*0.1"}, {"nAddRage": "0", "nCostRage": "10", "nDamageBase": "197/7*0.95", "nDamageRand": "197/7*0.1"}, {"nAddRage": "0", "nCostRage": "10", "nDamageBase": "212/7*0.95", "nDamageRand": "212/7*0.1"}, {"nAddRage": "0", "nCostRage": "10", "nDamageBase": "226/7*0.95", "nDamageRand": "226/7*0.1"}, {"nAddRage": "0", "nCostRage": "10", "nDamageBase": "241/7*0.95", "nDamageRand": "241/7*0.1"}, {"nAddRage": "0", "nCostRage": "10", "nDamageBase": "255/7*0.95", "nDamageRand": "255/7*0.1"}, {"nAddRage": "0", "nCostRage": "10", "nDamageBase": "270/7*0.95", "nDamageRand": "270/7*0.1"}, {"nAddRage": "0", "nCostRage": "10", "nDamageBase": "285/7*0.95", "nDamageRand": "285/7*0.1"}, {"nAddRage": "0", "nCostRage": "10", "nDamageBase": "299/7*0.95", "nDamageRand": "299/7*0.1"}, {"nAddRage": "0", "nCostRage": "10", "nDamageBase": "314/7*0.95", "nDamageRand": "314/7*0.1"}, {"nAddRage": "0", "nCostRage": "10", "nDamageBase": "328/7*0.95", "nDamageRand": "328/7*0.1"}, {"nAddRage": "0", "nCostRage": "10", "nDamageBase": "343/7*0.95", "nDamageRand": "343/7*0.1"}, {"nAddRage": "0", "nCostRage": "10", "nDamageBase": "358/7*0.95", "nDamageRand": "358/7*0.1"}, {"nAddRage": "0", "nCostRage": "10", "nDamageBase": "372/7*0.95", "nDamageRand": "372/7*0.1"}, {"nAddRage": "0", "nCostRage": "10", "nDamageBase": "387/7*0.95", "nDamageRand": "387/7*0.1"}, {"nAddRage": "0", "nCostRage": "10", "nDamageBase": "401/7*0.95", "nDamageRand": "401/7*0.1"}, {"nAddRage": "0", "nCostRage": "10", "nDamageBase": "416/7*0.95", "nDamageRand": "416/7*0.1"}, {"nAddRage": "0", "nCostRage": "10", "nDamageBase": "431/7*0.95", "nDamageRand": "431/7*0.1"}, {"nAddRage": "0", "nCostRage": "10", "nDamageBase": "445/7*0.95", "nDamageRand": "445/7*0.1"}, {"nAddRage": "0", "nCostRage": "10", "nDamageBase": "460/7*0.95", "nDamageRand": "460/7*0.1"}, {"nAddRage": "0", "nCostRage": "10", "nDamageBase": "474/7*0.95", "nDamageRand": "474/7*0.1"}, {"nAddRage": "0", "nCostRage": "10", "nDamageBase": "489/7*0.95", "nDamageRand": "489/7*0.1"}]		CALL_POISON_DAMAGE;EXECUTE_SCRIPT;SKILL_POISON_DAMAGE;SKILL_POISON_DAMAGE_RAND
五毒\五毒_毒蛊触发_蝎心枯残.lua	五毒	plain	{"nMinRadius": "0 * LENGTH_BASE", "nMaxRadius": "30 * LENGTH_BASE", "nAngleRange": "256"}	[{"nAddRage": "0", "nCostRage": "10", "nDamageBase": "51/3*0.95", "nDamageRand": "51/3*0.1"}, {"nAddRage": "0", "nCostRage": "10", "nDamageBase": "66/3*0.95", "nDamageRand": "66/3*0.1"}, {"nAddRage": "0", "nCostRage": "10", "nDamageBase": "80/3*0.95", "nDamageRand": "80/3*0.1"}, {"nAddRage": "0", "nCostRage": "10", "nDamageBase": "95/3*0.95", "nDamageRand": "95/3*0.1"}, {"nAddRage": "0", "nCostRage": "10", "nDamageBase": "109/3*0.95", "nDamageRand": "109/3*0.1"}, {"nAddRage": "0", "nCostRage": "10", "nDamageBase": "124/3*0.95", "nDamageRand": "124/3*0.1"}, {"nAddRage": "0", "nCostRage": "10", "nDamageBase": "139/3*0.95", "nDamageRand": "139/3*0.1"}, {"nAddRage": "0", "nCostRage": "10", "nDamageBase": "153/3*0.95", "nDamageRand": "153/3*0.1"}, {"nAddRage": "0", "nCostRage": "10", "nDamageBase": "168/3*0.95", "nDamageRand": "168/3*0.1"}, {"nAddRage": "0", "nCostRage": "10", "nDamageBase": "182/3*0.95", "nDamageRand": "182/3*0.1"}, {"nAddRage": "0", "nCostRage": "10", "nDamageBase": "197/3*0.95", "nDamageRand": "197/3*0.1"}, {"nAddRage": "0", "nCostRage": "10", "nDamageBase": "212/3*0.95", "nDamageRand": "212/3*0.1"}, {"nAddRage": "0", "nCostRage": "10", "nDamageBase": "226/3*0.95", "nDamageRand": "226/3*0.1"}, {"nAddRage": "0", "nCostRage": "10", "nDamageBase": "241/3*0.95", "nDamageRand": "241/3*0.1"}, {"nAddRage": "0", "nCostRage": "10", "nDamageBase": "255/3*0.95", "nDamageRand": "255/3*0.1"}, {"nAddRage": "0", "nCostRage": "10", "nDamageBase": "270/3*0.95", "nDamageRand": "270/3*0.1"}, {"nAddRage": "0", "nCostRage": "10", "nDamageBase": "285/3*0.95", "nDamageRand": "285/3*0.1"}, {"nAddRage": "0", "nCostRage": "10", "nDamageBase": "299/3*0.95", "nDamageRand": "299/3*0.1"}, {"nAddRage": "0", "nCostRage": "10", "nDamageBase": "314/3*0.95", "nDamageRand": "314/3*0.1"}, {"nAddRage": "0", "nCostRage": "10", "nDamageBase": "328/3*0.95", "nDamageRand": "328/3*0.1"}, {"nAddRage": "0", "nCostRage": "10", "nDamageBase": "343/3*0.95", "nDamageRand": "343/3*0.1"}, {"nAddRage": "0", "nCostRage": "10", "nDamageBase": "358/3*0.95", "nDamageRand": "358/3*0.1"}, {"nAddRage": "0", "nCostRage": "10", "nDamageBase": "372/3*0.95", "nDamageRand": "372/3*0.1"}, {"nAddRage": "0", "nCostRage": "10", "nDamageBase": "387/3*0.95", "nDamageRand": "387/3*0.1"}, {"nAddRage": "0", "nCostRage": "10", "nDamageBase": "401/3*0.95", "nDamageRand": "401/3*0.1"}, {"nAddRage": "0", "nCostRage": "10", "nDamageBase": "416/3*0.95", "nDamageRand": "416/3*0.1"}, {"nAddRage": "0", "nCostRage": "10", "nDamageBase": "431/3*0.95", "nDamageRand": "431/3*0.1"}, {"nAddRage": "0", "nCostRage": "10", "nDamageBase": "445/3*0.95", "nDamageRand": "445/3*0.1"}, {"nAddRage": "0", "nCostRage": "10", "nDamageBase": "460/3*0.95", "nDamageRand": "460/3*0.1"}, {"nAddRage": "0", "nCostRage": "10", "nDamageBase": "474/3*0.95", "nDamageRand": "474/3*0.1"}, {"nAddRage": "0", "nCostRage": "10", "nDamageBase": "489/3*0.95", "nDamageRand": "489/3*0.1"}]		
五毒\五毒_毒蛊触发_蝎心迷心.lua	五毒	plain	{"nMinRadius": "0 * LENGTH_BASE", "nMaxRadius": "30 * LENGTH_BASE", "nAngleRange": "256"}	[{"nAddRage": "0", "nCostRage": "10", "nDamageBase": "51/3*0.95", "nDamageRand": "51/3*0.1"}, {"nAddRage": "0", "nCostRage": "10", "nDamageBase": "66/3*0.95", "nDamageRand": "66/3*0.1"}, {"nAddRage": "0", "nCostRage": "10", "nDamageBase": "80/3*0.95", "nDamageRand": "80/3*0.1"}, {"nAddRage": "0", "nCostRage": "10", "nDamageBase": "95/3*0.95", "nDamageRand": "95/3*0.1"}, {"nAddRage": "0", "nCostRage": "10", "nDamageBase": "109/3*0.95", "nDamageRand": "109/3*0.1"}, {"nAddRage": "0", "nCostRage": "10", "nDamageBase": "124/3*0.95", "nDamageRand": "124/3*0.1"}, {"nAddRage": "0", "nCostRage": "10", "nDamageBase": "139/3*0.95", "nDamageRand": "139/3*0.1"}, {"nAddRage": "0", "nCostRage": "10", "nDamageBase": "153/3*0.95", "nDamageRand": "153/3*0.1"}, {"nAddRage": "0", "nCostRage": "10", "nDamageBase": "168/3*0.95", "nDamageRand": "168/3*0.1"}, {"nAddRage": "0", "nCostRage": "10", "nDamageBase": "182/3*0.95", "nDamageRand": "182/3*0.1"}, {"nAddRage": "0", "nCostRage": "10", "nDamageBase": "197/3*0.95", "nDamageRand": "197/3*0.1"}, {"nAddRage": "0", "nCostRage": "10", "nDamageBase": "212/3*0.95", "nDamageRand": "212/3*0.1"}, {"nAddRage": "0", "nCostRage": "10", "nDamageBase": "226/3*0.95", "nDamageRand": "226/3*0.1"}, {"nAddRage": "0", "nCostRage": "10", "nDamageBase": "241/3*0.95", "nDamageRand": "241/3*0.1"}, {"nAddRage": "0", "nCostRage": "10", "nDamageBase": "255/3*0.95", "nDamageRand": "255/3*0.1"}, {"nAddRage": "0", "nCostRage": "10", "nDamageBase": "270/3*0.95", "nDamageRand": "270/3*0.1"}, {"nAddRage": "0", "nCostRage": "10", "nDamageBase": "285/3*0.95", "nDamageRand": "285/3*0.1"}, {"nAddRage": "0", "nCostRage": "10", "nDamageBase": "299/3*0.95", "nDamageRand": "299/3*0.1"}, {"nAddRage": "0", "nCostRage": "10", "nDamageBase": "314/3*0.95", "nDamageRand": "314/3*0.1"}, {"nAddRage": "0", "nCostRage": "10", "nDamageBase": "328/3*0.95", "nDamageRand": "328/3*0.1"}, {"nAddRage": "0", "nCostRage": "10", "nDamageBase": "343/3*0.95", "nDamageRand": "343/3*0.1"}, {"nAddRage": "0", "nCostRage": "10", "nDamageBase": "358/3*0.95", "nDamageRand": "358/3*0.1"}, {"nAddRage": "0", "nCostRage": "10", "nDamageBase": "372/3*0.95", "nDamageRand": "372/3*0.1"}, {"nAddRage": "0", "nCostRage": "10", "nDamageBase": "387/3*0.95", "nDamageRand": "387/3*0.1"}, {"nAddRage": "0", "nCostRage": "10", "nDamageBase": "401/3*0.95", "nDamageRand": "401/3*0.1"}, {"nAddRage": "0", "nCostRage": "10", "nDamageBase": "416/3*0.95", "nDamageRand": "416/3*0.1"}, {"nAddRage": "0", "nCostRage": "10", "nDamageBase": "431/3*0.95", "nDamageRand": "431/3*0.1"}, {"nAddRage": "0", "nCostRage": "10", "nDamageBase": "445/3*0.95", "nDamageRand": "445/3*0.1"}, {"nAddRage": "0", "nCostRage": "10", "nDamageBase": "460/3*0.95", "nDamageRand": "460/3*0.1"}, {"nAddRage": "0", "nCostRage": "10", "nDamageBase": "474/3*0.95", "nDamageRand": "474/3*0.1"}, {"nAddRage": "0", "nCostRage": "10", "nDamageBase": "489/3*0.95", "nDamageRand": "489/3*0.1"}]		CAST_SKILL_TARGET_DST
五毒\五毒_毒蛊触发_蝎心迷心实际控制.lua	五毒	bytecode	{}	[]	ModifyCoolDown	nCostRage;nMinRadius;nMaxRadius;nAngleRange
五毒\五毒_补天心经_女娲补天.lua	五毒	bytecode	{}	[]	SetPublicCoolDown;SetNormalCoolDown;SetCheckCoolDown	nCostMana;nCostSprintPower;nMinRadius;nMaxRadius;nAngleRange
五毒\五毒_补天心经_金蝉吐瑞.lua	五毒	bytecode	{}	[]	SetPublicCoolDown;SetNormalCoolDown;SetCheckCoolDown;OverDraft;AddCDTime	nCostMana;nCostSprintPower;nMinRadius;nMaxRadius;nAngleRange;nBeatBackRate;nBrokenRate
五毒\五毒_迷心蛊_对友方.lua	五毒	plain	{"nMinRadius": "0 * LENGTH_BASE", "nMaxRadius": "20 * LENGTH_BASE", "nAngleRange": "256"}	[{"nDamageBase": "34 * 0.95", "nDamageRand": "34 * 0.1", "nCostMana": "13"}, {"nDamageBase": "62 * 0.95", "nDamageRand": "62 * 0.1", "nCostMana": "24"}, {"nDamageBase": "87 * 0.95", "nDamageRand": "87 * 0.1", "nCostMana": "38"}, {"nDamageBase": "113 * 0.95", "nDamageRand": "113 * 0.1", "nCostMana": "49"}, {"nDamageBase": "138 * 0.95", "nDamageRand": "138 * 0.1", "nCostMana": "60"}, {"nDamageBase": "163 * 0.95", "nDamageRand": "163 * 0.1", "nCostMana": "70"}, {"nDamageBase": "188 * 0.95", "nDamageRand": "188 * 0.1", "nCostMana": "81"}, {"nDamageBase": "230 * 0.95", "nDamageRand": "230 * 0.1", "nCostMana": "92"}, {"nDamageBase": "384 * 0.95", "nDamageRand": "384 * 0.1", "nCostMana": "102"}]	SetNormalCoolDown(1, 615)	EXECUTE_SCRIPT
五毒\五毒_迷心蛊_对敌方.lua	五毒	plain	{"nMinRadius": "0 * LENGTH_BASE", "nMaxRadius": "30 * LENGTH_BASE", "nAngleRange": "256"}	[{"nDamageBase": "30  * 0.95", "nDamageRand": "30  * 0.1", "nCostMana": "22"}, {"nDamageBase": "54  * 0.95", "nDamageRand": "54  * 0.1", "nCostMana": "35"}, {"nDamageBase": "71  * 0.95", "nDamageRand": "71  * 0.1", "nCostMana": "46"}, {"nDamageBase": "87  * 0.95", "nDamageRand": "87  * 0.1", "nCostMana": "57"}, {"nDamageBase": "104 * 0.95", "nDamageRand": "104 * 0.1", "nCostMana": "68"}, {"nDamageBase": "121 * 0.95", "nDamageRand": "121 * 0.1", "nCostMana": "79"}, {"nDamageBase": "138 * 0.95", "nDamageRand": "138 * 0.1", "nCostMana": "90"}, {"nDamageBase": "230 * 0.95", "nDamageRand": "230 * 0.1", "nCostMana": "100"}]	SetNormalCoolDown(1, 402);SetCheckCoolDown(1, 444)	CALL_POISON_DAMAGE;SKILL_POISON_DAMAGE;SKILL_POISON_DAMAGE_RAND
五毒\引魂蛊术_玄水蛊.lua	五毒	bytecode	{}	[]	SetPublicCoolDown;SetNormalCoolDown;SetCheckCoolDown;ModifyCoolDown	nPrepareFrames;nCostMana;nCostSprintPower;nMinRadius;nMaxRadius;nAngleRange;nBulletVelocity
五毒\毒经小附魔.lua	五毒	plain	{}	[{"nDamageBase": "0", "nDamageRand": "0", "nCostMana": "0"}, {"nDamageBase": "0", "nDamageRand": "0", "nCostMana": "0"}, {"nDamageBase": "0", "nDamageRand": "0", "nCostMana": "0"}, {"nDamageBase": "0", "nDamageRand": "0", "nCostMana": "0"}, {"nDamageBase": "0", "nDamageRand": "0", "nCostMana": "0"}, {"nDamageBase": "0", "nDamageRand": "0", "nCostMana": "0"}, {"nDamageBase": "0", "nDamageRand": "0", "nCostMana": "0"}, {"nDamageBase": "0", "nDamageRand": "0", "nCostMana": "0"}, {"nDamageBase": "0", "nDamageRand": "0", "nCostMana": "0"}, {"nDamageBase": "0", "nDamageRand": "0", "nCostMana": "0"}]		SET_TALENT_RECIPE
五毒\百足被击.lua	五毒	plain	{}	[{"nDamageBase": "0", "nDamageRand": "0", "nCostMana": "0"}, {"nDamageBase": "0", "nDamageRand": "0", "nCostMana": "0"}, {"nDamageBase": "0", "nDamageRand": "0", "nCostMana": "0"}, {"nDamageBase": "0", "nDamageRand": "0", "nCostMana": "0"}, {"nDamageBase": "0", "nDamageRand": "0", "nCostMana": "0"}, {"nDamageBase": "0", "nDamageRand": "0", "nCostMana": "0"}, {"nDamageBase": "0", "nDamageRand": "0", "nCostMana": "0"}, {"nDamageBase": "0", "nDamageRand": "0", "nCostMana": "0"}, {"nDamageBase": "0", "nDamageRand": "0", "nCostMana": "0"}, {"nDamageBase": "0", "nDamageRand": "0", "nCostMana": "0"}]		
五毒\90级奇穴\五毒_毒经_夺命蛊对队友.lua	五毒	plain	{}	[{"nDamageBase": "0", "nDamageRand": "0", "nCostMana": "0"}, {"nDamageBase": "0", "nDamageRand": "0", "nCostMana": "0"}, {"nDamageBase": "0", "nDamageRand": "0", "nCostMana": "0"}, {"nDamageBase": "0", "nDamageRand": "0", "nCostMana": "0"}, {"nDamageBase": "0", "nDamageRand": "0", "nCostMana": "0"}, {"nDamageBase": "0", "nDamageRand": "0", "nCostMana": "0"}, {"nDamageBase": "0", "nDamageRand": "0", "nCostMana": "0"}, {"nDamageBase": "0", "nDamageRand": "0", "nCostMana": "0"}, {"nDamageBase": "0", "nDamageRand": "0", "nCostMana": "0"}, {"nDamageBase": "0", "nDamageRand": "0", "nCostMana": "0"}]		SET_TALENT_RECIPE
五毒\90级奇穴\五毒_毒经_枯残蛊对队友.lua	五毒	plain	{}	[{"nDamageBase": "0", "nDamageRand": "0", "nCostMana": "0"}, {"nDamageBase": "0", "nDamageRand": "0", "nCostMana": "0"}, {"nDamageBase": "0", "nDamageRand": "0", "nCostMana": "0"}, {"nDamageBase": "0", "nDamageRand": "0", "nCostMana": "0"}, {"nDamageBase": "0", "nDamageRand": "0", "nCostMana": "0"}, {"nDamageBase": "0", "nDamageRand": "0", "nCostMana": "0"}, {"nDamageBase": "0", "nDamageRand": "0", "nCostMana": "0"}, {"nDamageBase": "0", "nDamageRand": "0", "nCostMana": "0"}, {"nDamageBase": "0", "nDamageRand": "0", "nCostMana": "0"}, {"nDamageBase": "0", "nDamageRand": "0", "nCostMana": "0"}]		SET_TALENT_RECIPE
五毒\90级奇穴\五毒_毒经_迷心蛊对队友.lua	五毒	bytecode	{}	[]		nCostMana
五毒\90级奇穴\女娲治疗buff.lua	五毒	bytecode	{}	[]		
五毒\90级奇穴\引魂蛊术对敌方通用判定.lua	五毒	bytecode	{}	[]		nCostMana
五毒\90级奇穴\篾片蛊通用触发入口.lua	五毒	plain	{}	[{"nDamageBase": "0", "nDamageRand": "0", "nCostMana": "0"}, {"nDamageBase": "0", "nDamageRand": "0", "nCostMana": "0"}, {"nDamageBase": "0", "nDamageRand": "0", "nCostMana": "0"}, {"nDamageBase": "0", "nDamageRand": "0", "nCostMana": "0"}, {"nDamageBase": "0", "nDamageRand": "0", "nCostMana": "0"}, {"nDamageBase": "0", "nDamageRand": "0", "nCostMana": "0"}, {"nDamageBase": "0", "nDamageRand": "0", "nCostMana": "0"}, {"nDamageBase": "0", "nDamageRand": "0", "nCostMana": "0"}, {"nDamageBase": "0", "nDamageRand": "0", "nCostMana": "0"}, {"nDamageBase": "0", "nDamageRand": "0", "nCostMana": "0"}]		
五毒\90级奇穴\虫魄通用判定.lua	五毒	bytecode	{}	[]	ModifyCoolDown;AddCDTime	nCostMana
八荒衡鉴\肉鸽门派技能\万花_1段实际效果.lua	八荒衡鉴	plain	{"bIgnorePrepareState": "true", "nMinRadius": "0 * LENGTH_BASE", "nMaxRadius": "15 * LENGTH_BASE", "nAngleRange": "256", "nAreaRadius": "14.5 * LENGTH_BASE", "nChannelInterval": "86", "nBeatBackRate": "0 * PERCENT_BASE", "nBrokenRate": "0 * PERCENT_BASE"}	[{"nDamageBase": "0", "nDamageRand": "0", "nCostMana": "0"}]		CALL_ADAPTIVE_DAMAGE;EXECUTE_SCRIPT;SKILL_NEUTRAL_DAMAGE;SKILL_NEUTRAL_DAMAGE_RAND
八荒衡鉴\肉鸽门派技能\万花二段子弹表现.lua	八荒衡鉴	plain	{"bIgnorePrepareState": "true", "nMinRadius": "0 * LENGTH_BASE", "nMaxRadius": "30 * LENGTH_BASE", "nAngleRange": "256", "nAreaRadius": "30 * LENGTH_BASE", "nBeatBackRate": "0 * PERCENT_BASE", "nBrokenRate": "0 * PERCENT_BASE"}	[{"nDamageBase": "0", "nDamageRand": "0", "nCostMana": "0"}]		
八荒衡鉴\肉鸽门派技能\世界技能_凝夜.lua	八荒衡鉴	plain	{"bIgnorePrepareState": "true", "nMinRadius": "0 * LENGTH_BASE", "nMaxRadius": "20 * LENGTH_BASE", "nAngleRange": "256", "nAreaRadius": "20 * LENGTH_BASE", "nChannelInterval": "16", "nBulletVelocity": "0", "nBreakRate": "0"}	[{"nDamageBase": "0", "nDamageRand": "0", "nCostMana": "0"}]		CALL_BUFF;EXECUTE_SCRIPT
八荒衡鉴\肉鸽门派技能\世界技能_坠日_伤害范围判定.lua	八荒衡鉴	plain	{"bIgnorePrepareState": "true", "nMinRadius": "0 * LENGTH_BASE", "nMaxRadius": "8 * LENGTH_BASE", "nAngleRange": "256", "nAreaRadius": "8 * LENGTH_BASE"}	[{"nDamageBase": "0", "nDamageRand": "0", "nCostMana": "0"}, {"nDamageBase": "0", "nDamageRand": "0", "nCostMana": "0"}, {"nDamageBase": "0", "nDamageRand": "0", "nCostMana": "0"}, {"nDamageBase": "0", "nDamageRand": "0", "nCostMana": "0"}, {"nDamageBase": "0", "nDamageRand": "0", "nCostMana": "0"}, {"nDamageBase": "0", "nDamageRand": "0", "nCostMana": "0"}, {"nDamageBase": "0", "nDamageRand": "0", "nCostMana": "0"}, {"nDamageBase": "0", "nDamageRand": "0", "nCostMana": "0"}, {"nDamageBase": "0", "nDamageRand": "0", "nCostMana": "0"}, {"nDamageBase": "0", "nDamageRand": "0", "nCostMana": "0"}]		EXECUTE_SCRIPT
八荒衡鉴\肉鸽门派技能\世界技能_坠日_落实实际伤害.lua	八荒衡鉴	plain	{"bIgnorePrepareState": "true", "nChannelInterval": "1617", "nMinRadius": "0 * LENGTH_BASE", "nMaxRadius": "8 * LENGTH_BASE", "nAngleRange": "256", "nAreaRadius": "8 * LENGTH_BASE", "nBulletVelocity": "0", "nBreakRate": "0"}	[{"nDamageBase": "0", "nDamageRand": "0", "nCostMana": "0"}]		CALL_ADAPTIVE_DAMAGE;EXECUTE_SCRIPT;SKILL_PHYSICS_DAMAGE;SKILL_PHYSICS_DAMAGE_RAND
八荒衡鉴\肉鸽门派技能\世界技能_坠日实际运功效果.lua	八荒衡鉴	plain	{"bIgnorePrepareState": "true", "nMinRadius": "0 * LENGTH_BASE", "nMaxRadius": "8 * LENGTH_BASE", "nAngleRange": "256", "nAreaRadius": "8 * LENGTH_BASE", "nBulletVelocity": "0", "nBreakRate": "0"}	[{"nDamageBase": "0", "nDamageRand": "0", "nCostMana": "0"}]		EXECUTE_SCRIPT
八荒衡鉴\肉鸽门派技能\世界技能_百川.lua	八荒衡鉴	plain	{"nChannelInterval": "16", "nChannelFrame": "112", "nMinRadius": "0* LENGTH_BASE", "nMaxRadius": "20 * LENGTH_BASE", "nAngleRange": "256", "nMinChannelInterval": "1", "nAreaRadius": "20 * LENGTH_BASE"}	[{"nAddRage": "0", "nCostRage": "50", "nDamage": "94 *0.98*1.1", "nDamageRand": "94 *0.04"}, {"nAddRage": "0", "nCostRage": "50", "nDamage": "109*0.98*1.1", "nDamageRand": "109*0.04"}, {"nAddRage": "0", "nCostRage": "50", "nDamage": "125*0.98*1.1", "nDamageRand": "125*0.04"}, {"nAddRage": "0", "nCostRage": "50", "nDamage": "141*0.98*1.1", "nDamageRand": "141*0.04"}, {"nAddRage": "0", "nCostRage": "50", "nDamage": "157*0.98*1.1", "nDamageRand": "157*0.04"}, {"nAddRage": "0", "nCostRage": "50", "nDamage": "172*0.98*1.1", "nDamageRand": "172*0.04"}]	SetNormalCoolDown(1, 7044);SetNormalCoolDown(2, 7063)	EXECUTE_SCRIPT
八荒衡鉴\肉鸽门派技能\世界技能_百川自身判定.lua	八荒衡鉴	plain	{}	[{"nDamageBase": "0", "nDamageRand": "0", "nCostMana": "0"}, {"nDamageBase": "0", "nDamageRand": "0", "nCostMana": "0"}, {"nDamageBase": "0", "nDamageRand": "0", "nCostMana": "0"}, {"nDamageBase": "0", "nDamageRand": "0", "nCostMana": "0"}, {"nDamageBase": "0", "nDamageRand": "0", "nCostMana": "0"}, {"nDamageBase": "0", "nDamageRand": "0", "nCostMana": "0"}, {"nDamageBase": "0", "nDamageRand": "0", "nCostMana": "0"}, {"nDamageBase": "0", "nDamageRand": "0", "nCostMana": "0"}, {"nDamageBase": "0", "nDamageRand": "0", "nCostMana": "0"}, {"nDamageBase": "0", "nDamageRand": "0", "nCostMana": "0"}]		
八荒衡鉴\肉鸽门派技能\八荒衡鉴_静止状态增益2.lua	八荒衡鉴	plain	{}	[{"nDamageBase": "0", "nDamageRand": "0", "nCostMana": "0"}, {"nDamageBase": "0", "nDamageRand": "0", "nCostMana": "0"}, {"nDamageBase": "0", "nDamageRand": "0", "nCostMana": "0"}, {"nDamageBase": "0", "nDamageRand": "0", "nCostMana": "0"}, {"nDamageBase": "0", "nDamageRand": "0", "nCostMana": "0"}, {"nDamageBase": "0", "nDamageRand": "0", "nCostMana": "0"}, {"nDamageBase": "0", "nDamageRand": "0", "nCostMana": "0"}, {"nDamageBase": "0", "nDamageRand": "0", "nCostMana": "0"}, {"nDamageBase": "0", "nDamageRand": "0", "nCostMana": "0"}, {"nDamageBase": "0", "nDamageRand": "0", "nCostMana": "0"}]		
八荒衡鉴\肉鸽门派技能\天策_1段实际效果.lua	八荒衡鉴	plain	{"nMinRadius": "0 * LENGTH_BASE", "nMaxRadius": "20 * LENGTH_BASE", "nAngleRange": "256", "nAreaRadius": "17 * LENGTH_BASE", "nChannelInterval": "248", "nBeatBackRate": "0 * PERCENT_BASE", "nBrokenRate": "0 * PERCENT_BASE"}	[{"nDamageBase": "0", "nDamageRand": "0", "nCostMana": "0"}, {"nDamageBase": "0", "nDamageRand": "0", "nCostMana": "0"}]		CALL_ADAPTIVE_DAMAGE;CALL_KNOCKED_OFF_PARABOLA;SKILL_PHYSICS_DAMAGE;SKILL_PHYSICS_DAMAGE_RAND
八荒衡鉴\肉鸽门派技能\天策_2段终点额外伤害.lua	八荒衡鉴	plain	{"nMinRadius": "0 * LENGTH_BASE", "nMaxRadius": "20 * LENGTH_BASE", "nAngleRange": "256", "nAreaRadius": "8* LENGTH_BASE", "nChannelInterval": "197", "nBeatBackRate": "0 * PERCENT_BASE", "nBrokenRate": "0 * PERCENT_BASE"}	[{"nDamageBase": "0", "nDamageRand": "0"}, {"nDamageBase": "0", "nDamageRand": "0"}, {"nDamageBase": "0", "nDamageRand": "0"}, {"nDamageBase": "0", "nDamageRand": "0"}, {"nDamageBase": "0", "nDamageRand": "0"}]		CALL_ADAPTIVE_DAMAGE;CALL_KNOCKED_BACK_EXHALE;CALL_KNOCKED_OFF_PARABOLA;SKILL_PHYSICS_DAMAGE;SKILL_PHYSICS_DAMAGE_RAND
八荒衡鉴\肉鸽门派技能\特殊技能_月.lua	八荒衡鉴	plain	{"nMinRadius": "0 * LENGTH_BASE", "nMaxRadius": "12 * LENGTH_BASE", "nAngleRange": "256", "nAreaRadius": "10 * LENGTH_BASE", "nChannelInterval": "3072", "nWeaponDamagePercent": "0"}	[{"nDamageBase": "0", "nDamageRand": "0", "nCostMana": "0"}]	SetNormalCoolDown(1, 7038);SetCheckCoolDown(1, 7063)	CALL_ADAPTIVE_DAMAGE;CALL_KNOCKED_OFF_PARABOLA;EXECUTE_SCRIPT;SKILL_POISON_DAMAGE;SKILL_POISON_DAMAGE_RAND
八荒衡鉴\肉鸽门派技能\特殊技能_闪.lua	八荒衡鉴	plain	{"nMinRadius": "0 * LENGTH_BASE", "nMaxRadius": "12 * LENGTH_BASE", "nAngleRange": "256", "nAreaRadius": "12 * LENGTH_BASE", "nBulletVelocity": "0", "nBreakRate": "0"}	[{"nDamageBase": "0", "nDamageRand": "0", "nCostMana": "0"}]	SetNormalCoolDown(1, 7024);SetCheckCoolDown(1, 7063)	EXECUTE_SCRIPT
八荒衡鉴\肉鸽门派技能\藏剑_4段母技能.lua	八荒衡鉴	plain	{"nChannelInterval": "10", "nChannelFrame": "64", "nMinRadius": "0* LENGTH_BASE", "nMaxRadius": "6 * LENGTH_BASE", "nAngleRange": "256", "nBeatBackRate": "0 * PERCENT_BASE", "nBrokenRate": "0 * PERCENT_BASE"}	[{"nAddRage": "0", "nCostRage": "0", "nDamage": "0", "nDamageRand": "0"}]	SetPublicCoolDown(16);SetCheckCoolDown(1, 444);SetCheckCoolDown(2, 7063)	CAST_SKILL;DEL_SINGLE_BUFF_BY_ID_AND_LEVEL;DEL_SINGLE_GROUP_BUFF_BY_ID_AND_LEVEL
八荒衡鉴\肉鸽门派技能\被动会心效果.lua	八荒衡鉴	plain	{}	[{"nDamageBase": "0", "nDamageRand": "0", "nCostMana": "0"}, {"nDamageBase": "0", "nDamageRand": "0", "nCostMana": "0"}, {"nDamageBase": "0", "nDamageRand": "0", "nCostMana": "0"}, {"nDamageBase": "0", "nDamageRand": "0", "nCostMana": "0"}, {"nDamageBase": "0", "nDamageRand": "0", "nCostMana": "0"}, {"nDamageBase": "0", "nDamageRand": "0", "nCostMana": "0"}, {"nDamageBase": "0", "nDamageRand": "0", "nCostMana": "0"}, {"nDamageBase": "0", "nDamageRand": "0", "nCostMana": "0"}, {"nDamageBase": "0", "nDamageRand": "0", "nCostMana": "0"}, {"nDamageBase": "0", "nDamageRand": "0", "nCostMana": "0"}]		
八荒衡鉴\肉鸽门派技能\被动技能_A技能概率追加伤害.lua	八荒衡鉴	plain	{}	[{"nDamageBase": "0", "nDamageRand": "0", "nCostMana": "0"}, {"nDamageBase": "0", "nDamageRand": "0", "nCostMana": "0"}, {"nDamageBase": "0", "nDamageRand": "0", "nCostMana": "0"}, {"nDamageBase": "0", "nDamageRand": "0", "nCostMana": "0"}, {"nDamageBase": "0", "nDamageRand": "0", "nCostMana": "0"}, {"nDamageBase": "0", "nDamageRand": "0", "nCostMana": "0"}, {"nDamageBase": "0", "nDamageRand": "0", "nCostMana": "0"}, {"nDamageBase": "0", "nDamageRand": "0", "nCostMana": "0"}, {"nDamageBase": "0", "nDamageRand": "0", "nCostMana": "0"}, {"nDamageBase": "0", "nDamageRand": "0", "nCostMana": "0"}]		
八荒衡鉴\肉鸽门派技能\被动技能_基础系_移速快gcd也快.lua	八荒衡鉴	plain	{}	[{"nDamageBase": "0", "nDamageRand": "0", "nCostMana": "0"}, {"nDamageBase": "0", "nDamageRand": "0", "nCostMana": "0"}, {"nDamageBase": "0", "nDamageRand": "0", "nCostMana": "0"}, {"nDamageBase": "0", "nDamageRand": "0", "nCostMana": "0"}, {"nDamageBase": "0", "nDamageRand": "0", "nCostMana": "0"}, {"nDamageBase": "0", "nDamageRand": "0", "nCostMana": "0"}, {"nDamageBase": "0", "nDamageRand": "0", "nCostMana": "0"}, {"nDamageBase": "0", "nDamageRand": "0", "nCostMana": "0"}, {"nDamageBase": "0", "nDamageRand": "0", "nCostMana": "0"}, {"nDamageBase": "0", "nDamageRand": "0", "nCostMana": "0"}]		
凌雪阁\无间狱.lua	凌雪阁	bytecode	{}	[]	SetPublicCoolDown;SetNormalCoolDown;SetCheckCoolDown;ClearCDTime	nCostMana;nCostSprintPower;nMinRadius;nMaxRadius;nAngleRange
凌雪阁\无间狱拉扯伤害.lua	凌雪阁	bytecode	{}	[]		nChannelInterval;bIgnorePrepareState;nCostMana;nWeaponDamagePercent;nMinRadius;nMaxRadius;nAngleRange
凌雪阁\凌雪阁奇穴套路\疑战.lua	凌雪阁	bytecode	{}	[]		nCostMana;nMinRadius;nMaxRadius;nAreaRadius;nAngleRange
凌雪阁\套路及子技能\中断乱天狼表现技.lua	凌雪阁	plain	{"bIgnorePrepareState": "true"}	[{"nDamageBase": "0", "nDamageRand": "0", "nCostMana": "0"}, {"nDamageBase": "0", "nDamageRand": "0", "nCostMana": "0"}, {"nDamageBase": "0", "nDamageRand": "0", "nCostMana": "0"}, {"nDamageBase": "0", "nDamageRand": "0", "nCostMana": "0"}, {"nDamageBase": "0", "nDamageRand": "0", "nCostMana": "0"}, {"nDamageBase": "0", "nDamageRand": "0", "nCostMana": "0"}, {"nDamageBase": "0", "nDamageRand": "0", "nCostMana": "0"}, {"nDamageBase": "0", "nDamageRand": "0", "nCostMana": "0"}, {"nDamageBase": "0", "nDamageRand": "0", "nCostMana": "0"}, {"nDamageBase": "0", "nDamageRand": "0", "nCostMana": "0"}]		
凌雪阁\套路及子技能\乱天狼单手表现.lua	凌雪阁	plain	{"bIgnorePrepareState": "true"}	[{"nDamageBase": "0", "nDamageRand": "0", "nCostMana": "0"}, {"nDamageBase": "0", "nDamageRand": "0", "nCostMana": "0"}, {"nDamageBase": "0", "nDamageRand": "0", "nCostMana": "0"}, {"nDamageBase": "0", "nDamageRand": "0", "nCostMana": "0"}, {"nDamageBase": "0", "nDamageRand": "0", "nCostMana": "0"}, {"nDamageBase": "0", "nDamageRand": "0", "nCostMana": "0"}, {"nDamageBase": "0", "nDamageRand": "0", "nCostMana": "0"}, {"nDamageBase": "0", "nDamageRand": "0", "nCostMana": "0"}, {"nDamageBase": "0", "nDamageRand": "0", "nCostMana": "0"}, {"nDamageBase": "0", "nDamageRand": "0", "nCostMana": "0"}]		
凌雪阁\套路及子技能\孤风飒踏.lua	凌雪阁	bytecode	{}	[]	SetNormalCoolDown	nCostMana;nWeaponDamagePercent;nMinRadius;nMaxRadius;nAreaRadius;nAngleRange
凌雪阁\套路及子技能\孤风飒踏二段.lua	凌雪阁	bytecode	{}	[]	SetNormalCoolDown;SetCheckCoolDown	nCostMana;nCostSprintPower;nWeaponDamagePercent;nMinRadius;nMaxRadius;nAreaRadius;nAngleRange
凌雪阁\套路及子技能\孤风飒踏二段_黑豹.lua	凌雪阁	bytecode	{}	[]	SetNormalCoolDown;SetCheckCoolDown	nCostMana;nCostSprintPower;nWeaponDamagePercent;nMinRadius;nMaxRadius;nAreaRadius;nAngleRange
凌雪阁\套路及子技能\孤风飒踏冲刺.lua	凌雪阁	plain	{"nMinRadius": "0 * LENGTH_BASE", "nMaxRadius": "30 * LENGTH_BASE", "nAngleRange": "256", "nAreaRadius": "100 * LENGTH_BASE", "nWeaponDamagePercent": "0"}	[{"nDamageBase": "0", "nDamageRand": "0", "nCostMana": "0"}, {"nDamageBase": "0", "nDamageRand": "0", "nCostMana": "0"}, {"nDamageBase": "0", "nDamageRand": "0", "nCostMana": "0"}, {"nDamageBase": "0", "nDamageRand": "0", "nCostMana": "0"}, {"nDamageBase": "0", "nDamageRand": "0", "nCostMana": "0"}, {"nDamageBase": "0", "nDamageRand": "0", "nCostMana": "0"}, {"nDamageBase": "0", "nDamageRand": "0", "nCostMana": "0"}, {"nDamageBase": "0", "nDamageRand": "0", "nCostMana": "0"}, {"nDamageBase": "0", "nDamageRand": "0", "nCostMana": "0"}, {"nDamageBase": "0", "nDamageRand": "0", "nCostMana": "0"}]		CALL_BUFF;DASH_TO_POINT;EXECUTE_SCRIPT
凌雪阁\套路及子技能\孤风飒踏右手出链表现.lua	凌雪阁	plain	{"nMinRadius": "0 * LENGTH_BASE", "nMaxRadius": "40 * LENGTH_BASE", "nAngleRange": "256", "nSkillBulletType": "SKILL_BULLET_TYPE.LXG_WHIP", "nBulletVelocity": "100"}	[{"nDamageBase": "0", "nDamageRand": "0", "nCostMana": "0"}, {"nDamageBase": "0", "nDamageRand": "0", "nCostMana": "0"}, {"nDamageBase": "0", "nDamageRand": "0", "nCostMana": "0"}, {"nDamageBase": "0", "nDamageRand": "0", "nCostMana": "0"}, {"nDamageBase": "0", "nDamageRand": "0", "nCostMana": "0"}, {"nDamageBase": "0", "nDamageRand": "0", "nCostMana": "0"}, {"nDamageBase": "0", "nDamageRand": "0", "nCostMana": "0"}, {"nDamageBase": "0", "nDamageRand": "0", "nCostMana": "0"}, {"nDamageBase": "0", "nDamageRand": "0", "nCostMana": "0"}, {"nDamageBase": "0", "nDamageRand": "0", "nCostMana": "0"}]		
凌雪阁\套路及子技能\孤风飒踏左手出链表现.lua	凌雪阁	plain	{"nMinRadius": "0 * LENGTH_BASE", "nMaxRadius": "40 * LENGTH_BASE", "nAngleRange": "256", "nSkillBulletType": "SKILL_BULLET_TYPE.LXG_WHIP", "nBulletVelocity": "100"}	[{"nDamageBase": "0", "nDamageRand": "0", "nCostMana": "0"}, {"nDamageBase": "0", "nDamageRand": "0", "nCostMana": "0"}, {"nDamageBase": "0", "nDamageRand": "0", "nCostMana": "0"}, {"nDamageBase": "0", "nDamageRand": "0", "nCostMana": "0"}, {"nDamageBase": "0", "nDamageRand": "0", "nCostMana": "0"}, {"nDamageBase": "0", "nDamageRand": "0", "nCostMana": "0"}, {"nDamageBase": "0", "nDamageRand": "0", "nCostMana": "0"}, {"nDamageBase": "0", "nDamageRand": "0", "nCostMana": "0"}, {"nDamageBase": "0", "nDamageRand": "0", "nCostMana": "0"}, {"nDamageBase": "0", "nDamageRand": "0", "nCostMana": "0"}]		
凌雪阁\套路及子技能\斩无常增益技能.lua	凌雪阁	plain	{"nChannelInterval": "160 * 1.2", "nMinRadius": "0 * LENGTH_BASE", "nMaxRadius": "6 * LENGTH_BASE", "nAngleRange": "256", "nAreaRadius": "6 * LENGTH_BASE"}	[{"nAddRage": "0", "nCostRage": "0", "nDamageBase": "108", "nDamageRand": "3"}, {"nAddRage": "0", "nCostRage": "0", "nDamageBase": "124", "nDamageRand": "4"}, {"nAddRage": "0", "nCostRage": "0", "nDamageBase": "140", "nDamageRand": "5"}, {"nAddRage": "0", "nCostRage": "0", "nDamageBase": "156", "nDamageRand": "5"}, {"nAddRage": "0", "nCostRage": "0", "nDamageBase": "172", "nDamageRand": "6"}, {"nAddRage": "0", "nCostRage": "0", "nDamageBase": "188", "nDamageRand": "7"}, {"nAddRage": "0", "nCostRage": "0", "nDamageBase": "204", "nDamageRand": "8"}, {"nAddRage": "0", "nCostRage": "0", "nDamageBase": "220", "nDamageRand": "9"}, {"nAddRage": "0", "nCostRage": "0", "nDamageBase": "236", "nDamageRand": "9"}, {"nAddRage": "0", "nCostRage": "0", "nDamageBase": "252", "nDamageRand": "10"}]		EXECUTE_SCRIPT
凌雪阁\套路及子技能\无间狱修罗挥砍一.lua	凌雪阁	bytecode	{}	[]	ModifyCoolDown	nChannelInterval;bIgnorePrepareState;nCostMana;nMinRadius;nMaxRadius;nAreaRadius;nAngleRange
凌雪阁\套路及子技能\无间狱修罗挥砍二.lua	凌雪阁	bytecode	{}	[]	ModifyCoolDown	nChannelInterval;bIgnorePrepareState;nCostMana;nMinRadius;nMaxRadius;nAreaRadius;nAngleRange
凌雪阁\套路及子技能\无间狱修罗碰撞AOE伤害子技能.lua	凌雪阁	bytecode	{}	[]	ClearCDTime	nChannelInterval;bIgnorePrepareState;nCostMana;nMinRadius;nMaxRadius;nAreaRadius;nAngleRange
凌雪阁\套路及子技能\无间狱拉目标.lua	凌雪阁	plain	{"nMinRadius": "MELEE_ATTACK_DISTANCE", "nMaxRadius": "30 * LENGTH_BASE", "nAngleRange": "256"}	[{"nDamageBase": "0", "nDamageRand": "0", "nCostMana": "0"}, {"nDamageBase": "0", "nDamageRand": "0", "nCostMana": "0"}, {"nDamageBase": "0", "nDamageRand": "0", "nCostMana": "0"}, {"nDamageBase": "0", "nDamageRand": "0", "nCostMana": "0"}, {"nDamageBase": "0", "nDamageRand": "0", "nCostMana": "0"}, {"nDamageBase": "0", "nDamageRand": "0", "nCostMana": "0"}, {"nDamageBase": "0", "nDamageRand": "0", "nCostMana": "0"}, {"nDamageBase": "0", "nDamageRand": "0", "nCostMana": "0"}, {"nDamageBase": "0", "nDamageRand": "0", "nCostMana": "0"}, {"nDamageBase": "0", "nDamageRand": "0", "nCostMana": "0"}]		PULL
凌雪阁\套路及子技能\暗度·琴音共鸣.lua	凌雪阁	bytecode	{}	[]	SetPublicCoolDown;SetNormalCoolDown;SetCheckCoolDown	nCostMana;nCostSprintPower;nMinRadius;nMaxRadius;nAngleRange
凌雪阁\套路及子技能\暗度通用加十方.lua	凌雪阁	plain	{}	[{"nDamageBase": "0", "nDamageRand": "0", "nCostMana": "0"}, {"nDamageBase": "0", "nDamageRand": "0", "nCostMana": "0"}, {"nDamageBase": "0", "nDamageRand": "0", "nCostMana": "0"}, {"nDamageBase": "0", "nDamageRand": "0", "nCostMana": "0"}, {"nDamageBase": "0", "nDamageRand": "0", "nCostMana": "0"}, {"nDamageBase": "0", "nDamageRand": "0", "nCostMana": "0"}, {"nDamageBase": "0", "nDamageRand": "0", "nCostMana": "0"}, {"nDamageBase": "0", "nDamageRand": "0", "nCostMana": "0"}, {"nDamageBase": "0", "nDamageRand": "0", "nCostMana": "0"}, {"nDamageBase": "0", "nDamageRand": "0", "nCostMana": "0"}]		
凌雪阁\套路及子技能\疑战孤风飒踏二段击飞.lua	凌雪阁	plain	{"nMaxRadius": "20 * LENGTH_BASE", "nAngleRange": "256", "nAreaRadius": "6 * LENGTH_BASE", "nChannelInterval": "240", "nWeaponDamagePercent": "0"}	[{"nDamageBase": "186 * 0.95", "nDamageRand": "186 * 0.1", "nCostMana": "0"}, {"nDamageBase": "286 * 0.95", "nDamageRand": "286 * 0.1", "nCostMana": "0"}, {"nDamageBase": "386 * 0.95", "nDamageRand": "386 * 0.1", "nCostMana": "0"}, {"nDamageBase": "486 * 0.95", "nDamageRand": "486 * 0.1", "nCostMana": "0"}, {"nDamageBase": "586 * 0.95", "nDamageRand": "586 * 0.1", "nCostMana": "0"}, {"nDamageBase": "686 * 0.95", "nDamageRand": "686 * 0.1", "nCostMana": "0"}, {"nDamageBase": "786 * 0.95", "nDamageRand": "786 * 0.1", "nCostMana": "0"}, {"nDamageBase": "886 * 0.95", "nDamageRand": "886 * 0.1", "nCostMana": "0"}]		CALL_PHYSICS_DAMAGE;EXECUTE_SCRIPT;SKILL_MOVE;SKILL_PHYSICS_DAMAGE;SKILL_PHYSICS_DAMAGE_RAND
凌雪阁\套路及子技能\自身范围AOE.lua	凌雪阁	bytecode	{}	[]		nChannelInterval;bIgnorePrepareState;nCostMana;nMinRadius;nMaxRadius;nAreaRadius;nAngleRange
刀宗\刀宗_骤雨劲_洗兵雨.lua	刀宗	bytecode	{}	[]	SetNormalCoolDown;SetCheckCoolDown	nCostRage;nCostSprintPower;nMaxRadius;nAngleRange
刀宗\套路及子技能\游风飘踪击倒子技能.lua	刀宗	plain	{"nWeaponDamagePercent": "0", "nMinRadius": "0", "nMaxRadius": "30 * LENGTH_BASE", "nAngleRange": "256", "nPrepareFrames": "0", "nBulletVelocity": "0", "nDismountingRate": "1024", "nBreakRate": "0"}	[]		EXECUTE_SCRIPT_WITH_PARAM
刀宗\套路及子技能\破绽产生.lua	刀宗	plain	{"bIgnorePrepareState": "true", "nMinRadius": "0 * LENGTH_BASE", "nMaxRadius": "50 * LENGTH_BASE", "nAngleRange": "256"}	[{"nDamageBase": "0", "nDamageRand": "0", "nCostMana": "0"}, {"nDamageBase": "0", "nDamageRand": "0", "nCostMana": "0"}, {"nDamageBase": "0", "nDamageRand": "0", "nCostMana": "0"}, {"nDamageBase": "0", "nDamageRand": "0", "nCostMana": "0"}, {"nDamageBase": "0", "nDamageRand": "0", "nCostMana": "0"}, {"nDamageBase": "0", "nDamageRand": "0", "nCostMana": "0"}, {"nDamageBase": "0", "nDamageRand": "0", "nCostMana": "0"}, {"nDamageBase": "0", "nDamageRand": "0", "nCostMana": "0"}, {"nDamageBase": "0", "nDamageRand": "0", "nCostMana": "0"}, {"nDamageBase": "0", "nDamageRand": "0", "nCostMana": "0"}]		EXECUTE_SCRIPT
剑三moba\龙吟.lua	剑三moba	plain	{"nMinRadius": "0 * LENGTH_BASE", "nMaxRadius": "100 * LENGTH_BASE", "nAngleRange": "128", "nAreaRadius": "15 * LENGTH_BASE"}	[{"nDamageBase": "103140", "nDamageRand": "0", "nCostMana": "0"}, {"nDamageBase": "0", "nDamageRand": "0", "nCostMana": "0"}, {"nDamageBase": "0", "nDamageRand": "0", "nCostMana": "0"}, {"nDamageBase": "0", "nDamageRand": "0", "nCostMana": "0"}, {"nDamageBase": "0", "nDamageRand": "0", "nCostMana": "0"}, {"nDamageBase": "0", "nDamageRand": "0", "nCostMana": "0"}, {"nDamageBase": "0", "nDamageRand": "0", "nCostMana": "0"}, {"nDamageBase": "0", "nDamageRand": "0", "nCostMana": "0"}, {"nDamageBase": "0", "nDamageRand": "0", "nCostMana": "0"}, {"nDamageBase": "0", "nDamageRand": "0", "nCostMana": "0"}]		CALL_POISON_DAMAGE;SKILL_POISON_DAMAGE;SKILL_POISON_DAMAGE_RAND
北天药宗\北天药宗_腐生予馈.lua	北天药宗	bytecode	{}	[]	SetPublicCoolDown;SetNormalCoolDown;SetCheckCoolDown	nCostMana;nCostSprintPower;nMinRadius;nMaxRadius;nAngleRange
北天药宗\北天药宗奇穴套路\北天药宗_木通_温性寒性状态加强.lua	北天药宗	plain	{}	[{"nDamageBase": "0", "nDamageRand": "0", "nCostMana": "0"}, {"nDamageBase": "0", "nDamageRand": "0", "nCostMana": "0"}, {"nDamageBase": "0", "nDamageRand": "0", "nCostMana": "0"}, {"nDamageBase": "0", "nDamageRand": "0", "nCostMana": "0"}, {"nDamageBase": "0", "nDamageRand": "0", "nCostMana": "0"}, {"nDamageBase": "0", "nDamageRand": "0", "nCostMana": "0"}, {"nDamageBase": "0", "nDamageRand": "0", "nCostMana": "0"}, {"nDamageBase": "0", "nDamageRand": "0", "nCostMana": "0"}, {"nDamageBase": "0", "nDamageRand": "0", "nCostMana": "0"}, {"nDamageBase": "0", "nDamageRand": "0", "nCostMana": "0"}]		EXECUTE_SCRIPT
北天药宗\北天药宗奇穴套路\北天药宗_飘黄_逐云寒蕊增益.lua	北天药宗	plain	{"nMinRadius": "0 * LENGTH_BASE", "nMaxRadius": "20 * LENGTH_BASE", "nAngleRange": "256", "nAreaRadius": "50 * LENGTH_BASE"}	[{"nDamageBase": "0", "nDamageRand": "0", "nCostMana": "0"}, {"nDamageBase": "0", "nDamageRand": "0", "nCostMana": "0"}, {"nDamageBase": "0", "nDamageRand": "0", "nCostMana": "0"}, {"nDamageBase": "0", "nDamageRand": "0", "nCostMana": "0"}, {"nDamageBase": "0", "nDamageRand": "0", "nCostMana": "0"}, {"nDamageBase": "0", "nDamageRand": "0", "nCostMana": "0"}, {"nDamageBase": "0", "nDamageRand": "0", "nCostMana": "0"}, {"nDamageBase": "0", "nDamageRand": "0", "nCostMana": "0"}, {"nDamageBase": "0", "nDamageRand": "0", "nCostMana": "0"}, {"nDamageBase": "0", "nDamageRand": "0", "nCostMana": "0"}]		SET_TALENT_RECIPE
北天药宗\套路及子技能\北天药宗_棘丛于地伤害子技能.lua	北天药宗	bytecode	{}	[]		nChannelInterval;bIgnorePrepareState;nCostMana;nWeaponDamagePercent;nMinRadius;nMaxRadius;nAngleRange
北天药宗\套路及子技能\北天药宗_棘丛于地目标点方形.lua	北天药宗	plain	{"bIgnorePrepareState": "true", "nMinRadius": "0 * LENGTH_BASE", "nMaxRadius": "50 * LENGTH_BASE", "nAngleRange": "256", "nAreaRadius": "5 * LENGTH_BASE", "nChannelInterval": "240", "nWeaponDamagePercent": "0"}	[{"nDamageBase": "186 * 0.95", "nDamageRand": "186 * 0.1", "nCostMana": "0"}, {"nDamageBase": "286 * 0.95", "nDamageRand": "286 * 0.1", "nCostMana": "0"}, {"nDamageBase": "386 * 0.95", "nDamageRand": "386 * 0.1", "nCostMana": "0"}, {"nDamageBase": "486 * 0.95", "nDamageRand": "486 * 0.1", "nCostMana": "0"}, {"nDamageBase": "586 * 0.95", "nDamageRand": "586 * 0.1", "nCostMana": "0"}, {"nDamageBase": "686 * 0.95", "nDamageRand": "686 * 0.1", "nCostMana": "0"}, {"nDamageBase": "786 * 0.95", "nDamageRand": "786 * 0.1", "nCostMana": "0"}, {"nDamageBase": "886 * 0.95", "nDamageRand": "886 * 0.1", "nCostMana": "0"}]		EXECUTE_SCRIPT
北天药宗\套路及子技能\北天药宗_棘丛于地目标点方形0-5.lua	北天药宗	plain	{"bIgnorePrepareState": "true", "nMinRadius": "0 * LENGTH_BASE", "nMaxRadius": "50 * LENGTH_BASE", "nAngleRange": "256", "nAreaRadius": "5 * LENGTH_BASE", "nChannelInterval": "240", "nWeaponDamagePercent": "0"}	[{"nDamageBase": "186 * 0.95", "nDamageRand": "186 * 0.1", "nCostMana": "0"}, {"nDamageBase": "286 * 0.95", "nDamageRand": "286 * 0.1", "nCostMana": "0"}, {"nDamageBase": "386 * 0.95", "nDamageRand": "386 * 0.1", "nCostMana": "0"}, {"nDamageBase": "486 * 0.95", "nDamageRand": "486 * 0.1", "nCostMana": "0"}, {"nDamageBase": "586 * 0.95", "nDamageRand": "586 * 0.1", "nCostMana": "0"}, {"nDamageBase": "686 * 0.95", "nDamageRand": "686 * 0.1", "nCostMana": "0"}, {"nDamageBase": "786 * 0.95", "nDamageRand": "786 * 0.1", "nCostMana": "0"}, {"nDamageBase": "886 * 0.95", "nDamageRand": "886 * 0.1", "nCostMana": "0"}]		EXECUTE_SCRIPT
北天药宗\套路及子技能\北天药宗_棘丛于地目标点方形5-10.lua	北天药宗	plain	{"bIgnorePrepareState": "true", "nMinRadius": "0 * LENGTH_BASE", "nMaxRadius": "50 * LENGTH_BASE", "nAngleRange": "256", "nAreaRadius": "5 * LENGTH_BASE", "nChannelInterval": "240", "nWeaponDamagePercent": "0"}	[{"nDamageBase": "186 * 0.95", "nDamageRand": "186 * 0.1", "nCostMana": "0"}, {"nDamageBase": "286 * 0.95", "nDamageRand": "286 * 0.1", "nCostMana": "0"}, {"nDamageBase": "386 * 0.95", "nDamageRand": "386 * 0.1", "nCostMana": "0"}, {"nDamageBase": "486 * 0.95", "nDamageRand": "486 * 0.1", "nCostMana": "0"}, {"nDamageBase": "586 * 0.95", "nDamageRand": "586 * 0.1", "nCostMana": "0"}, {"nDamageBase": "686 * 0.95", "nDamageRand": "686 * 0.1", "nCostMana": "0"}, {"nDamageBase": "786 * 0.95", "nDamageRand": "786 * 0.1", "nCostMana": "0"}, {"nDamageBase": "886 * 0.95", "nDamageRand": "886 * 0.1", "nCostMana": "0"}]		EXECUTE_SCRIPT
北天药宗\套路及子技能\北天药宗_浅碧目标范围群免死.lua	北天药宗	plain	{"bIgnorePrepareState": "true", "nMinRadius": "0 * LENGTH_BASE", "nMaxRadius": "6 * LENGTH_BASE", "nAngleRange": "256", "nAreaRadius": "6 * LENGTH_BASE", "nChannelInterval": "24 * 1.5 * 1.3 * 0.8", "nWeaponDamagePercent": "0"}	[{"nCostMana": "0"}, {"nCostMana": "0"}, {"nCostMana": "0"}, {"nCostMana": "0"}, {"nCostMana": "0"}, {"nCostMana": "0"}, {"nCostMana": "0"}, {"nCostMana": "0"}, {"nCostMana": "0"}, {"nCostMana": "0"}, {"nCostMana": "0"}, {"nCostMana": "0"}, {"nCostMana": "0"}, {"nCostMana": "0"}, {"nCostMana": "0"}, {"nCostMana": "0"}, {"nCostMana": "0"}, {"nCostMana": "0"}, {"nCostMana": "0"}, {"nCostMana": "0"}, {"nCostMana": "0"}, {"nCostMana": "0"}, {"nCostMana": "0"}, {"nCostMana": "0"}, {"nCostMana": "0"}, {"nCostMana": "0"}, {"nCostMana": "0"}, {"nCostMana": "0"}, {"nCostMana": "0"}, {"nCostMana": "0"}, {"nCostMana": "0"}]		
北天药宗\套路及子技能\北天药宗_清嘉青川濯莲消耗自身气血治疗子技能.lua	北天药宗	plain	{"nMaxRadius": "50 * LENGTH_BASE", "nAngleRange": "256", "nChannelInterval": "200"}	[{"nCostMana": "115"}, {"nCostMana": "166"}, {"nCostMana": "205"}, {"nCostMana": "243"}, {"nCostMana": "282"}, {"nCostMana": "321"}, {"nCostMana": "359"}, {"nCostMana": "398"}, {"nCostMana": "398"}, {"nCostMana": "115"}, {"nCostMana": "166"}, {"nCostMana": "205"}, {"nCostMana": "243"}, {"nCostMana": "282"}, {"nCostMana": "321"}, {"nCostMana": "359"}, {"nCostMana": "398"}]		CALL_THERAPY;SKILL_THERAPY;SKILL_THERAPY_RAND
北天药宗\套路及子技能\北天药宗_游泽目标点群定身伤害子技能.lua	北天药宗	plain	{"bIgnorePrepareState": "true", "nMinRadius": "0 * LENGTH_BASE", "nMaxRadius": "30 * LENGTH_BASE", "nAngleRange": "256", "nAreaRadius": "6 * LENGTH_BASE", "nChannelInterval": "40", "nWeaponDamagePercent": "0"}	[{"nDamageBase": "30", "nDamageRand": "10", "nCostMana": "0"}, {"nDamageBase": "39", "nDamageRand": "10", "nCostMana": "0"}, {"nDamageBase": "48", "nDamageRand": "10", "nCostMana": "0"}, {"nDamageBase": "57", "nDamageRand": "10", "nCostMana": "0"}, {"nDamageBase": "66", "nDamageRand": "10", "nCostMana": "0"}, {"nDamageBase": "75", "nDamageRand": "10", "nCostMana": "0"}, {"nDamageBase": "84", "nDamageRand": "10", "nCostMana": "0"}, {"nDamageBase": "93", "nDamageRand": "10", "nCostMana": "0"}, {"nDamageBase": "102", "nDamageRand": "10", "nCostMana": "0"}, {"nDamageBase": "111", "nDamageRand": "10", "nCostMana": "0"}, {"nDamageBase": "120", "nDamageRand": "15", "nCostMana": "0"}, {"nDamageBase": "129", "nDamageRand": "15", "nCostMana": "0"}, {"nDamageBase": "138", "nDamageRand": "15", "nCostMana": "0"}, {"nDamageBase": "147", "nDamageRand": "15", "nCostMana": "0"}, {"nDamageBase": "156", "nDamageRand": "15", "nCostMana": "0"}]		CALL_POISON_DAMAGE;SKILL_POISON_DAMAGE;SKILL_POISON_DAMAGE_RAND;THERAPY_POWER_TO_MAGIC_ATTACK_POWER_COF
北天药宗\套路及子技能\北天药宗_灵素中和对目标治疗子技能.lua	北天药宗	bytecode	{}	[]		nChannelInterval;bIgnorePrepareState;nCostMana;nMinRadius;nMaxRadius;nAngleRange
北天药宗\套路及子技能\北天药宗_灵素反佐目标点范围中和治疗子技能.lua	北天药宗	plain	{"bIgnorePrepareState": "true", "nMinRadius": "0 * LENGTH_BASE", "nMaxRadius": "50 * LENGTH_BASE", "nAngleRange": "256", "nAreaRadius": "6 * LENGTH_BASE", "nChannelInterval": "(20 + dwSkillLevel * 4)"}	[{"nCostMana": "115"}, {"nCostMana": "166"}, {"nCostMana": "205"}, {"nCostMana": "243"}, {"nCostMana": "282"}, {"nCostMana": "321"}, {"nCostMana": "359"}, {"nCostMana": "398"}, {"nCostMana": "398"}, {"nCostMana": "115"}, {"nCostMana": "166"}, {"nCostMana": "205"}, {"nCostMana": "243"}, {"nCostMana": "282"}, {"nCostMana": "321"}, {"nCostMana": "359"}, {"nCostMana": "398"}]		EXECUTE_SCRIPT
北天药宗\套路及子技能\北天药宗_生地棘丛于地高额仇恨子技能.lua	北天药宗	plain	{"nBaseThreat": "100000", "bIgnorePrepareState": "true", "nMinRadius": "0 * LENGTH_BASE", "nMaxRadius": "50 * LENGTH_BASE", "nAngleRange": "256", "nWeaponDamagePercent": "0"}	[{"nDamageBase": "33", "nDamageRand": "5", "nCostMana": "0"}, {"nDamageBase": "33", "nDamageRand": "5", "nCostMana": "0"}]		EXECUTE_SCRIPT;SPOOF
北天药宗\套路及子技能\北天药宗_腐生予馈持续添加温毒子技能.lua	北天药宗	plain	{"bIgnorePrepareState": "true", "nMinRadius": "0 * LENGTH_BASE", "nMaxRadius": "50 * LENGTH_BASE", "nAngleRange": "256", "nAreaRadius": "8 * LENGTH_BASE", "nChannelInterval": "210", "nWeaponDamagePercent": "0"}	[{"nAddRage": "0", "nCostRage": "10", "nDamageBase": "16 * 0.95", "nDamageRand": "16 * 0.1"}, {"nAddRage": "0", "nCostRage": "10", "nDamageBase": "22 * 0.95", "nDamageRand": "22 * 0.1"}, {"nAddRage": "0", "nCostRage": "10", "nDamageBase": "16 * 0.95", "nDamageRand": "16 * 0.1"}, {"nAddRage": "0", "nCostRage": "10", "nDamageBase": "22 * 0.95", "nDamageRand": "22 * 0.1"}, {"nAddRage": "0", "nCostRage": "10", "nDamageBase": "16 * 0.95", "nDamageRand": "16 * 0.1"}, {"nAddRage": "0", "nCostRage": "10", "nDamageBase": "22 * 0.95", "nDamageRand": "22 * 0.1"}]		EXECUTE_SCRIPT
北天药宗\套路及子技能\北天药宗_逐云寒睿破隐一击伤害子技能.lua	北天药宗	plain	{"bIgnorePrepareState": "true", "nMinRadius": "0 * LENGTH_BASE", "nMaxRadius": "50 * LENGTH_BASE", "nAngleRange": "256", "nChannelInterval": "40 * 1.3 * 1.25 * 0.85 * 0.9 * 0.9 * 0.9 * 0.9 * 0.9", "nWeaponDamagePercent": "0"}	[{"nDamageBase": "33", "nDamageRand": "5", "nCostMana": "0"}, {"nDamageBase": "45", "nDamageRand": "5", "nCostMana": "0"}, {"nDamageBase": "58", "nDamageRand": "5", "nCostMana": "0"}, {"nDamageBase": "70", "nDamageRand": "5", "nCostMana": "0"}, {"nDamageBase": "83", "nDamageRand": "5", "nCostMana": "0"}, {"nDamageBase": "95", "nDamageRand": "5", "nCostMana": "0"}, {"nDamageBase": "107", "nDamageRand": "5", "nCostMana": "0"}, {"nDamageBase": "120", "nDamageRand": "5", "nCostMana": "0"}, {"nDamageBase": "132", "nDamageRand": "10", "nCostMana": "0"}, {"nDamageBase": "144", "nDamageRand": "10", "nCostMana": "0"}, {"nDamageBase": "157", "nDamageRand": "10", "nCostMana": "0"}, {"nDamageBase": "169", "nDamageRand": "10", "nCostMana": "0"}, {"nDamageBase": "182", "nDamageRand": "10", "nCostMana": "0"}, {"nDamageBase": "194", "nDamageRand": "10", "nCostMana": "0"}, {"nDamageBase": "206", "nDamageRand": "10", "nCostMana": "0"}, {"nDamageBase": "219", "nDamageRand": "10", "nCostMana": "0"}, {"nDamageBase": "231", "nDamageRand": "10", "nCostMana": "0"}, {"nDamageBase": "244", "nDamageRand": "10", "nCostMana": "0"}, {"nDamageBase": "256", "nDamageRand": "15", "nCostMana": "0"}, {"nDamageBase": "268", "nDamageRand": "15", "nCostMana": "0"}, {"nDamageBase": "281", "nDamageRand": "15", "nCostMana": "0"}, {"nDamageBase": "293", "nDamageRand": "15", "nCostMana": "0"}, {"nDamageBase": "306", "nDamageRand": "15", "nCostMana": "0"}, {"nDamageBase": "318", "nDamageRand": "15", "nCostMana": "0"}, {"nDamageBase": "330", "nDamageRand": "15", "nCostMana": "0"}, {"nDamageBase": "343", "nDamageRand": "15", "nCostMana": "0"}, {"nDamageBase": "355", "nDamageRand": "15", "nCostMana": "0"}, {"nDamageBase": "367", "nDamageRand": "15", "nCostMana": "0"}, {"nDamageBase": "380", "nDamageRand": "15", "nCostMana": "0"}, {"nDamageBase": "392", "nDamageRand": "15", "nCostMana": "0"}, {"nDamageBase": "405", "nDamageRand": "15", "nCostMana": "0"}, {"nDamageBase": "417", "nDamageRand": "15", "nCostMana": "0"}]		CALL_POISON_DAMAGE;SKILL_POISON_DAMAGE;SKILL_POISON_DAMAGE_RAND
唐门\化血镖_内功.lua	唐门	bytecode	{}	[]		nChannelInterval;bIgnorePrepareState;nCostMana;nMinRadius;nMaxRadius;nAreaRadius;nAngleRange
唐门\化血镖_外功.lua	唐门	bytecode	{}	[]		nChannelInterval;nCostMana;nMinRadius;nMaxRadius;nAngleRange
唐门\唐门_合猎囚锋.lua	唐门	bytecode	{}	[]	SetCheckCoolDown	nCostMana;nMinRadius;nMaxRadius;nAngleRange
唐门\唐门_幽影应神_额外范围孔雀翎.lua	唐门	plain	{"nCostEnergy": "20", "nMinRadius": "0 * LENGTH_BASE", "nMaxRadius": "25 * LENGTH_BASE", "nAngleRange": "128", "nAreaRadius": "8 * LENGTH_BASE"}	[{"nDamageBase": "100", "nDamageRand": "0", "nCostMana": "0"}, {"nDamageBase": "0", "nDamageRand": "0", "nCostMana": "0"}, {"nDamageBase": "0", "nDamageRand": "0", "nCostMana": "0"}, {"nDamageBase": "0", "nDamageRand": "0", "nCostMana": "0"}, {"nDamageBase": "0", "nDamageRand": "0", "nCostMana": "0"}, {"nDamageBase": "0", "nDamageRand": "0", "nCostMana": "0"}, {"nDamageBase": "0", "nDamageRand": "0", "nCostMana": "0"}, {"nDamageBase": "0", "nDamageRand": "0", "nCostMana": "0"}, {"nDamageBase": "0", "nDamageRand": "0", "nCostMana": "0"}, {"nDamageBase": "0", "nDamageRand": "0", "nCostMana": "0"}]	SetPublicCoolDown(16);SetCheckCoolDown(1, 444);SetCheckCoolDown(2, 974)	CAST_SKILL_TARGET_DST;EXECUTE_SCRIPT
唐门\唐门_幽影应神_额外范围雷震子.lua	唐门	plain	{"nCostEnergy": "20", "nMinRadius": "0 * LENGTH_BASE", "nMaxRadius": "25 * LENGTH_BASE", "nAngleRange": "128", "nAreaRadius": "8 * LENGTH_BASE"}	[{"nDamageBase": "100", "nDamageRand": "0", "nCostMana": "0"}, {"nDamageBase": "0", "nDamageRand": "0", "nCostMana": "0"}, {"nDamageBase": "0", "nDamageRand": "0", "nCostMana": "0"}, {"nDamageBase": "0", "nDamageRand": "0", "nCostMana": "0"}, {"nDamageBase": "0", "nDamageRand": "0", "nCostMana": "0"}, {"nDamageBase": "0", "nDamageRand": "0", "nCostMana": "0"}, {"nDamageBase": "0", "nDamageRand": "0", "nCostMana": "0"}, {"nDamageBase": "0", "nDamageRand": "0", "nCostMana": "0"}, {"nDamageBase": "0", "nDamageRand": "0", "nCostMana": "0"}, {"nDamageBase": "0", "nDamageRand": "0", "nCostMana": "0"}]	SetPublicCoolDown(16);SetCheckCoolDown(1, 444);SetCheckCoolDown(2, 974)	CAST_SKILL_TARGET_DST;EXECUTE_SCRIPT
唐门\唐门_弓弩_穿心弩.lua	唐门	bytecode	{}	[]	SetPublicCoolDown;SetNormalCoolDown;SetCheckCoolDown;ModifyCoolDown	nPrepareFrames;nMinPrepareFrames;nChannelInterval;nCostMana;nCostEnergy;nCostSprintPower;nMinRadius;nMaxRadius;nAngleRange
唐门\唐门_暗器_化血镖.lua	唐门	plain	{"nCostEnergy": "20", "nMinRadius": "0 * LENGTH_BASE", "nMaxRadius": "20 * LENGTH_BASE", "nAngleRange": "128"}	[{"nDamageBase": "28 * 0.95", "nDamageRand": "28 * 0.1", "nCostMana": "147"}, {"nDamageBase": "42 * 0.95", "nDamageRand": "42 * 0.1", "nCostMana": "220"}, {"nDamageBase": "56 * 0.95", "nDamageRand": "56 * 0.1", "nCostMana": "327"}, {"nDamageBase": "70 * 0.95", "nDamageRand": "70 * 0.1", "nCostMana": "409"}, {"nDamageBase": "84 * 0.95", "nDamageRand": "84 * 0.1", "nCostMana": "490"}, {"nDamageBase": "98 * 0.95", "nDamageRand": "98 * 0.1", "nCostMana": "572"}, {"nDamageBase": "112* 0.95", "nDamageRand": "112* 0.1", "nCostMana": "654"}, {"nDamageBase": "171 * 0.95", "nDamageRand": "171 * 0.1", "nCostMana": "731"}, {"nDamageBase": "228 * 0.95", "nDamageRand": "228 * 0.1", "nCostMana": "147"}, {"nDamageBase": "242 * 0.95", "nDamageRand": "242 * 0.1", "nCostMana": "220"}, {"nDamageBase": "256 * 0.95", "nDamageRand": "256 * 0.1", "nCostMana": "327"}, {"nDamageBase": "270 * 0.95", "nDamageRand": "270 * 0.1", "nCostMana": "409"}, {"nDamageBase": "284 * 0.95", "nDamageRand": "284 * 0.1", "nCostMana": "490"}, {"nDamageBase": "298 * 0.95", "nDamageRand": "298 * 0.1", "nCostMana": "572"}, {"nDamageBase": "312* 0.95", "nDamageRand": "312* 0.1", "nCostMana": "654"}, {"nDamageBase": "371 * 0.95", "nDamageRand": "371 * 0.1", "nCostMana": "731"}, {"nDamageBase": "428 * 0.95", "nDamageRand": "428 * 0.1", "nCostMana": "147"}, {"nDamageBase": "442 * 0.95", "nDamageRand": "442 * 0.1", "nCostMana": "220"}, {"nDamageBase": "456 * 0.95", "nDamageRand": "456 * 0.1", "nCostMana": "327"}]	SetPublicCoolDown(16);SetCheckCoolDown(1, 444);SetCheckCoolDown(2, 974)	CAST_SKILL_TARGET_DST
唐门\唐门_暗器_孔雀翎.lua	唐门	plain	{"nCostEnergy": "10", "nMinRadius": "0 * LENGTH_BASE", "nMaxRadius": "20 * LENGTH_BASE", "nAngleRange": "128"}	[{"nDamageBase": "100", "nDamageRand": "0", "nCostMana": "0"}, {"nDamageBase": "0", "nDamageRand": "0", "nCostMana": "0"}, {"nDamageBase": "0", "nDamageRand": "0", "nCostMana": "0"}, {"nDamageBase": "0", "nDamageRand": "0", "nCostMana": "0"}, {"nDamageBase": "0", "nDamageRand": "0", "nCostMana": "0"}, {"nDamageBase": "0", "nDamageRand": "0", "nCostMana": "0"}, {"nDamageBase": "0", "nDamageRand": "0", "nCostMana": "0"}, {"nDamageBase": "0", "nDamageRand": "0", "nCostMana": "0"}, {"nDamageBase": "0", "nDamageRand": "0", "nCostMana": "0"}, {"nDamageBase": "0", "nDamageRand": "0", "nCostMana": "0"}]	SetPublicCoolDown(16);SetNormalCoolDown(1, 462);SetCheckCoolDown(1, 444);SetCheckCoolDown(2, 974)	CAST_SKILL_TARGET_DST;EXECUTE_SCRIPT_WITH_PARAM
唐门\唐门_暗器_毒蒺藜.lua	唐门	bytecode	{}	[]	SetPublicCoolDown;SetNormalCoolDown;SetCheckCoolDown;ModifyCoolDown	nCostMana;nCostEnergy;nCostSprintPower;nMinRadius;nMaxRadius;nAngleRange
唐门\唐门_暗器_雷震子.lua	唐门	bytecode	{}	[]	SetPublicCoolDown;SetNormalCoolDown;SetCheckCoolDown	nCostMana;nCostEnergy;nCostSprintPower;nMinRadius;nMaxRadius;nAngleRange
唐门\唐门_机关_飞星发动天绝地灭.lua	唐门	plain	{"nMaxRadius": "20 * LENGTH_BASE", "nAngleRange": "256", "nAreaRadius": "6 * LENGTH_BASE"}	[{"nDamageBase": "0", "nDamageRand": "0", "nCostMana": "0"}, {"nDamageBase": "0", "nDamageRand": "0", "nCostMana": "0"}, {"nDamageBase": "0", "nDamageRand": "0", "nCostMana": "0"}, {"nDamageBase": "0", "nDamageRand": "0", "nCostMana": "0"}, {"nDamageBase": "0", "nDamageRand": "0", "nCostMana": "0"}, {"nDamageBase": "0", "nDamageRand": "0", "nCostMana": "0"}, {"nDamageBase": "0", "nDamageRand": "0", "nCostMana": "0"}, {"nDamageBase": "0", "nDamageRand": "0", "nCostMana": "0"}, {"nDamageBase": "0", "nDamageRand": "0", "nCostMana": "0"}, {"nDamageBase": "0", "nDamageRand": "0", "nCostMana": "0"}]		EXECUTE_SCRIPT
唐门\唐门_神机车_下车.lua	唐门	bytecode	{}	[]		nCostMana
唐门\唐门_诡道_三段跳.lua	唐门	bytecode	{}	[]	SetPublicCoolDown;SetNormalCoolDown;SetCheckCoolDown	nCostMana;nCostSprintPower;nMinRadius;nMaxRadius;nAngleRange
唐门\唐门_诡道_惊鸿游龙.lua	唐门	plain	{"nCostSprintPower": "20 * CONSUME_BASE", "nMinRadius": "0 * LENGTH_BASE", "nMaxRadius": "4 * LENGTH_BASE", "nAngleRange": "256"}	[{"nDamageBase": "0", "nDamageRand": "0", "nCostMana": "0"}, {"nDamageBase": "0", "nDamageRand": "0", "nCostMana": "0"}, {"nDamageBase": "0", "nDamageRand": "0", "nCostMana": "0"}, {"nDamageBase": "0", "nDamageRand": "0", "nCostMana": "0"}, {"nDamageBase": "0", "nDamageRand": "0", "nCostMana": "0"}, {"nDamageBase": "0", "nDamageRand": "0", "nCostMana": "0"}, {"nDamageBase": "0", "nDamageRand": "0", "nCostMana": "0"}, {"nDamageBase": "0", "nDamageRand": "0", "nCostMana": "0"}, {"nDamageBase": "0", "nDamageRand": "0", "nCostMana": "0"}, {"nDamageBase": "0", "nDamageRand": "0", "nCostMana": "0"}]	SetPublicCoolDown(16);SetNormalCoolDown(1, 470);SetCheckCoolDown(1, 444);SetCheckCoolDown(2, 974)	EXECUTE_SCRIPT
唐门\唐门_诡道_浮光掠影.lua	唐门	bytecode	{}	[]	SetNormalCoolDown;SetCheckCoolDown;ModifyCoolDown	nCostMana;nCostSprintPower;nMinRadius;nMaxRadius;nAngleRange
唐门\唐门_诡道_鸟翔碧空腾空二段.lua	唐门	bytecode	{}	[]		nCostMana;nMinRadius;nMaxRadius;nAngleRange
唐门\唐门_诡道_鸟翔碧空降落三段.lua	唐门	bytecode	{}	[]	ClearCDTime	nCostMana;nWeaponDamagePercent;nMinRadius;nMaxRadius;nAreaRadius;nAngleRange
唐门\唐门惊羽_注能判断.lua	唐门	bytecode	{}	[]	ModifyCoolDown	nCostMana
唐门\孔雀翎_内功.lua	唐门	plain	{"nMinRadius": "0 * LENGTH_BASE", "nMaxRadius": "30 * LENGTH_BASE", "nAngleRange": "128", "nChannelInterval": "130"}	[{"nDamageBase": "366 * 0.95", "nDamageRand": "366 * 0.1", "nCostMana": "0"}, {"nDamageBase": "48 * 0.95", "nDamageRand": "48 * 0.1", "nCostMana": "0"}, {"nDamageBase": "82 * 0.95", "nDamageRand": "82 * 0.1", "nCostMana": "0"}, {"nDamageBase": "117 * 0.95", "nDamageRand": "117 * 0.1", "nCostMana": "0"}, {"nDamageBase": "170 * 0.95", "nDamageRand": "170 * 0.1", "nCostMana": "0"}, {"nDamageBase": "223 * 0.95", "nDamageRand": "223 * 0.1", "nCostMana": "0"}, {"nDamageBase": "307 * 0.95", "nDamageRand": "307 * 0.1", "nCostMana": "0"}, {"nDamageBase": "366 * 0.95", "nDamageRand": "366 * 0.1", "nCostMana": "0"}]		CALL_POISON_DAMAGE;SKILL_POISON_DAMAGE;SKILL_POISON_DAMAGE_RAND
唐门\孔雀翎_内功_子技能.lua	唐门	plain	{"nMinRadius": "0 * LENGTH_BASE", "nMaxRadius": "4 * LENGTH_BASE", "nAngleRange": "256", "nChannelInterval": "40"}	[{"nDamageBase": "35 * 0.95", "nDamageRand": "35 * 0.1", "nCostMana": "0"}, {"nDamageBase": "48 * 0.95", "nDamageRand": "48 * 0.1", "nCostMana": "0"}, {"nDamageBase": "82 * 0.95", "nDamageRand": "82 * 0.1", "nCostMana": "0"}, {"nDamageBase": "117 * 0.95", "nDamageRand": "117 * 0.1", "nCostMana": "0"}, {"nDamageBase": "170 * 0.95", "nDamageRand": "170 * 0.1", "nCostMana": "0"}, {"nDamageBase": "223 * 0.95", "nDamageRand": "223 * 0.1", "nCostMana": "0"}, {"nDamageBase": "307 * 0.95", "nDamageRand": "307 * 0.1", "nCostMana": "0"}, {"nDamageBase": "366 * 0.95", "nDamageRand": "366 * 0.1", "nCostMana": "0"}]		CALL_POISON_DAMAGE;SKILL_POISON_DAMAGE;SKILL_POISON_DAMAGE_RAND
唐门\孔雀翎_外功.lua	唐门	plain	{"nMinRadius": "0 * LENGTH_BASE", "nMaxRadius": "40 * LENGTH_BASE", "nAngleRange": "128", "nChannelInterval": "130"}	[{"nDamageBase": "310 * 0.95", "nDamageRand": "310 * 0.1", "nCostMana": "0"}, {"nDamageBase": "41 * 0.95", "nDamageRand": "41 * 0.1", "nCostMana": "0"}, {"nDamageBase": "69 * 0.95", "nDamageRand": "69 * 0.1", "nCostMana": "0"}, {"nDamageBase": "99 * 0.95", "nDamageRand": "99 * 0.1", "nCostMana": "0"}, {"nDamageBase": "144 * 0.95", "nDamageRand": "144 * 0.1", "nCostMana": "0"}, {"nDamageBase": "189 * 0.95", "nDamageRand": "189 * 0.1", "nCostMana": "0"}, {"nDamageBase": "260 * 0.95", "nDamageRand": "260 * 0.1", "nCostMana": "0"}, {"nDamageBase": "310 * 0.95", "nDamageRand": "310 * 0.1", "nCostMana": "0"}]		CALL_PHYSICS_DAMAGE;EXECUTE_SCRIPT_WITH_PARAM;SKILL_PHYSICS_DAMAGE;SKILL_PHYSICS_DAMAGE_RAND
唐门\孔雀翎_外功_子技能.lua	唐门	plain	{"nMinRadius": "0 * LENGTH_BASE", "nMaxRadius": "4 * LENGTH_BASE", "nAngleRange": "256", "nChannelInterval": "40"}	[{"nDamageBase": "30 * 0.95", "nDamageRand": "30 * 0.1", "nCostMana": "0"}, {"nDamageBase": "41 * 0.95", "nDamageRand": "41 * 0.1", "nCostMana": "0"}, {"nDamageBase": "69 * 0.95", "nDamageRand": "69 * 0.1", "nCostMana": "0"}, {"nDamageBase": "99 * 0.95", "nDamageRand": "99 * 0.1", "nCostMana": "0"}, {"nDamageBase": "144 * 0.95", "nDamageRand": "144 * 0.1", "nCostMana": "0"}, {"nDamageBase": "189 * 0.95", "nDamageRand": "189 * 0.1", "nCostMana": "0"}, {"nDamageBase": "260 * 0.95", "nDamageRand": "260 * 0.1", "nCostMana": "0"}, {"nDamageBase": "310 * 0.95", "nDamageRand": "310 * 0.1", "nCostMana": "0"}]		CALL_PHYSICS_DAMAGE;SKILL_PHYSICS_DAMAGE;SKILL_PHYSICS_DAMAGE_RAND
唐门\连环弩_子技能_1级.lua	唐门	plain	{"nMinRadius": "0 * LENGTH_BASE", "nMaxRadius": "25 * LENGTH_BASE", "nAngleRange": "128", "nChannelInterval": "130", "nWeaponDamagePercent": "1024"}	[{"nDamageBase": "100", "nDamageRand": "0", "nCostMana": "0"}, {"nDamageBase": "0", "nDamageRand": "0", "nCostMana": "0"}, {"nDamageBase": "0", "nDamageRand": "0", "nCostMana": "0"}, {"nDamageBase": "0", "nDamageRand": "0", "nCostMana": "0"}, {"nDamageBase": "0", "nDamageRand": "0", "nCostMana": "0"}, {"nDamageBase": "0", "nDamageRand": "0", "nCostMana": "0"}, {"nDamageBase": "0", "nDamageRand": "0", "nCostMana": "0"}, {"nDamageBase": "0", "nDamageRand": "0", "nCostMana": "0"}, {"nDamageBase": "0", "nDamageRand": "0", "nCostMana": "0"}, {"nDamageBase": "0", "nDamageRand": "0", "nCostMana": "0"}]		CALL_BUFF;CALL_PHYSICS_DAMAGE;SKILL_PHYSICS_DAMAGE;SKILL_PHYSICS_DAMAGE_RAND
唐门\连环弩_子技能_2级.lua	唐门	plain	{"nMinRadius": "0 * LENGTH_BASE", "nMaxRadius": "25 * LENGTH_BASE", "nAngleRange": "128", "nChannelInterval": "168", "nWeaponDamagePercent": "1024"}	[{"nDamageBase": "187", "nDamageRand": "187", "nCostMana": "0"}, {"nDamageBase": "0", "nDamageRand": "0", "nCostMana": "0"}, {"nDamageBase": "0", "nDamageRand": "0", "nCostMana": "0"}, {"nDamageBase": "0", "nDamageRand": "0", "nCostMana": "0"}, {"nDamageBase": "0", "nDamageRand": "0", "nCostMana": "0"}, {"nDamageBase": "0", "nDamageRand": "0", "nCostMana": "0"}, {"nDamageBase": "0", "nDamageRand": "0", "nCostMana": "0"}, {"nDamageBase": "0", "nDamageRand": "0", "nCostMana": "0"}, {"nDamageBase": "0", "nDamageRand": "0", "nCostMana": "0"}, {"nDamageBase": "0", "nDamageRand": "0", "nCostMana": "0"}]		CALL_BUFF;CALL_PHYSICS_DAMAGE;SKILL_PHYSICS_DAMAGE;SKILL_PHYSICS_DAMAGE_RAND
唐门\连环弩_子技能_3级.lua	唐门	plain	{"nMinRadius": "0 * LENGTH_BASE", "nMaxRadius": "25 * LENGTH_BASE", "nAngleRange": "128", "nChannelInterval": "210", "nWeaponDamagePercent": "1024"}	[{"nDamageBase": "364", "nDamageRand": "364", "nCostMana": "0"}, {"nDamageBase": "0", "nDamageRand": "0", "nCostMana": "0"}, {"nDamageBase": "0", "nDamageRand": "0", "nCostMana": "0"}, {"nDamageBase": "0", "nDamageRand": "0", "nCostMana": "0"}, {"nDamageBase": "0", "nDamageRand": "0", "nCostMana": "0"}, {"nDamageBase": "0", "nDamageRand": "0", "nCostMana": "0"}, {"nDamageBase": "0", "nDamageRand": "0", "nCostMana": "0"}, {"nDamageBase": "0", "nDamageRand": "0", "nCostMana": "0"}, {"nDamageBase": "0", "nDamageRand": "0", "nCostMana": "0"}, {"nDamageBase": "0", "nDamageRand": "0", "nCostMana": "0"}]		CALL_PHYSICS_DAMAGE;SKILL_PHYSICS_DAMAGE;SKILL_PHYSICS_DAMAGE_RAND
唐门\连环弩_子技能_击退.lua	唐门	plain	{"nMinRadius": "0 * LENGTH_BASE", "nMaxRadius": "15 * LENGTH_BASE", "nAngleRange": "128"}	[{"nDamageBase": "100", "nDamageRand": "0", "nCostMana": "0"}, {"nDamageBase": "0", "nDamageRand": "0", "nCostMana": "0"}, {"nDamageBase": "0", "nDamageRand": "0", "nCostMana": "0"}, {"nDamageBase": "0", "nDamageRand": "0", "nCostMana": "0"}, {"nDamageBase": "0", "nDamageRand": "0", "nCostMana": "0"}, {"nDamageBase": "0", "nDamageRand": "0", "nCostMana": "0"}, {"nDamageBase": "0", "nDamageRand": "0", "nCostMana": "0"}, {"nDamageBase": "0", "nDamageRand": "0", "nCostMana": "0"}, {"nDamageBase": "0", "nDamageRand": "0", "nCostMana": "0"}, {"nDamageBase": "0", "nDamageRand": "0", "nCostMana": "0"}]		CALL_KNOCKED_BACK_SRC_FACE
唐门\追命箭群攻实际伤害_外功.lua	唐门	plain	{"nMinRadius": "0 * LENGTH_BASE", "nMaxRadius": "30 * LENGTH_BASE", "nAngleRange": "256"}	[{"nDamageBase": "1625", "nDamageRand": "10", "nCostMana": "0"}, {"nDamageBase": "237", "nDamageRand": "5", "nCostMana": "0"}, {"nDamageBase": "344", "nDamageRand": "5", "nCostMana": "0"}, {"nDamageBase": "450", "nDamageRand": "5", "nCostMana": "0"}, {"nDamageBase": "557", "nDamageRand": "5", "nCostMana": "0"}, {"nDamageBase": "664", "nDamageRand": "5", "nCostMana": "0"}, {"nDamageBase": "771", "nDamageRand": "5", "nCostMana": "0"}, {"nDamageBase": "878", "nDamageRand": "5", "nCostMana": "0"}, {"nDamageBase": "984", "nDamageRand": "10", "nCostMana": "0"}, {"nDamageBase": "1091", "nDamageRand": "10", "nCostMana": "0"}, {"nDamageBase": "1198", "nDamageRand": "10", "nCostMana": "0"}, {"nDamageBase": "1305", "nDamageRand": "10", "nCostMana": "0"}, {"nDamageBase": "1411", "nDamageRand": "10", "nCostMana": "0"}, {"nDamageBase": "1518", "nDamageRand": "10", "nCostMana": "0"}, {"nDamageBase": "1625", "nDamageRand": "10", "nCostMana": "0"}, {"nDamageBase": "1625", "nDamageRand": "10", "nCostMana": "0"}, {"nDamageBase": "1625", "nDamageRand": "10", "nCostMana": "0"}, {"nDamageBase": "1625", "nDamageRand": "10", "nCostMana": "0"}, {"nDamageBase": "1625", "nDamageRand": "10", "nCostMana": "0"}, {"nDamageBase": "1625", "nDamageRand": "10", "nCostMana": "0"}, {"nDamageBase": "1625", "nDamageRand": "10", "nCostMana": "0"}, {"nDamageBase": "1625", "nDamageRand": "10", "nCostMana": "0"}, {"nDamageBase": "1625", "nDamageRand": "10", "nCostMana": "0"}, {"nDamageBase": "1625", "nDamageRand": "10", "nCostMana": "0"}, {"nDamageBase": "1625", "nDamageRand": "10", "nCostMana": "0"}, {"nDamageBase": "1625", "nDamageRand": "10", "nCostMana": "0"}, {"nDamageBase": "1625", "nDamageRand": "10", "nCostMana": "0"}, {"nDamageBase": "1625", "nDamageRand": "10", "nCostMana": "0"}, {"nDamageBase": "1625", "nDamageRand": "10", "nCostMana": "0"}, {"nDamageBase": "1625", "nDamageRand": "10", "nCostMana": "0"}, {"nDamageBase": "1625", "nDamageRand": "10", "nCostMana": "0"}, {"nDamageBase": "1625", "nDamageRand": "10", "nCostMana": "0"}, {"nDamageBase": "1625", "nDamageRand": "10", "nCostMana": "0"}, {"nDamageBase": "1625", "nDamageRand": "10", "nCostMana": "0"}, {"nDamageBase": "1625", "nDamageRand": "10", "nCostMana": "0"}, {"nDamageBase": "1625", "nDamageRand": "10", "nCostMana": "0"}, {"nDamageBase": "1625", "nDamageRand": "10", "nCostMana": "0"}, {"nDamageBase": "1625", "nDamageRand": "10", "nCostMana": "0"}, {"nDamageBase": "1625", "nDamageRand": "10", "nCostMana": "0"}, {"nDamageBase": "1625", "nDamageRand": "10", "nCostMana": "0"}]		CALL_PHYSICS_DAMAGE;EXECUTE_SCRIPT;SKILL_PHYSICS_DAMAGE;SKILL_PHYSICS_DAMAGE_RAND
唐门\追命额外伤害5-10.lua	唐门	plain	{"nMinRadius": "5 * LENGTH_BASE", "nMaxRadius": "10 * LENGTH_BASE", "nAngleRange": "256", "nChannelInterval": "100 * 1.1 * 1.1 * 1.05 * 0.95 * 1.15"}	[{"nDamageBase": "1625", "nDamageRand": "10", "nCostMana": "0"}, {"nDamageBase": "237", "nDamageRand": "5", "nCostMana": "0"}, {"nDamageBase": "344", "nDamageRand": "5", "nCostMana": "0"}, {"nDamageBase": "450", "nDamageRand": "5", "nCostMana": "0"}, {"nDamageBase": "557", "nDamageRand": "5", "nCostMana": "0"}, {"nDamageBase": "664", "nDamageRand": "5", "nCostMana": "0"}, {"nDamageBase": "771", "nDamageRand": "5", "nCostMana": "0"}, {"nDamageBase": "878", "nDamageRand": "5", "nCostMana": "0"}, {"nDamageBase": "984", "nDamageRand": "10", "nCostMana": "0"}, {"nDamageBase": "1091", "nDamageRand": "10", "nCostMana": "0"}, {"nDamageBase": "1198", "nDamageRand": "10", "nCostMana": "0"}, {"nDamageBase": "1305", "nDamageRand": "10", "nCostMana": "0"}, {"nDamageBase": "1411", "nDamageRand": "10", "nCostMana": "0"}, {"nDamageBase": "1518", "nDamageRand": "10", "nCostMana": "0"}, {"nDamageBase": "1625", "nDamageRand": "10", "nCostMana": "0"}, {"nDamageBase": "1625", "nDamageRand": "10", "nCostMana": "0"}, {"nDamageBase": "1625", "nDamageRand": "10", "nCostMana": "0"}, {"nDamageBase": "1625", "nDamageRand": "10", "nCostMana": "0"}, {"nDamageBase": "1625", "nDamageRand": "10", "nCostMana": "0"}, {"nDamageBase": "1625", "nDamageRand": "10", "nCostMana": "0"}, {"nDamageBase": "1625", "nDamageRand": "10", "nCostMana": "0"}, {"nDamageBase": "1625", "nDamageRand": "10", "nCostMana": "0"}, {"nDamageBase": "1625", "nDamageRand": "10", "nCostMana": "0"}, {"nDamageBase": "1625", "nDamageRand": "10", "nCostMana": "0"}, {"nDamageBase": "1625", "nDamageRand": "10", "nCostMana": "0"}, {"nDamageBase": "1625", "nDamageRand": "10", "nCostMana": "0"}, {"nDamageBase": "1625", "nDamageRand": "10", "nCostMana": "0"}, {"nDamageBase": "1625", "nDamageRand": "10", "nCostMana": "0"}, {"nDamageBase": "1625", "nDamageRand": "10", "nCostMana": "0"}, {"nDamageBase": "1625", "nDamageRand": "10", "nCostMana": "0"}, {"nDamageBase": "1625", "nDamageRand": "10", "nCostMana": "0"}, {"nDamageBase": "1625", "nDamageRand": "10", "nCostMana": "0"}, {"nDamageBase": "1625", "nDamageRand": "10", "nCostMana": "0"}, {"nDamageBase": "1625", "nDamageRand": "10", "nCostMana": "0"}, {"nDamageBase": "1625", "nDamageRand": "10", "nCostMana": "0"}, {"nDamageBase": "1625", "nDamageRand": "10", "nCostMana": "0"}, {"nDamageBase": "1625", "nDamageRand": "10", "nCostMana": "0"}, {"nDamageBase": "1625", "nDamageRand": "10", "nCostMana": "0"}, {"nDamageBase": "1625", "nDamageRand": "10", "nCostMana": "0"}, {"nDamageBase": "1625", "nDamageRand": "10", "nCostMana": "0"}]		CALL_PHYSICS_DAMAGE;SKILL_PHYSICS_DAMAGE;SKILL_PHYSICS_DAMAGE_RAND
唐门\鸟翔落地冲刺过程.lua	唐门	plain	{"nMinRadius": "0 * LENGTH_BASE", "nMaxRadius": "60 * LENGTH_BASE", "nAngleRange": "256", "nAreaRadius": "1 * LENGTH_BASE", "nWeaponDamagePercent": "0"}	[{"nDamageBase": "0", "nDamageRand": "0", "nCostMana": "0"}, {"nDamageBase": "0", "nDamageRand": "0", "nCostMana": "0"}, {"nDamageBase": "0", "nDamageRand": "0", "nCostMana": "0"}, {"nDamageBase": "0", "nDamageRand": "0", "nCostMana": "0"}, {"nDamageBase": "0", "nDamageRand": "0", "nCostMana": "0"}, {"nDamageBase": "0", "nDamageRand": "0", "nCostMana": "0"}, {"nDamageBase": "0", "nDamageRand": "0", "nCostMana": "0"}, {"nDamageBase": "0", "nDamageRand": "0", "nCostMana": "0"}, {"nDamageBase": "0", "nDamageRand": "0", "nCostMana": "0"}, {"nDamageBase": "0", "nDamageRand": "0", "nCostMana": "0"}]		DASH_TO_POINT
唐门\90级奇穴\会心刷新化血镖事件.lua	唐门	plain	{}	[{"nDamageBase": "0", "nDamageRand": "0", "nCostMana": "0"}, {"nDamageBase": "0", "nDamageRand": "0", "nCostMana": "0"}, {"nDamageBase": "0", "nDamageRand": "0", "nCostMana": "0"}, {"nDamageBase": "0", "nDamageRand": "0", "nCostMana": "0"}, {"nDamageBase": "0", "nDamageRand": "0", "nCostMana": "0"}, {"nDamageBase": "0", "nDamageRand": "0", "nCostMana": "0"}, {"nDamageBase": "0", "nDamageRand": "0", "nCostMana": "0"}, {"nDamageBase": "0", "nDamageRand": "0", "nCostMana": "0"}, {"nDamageBase": "0", "nDamageRand": "0", "nCostMana": "0"}, {"nDamageBase": "0", "nDamageRand": "0", "nCostMana": "0"}]		SKILL_EVENT_HANDLER
唐门\90级奇穴\唐门_90奇穴_夺魄箭刷新穿心弩.lua	唐门	plain	{"nMinRadius": "0 * LENGTH_BASE", "nMaxRadius": "30 * LENGTH_BASE", "nAngleRange": "256", "nChannelInterval": "80"}	[{"nDamageBase": "0", "nDamageRand": "0", "nCostMana": "0"}, {"nDamageBase": "0", "nDamageRand": "0", "nCostMana": "0"}, {"nDamageBase": "0", "nDamageRand": "0", "nCostMana": "0"}, {"nDamageBase": "0", "nDamageRand": "0", "nCostMana": "0"}, {"nDamageBase": "0", "nDamageRand": "0", "nCostMana": "0"}, {"nDamageBase": "0", "nDamageRand": "0", "nCostMana": "0"}, {"nDamageBase": "0", "nDamageRand": "0", "nCostMana": "0"}, {"nDamageBase": "0", "nDamageRand": "0", "nCostMana": "0"}, {"nDamageBase": "0", "nDamageRand": "0", "nCostMana": "0"}, {"nDamageBase": "0", "nDamageRand": "0", "nCostMana": "0"}]		
唐门\90级奇穴\唐门_天罗_给天绝地灭添加伤害效果.lua	唐门	plain	{"nMinRadius": "0 * LENGTH_BASE", "nMaxRadius": "50 * LENGTH_BASE", "nAngleRange": "256", "nWeaponDamagePercent": "0"}	[{"nDamageBase": "0", "nDamageRand": "0", "nCostMana": "0"}, {"nDamageBase": "0", "nDamageRand": "0", "nCostMana": "0"}, {"nDamageBase": "0", "nDamageRand": "0", "nCostMana": "0"}, {"nDamageBase": "0", "nDamageRand": "0", "nCostMana": "0"}, {"nDamageBase": "0", "nDamageRand": "0", "nCostMana": "0"}, {"nDamageBase": "0", "nDamageRand": "0", "nCostMana": "0"}, {"nDamageBase": "0", "nDamageRand": "0", "nCostMana": "0"}, {"nDamageBase": "0", "nDamageRand": "0", "nCostMana": "0"}, {"nDamageBase": "0", "nDamageRand": "0", "nCostMana": "0"}, {"nDamageBase": "0", "nDamageRand": "0", "nCostMana": "0"}]		
唐门\90级奇穴\唐门_天罗_蚀肌弹千机变重置化血镖.lua	唐门	plain	{}	[{"nDamageBase": "0", "nDamageRand": "0", "nCostMana": "0"}, {"nDamageBase": "0", "nDamageRand": "0", "nCostMana": "0"}, {"nDamageBase": "0", "nDamageRand": "0", "nCostMana": "0"}, {"nDamageBase": "0", "nDamageRand": "0", "nCostMana": "0"}, {"nDamageBase": "0", "nDamageRand": "0", "nCostMana": "0"}, {"nDamageBase": "0", "nDamageRand": "0", "nCostMana": "0"}, {"nDamageBase": "0", "nDamageRand": "0", "nCostMana": "0"}, {"nDamageBase": "0", "nDamageRand": "0", "nCostMana": "0"}, {"nDamageBase": "0", "nDamageRand": "0", "nCostMana": "0"}, {"nDamageBase": "0", "nDamageRand": "0", "nCostMana": "0"}]		SKILL_EVENT_HANDLER
唐门\90级奇穴\唐门_惊羽_孔雀翎减CD.lua	唐门	plain	{}	[{"nDamageBase": "0", "nDamageRand": "0", "nCostMana": "0"}, {"nDamageBase": "0", "nDamageRand": "0", "nCostMana": "0"}, {"nDamageBase": "0", "nDamageRand": "0", "nCostMana": "0"}, {"nDamageBase": "0", "nDamageRand": "0", "nCostMana": "0"}, {"nDamageBase": "0", "nDamageRand": "0", "nCostMana": "0"}, {"nDamageBase": "0", "nDamageRand": "0", "nCostMana": "0"}, {"nDamageBase": "0", "nDamageRand": "0", "nCostMana": "0"}, {"nDamageBase": "0", "nDamageRand": "0", "nCostMana": "0"}, {"nDamageBase": "0", "nDamageRand": "0", "nCostMana": "0"}, {"nDamageBase": "0", "nDamageRand": "0", "nCostMana": "0"}]		
唐门\90级奇穴\唐门_惊羽_招式会心回内.lua	唐门	plain	{}	[{"nDamageBase": "0", "nDamageRand": "0", "nCostMana": "0"}, {"nDamageBase": "0", "nDamageRand": "0", "nCostMana": "0"}, {"nDamageBase": "0", "nDamageRand": "0", "nCostMana": "0"}, {"nDamageBase": "0", "nDamageRand": "0", "nCostMana": "0"}, {"nDamageBase": "0", "nDamageRand": "0", "nCostMana": "0"}, {"nDamageBase": "0", "nDamageRand": "0", "nCostMana": "0"}, {"nDamageBase": "0", "nDamageRand": "0", "nCostMana": "0"}, {"nDamageBase": "0", "nDamageRand": "0", "nCostMana": "0"}, {"nDamageBase": "0", "nDamageRand": "0", "nCostMana": "0"}, {"nDamageBase": "0", "nDamageRand": "0", "nCostMana": "0"}]		MAX_ENERGY;SKILL_EVENT_HANDLER
唐门\90级奇穴\引爆dot事件.lua	唐门	plain	{}	[{"nDamageBase": "0", "nDamageRand": "0", "nCostMana": "0"}, {"nDamageBase": "0", "nDamageRand": "0", "nCostMana": "0"}, {"nDamageBase": "0", "nDamageRand": "0", "nCostMana": "0"}, {"nDamageBase": "0", "nDamageRand": "0", "nCostMana": "0"}, {"nDamageBase": "0", "nDamageRand": "0", "nCostMana": "0"}, {"nDamageBase": "0", "nDamageRand": "0", "nCostMana": "0"}, {"nDamageBase": "0", "nDamageRand": "0", "nCostMana": "0"}, {"nDamageBase": "0", "nDamageRand": "0", "nCostMana": "0"}, {"nDamageBase": "0", "nDamageRand": "0", "nCostMana": "0"}, {"nDamageBase": "0", "nDamageRand": "0", "nCostMana": "0"}]		SKILL_EVENT_HANDLER
唐门\套路及子技能\孔雀翎转移标记.lua	唐门	plain	{"nMinRadius": "0 * LENGTH_BASE", "nMaxRadius": "30 * LENGTH_BASE", "nAngleRange": "256", "nAreaRadius": "30 * LENGTH_BASE"}	[{"nAddRage": "0", "nCostRage": "10", "nDamage": "380", "nDamageRand": "15"}, {"nAddRage": "0", "nCostRage": "10", "nDamage": "393", "nDamageRand": "15"}, {"nAddRage": "0", "nCostRage": "10", "nDamage": "406", "nDamageRand": "20"}, {"nAddRage": "0", "nCostRage": "10", "nDamage": "419", "nDamageRand": "20"}, {"nAddRage": "0", "nCostRage": "10", "nDamage": "432", "nDamageRand": "25"}, {"nAddRage": "0", "nCostRage": "10", "nDamage": "445", "nDamageRand": "25"}]		EXECUTE_SCRIPT
唐门\新机关\天绝地灭.lua	唐门	bytecode	{}	[]	SetPublicCoolDown;SetNormalCoolDown;SetCheckCoolDown	nCostEnergy;nMinRadius;nMaxRadius;nAngleRange
唐门\镇派\刷新化血镖.lua	唐门	plain	{"nMinRadius": "0 * LENGTH_BASE", "nMaxRadius": "35 * LENGTH_BASE", "nAngleRange": "256"}	[{"nDamageBase": "0", "nDamageRand": "0", "nCostMana": "0"}, {"nDamageBase": "0", "nDamageRand": "0", "nCostMana": "0"}, {"nDamageBase": "0", "nDamageRand": "0", "nCostMana": "0"}, {"nDamageBase": "0", "nDamageRand": "0", "nCostMana": "0"}, {"nDamageBase": "0", "nDamageRand": "0", "nCostMana": "0"}, {"nDamageBase": "0", "nDamageRand": "0", "nCostMana": "0"}, {"nDamageBase": "0", "nDamageRand": "0", "nCostMana": "0"}, {"nDamageBase": "0", "nDamageRand": "0", "nCostMana": "0"}, {"nDamageBase": "0", "nDamageRand": "0", "nCostMana": "0"}, {"nDamageBase": "0", "nDamageRand": "0", "nCostMana": "0"}]		EXECUTE_SCRIPT
唐门\镇派\刷新化血镖_内功.lua	唐门	plain	{"nMinRadius": "0 * LENGTH_BASE", "nMaxRadius": "30 * LENGTH_BASE", "nAngleRange": "256", "nChannelInterval": "32*1.3"}	[{"nDamageBase": "27 * 0.95", "nDamageRand": "27 * 0.1", "nCostMana": "0"}, {"nDamageBase": "37 * 0.95", "nDamageRand": "37 * 0.1", "nCostMana": "0"}, {"nDamageBase": "63 * 0.95", "nDamageRand": "63 * 0.1", "nCostMana": "0"}, {"nDamageBase": "90 * 0.95", "nDamageRand": "90 * 0.1", "nCostMana": "0"}, {"nDamageBase": "131 * 0.95", "nDamageRand": "131 * 0.1", "nCostMana": "0"}, {"nDamageBase": "172 * 0.95", "nDamageRand": "172 * 0.1", "nCostMana": "0"}, {"nDamageBase": "236 * 0.95", "nDamageRand": "236 * 0.1", "nCostMana": "0"}, {"nDamageBase": "282 * 0.95", "nDamageRand": "282 * 0.1", "nCostMana": "0"}, {"nDamageBase": "327 * 0.95", "nDamageRand": "327 * 0.1", "nCostMana": "0"}]		
唐门\镇派\刷新化血镖_外功.lua	唐门	plain	{"nMinRadius": "0 * LENGTH_BASE", "nMaxRadius": "40 * LENGTH_BASE", "nAngleRange": "256", "nChannelInterval": "48*1.05*1.15*0.67* 1.1* 1.1* 1.1"}	[{"nDamageBase": "27 * 0.95", "nDamageRand": "27 * 0.1", "nCostMana": "0"}, {"nDamageBase": "37 * 0.95", "nDamageRand": "37 * 0.1", "nCostMana": "0"}, {"nDamageBase": "63 * 0.95", "nDamageRand": "63 * 0.1", "nCostMana": "0"}, {"nDamageBase": "90 * 0.95", "nDamageRand": "90 * 0.1", "nCostMana": "0"}, {"nDamageBase": "131 * 0.95", "nDamageRand": "131 * 0.1", "nCostMana": "0"}, {"nDamageBase": "172 * 0.95", "nDamageRand": "172 * 0.1", "nCostMana": "0"}, {"nDamageBase": "236 * 0.95", "nDamageRand": "236 * 0.1", "nCostMana": "0"}, {"nDamageBase": "282 * 0.95", "nDamageRand": "282 * 0.1", "nCostMana": "0"}, {"nDamageBase": "327 * 0.95", "nDamageRand": "327 * 0.1", "nCostMana": "0"}, {"nDamageBase": "334 * 0.95", "nDamageRand": "334 * 0.1", "nCostMana": "0"}, {"nDamageBase": "337 * 0.95", "nDamageRand": "337 * 0.1", "nCostMana": "0"}, {"nDamageBase": "363 * 0.95", "nDamageRand": "363 * 0.1", "nCostMana": "0"}, {"nDamageBase": "390 * 0.95", "nDamageRand": "390 * 0.1", "nCostMana": "0"}, {"nDamageBase": "431 * 0.95", "nDamageRand": "431 * 0.1", "nCostMana": "0"}, {"nDamageBase": "472 * 0.95", "nDamageRand": "472 * 0.1", "nCostMana": "0"}, {"nDamageBase": "536 * 0.95", "nDamageRand": "536 * 0.1", "nCostMana": "0"}, {"nDamageBase": "582 * 0.95", "nDamageRand": "582 * 0.1", "nCostMana": "0"}, {"nDamageBase": "627 * 0.95", "nDamageRand": "627 * 0.1", "nCostMana": "0"}, {"nDamageBase": "634 * 0.95", "nDamageRand": "634 * 0.1", "nCostMana": "0"}, {"nDamageBase": "637 * 0.95", "nDamageRand": "637 * 0.1", "nCostMana": "0"}, {"nDamageBase": "663 * 0.95", "nDamageRand": "663 * 0.1", "nCostMana": "0"}, {"nDamageBase": "690 * 0.95", "nDamageRand": "690 * 0.1", "nCostMana": "0"}, {"nDamageBase": "731 * 0.95", "nDamageRand": "731 * 0.1", "nCostMana": "0"}, {"nDamageBase": "772 * 0.95", "nDamageRand": "772 * 0.1", "nCostMana": "0"}, {"nDamageBase": "836 * 0.95", "nDamageRand": "836 * 0.1", "nCostMana": "0"}, {"nDamageBase": "882 * 0.95", "nDamageRand": "882 * 0.1", "nCostMana": "0"}, {"nDamageBase": "927 * 0.95", "nDamageRand": "927 * 0.1", "nCostMana": "0"}, {"nDamageBase": "934 * 0.95", "nDamageRand": "934 * 0.1", "nCostMana": "0"}, {"nDamageBase": "937 * 0.95", "nDamageRand": "937 * 0.1", "nCostMana": "0"}]		
唐门\镇派\刷新化血镖_外功叠三层.lua	唐门	plain	{"nMinRadius": "0 * LENGTH_BASE", "nMaxRadius": "40 * LENGTH_BASE", "nAngleRange": "256", "nChannelInterval": "48 * 1.05 * 1.15*0.67* 1.1* 1.1* 1.1"}	[{"nDamageBase": "27 * 0.95", "nDamageRand": "27 * 0.1", "nCostMana": "0"}, {"nDamageBase": "37 * 0.95", "nDamageRand": "37 * 0.1", "nCostMana": "0"}, {"nDamageBase": "63 * 0.95", "nDamageRand": "63 * 0.1", "nCostMana": "0"}, {"nDamageBase": "90 * 0.95", "nDamageRand": "90 * 0.1", "nCostMana": "0"}, {"nDamageBase": "131 * 0.95", "nDamageRand": "131 * 0.1", "nCostMana": "0"}, {"nDamageBase": "172 * 0.95", "nDamageRand": "172 * 0.1", "nCostMana": "0"}, {"nDamageBase": "236 * 0.95", "nDamageRand": "236 * 0.1", "nCostMana": "0"}, {"nDamageBase": "282 * 0.95", "nDamageRand": "282 * 0.1", "nCostMana": "0"}, {"nDamageBase": "327 * 0.95", "nDamageRand": "327 * 0.1", "nCostMana": "0"}, {"nDamageBase": "334 * 0.95", "nDamageRand": "334 * 0.1", "nCostMana": "0"}, {"nDamageBase": "337 * 0.95", "nDamageRand": "337 * 0.1", "nCostMana": "0"}, {"nDamageBase": "363 * 0.95", "nDamageRand": "363 * 0.1", "nCostMana": "0"}, {"nDamageBase": "390 * 0.95", "nDamageRand": "390 * 0.1", "nCostMana": "0"}, {"nDamageBase": "431 * 0.95", "nDamageRand": "431 * 0.1", "nCostMana": "0"}, {"nDamageBase": "472 * 0.95", "nDamageRand": "472 * 0.1", "nCostMana": "0"}, {"nDamageBase": "536 * 0.95", "nDamageRand": "536 * 0.1", "nCostMana": "0"}, {"nDamageBase": "582 * 0.95", "nDamageRand": "582 * 0.1", "nCostMana": "0"}, {"nDamageBase": "627 * 0.95", "nDamageRand": "627 * 0.1", "nCostMana": "0"}, {"nDamageBase": "634 * 0.95", "nDamageRand": "634 * 0.1", "nCostMana": "0"}, {"nDamageBase": "637 * 0.95", "nDamageRand": "637 * 0.1", "nCostMana": "0"}, {"nDamageBase": "663 * 0.95", "nDamageRand": "663 * 0.1", "nCostMana": "0"}, {"nDamageBase": "690 * 0.95", "nDamageRand": "690 * 0.1", "nCostMana": "0"}, {"nDamageBase": "731 * 0.95", "nDamageRand": "731 * 0.1", "nCostMana": "0"}, {"nDamageBase": "772 * 0.95", "nDamageRand": "772 * 0.1", "nCostMana": "0"}, {"nDamageBase": "836 * 0.95", "nDamageRand": "836 * 0.1", "nCostMana": "0"}, {"nDamageBase": "882 * 0.95", "nDamageRand": "882 * 0.1", "nCostMana": "0"}, {"nDamageBase": "927 * 0.95", "nDamageRand": "927 * 0.1", "nCostMana": "0"}, {"nDamageBase": "934 * 0.95", "nDamageRand": "934 * 0.1", "nCostMana": "0"}, {"nDamageBase": "937 * 0.95", "nDamageRand": "937 * 0.1", "nCostMana": "0"}]		
唐门\镇派\机关_雷动九天.lua	唐门	bytecode	{}	[]		nCostMana
唐门\镇派\追命箭_额外伤害.lua	唐门	plain	{"bIgnorePrepareState": "true", "nMinRadius": "0 * LENGTH_BASE", "nMaxRadius": "30 * LENGTH_BASE", "nAngleRange": "256", "nChannelInterval": "100 * 1.1 * 1.1*1.05*1.05*1.2", "nWeaponDamagePercent": "1536 * dwSkillLevel"}	[{"nDamageBase": "250 * 0.95", "nDamageRand": "96 * 0.1", "nCostMana": "0"}, {"nDamageBase": "270 * 0.95", "nDamageRand": "137 * 0.1", "nCostMana": "0"}, {"nDamageBase": "290 * 0.95", "nDamageRand": "178 * 0.1", "nCostMana": "0"}, {"nDamageBase": "310 * 0.95", "nDamageRand": "219 * 0.1", "nCostMana": "0"}, {"nDamageBase": "330 * 0.95", "nDamageRand": "260 * 0.1", "nCostMana": "0"}, {"nDamageBase": "350 * 0.95", "nDamageRand": "301 * 0.1", "nCostMana": "0"}, {"nDamageBase": "370 * 0.95", "nDamageRand": "342 * 0.1", "nCostMana": "0"}, {"nDamageBase": "390 * 0.95", "nDamageRand": "383 * 0.1", "nCostMana": "0"}, {"nDamageBase": "424 * 0.95", "nDamageRand": "424 * 0.1", "nCostMana": "0"}, {"nDamageBase": "465 * 0.95", "nDamageRand": "465 * 0.1", "nCostMana": "0"}, {"nDamageBase": "506 * 0.95", "nDamageRand": "506 * 0.1", "nCostMana": "0"}, {"nDamageBase": "547 * 0.95", "nDamageRand": "547 * 0.1", "nCostMana": "0"}, {"nDamageBase": "588 * 0.95", "nDamageRand": "588 * 0.1", "nCostMana": "0"}, {"nDamageBase": "629 * 0.95", "nDamageRand": "629 * 0.1", "nCostMana": "0"}, {"nDamageBase": "670 * 0.95", "nDamageRand": "670 * 0.1", "nCostMana": "0"}, {"nDamageBase": "711 * 0.95", "nDamageRand": "711 * 0.1", "nCostMana": "0"}, {"nDamageBase": "752 * 0.95", "nDamageRand": "752 * 0.1", "nCostMana": "0"}, {"nDamageBase": "793 * 0.95", "nDamageRand": "793 * 0.1", "nCostMana": "0"}, {"nDamageBase": "834 * 0.95", "nDamageRand": "834 * 0.1", "nCostMana": "0"}, {"nDamageBase": "875 * 0.95", "nDamageRand": "875 * 0.1", "nCostMana": "0"}, {"nDamageBase": "916 * 0.95", "nDamageRand": "916 * 0.1", "nCostMana": "0"}, {"nDamageBase": "957 * 0.95", "nDamageRand": "957 * 0.1", "nCostMana": "0"}, {"nDamageBase": "998 * 0.95", "nDamageRand": "998 * 0.1", "nCostMana": "0"}, {"nDamageBase": "1039 * 0.95", "nDamageRand": "1039 * 0.1", "nCostMana": "0"}, {"nDamageBase": "1080 * 0.95", "nDamageRand": "1080 * 0.1", "nCostMana": "0"}, {"nDamageBase": "1121 * 0.95", "nDamageRand": "1121 * 0.1", "nCostMana": "0"}, {"nDamageBase": "1162 * 0.95", "nDamageRand": "1162 * 0.1", "nCostMana": "0"}, {"nDamageBase": "1203 * 0.95", "nDamageRand": "1203 * 0.1", "nCostMana": "0"}]		ACTIVE_THREAT_COEFFICIENT;CALL_PHYSICS_DAMAGE;SKILL_PHYSICS_DAMAGE;SKILL_PHYSICS_DAMAGE_RAND
唐门\镇派\通用打断自己读条.lua	唐门	plain	{"bIgnorePrepareState": "true", "nMinRadius": "0 * LENGTH_BASE", "nMaxRadius": "20 * LENGTH_BASE", "nAngleRange": "256", "nAreaRadius": "4 * LENGTH_BASE", "nBreakRate": "1 * PERCENT_BASE"}	[{"nDamageBase": "0", "nDamageRand": "0", "nCostMana": "0"}, {"nDamageBase": "0", "nDamageRand": "0", "nCostMana": "0"}, {"nDamageBase": "0", "nDamageRand": "0", "nCostMana": "0"}, {"nDamageBase": "0", "nDamageRand": "0", "nCostMana": "0"}, {"nDamageBase": "0", "nDamageRand": "0", "nCostMana": "0"}, {"nDamageBase": "0", "nDamageRand": "0", "nCostMana": "0"}, {"nDamageBase": "0", "nDamageRand": "0", "nCostMana": "0"}, {"nDamageBase": "0", "nDamageRand": "0", "nCostMana": "0"}, {"nDamageBase": "0", "nDamageRand": "0", "nCostMana": "0"}, {"nDamageBase": "0", "nDamageRand": "0", "nCostMana": "0"}]		
唐门\镇派\鸟翔碧空二段技能.lua	唐门	plain	{"nMaxRadius": "4 * LENGTH_BASE", "nAngleRange": "256"}	[]		
天策\天策_奔雷枪术_穿.lua	天策	plain	{"nCostManaBasePercent": "76", "nMinRadius": "0", "nMaxRadius": "8 * LENGTH_BASE", "nAngleRange": "128", "nAreaRadius": "8 * LENGTH_BASE", "nWeaponDamagePercent": "0", "nBreakRate": "0"}	[{"nDamage": "54*0.95", "nDamageRand": "54*0.1", "nCostMana": "57"}, {"nDamage": "65*0.95", "nDamageRand": "65*0.1", "nCostMana": "68"}, {"nDamage": "75*0.95", "nDamageRand": "75*0.1", "nCostMana": "79"}, {"nDamage": "20", "nDamageRand": "5", "nCostMana": "90"}]	SetPublicCoolDown(16);SetNormalCoolDown(1, 151);SetCheckCoolDown(1, 444)	CALL_PHYSICS_DAMAGE;CAST_SKILL;CAST_SKILL_TARGET_DST;SKILL_PHYSICS_DAMAGE;SKILL_PHYSICS_DAMAGE_RAND
天策\天策_奔雷枪术_龙城铁壁.lua	天策	bytecode	{}	[]	SetNormalCoolDown;SetCheckCoolDown	nMinRadius;nMaxRadius;nAngleRange
天策\天策_子技能_守如山_傲血战意.lua	天策	plain	{"nMinRadius": "0", "nMaxRadius": "4 * LENGTH_BASE", "nAngleRange": "128", "nPrepareFrames": "0", "nBulletVelocity": "0", "nBreakRate": "1024"}	[]		CALL_BUFF
天策\天策_子技能_守如山_铁牢律.lua	天策	plain	{"nMinRadius": "0", "nMaxRadius": "4 * LENGTH_BASE", "nAngleRange": "128", "nPrepareFrames": "0", "nBulletVelocity": "0", "nBreakRate": "1024"}	[]		CURRENT_LIFE
天策\天策_子技能_定军_嘲讽.lua	天策	bytecode	{}	[]		nPrepareFrames;nWeaponDamagePercent;nMinRadius;nMaxRadius;nAngleRange;nBreakRate;nBulletVelocity
天策\天策_子技能_定军_定身.lua	天策	bytecode	{}	[]		nPrepareFrames;nWeaponDamagePercent;nMinRadius;nMaxRadius;nAngleRange;nBreakRate;nBulletVelocity
天策\天策_子技能_徐如林_铁牢律.lua	天策	bytecode	{}	[]		nPrepareFrames;nCostMana;nMinRadius;nMaxRadius;nAngleRange;nBreakRate;nBulletVelocity
天策\天策_子技能_掠如火_重置定军CD.lua	天策	plain	{"nMinRadius": "0 * LENGTH_BASE", "nMaxRadius": "25* LENGTH_BASE", "nAngleRange": "256"}	[]		CLEAR_COOL_DOWN
天策\天策_子技能_破风_破甲仇恨.lua	天策	bytecode	{}	[]		nPrepareFrames;nMinRadius;nMaxRadius;nAngleRange;nBreakRate;nBulletVelocity;nBaseThreat
天策\天策_子技能_穿_仇恨.lua	天策	bytecode	{}	[]		nPrepareFrames;nMinRadius;nMaxRadius;nAngleRange;nBreakRate;nBulletVelocity;nBaseThreat
天策\天策_子技能_穿_扇形伤害.lua	天策	plain	{"nMinRadius": "0", "nMaxRadius": "10 * LENGTH_BASE", "nAngleRange": "64", "nAreaRadius": "10 * LENGTH_BASE", "nWeaponDamagePercent": "0", "nBreakRate": "0"}	[{"nDamage": "54*0.95", "nDamageRand": "54*0.1", "nCostMana": "57"}, {"nDamage": "65*0.95", "nDamageRand": "65*0.1", "nCostMana": "68"}, {"nDamage": "75*0.95", "nDamageRand": "75*0.1", "nCostMana": "79"}, {"nDamage": "86*0.95", "nDamageRand": "86*0.1", "nCostMana": "90"}]		CALL_PHYSICS_DAMAGE;CAST_SKILL_TARGET_DST;SKILL_PHYSICS_DAMAGE;SKILL_PHYSICS_DAMAGE_RAND
天策\天策_技能事件_多次AOE破风.lua	天策	plain	{"nWeaponDamagePercent": "0", "nMinRadius": "0", "nMaxRadius": "MELEE_ATTACK_DISTANCE", "nAngleRange": "256", "nAreaRadius": "8 * LENGTH_BASE * 1.1", "nChannelInterval": "248*1.15"}	[{"nCostMana": "14"}, {"nCostMana": "22"}, {"nCostMana": "29"}, {"nCostMana": "40"}, {"nCostMana": "49"}, {"nCostMana": "57"}, {"nCostMana": "65"}, {"nCostMana": "73"}, {"nCostMana": "81"}, {"nCostMana": "90"}, {"nCostMana": "90"}]		
天策\天策_技能事件_灭命中后刷新破风.lua	天策	plain	{"nMinRadius": "0 * LENGTH_BASE", "nMaxRadius": "4 * LENGTH_BASE", "nAngleRange": "128"}	[{"nDamageBase": "0", "nDamageRand": "0", "nCostMana": "0"}, {"nDamageBase": "0", "nDamageRand": "0", "nCostMana": "0"}, {"nDamageBase": "0", "nDamageRand": "0", "nCostMana": "0"}, {"nDamageBase": "0", "nDamageRand": "0", "nCostMana": "0"}, {"nDamageBase": "0", "nDamageRand": "0", "nCostMana": "0"}, {"nDamageBase": "0", "nDamageRand": "0", "nCostMana": "0"}, {"nDamageBase": "0", "nDamageRand": "0", "nCostMana": "0"}, {"nDamageBase": "0", "nDamageRand": "0", "nCostMana": "0"}, {"nDamageBase": "0", "nDamageRand": "0", "nCostMana": "0"}, {"nDamageBase": "0", "nDamageRand": "0", "nCostMana": "0"}]		EXECUTE_SCRIPT
天策\天策_技能事件_灭命中后刷新破风挂DOT.lua	天策	plain	{"nWeaponDamagePercent": "0", "nMinRadius": "0", "nMaxRadius": "MELEE_ATTACK_DISTANCE", "nAngleRange": "128", "nChannelInterval": "346"}	[{"nCostMana": "14"}, {"nCostMana": "22"}, {"nCostMana": "29"}, {"nCostMana": "40"}, {"nCostMana": "49"}, {"nCostMana": "57"}, {"nCostMana": "65"}, {"nCostMana": "73"}, {"nCostMana": "81"}, {"nCostMana": "90"}, {"nCostMana": "90"}]		EXECUTE_SCRIPT
天策\天策_技能事件_灭命中后刷新破风挂DOT3目标.lua	天策	plain	{"nWeaponDamagePercent": "0", "nMinRadius": "0", "nMaxRadius": "MELEE_ATTACK_DISTANCE", "nAngleRange": "256", "nAreaRadius": "8 * LENGTH_BASE * 1.1", "nChannelInterval": "248"}	[{"nCostMana": "14"}, {"nCostMana": "22"}, {"nCostMana": "29"}, {"nCostMana": "40"}, {"nCostMana": "49"}, {"nCostMana": "57"}, {"nCostMana": "65"}, {"nCostMana": "73"}, {"nCostMana": "81"}, {"nCostMana": "90"}, {"nCostMana": "90"}]		
天策\天策_技能事件_龙城铁壁_驱散.lua	天策	plain	{"nMaxRadius": "20 * LENGTH_BASE", "nAngleRange": "256", "nAreaRadius": "20 * LENGTH_BASE"}	[]		DEL_SINGLE_BUFF_BY_ID_AND_LEVEL;EXECUTE_SCRIPT
天策\天策_游龙骑法_空中破坚阵.lua	天策	bytecode	{}	[]	SetPublicCoolDown;SetNormalCoolDown;SetCheckCoolDown	nPrepareFrames;nCostMana;nCostRage;nCostSprintPower;nWeaponDamagePercent;nMinRadius;nMaxRadius;nAngleRange;nBreakRate;nBulletVelocity
天策\天策_游龙骑法_裂苍穹.lua	天策	bytecode	{}	[]	SetPublicCoolDown;SetNormalCoolDown;SetCheckCoolDown	nPrepareFrames;nCostMana;nMinRadius;nMaxRadius;nAngleRange;nBreakRate;nDismountingRate;nBulletVelocity
天策\天策_留侯_格挡重置定军.lua	天策	plain	{"nMinRadius": "0 * LENGTH_BASE", "nMaxRadius": "25* LENGTH_BASE", "nAngleRange": "256"}	[]		CLEAR_COOL_DOWN
天策\天策_羽林枪法_定军.lua	天策	bytecode	{}	[]	SetNormalCoolDown;SetCheckCoolDown	nPrepareFrames;nCostMana;nCostSprintPower;nWeaponDamagePercent;nMinRadius;nMaxRadius;nAngleRange;nBreakRate;nBulletVelocity;nBaseThreat
天策\天策_羽林枪法_沧月.lua	天策	bytecode	{}	[]	SetPublicCoolDown;SetNormalCoolDown;SetCheckCoolDown;ModifyCoolDown	nPrepareFrames;nCostMana;nCostSprintPower;nWeaponDamagePercent;nMinRadius;nMaxRadius;nAngleRange;nBreakRate;nDismountingRate;nBulletVelocity
天策\天策_羽林枪法_破风.lua	天策	bytecode	{}	[]		nChannelInterval;bIgnorePrepareState;nCostMana;nMinRadius;nMaxRadius;nAngleRange
天策\天策_羽林枪法_龙牙.lua	天策	bytecode	{}	[]	SetPublicCoolDown;SetNormalCoolDown;SetCheckCoolDown	nCostRage;nNeedRage;nMinRadius;nMaxRadius;nAngleRange
天策\天策_虎牙令_守如山.lua	天策	bytecode	{}	[]	SetPublicCoolDown;SetNormalCoolDown;SetCheckCoolDown	nPrepareFrames;nCostMana;nCostSprintPower;nMinRadius;nMaxRadius;nAngleRange;nBreakRate;nBulletVelocity
天策\天策_虎牙令_徐如林.lua	天策	plain	{"nMinRadius": "0", "nMaxRadius": "MELEE_ATTACK_DISTANCE", "nAngleRange": "128", "nPrepareFrames": "0", "nBulletVelocity": "0", "nBreakRate": "1024"}	[{"nCostMana": "17"}, {"nCostMana": "24"}, {"nCostMana": "31"}, {"nCostMana": "38"}, {"nCostMana": "45"}]	SetNormalCoolDown(1, 96);SetCheckCoolDown(1, 444)	
天策\天策_虎牙令_撼如雷.lua	天策	bytecode	{}	[]	SetNormalCoolDown;SetCheckCoolDown	nCostMana;nCostSprintPower;nMinRadius;nMaxRadius;nAreaRadius;nAngleRange
天策\奇穴破风易伤.lua	天策	plain	{"nMinRadius": "0 * LENGTH_BASE", "nMaxRadius": "20 * LENGTH_BASE", "nAngleRange": "256", "nWeaponDamagePercent": "0"}	[{"nDamageBase": "0", "nDamageRand": "0", "nCostMana": "0"}, {"nDamageBase": "0", "nDamageRand": "0", "nCostMana": "0"}, {"nDamageBase": "0", "nDamageRand": "0", "nCostMana": "0"}, {"nDamageBase": "0", "nDamageRand": "0", "nCostMana": "0"}, {"nDamageBase": "0", "nDamageRand": "0", "nCostMana": "0"}, {"nDamageBase": "0", "nDamageRand": "0", "nCostMana": "0"}, {"nDamageBase": "0", "nDamageRand": "0", "nCostMana": "0"}, {"nDamageBase": "0", "nDamageRand": "0", "nCostMana": "0"}, {"nDamageBase": "0", "nDamageRand": "0", "nCostMana": "0"}, {"nDamageBase": "0", "nDamageRand": "0", "nCostMana": "0"}]		
天策\破风立刻造成一次伤害.lua	天策	plain	{"nMinRadius": "0 * LENGTH_BASE", "nMaxRadius": "8 * LENGTH_BASE", "nAngleRange": "128", "nChannelInterval": "100 / 6"}	[{"nCostMana": "14"}, {"nCostMana": "22"}, {"nCostMana": "29"}, {"nCostMana": "40"}, {"nCostMana": "49"}, {"nCostMana": "57"}, {"nCostMana": "65"}, {"nCostMana": "73"}, {"nCostMana": "81"}, {"nCostMana": "90"}, {"nCostMana": "90"}, {"nCostMana": "90"}, {"nCostMana": "90"}, {"nCostMana": "90"}, {"nCostMana": "90"}, {"nCostMana": "90"}, {"nCostMana": "90"}, {"nCostMana": "90"}, {"nCostMana": "90"}, {"nCostMana": "90"}, {"nCostMana": "90"}, {"nCostMana": "90"}, {"nCostMana": "90"}, {"nCostMana": "90"}, {"nCostMana": "90"}, {"nCostMana": "90"}, {"nCostMana": "90"}, {"nCostMana": "90"}]		CALL_PHYSICS_DAMAGE
天策\90级奇穴\招架重置定军.lua	天策	plain	{"nMinRadius": "0 * LENGTH_BASE", "nMaxRadius": "4 * LENGTH_BASE", "nAngleRange": "256"}	[]		SKILL_EVENT_HANDLER
天策\90级奇穴\渊降低5秒调息时间.lua	天策	plain	{"bIgnorePrepareState": "true", "nMinRadius": "0 * LENGTH_BASE", "nMaxRadius": "0 * LENGTH_BASE", "nAngleRange": "256"}	[{"nDamageBase": "0", "nDamageRand": "0", "nCostMana": "0"}, {"nDamageBase": "0", "nDamageRand": "0", "nCostMana": "0"}, {"nDamageBase": "0", "nDamageRand": "0", "nCostMana": "0"}, {"nDamageBase": "0", "nDamageRand": "0", "nCostMana": "0"}, {"nDamageBase": "0", "nDamageRand": "0", "nCostMana": "0"}, {"nDamageBase": "0", "nDamageRand": "0", "nCostMana": "0"}, {"nDamageBase": "0", "nDamageRand": "0", "nCostMana": "0"}, {"nDamageBase": "0", "nDamageRand": "0", "nCostMana": "0"}, {"nDamageBase": "0", "nDamageRand": "0", "nCostMana": "0"}, {"nDamageBase": "0", "nDamageRand": "0", "nCostMana": "0"}]		MODIFY_COOL_DOWN
天策\90级奇穴\破风流血减灭CD挂buff.lua	天策	plain	{"nMinRadius": "0 * LENGTH_BASE", "nMaxRadius": "5 * LENGTH_BASE", "nAngleRange": "128", "nWeaponDamagePercent": "0"}	[{"nDamageBase": "0", "nDamageRand": "0", "nCostMana": "0"}, {"nDamageBase": "0", "nDamageRand": "0", "nCostMana": "0"}, {"nDamageBase": "0", "nDamageRand": "0", "nCostMana": "0"}, {"nDamageBase": "0", "nDamageRand": "0", "nCostMana": "0"}, {"nDamageBase": "0", "nDamageRand": "0", "nCostMana": "0"}, {"nDamageBase": "0", "nDamageRand": "0", "nCostMana": "0"}, {"nDamageBase": "0", "nDamageRand": "0", "nCostMana": "0"}, {"nDamageBase": "0", "nDamageRand": "0", "nCostMana": "0"}, {"nDamageBase": "0", "nDamageRand": "0", "nCostMana": "0"}, {"nDamageBase": "0", "nDamageRand": "0", "nCostMana": "0"}]		
天策\90级奇穴\破风添加易伤效果.lua	天策	plain	{}	[]		
天策\90级奇穴\附魔_破风破甲效果.lua	天策	plain	{}	[]		
天策\镇派\突重置定军.lua	天策	plain	{"nMinRadius": "0 * LENGTH_BASE", "nMaxRadius": "4 * LENGTH_BASE", "nAngleRange": "256", "nWeaponDamagePercent": "0"}	[{"nDamageBase": "0", "nDamageRand": "0", "nCostMana": "0"}, {"nDamageBase": "0", "nDamageRand": "0", "nCostMana": "0"}, {"nDamageBase": "0", "nDamageRand": "0", "nCostMana": "0"}, {"nDamageBase": "0", "nDamageRand": "0", "nCostMana": "0"}, {"nDamageBase": "0", "nDamageRand": "0", "nCostMana": "0"}, {"nDamageBase": "0", "nDamageRand": "0", "nCostMana": "0"}, {"nDamageBase": "0", "nDamageRand": "0", "nCostMana": "0"}, {"nDamageBase": "0", "nDamageRand": "0", "nCostMana": "0"}, {"nDamageBase": "0", "nDamageRand": "0", "nCostMana": "0"}, {"nDamageBase": "0", "nDamageRand": "0", "nCostMana": "0"}]		EXECUTE_SCRIPT
奇境寻宝\万花_花间游\林海刷新兰摧玉折.lua	奇境寻宝	bytecode	{}	[]		nChannelInterval;bIgnorePrepareState;nCostMana;nMaxRadius;nAngleRange;nBrokenRate
奇境寻宝\万花_花间游\林海刷新商阳指.lua	奇境寻宝	bytecode	{}	[]		nChannelInterval;bIgnorePrepareState;nCostMana;nMaxRadius;nAngleRange;nBrokenRate
奇境寻宝\万花_花间游\林海刷新钟林毓秀.lua	奇境寻宝	bytecode	{}	[]		nChannelInterval;bIgnorePrepareState;nMaxRadius;nAngleRange
奇境寻宝\万花_花间游\武器_兰摧玉折DOT伤害.lua	奇境寻宝	bytecode	{}	[]	SetPublicCoolDown;SetCheckCoolDown	nPrepareFrames;nMinPrepareFrames;nChannelInterval;nCostMana;nMaxRadius;nAngleRange;nBrokenRate
奇境寻宝\万花_花间游\武器_商阳指DOT伤害.lua	奇境寻宝	bytecode	{}	[]		nChannelInterval;nMaxRadius;nAngleRange
奇境寻宝\万花_花间游\武器_商阳指直接伤害.lua	奇境寻宝	bytecode	{}	[]	SetPublicCoolDown;SetCheckCoolDown	nChannelInterval;nCostMana;nMaxRadius;nAngleRange;nBrokenRate
奇境寻宝\万花_花间游\武器_阳明指附带钟林DOT伤害.lua	奇境寻宝	bytecode	{}	[]	SetPublicCoolDown;SetCheckCoolDown	nChannelInterval;nCostMana;nMaxRadius;nAngleRange;nBrokenRate
奇境寻宝\唐门_惊羽诀\寻宝_化血镖.lua	奇境寻宝	bytecode	{}	[]	SetPublicCoolDown;SetCheckCoolDown	nChannelInterval;nCostMana;nMinRadius;nMaxRadius;nAngleRange
奇境寻宝\少林_易筋经\奇境-2-拿云式.lua	奇境寻宝	bytecode	{}	[]	SetPublicCoolDown;SetNormalCoolDown	nChannelInterval;nCostMana;nMinRadius;nMaxRadius;nAngleRange
奇境寻宝\少林_易筋经\奇境-4-捉影式.lua	奇境寻宝	bytecode	{}	[]	SetNormalCoolDown	nPrepareFrames;nCostMana;nMinRadius;nMaxRadius;nAngleRange
奇境寻宝\明教_焚影圣诀\奇境_怖畏暗刑.lua	奇境寻宝	bytecode	{}	[]	SetNormalCoolDown	nCostMana;nMinRadius;nMaxRadius;nAngleRange
家园系统\小火车\小火车_后车下车.lua	家园系统	plain	{"nMinRadius": "0 * LENGTH_BASE", "nMaxRadius": "4 * LENGTH_BASE", "nAngleRange": "256"}	[{"nDamageBase": "0", "nDamageRand": "0", "nCostMana": "0"}, {"nDamageBase": "0", "nDamageRand": "0", "nCostMana": "0"}, {"nDamageBase": "0", "nDamageRand": "0", "nCostMana": "0"}, {"nDamageBase": "0", "nDamageRand": "0", "nCostMana": "0"}, {"nDamageBase": "0", "nDamageRand": "0", "nCostMana": "0"}, {"nDamageBase": "0", "nDamageRand": "0", "nCostMana": "0"}, {"nDamageBase": "0", "nDamageRand": "0", "nCostMana": "0"}, {"nDamageBase": "0", "nDamageRand": "0", "nCostMana": "0"}, {"nDamageBase": "0", "nDamageRand": "0", "nCostMana": "0"}, {"nDamageBase": "0", "nDamageRand": "0", "nCostMana": "0"}]		EXECUTE_SCRIPT
家园系统\小火车\小火车_车头下车.lua	家园系统	plain	{"nMinRadius": "0 * LENGTH_BASE", "nMaxRadius": "4 * LENGTH_BASE", "nAngleRange": "256"}	[{"nDamageBase": "0", "nDamageRand": "0", "nCostMana": "0"}, {"nDamageBase": "0", "nDamageRand": "0", "nCostMana": "0"}, {"nDamageBase": "0", "nDamageRand": "0", "nCostMana": "0"}, {"nDamageBase": "0", "nDamageRand": "0", "nCostMana": "0"}, {"nDamageBase": "0", "nDamageRand": "0", "nCostMana": "0"}, {"nDamageBase": "0", "nDamageRand": "0", "nCostMana": "0"}, {"nDamageBase": "0", "nDamageRand": "0", "nCostMana": "0"}, {"nDamageBase": "0", "nDamageRand": "0", "nCostMana": "0"}, {"nDamageBase": "0", "nDamageRand": "0", "nCostMana": "0"}, {"nDamageBase": "0", "nDamageRand": "0", "nCostMana": "0"}]		EXECUTE_SCRIPT
家园系统\帮会联赛大车家具\大车家具_下车.lua	家园系统	plain	{"nMinRadius": "0 * LENGTH_BASE", "nMaxRadius": "4 * LENGTH_BASE", "nAngleRange": "256"}	[{"nDamageBase": "0", "nDamageRand": "0", "nCostMana": "0"}, {"nDamageBase": "0", "nDamageRand": "0", "nCostMana": "0"}, {"nDamageBase": "0", "nDamageRand": "0", "nCostMana": "0"}, {"nDamageBase": "0", "nDamageRand": "0", "nCostMana": "0"}, {"nDamageBase": "0", "nDamageRand": "0", "nCostMana": "0"}, {"nDamageBase": "0", "nDamageRand": "0", "nCostMana": "0"}, {"nDamageBase": "0", "nDamageRand": "0", "nCostMana": "0"}, {"nDamageBase": "0", "nDamageRand": "0", "nCostMana": "0"}, {"nDamageBase": "0", "nDamageRand": "0", "nCostMana": "0"}, {"nDamageBase": "0", "nDamageRand": "0", "nCostMana": "0"}]		EXECUTE_SCRIPT
家园系统\帮会联赛小车家具\小车家具_下车.lua	家园系统	plain	{"nMinRadius": "0 * LENGTH_BASE", "nMaxRadius": "4 * LENGTH_BASE", "nAngleRange": "256"}	[{"nDamageBase": "0", "nDamageRand": "0", "nCostMana": "0"}, {"nDamageBase": "0", "nDamageRand": "0", "nCostMana": "0"}, {"nDamageBase": "0", "nDamageRand": "0", "nCostMana": "0"}, {"nDamageBase": "0", "nDamageRand": "0", "nCostMana": "0"}, {"nDamageBase": "0", "nDamageRand": "0", "nCostMana": "0"}, {"nDamageBase": "0", "nDamageRand": "0", "nCostMana": "0"}, {"nDamageBase": "0", "nDamageRand": "0", "nCostMana": "0"}, {"nDamageBase": "0", "nDamageRand": "0", "nCostMana": "0"}, {"nDamageBase": "0", "nDamageRand": "0", "nCostMana": "0"}, {"nDamageBase": "0", "nDamageRand": "0", "nCostMana": "0"}]		EXECUTE_SCRIPT
家园系统\战斗管家\山寨商阳指.lua	家园系统	plain	{"nMinRadius": "0 * LENGTH_BASE", "nMaxRadius": "20 * LENGTH_BASE", "nAngleRange": "128", "nChannelInterval": "tGMJL_WenZheZhi.SHANGYANG.nChannelInterval"}	[{"nDamageBase": "tGMJL_WenZheZhi.SHANGYANG.nDamageBase", "nDamageRand": "500 * 0.2", "nCostMana": "0"}, {"nDamageBase": "0", "nDamageRand": "0", "nCostMana": "0"}, {"nDamageBase": "0", "nDamageRand": "0", "nCostMana": "0"}, {"nDamageBase": "0", "nDamageRand": "0", "nCostMana": "0"}, {"nDamageBase": "0", "nDamageRand": "0", "nCostMana": "0"}, {"nDamageBase": "0", "nDamageRand": "0", "nCostMana": "0"}, {"nDamageBase": "0", "nDamageRand": "0", "nCostMana": "0"}, {"nDamageBase": "0", "nDamageRand": "0", "nCostMana": "0"}, {"nDamageBase": "0", "nDamageRand": "0", "nCostMana": "0"}, {"nDamageBase": "0", "nDamageRand": "0", "nCostMana": "0"}]		CALL_NEUTRAL_DAMAGE;SKILL_NEUTRAL_DAMAGE;SKILL_NEUTRAL_DAMAGE_RAND
家园系统\拍照马车\下车.lua	家园系统	plain	{"nMinRadius": "0 * LENGTH_BASE", "nMaxRadius": "4 * LENGTH_BASE", "nAngleRange": "256"}	[{"nDamageBase": "0", "nDamageRand": "0", "nCostMana": "0"}, {"nDamageBase": "0", "nDamageRand": "0", "nCostMana": "0"}, {"nDamageBase": "0", "nDamageRand": "0", "nCostMana": "0"}, {"nDamageBase": "0", "nDamageRand": "0", "nCostMana": "0"}, {"nDamageBase": "0", "nDamageRand": "0", "nCostMana": "0"}, {"nDamageBase": "0", "nDamageRand": "0", "nCostMana": "0"}, {"nDamageBase": "0", "nDamageRand": "0", "nCostMana": "0"}, {"nDamageBase": "0", "nDamageRand": "0", "nCostMana": "0"}, {"nDamageBase": "0", "nDamageRand": "0", "nCostMana": "0"}, {"nDamageBase": "0", "nDamageRand": "0", "nCostMana": "0"}]		EXECUTE_SCRIPT
家园系统\摩天轮\摩天轮_后车下车.lua	家园系统	plain	{"nMinRadius": "0 * LENGTH_BASE", "nMaxRadius": "4 * LENGTH_BASE", "nAngleRange": "256"}	[{"nDamageBase": "0", "nDamageRand": "0", "nCostMana": "0"}, {"nDamageBase": "0", "nDamageRand": "0", "nCostMana": "0"}, {"nDamageBase": "0", "nDamageRand": "0", "nCostMana": "0"}, {"nDamageBase": "0", "nDamageRand": "0", "nCostMana": "0"}, {"nDamageBase": "0", "nDamageRand": "0", "nCostMana": "0"}, {"nDamageBase": "0", "nDamageRand": "0", "nCostMana": "0"}, {"nDamageBase": "0", "nDamageRand": "0", "nCostMana": "0"}, {"nDamageBase": "0", "nDamageRand": "0", "nCostMana": "0"}, {"nDamageBase": "0", "nDamageRand": "0", "nCostMana": "0"}, {"nDamageBase": "0", "nDamageRand": "0", "nCostMana": "0"}]		EXECUTE_SCRIPT
家园系统\摩天轮\摩天轮_车头下车.lua	家园系统	plain	{"nMinRadius": "0 * LENGTH_BASE", "nMaxRadius": "4 * LENGTH_BASE", "nAngleRange": "256"}	[{"nDamageBase": "0", "nDamageRand": "0", "nCostMana": "0"}, {"nDamageBase": "0", "nDamageRand": "0", "nCostMana": "0"}, {"nDamageBase": "0", "nDamageRand": "0", "nCostMana": "0"}, {"nDamageBase": "0", "nDamageRand": "0", "nCostMana": "0"}, {"nDamageBase": "0", "nDamageRand": "0", "nCostMana": "0"}, {"nDamageBase": "0", "nDamageRand": "0", "nCostMana": "0"}, {"nDamageBase": "0", "nDamageRand": "0", "nCostMana": "0"}, {"nDamageBase": "0", "nDamageRand": "0", "nCostMana": "0"}, {"nDamageBase": "0", "nDamageRand": "0", "nCostMana": "0"}, {"nDamageBase": "0", "nDamageRand": "0", "nCostMana": "0"}]		EXECUTE_SCRIPT
家园系统\旋转木马\旋转木马_后车下车.lua	家园系统	plain	{"nMinRadius": "0 * LENGTH_BASE", "nMaxRadius": "4 * LENGTH_BASE", "nAngleRange": "256"}	[{"nDamageBase": "0", "nDamageRand": "0", "nCostMana": "0"}, {"nDamageBase": "0", "nDamageRand": "0", "nCostMana": "0"}, {"nDamageBase": "0", "nDamageRand": "0", "nCostMana": "0"}, {"nDamageBase": "0", "nDamageRand": "0", "nCostMana": "0"}, {"nDamageBase": "0", "nDamageRand": "0", "nCostMana": "0"}, {"nDamageBase": "0", "nDamageRand": "0", "nCostMana": "0"}, {"nDamageBase": "0", "nDamageRand": "0", "nCostMana": "0"}, {"nDamageBase": "0", "nDamageRand": "0", "nCostMana": "0"}, {"nDamageBase": "0", "nDamageRand": "0", "nCostMana": "0"}, {"nDamageBase": "0", "nDamageRand": "0", "nCostMana": "0"}]		EXECUTE_SCRIPT
家园系统\旋转木马\旋转木马_车头下车.lua	家园系统	plain	{"nMinRadius": "0 * LENGTH_BASE", "nMaxRadius": "4 * LENGTH_BASE", "nAngleRange": "256"}	[{"nDamageBase": "0", "nDamageRand": "0", "nCostMana": "0"}, {"nDamageBase": "0", "nDamageRand": "0", "nCostMana": "0"}, {"nDamageBase": "0", "nDamageRand": "0", "nCostMana": "0"}, {"nDamageBase": "0", "nDamageRand": "0", "nCostMana": "0"}, {"nDamageBase": "0", "nDamageRand": "0", "nCostMana": "0"}, {"nDamageBase": "0", "nDamageRand": "0", "nCostMana": "0"}, {"nDamageBase": "0", "nDamageRand": "0", "nCostMana": "0"}, {"nDamageBase": "0", "nDamageRand": "0", "nCostMana": "0"}, {"nDamageBase": "0", "nDamageRand": "0", "nCostMana": "0"}, {"nDamageBase": "0", "nDamageRand": "0", "nCostMana": "0"}]		EXECUTE_SCRIPT
家园系统\跳楼机\跳楼机_后车下车.lua	家园系统	plain	{"nMinRadius": "0 * LENGTH_BASE", "nMaxRadius": "4 * LENGTH_BASE", "nAngleRange": "256"}	[{"nDamageBase": "0", "nDamageRand": "0", "nCostMana": "0"}, {"nDamageBase": "0", "nDamageRand": "0", "nCostMana": "0"}, {"nDamageBase": "0", "nDamageRand": "0", "nCostMana": "0"}, {"nDamageBase": "0", "nDamageRand": "0", "nCostMana": "0"}, {"nDamageBase": "0", "nDamageRand": "0", "nCostMana": "0"}, {"nDamageBase": "0", "nDamageRand": "0", "nCostMana": "0"}, {"nDamageBase": "0", "nDamageRand": "0", "nCostMana": "0"}, {"nDamageBase": "0", "nDamageRand": "0", "nCostMana": "0"}, {"nDamageBase": "0", "nDamageRand": "0", "nCostMana": "0"}, {"nDamageBase": "0", "nDamageRand": "0", "nCostMana": "0"}]		EXECUTE_SCRIPT
家园系统\跳楼机\跳楼机_车头下车.lua	家园系统	plain	{"nMinRadius": "0 * LENGTH_BASE", "nMaxRadius": "4 * LENGTH_BASE", "nAngleRange": "256"}	[{"nDamageBase": "0", "nDamageRand": "0", "nCostMana": "0"}, {"nDamageBase": "0", "nDamageRand": "0", "nCostMana": "0"}, {"nDamageBase": "0", "nDamageRand": "0", "nCostMana": "0"}, {"nDamageBase": "0", "nDamageRand": "0", "nCostMana": "0"}, {"nDamageBase": "0", "nDamageRand": "0", "nCostMana": "0"}, {"nDamageBase": "0", "nDamageRand": "0", "nCostMana": "0"}, {"nDamageBase": "0", "nDamageRand": "0", "nCostMana": "0"}, {"nDamageBase": "0", "nDamageRand": "0", "nCostMana": "0"}, {"nDamageBase": "0", "nDamageRand": "0", "nCostMana": "0"}, {"nDamageBase": "0", "nDamageRand": "0", "nCostMana": "0"}]		EXECUTE_SCRIPT
少林\3豆回1豆.lua	少林	plain	{}	[]		
少林\优化眩晕延迟触发.lua	少林	plain	{}	[{"nDamageBase": "0", "nDamageRand": "0", "nCostMana": "0"}, {"nDamageBase": "0", "nDamageRand": "0", "nCostMana": "0"}, {"nDamageBase": "0", "nDamageRand": "0", "nCostMana": "0"}, {"nDamageBase": "0", "nDamageRand": "0", "nCostMana": "0"}, {"nDamageBase": "0", "nDamageRand": "0", "nCostMana": "0"}, {"nDamageBase": "0", "nDamageRand": "0", "nCostMana": "0"}, {"nDamageBase": "0", "nDamageRand": "0", "nCostMana": "0"}, {"nDamageBase": "0", "nDamageRand": "0", "nCostMana": "0"}, {"nDamageBase": "0", "nDamageRand": "0", "nCostMana": "0"}, {"nDamageBase": "0", "nDamageRand": "0", "nCostMana": "0"}]		
少林\判定距离重置捉影.lua	少林	plain	{"nMinRadius": "0 * LENGTH_BASE", "nMaxRadius": "100 * LENGTH_BASE", "nAngleRange": "256", "nWeaponDamagePercent": "0"}	[{"nDamageBase": "0", "nDamageRand": "0", "nCostMana": "0"}, {"nDamageBase": "0", "nDamageRand": "0", "nCostMana": "0"}, {"nDamageBase": "0", "nDamageRand": "0", "nCostMana": "0"}, {"nDamageBase": "0", "nDamageRand": "0", "nCostMana": "0"}, {"nDamageBase": "0", "nDamageRand": "0", "nCostMana": "0"}, {"nDamageBase": "0", "nDamageRand": "0", "nCostMana": "0"}, {"nDamageBase": "0", "nDamageRand": "0", "nCostMana": "0"}, {"nDamageBase": "0", "nDamageRand": "0", "nCostMana": "0"}, {"nDamageBase": "0", "nDamageRand": "0", "nCostMana": "0"}, {"nDamageBase": "0", "nDamageRand": "0", "nCostMana": "0"}]		EXECUTE_SCRIPT
少林\右手舞棍.lua	少林	plain	{"bIgnorePrepareState": "true", "nMinRadius": "0 * LENGTH_BASE", "nMaxRadius": "6 * LENGTH_BASE", "nAreaRadius": "6 * LENGTH_BASE", "nChannelInterval": "40 * 1.3 * 1.5  *1.1*1.2"}	[{"nAddRage": "0", "nCostRage": "10", "nDamageBase": "36", "nDamageRand": "0"}, {"nDamageBase": "0", "nDamageRand": "0", "nCostMana": "0"}, {"nDamageBase": "0", "nDamageRand": "0", "nCostMana": "0"}, {"nDamageBase": "0", "nDamageRand": "0", "nCostMana": "0"}, {"nDamageBase": "0", "nDamageRand": "0", "nCostMana": "0"}, {"nDamageBase": "0", "nDamageRand": "0", "nCostMana": "0"}, {"nDamageBase": "0", "nDamageRand": "0", "nCostMana": "0"}, {"nDamageBase": "0", "nDamageRand": "0", "nCostMana": "0"}, {"nDamageBase": "0", "nDamageRand": "0", "nCostMana": "0"}, {"nDamageBase": "0", "nDamageRand": "0", "nCostMana": "0"}]		CALL_SOLAR_DAMAGE;EXECUTE_SCRIPT;SKILL_SOLAR_DAMAGE;SKILL_SOLAR_DAMAGE_RAND
少林\子技能_少林_外缚印段3.lua	少林	plain	{"nBaseThreat": "tSkillData[dwSkillLevel].nThreat", "nMaxRadius": "6 * LENGTH_BASE", "nAngleRange": "256", "nAreaRadius": "5 * LENGTH_BASE"}	[{"nCostMana": "29"}, {"nCostMana": "53"}, {"nCostMana": "73"}, {"nCostMana": "94"}, {"nCostMana": "114"}, {"nCostMana": "135"}]		CAST_SKILL_TARGET_DST;EXECUTE_SCRIPT
少林\子技能_少林_守缺式一段伤害及表现.lua	少林	bytecode	{}	[]	SetNormalCoolDown;ClearCDTime	nPrepareFrames;nCostMana;nWeaponDamagePercent;nMinRadius;nMaxRadius;nAngleRange;nBreakRate;nBulletVelocity
少林\子技能_少林_守缺式二段伤害及表现.lua	少林	plain	{"nMinRadius": "0", "nMaxRadius": "10 * LENGTH_BASE", "nAngleRange": "156", "nPrepareFrames": "0", "nWeaponDamagePercent": "0", "nBulletVelocity": "0", "nBreakRate": "0"}	[{"nDamage": "120 * 0.95", "nDamageRand": "120 * 0.1", "nCostMana": "53"}]	SetNormalCoolDown(1, 1203)	ACCUMULATE;CAST_SKILL_TARGET_DST;EXECUTE_SCRIPT
少林\子技能_少林_智拳印段3.lua	少林	plain	{"nCostMana": "tSkillData[dwSkillLevel].nCostMana", "nMaxRadius": "8 * LENGTH_BASE", "nAngleRange": "256"}	[{"nCostMana": "0"}, {"nCostMana": "0"}, {"nCostMana": "0"}, {"nCostMana": "0"}, {"nCostMana": "0"}, {"nCostMana": "0"}, {"nCostMana": "0"}, {"nCostMana": "0"}, {"nCostMana": "0"}, {"nCostMana": "0"}]		EXECUTE_SCRIPT
少林\少林_六合棍挂buff判定.lua	少林	plain	{"nAngleRange": "256", "nAreaRadius": "6 * LENGTH_BASE"}	[{"nDamageBase": "0", "nDamageRand": "0", "nCostMana": "0"}, {"nDamageBase": "0", "nDamageRand": "0", "nCostMana": "0"}, {"nDamageBase": "0", "nDamageRand": "0", "nCostMana": "0"}, {"nDamageBase": "0", "nDamageRand": "0", "nCostMana": "0"}, {"nDamageBase": "0", "nDamageRand": "0", "nCostMana": "0"}, {"nDamageBase": "0", "nDamageRand": "0", "nCostMana": "0"}, {"nDamageBase": "0", "nDamageRand": "0", "nCostMana": "0"}, {"nDamageBase": "0", "nDamageRand": "0", "nCostMana": "0"}, {"nDamageBase": "0", "nDamageRand": "0", "nCostMana": "0"}, {"nDamageBase": "0", "nDamageRand": "0", "nCostMana": "0"}]		CALL_BUFF;EXECUTE_SCRIPT
少林\少林_子技能_外缚印段1.lua	少林	plain	{"nBaseThreat": "tSkillData[dwSkillLevel].nThreat", "nMaxRadius": "6 * LENGTH_BASE", "nAngleRange": "256", "nAreaRadius": "5 * LENGTH_BASE"}	[{"nCostMana": "29"}, {"nCostMana": "53"}, {"nCostMana": "73"}, {"nCostMana": "94"}, {"nCostMana": "114"}, {"nCostMana": "135"}]		CAST_SKILL_TARGET_DST
少林\少林_子技能_外缚印段2.lua	少林	plain	{"nBaseThreat": "tSkillData[dwSkillLevel].nThreat", "nMaxRadius": "6 * LENGTH_BASE", "nAngleRange": "256", "nAreaRadius": "5 * LENGTH_BASE"}	[{"nCostMana": "29"}, {"nCostMana": "53"}, {"nCostMana": "73"}, {"nCostMana": "94"}, {"nCostMana": "114"}, {"nCostMana": "135"}]		CAST_SKILL_TARGET_DST
少林\少林_子技能_捕风式瞬发捉影式.lua	少林	plain	{"nMaxRadius": "25 * LENGTH_BASE", "nAngleRange": "128"}	[]		
少林\少林_子技能_智拳印段1.lua	少林	plain	{"nCostMana": "tSkillData[dwSkillLevel].nCostMana", "nMaxRadius": "8 * LENGTH_BASE", "nAngleRange": "256"}	[{"nCostMana": "0"}, {"nCostMana": "0"}, {"nCostMana": "0"}, {"nCostMana": "0"}, {"nCostMana": "0"}, {"nCostMana": "0"}, {"nCostMana": "0"}, {"nCostMana": "0"}, {"nCostMana": "0"}, {"nCostMana": "0"}]		
少林\少林_子技能_智拳印段2.lua	少林	plain	{"nCostMana": "tSkillData[dwSkillLevel].nCostMana", "nMaxRadius": "8 * LENGTH_BASE", "nAngleRange": "256"}	[{"nCostMana": "0"}, {"nCostMana": "0"}, {"nCostMana": "0"}, {"nCostMana": "0"}, {"nCostMana": "0"}, {"nCostMana": "0"}, {"nCostMana": "0"}, {"nCostMana": "0"}, {"nCostMana": "0"}, {"nCostMana": "0"}]		
少林\少林_心诤表现母技能.lua	少林	plain	{"nCostManaBasePercent": "605", "nCostSprintPower": "20 * CONSUME_BASE", "nMinRadius": "0 * LENGTH_BASE", "nMaxRadius": "4 * LENGTH_BASE", "nAngleRange": "256"}	[{"nDamageBase": "0", "nDamageRand": "0", "nCostMana": "0"}, {"nDamageBase": "0", "nDamageRand": "0", "nCostMana": "0"}, {"nDamageBase": "0", "nDamageRand": "0", "nCostMana": "0"}, {"nDamageBase": "0", "nDamageRand": "0", "nCostMana": "0"}, {"nDamageBase": "0", "nDamageRand": "0", "nCostMana": "0"}, {"nDamageBase": "0", "nDamageRand": "0", "nCostMana": "0"}, {"nDamageBase": "0", "nDamageRand": "0", "nCostMana": "0"}, {"nDamageBase": "0", "nDamageRand": "0", "nCostMana": "0"}, {"nDamageBase": "0", "nDamageRand": "0", "nCostMana": "0"}, {"nDamageBase": "0", "nDamageRand": "0", "nCostMana": "0"}]	SetPublicCoolDown(16);SetNormalCoolDown(1, 2099);SetCheckCoolDown(1, 444)	CAST_SKILL
少林\少林_技能事件_横扫六合_洗髓加点.lua	少林	plain	{}	[]		ACCUMULATE
少林\少林_拿云式增加伤害.lua	少林	plain	{"nMinRadius": "0", "nMaxRadius": "5* LENGTH_BASE", "nAngleRange": "128", "nChannelInterval": "77"}	[{"nDamage": "26 * 0.95", "nDamageRand": "26 * 0.1", "nCostMana": "191"}, {"nDamage": "30 * 0.95", "nDamageRand": "30 * 0.1", "nCostMana": "240"}, {"nDamage": "37 * 0.95", "nDamageRand": "37 * 0.1", "nCostMana": "287"}, {"nDamage": "43 * 0.95", "nDamageRand": "43 * 0.1", "nCostMana": "336"}, {"nDamage": "50 * 0.95", "nDamageRand": "50 * 0.1", "nCostMana": "383"}, {"nDamage": "59 * 0.95", "nDamageRand": "59 * 0.1", "nCostMana": "383"}]		CALL_SOLAR_DAMAGE;SKILL_SOLAR_DAMAGE;SKILL_SOLAR_DAMAGE_RAND
少林\少林_拿云式段一.lua	少林	bytecode	{}	[]		nChannelInterval;nCostRage;nWeaponDamagePercent;nMinRadius;nMaxRadius;nAngleRange
少林\少林_拿云式段三.lua	少林	bytecode	{}	[]		nChannelInterval;nCostRage;nWeaponDamagePercent;nMinRadius;nMaxRadius;nAngleRange
少林\少林_拿云式段二.lua	少林	bytecode	{}	[]		nChannelInterval;nCostRage;nWeaponDamagePercent;nMinRadius;nMaxRadius;nAngleRange
少林\少林_无量波罗_罗汉棍法易伤处理.lua	少林	bytecode	{}	[]		
少林\少林_横扫六合150%.lua	少林	bytecode	{}	[]		nChannelInterval;nCostMana;nWeaponDamagePercent;nMinRadius;nMaxRadius;nAreaRadius;nAngleRange
少林\少林_横扫六合威胁150%.lua	少林	bytecode	{}	[]		nChannelInterval;nCostMana;nWeaponDamagePercent;nMinRadius;nMaxRadius;nAreaRadius;nAngleRange;nBaseThreat
少林\少林_罗汉棍法_摩诃无量.lua	少林	bytecode	{}	[]	SetPublicCoolDown;SetNormalCoolDown;SetCheckCoolDown	nCostMana;nCostSprintPower;nWeaponDamagePercent;nMaxRadius;nAngleRange
少林\少林_罗汉棍法_横扫六合.lua	少林	bytecode	{}	[]	SetPublicCoolDown;SetNormalCoolDown;SetCheckCoolDown;ModifyCoolDown;ClearCDTime	nCostRage;nCostSprintPower;nWeaponDamagePercent;nAreaRadius;nAngleRange
少林\少林_罗汉棍法_韦陀献杵.lua	少林	bytecode	{}	[]	SetPublicCoolDown;SetCheckCoolDown	nCostMana;nCostSprintPower;bIsAccumulate;nMaxRadius;nAngleRange
少林\少林_袈裟伏魔功_五蕴皆空.lua	少林	plain	{"nCostManaBasePercent": "46", "bIsAccumulate": "true", "nMaxRadius": "MELEE_ATTACK_DISTANCE", "nAngleRange": "128", "nDismountingRate": "PERCENT_BASE"}	[{"nCostMana": "49"}, {"nCostMana": "62"}, {"nCostMana": "76"}, {"nCostMana": "90"}]	SetPublicCoolDown(16);SetNormalCoolDown(1, 40);SetCheckCoolDown(1, 444)	
少林\少林_袈裟伏魔功_大狮子吼.lua	少林	bytecode	{}	[]	SetPublicCoolDown;SetNormalCoolDown;SetCheckCoolDown	nCostMana;nCostSprintPower;bIsAccumulate;nMaxRadius;nAreaRadius;nAngleRange
少林\少林_达摩武诀_无相诀.lua	少林	bytecode	{}	[]	SetPublicCoolDown;SetNormalCoolDown;SetCheckCoolDown	nCostMana;nCostSprintPower;nAreaRadius;nAngleRange
少林\少林_达摩武诀_轮回诀.lua	少林	bytecode	{}	[]	SetPublicCoolDown;SetNormalCoolDown;SetCheckCoolDown	nPrepareFrames;nCostMana;nCostSprintPower;nMinRadius;nMaxRadius;nAngleRange;nBreakRate;nBulletVelocity
少林\少林_达摩武诀_锻骨诀.lua	少林	bytecode	{}	[]	SetNormalCoolDown;SetCheckCoolDown	nCostMana;nCostSprintPower
少林\少林_韦陀献杵段一倒地2.lua	少林	plain	{"nMinRadius": "0", "nMaxRadius": "5* LENGTH_BASE", "nAngleRange": "128", "nChannelInterval": "48*1.2*1.15*1.35*1.15*0.9*1.15*1.1*1.1", "nWeaponDamagePercent": "2048"}	[{"nAddRage": "0", "nCostRage": "10", "nDamageBase": "73/3", "nDamageRand": "0"}, {"nAddRage": "0", "nCostRage": "10", "nDamageBase": "87/3", "nDamageRand": "0"}, {"nAddRage": "0", "nCostRage": "10", "nDamageBase": "100/3", "nDamageRand": "0"}, {"nAddRage": "0", "nCostRage": "10", "nDamageBase": "114/3", "nDamageRand": "0"}, {"nAddRage": "0", "nCostRage": "10", "nDamageBase": "127/3", "nDamageRand": "0"}, {"nAddRage": "0", "nCostRage": "10", "nDamageBase": "141/3", "nDamageRand": "0"}, {"nAddRage": "0", "nCostRage": "10", "nDamageBase": "154/3", "nDamageRand": "0"}, {"nAddRage": "0", "nCostRage": "10", "nDamageBase": "168/3", "nDamageRand": "0"}, {"nAddRage": "0", "nCostRage": "10", "nDamageBase": "181/3", "nDamageRand": "0"}, {"nAddRage": "0", "nCostRage": "10", "nDamageBase": "195/3", "nDamageRand": "0"}, {"nAddRage": "0", "nCostRage": "10", "nDamageBase": "208/3", "nDamageRand": "0"}, {"nAddRage": "0", "nCostRage": "10", "nDamageBase": "222/3", "nDamageRand": "0"}, {"nAddRage": "0", "nCostRage": "10", "nDamageBase": "235/3", "nDamageRand": "0"}, {"nAddRage": "0", "nCostRage": "10", "nDamageBase": "249/3", "nDamageRand": "0"}, {"nAddRage": "0", "nCostRage": "10", "nDamageBase": "262/3", "nDamageRand": "0"}, {"nAddRage": "0", "nCostRage": "10", "nDamageBase": "276/3", "nDamageRand": "0"}, {"nAddRage": "0", "nCostRage": "10", "nDamageBase": "289/3", "nDamageRand": "0"}, {"nAddRage": "0", "nCostRage": "10", "nDamageBase": "303/3", "nDamageRand": "0"}, {"nAddRage": "0", "nCostRage": "10", "nDamageBase": "316/3", "nDamageRand": "0"}, {"nAddRage": "0", "nCostRage": "10", "nDamageBase": "330/3", "nDamageRand": "0"}, {"nAddRage": "0", "nCostRage": "10", "nDamageBase": "343/3", "nDamageRand": "0"}, {"nAddRage": "0", "nCostRage": "10", "nDamageBase": "357/3", "nDamageRand": "0"}, {"nAddRage": "0", "nCostRage": "10", "nDamageBase": "370/3", "nDamageRand": "0"}, {"nAddRage": "0", "nCostRage": "10", "nDamageBase": "384/3", "nDamageRand": "0"}, {"nAddRage": "0", "nCostRage": "10", "nDamageBase": "397/3", "nDamageRand": "0"}, {"nAddRage": "0", "nCostRage": "10", "nDamageBase": "411/3", "nDamageRand": "0"}, {"nAddRage": "0", "nCostRage": "10", "nDamageBase": "424/3", "nDamageRand": "0"}, {"nAddRage": "0", "nCostRage": "10", "nDamageBase": "438/3", "nDamageRand": "0"}, {"nAddRage": "0", "nCostRage": "10", "nDamageBase": "451/3", "nDamageRand": "0"}]		CALL_PHYSICS_DAMAGE;CALL_SOLAR_DAMAGE;CAST_SKILL_TARGET_DST;EXECUTE_SCRIPT;PHYSICS_ATTACK_POWER_PERCENT;SKILL_SOLAR_DAMAGE;SKILL_SOLAR_DAMAGE_RAND
少林\少林_韦陀献杵段三倒地2.lua	少林	bytecode	{}	[]		nChannelInterval;nCostRage;nWeaponDamagePercent;nMinRadius;nMaxRadius;nAngleRange
少林\少林_韦陀献杵段二倒地2.lua	少林	bytecode	{}	[]		nChannelInterval;nCostRage;nWeaponDamagePercent;nMinRadius;nMaxRadius;nAngleRange
少林\少林_龙爪功_守缺式.lua	少林	bytecode	{}	[]	SetPublicCoolDown;SetNormalCoolDown;SetCheckCoolDown	nPrepareFrames;nChannelInterval;nCostRage;nWeaponDamagePercent;nMinRadius;nMaxRadius;nAngleRange;nBreakRate;nBulletVelocity
少林\少林_龙爪功_抢珠式.lua	少林	bytecode	{}	[]	SetNormalCoolDown;SetCheckCoolDown	nPrepareFrames;nCostMana;nCostSprintPower;nWeaponDamagePercent;nMinRadius;nMaxRadius;nAngleRange;nBreakRate;nBulletVelocity
少林\少林_龙爪功_抱残式.lua	少林	plain	{"nCostManaBasePercent": "93", "nMinRadius": "0", "nMaxRadius": "8* LENGTH_BASE", "nAngleRange": "128", "nPrepareFrames": "0", "nWeaponDamagePercent": "0", "nBulletVelocity": "0", "nBreakRate": "0"}	[{"nDamage": "0", "nDamageRand": "0", "nCostMana": "33"}, {"nDamage": "0", "nDamageRand": "0", "nCostMana": "57"}, {"nDamage": "0", "nDamageRand": "0", "nCostMana": "77"}, {"nDamage": "0", "nDamageRand": "0", "nCostMana": "98"}, {"nDamage": "0", "nDamageRand": "0", "nCostMana": "118"}, {"nDamage": "0", "nDamageRand": "0", "nCostMana": "135"}]	SetNormalCoolDown(1, 48);SetCheckCoolDown(1, 444)	
少林\少林_龙爪功_拿云式.lua	少林	bytecode	{}	[]	SetPublicCoolDown;SetNormalCoolDown;SetCheckCoolDown	nCostMana;nCostSprintPower;bIsAccumulate;nMaxRadius;nAngleRange
少林\少林_龙爪功_拿云式洗髓.lua	少林	bytecode	{}	[]	SetPublicCoolDown;SetNormalCoolDown;SetCheckCoolDown	nCostMana;nCostSprintPower;bIsAccumulate;nMaxRadius;nAngleRange
少林\少林_龙爪功_捉影式.lua	少林	bytecode	{}	[]	SetNormalCoolDown;SetCheckCoolDown;ModifyCoolDown	nPrepareFrames;nCostMana;nCostSprintPower;nMinRadius;nMaxRadius;nAngleRange
少林\少林_龙爪功_捕风式.lua	少林	bytecode	{}	[]	SetPublicCoolDown;SetNormalCoolDown;SetCheckCoolDown	nPrepareFrames;nChannelInterval;nCostRage;nCostSprintPower;nWeaponDamagePercent;nMinRadius;nMaxRadius;nAngleRange;nBreakRate;nBulletVelocity
少林\少林_龙爪功_捣虚式100%.lua	少林	bytecode	{}	[]		nChannelInterval;nCostMana;nMinRadius;nMaxRadius;nAngleRange
少林\少林_龙爪功_捣虚式150%.lua	少林	plain	{"nChannelInterval": "(200 + (dwSkillLevel-1) * 5)* 1.15", "nMinRadius": "0", "nMaxRadius": "8 * LENGTH_BASE", "nAngleRange": "128"}	[{"nDamage": "52", "nDamageRand": "5", "nCostMana": "53"}, {"nDamage": "62", "nDamageRand": "5", "nCostMana": "53"}, {"nDamage": "72", "nDamageRand": "5", "nCostMana": "53"}, {"nDamage": "82", "nDamageRand": "5", "nCostMana": "53"}, {"nDamage": "92", "nDamageRand": "5", "nCostMana": "53"}, {"nDamage": "102", "nDamageRand": "5", "nCostMana": "53"}, {"nDamage": "112", "nDamageRand": "5", "nCostMana": "53"}, {"nDamage": "122", "nDamageRand": "5", "nCostMana": "53"}, {"nDamage": "132", "nDamageRand": "5", "nCostMana": "53"}, {"nDamage": "142", "nDamageRand": "5", "nCostMana": "53"}]		CALL_SOLAR_DAMAGE;EXECUTE_SCRIPT;SKILL_SOLAR_DAMAGE;SKILL_SOLAR_DAMAGE_RAND
少林\少林_龙爪功_捣虚式额外伤害.lua	少林	plain	{"nChannelInterval": "240 * 1.2 / 3", "nMinRadius": "0", "nMaxRadius": "8 * LENGTH_BASE", "nAngleRange": "128"}	[{"nDamage": "328 * 0.95", "nDamageRand": "328 * 0.1", "nCostMana": "53"}]		CALL_SOLAR_DAMAGE;SKILL_SOLAR_DAMAGE;SKILL_SOLAR_DAMAGE_RAND
少林\少林_龙爪功_涅槃式125%.lua	少林	bytecode	{}	[]		nChannelInterval;nCostMana;nMinRadius;nMaxRadius;nAngleRange
少林\少林普渡增伤.lua	少林	bytecode	{}	[]		bIgnorePrepareState;nCostMana;nMinRadius;nMaxRadius;nAngleRange
少林\捉影式减速.lua	少林	plain	{}	[]		
少林\立地成佛伤害子技能.lua	少林	plain	{"nMinRadius": "0 * LENGTH_BASE", "nMaxRadius": "30 * LENGTH_BASE", "nAngleRange": "256", "nAreaRadius": "5 * LENGTH_BASE", "nChannelInterval": "100 * dwSkillLevel"}	[{"nDamageBase": "175", "nDamageRand": "15", "nCostMana": "0"}, {"nDamageBase": "175", "nDamageRand": "15", "nCostMana": "0"}, {"nDamageBase": "175", "nDamageRand": "15", "nCostMana": "0"}, {"nDamageBase": "0", "nDamageRand": "0", "nCostMana": "0"}, {"nDamageBase": "0", "nDamageRand": "0", "nCostMana": "0"}, {"nDamageBase": "0", "nDamageRand": "0", "nCostMana": "0"}, {"nDamageBase": "0", "nDamageRand": "0", "nCostMana": "0"}, {"nDamageBase": "0", "nDamageRand": "0", "nCostMana": "0"}, {"nDamageBase": "0", "nDamageRand": "0", "nCostMana": "0"}, {"nDamageBase": "0", "nDamageRand": "0", "nCostMana": "0"}]		CALL_SOLAR_DAMAGE;SKILL_SOLAR_DAMAGE;SKILL_SOLAR_DAMAGE_RAND
少林\90级奇穴\6豆返还豆处理.lua	少林	bytecode	{}	[]		
少林\90级奇穴\六合减伤害.lua	少林	plain	{}	[]		
少林\镇派\千斤坠_冲刺过程.lua	少林	plain	{"nMinRadius": "0 * LENGTH_BASE", "nMaxRadius": "20 * LENGTH_BASE", "nAngleRange": "256", "nAreaRadius": "20 * LENGTH_BASE", "nWeaponDamagePercent": "0"}	[{"nDamageBase": "0", "nDamageRand": "0", "nCostMana": "0"}, {"nDamageBase": "0", "nDamageRand": "0", "nCostMana": "0"}, {"nDamageBase": "0", "nDamageRand": "0", "nCostMana": "0"}, {"nDamageBase": "0", "nDamageRand": "0", "nCostMana": "0"}, {"nDamageBase": "0", "nDamageRand": "0", "nCostMana": "0"}, {"nDamageBase": "0", "nDamageRand": "0", "nCostMana": "0"}, {"nDamageBase": "0", "nDamageRand": "0", "nCostMana": "0"}, {"nDamageBase": "0", "nDamageRand": "0", "nCostMana": "0"}, {"nDamageBase": "0", "nDamageRand": "0", "nCostMana": "0"}, {"nDamageBase": "0", "nDamageRand": "0", "nCostMana": "0"}]		DASH_TO_POINT;EXECUTE_SCRIPT
少林\镇派\攻击_真如.lua	少林	plain	{"nMaxRadius": "4 * LENGTH_BASE", "nAngleRange": "256", "nAreaRadius": "50 * LENGTH_BASE"}	[]		SET_TALENT_RECIPE;SKILL_EVENT_HANDLER
少林\镇派\防御_洗髓可以用拿云.lua	少林	plain	{}	[{"nDamageBase": "0", "nDamageRand": "0", "nCostMana": "0"}, {"nDamageBase": "0", "nDamageRand": "0", "nCostMana": "0"}, {"nDamageBase": "0", "nDamageRand": "0", "nCostMana": "0"}, {"nDamageBase": "0", "nDamageRand": "0", "nCostMana": "0"}, {"nDamageBase": "0", "nDamageRand": "0", "nCostMana": "0"}, {"nDamageBase": "0", "nDamageRand": "0", "nCostMana": "0"}, {"nDamageBase": "0", "nDamageRand": "0", "nCostMana": "0"}, {"nDamageBase": "0", "nDamageRand": "0", "nCostMana": "0"}, {"nDamageBase": "0", "nDamageRand": "0", "nCostMana": "0"}, {"nDamageBase": "0", "nDamageRand": "0", "nCostMana": "0"}]		EXECUTE_SCRIPT;SKILL_EVENT_HANDLER
帮会\帮会约战_剑主天地.lua	帮会	plain	{"nMinRadius": "0 * LENGTH_BASE", "nMaxRadius": "20 * LENGTH_BASE", "nAngleRange": "128", "nBeatBackRate": "0 * PERCENT_BASE"}	[{"nDamage": "1500 * 0.8", "nDamageRand": "1500 * 0.4", "nCostMana": "0"}, {"nDamageBase": "0", "nDamageRand": "0", "nCostMana": "0"}, {"nDamageBase": "0", "nDamageRand": "0", "nCostMana": "0"}, {"nDamageBase": "0", "nDamageRand": "0", "nCostMana": "0"}, {"nDamageBase": "0", "nDamageRand": "0", "nCostMana": "0"}, {"nDamageBase": "0", "nDamageRand": "0", "nCostMana": "0"}, {"nDamageBase": "0", "nDamageRand": "0", "nCostMana": "0"}, {"nDamageBase": "0", "nDamageRand": "0", "nCostMana": "0"}, {"nDamageBase": "0", "nDamageRand": "0", "nCostMana": "0"}, {"nDamageBase": "0", "nDamageRand": "0", "nCostMana": "0"}]		CALL_LUNAR_DAMAGE;SKILL_LUNAR_DAMAGE;SKILL_LUNAR_DAMAGE_RAND
帮会\帮会约战_捉影式.lua	帮会	plain	{"nMinRadius": "0 * LENGTH_BASE", "nMaxRadius": "20 * LENGTH_BASE", "nAngleRange": "128", "nBeatBackRate": "0 * PERCENT_BASE"}	[{"nDamage": "1500 * 0.8", "nDamageRand": "1500 * 0.4", "nCostMana": "0"}, {"nDamageBase": "0", "nDamageRand": "0", "nCostMana": "0"}, {"nDamageBase": "0", "nDamageRand": "0", "nCostMana": "0"}, {"nDamageBase": "0", "nDamageRand": "0", "nCostMana": "0"}, {"nDamageBase": "0", "nDamageRand": "0", "nCostMana": "0"}, {"nDamageBase": "0", "nDamageRand": "0", "nCostMana": "0"}, {"nDamageBase": "0", "nDamageRand": "0", "nCostMana": "0"}, {"nDamageBase": "0", "nDamageRand": "0", "nCostMana": "0"}, {"nDamageBase": "0", "nDamageRand": "0", "nCostMana": "0"}, {"nDamageBase": "0", "nDamageRand": "0", "nCostMana": "0"}]		PULL
扬刀大会\聂云CD降低（火）.lua	扬刀大会	bytecode	{}	[]		nCostMana;nMinRadius;nMaxRadius;nAngleRange
扬刀大会\踏浪行换技能.lua	扬刀大会	bytecode	{}	[]		nCostMana;nMinRadius;nMaxRadius;nAngleRange
扬刀大会\金元素强化聂云.lua	扬刀大会	bytecode	{}	[]	SetPublicCoolDown;SetNormalCoolDown	nMaxRadius;nAngleRange;nBreakRate
扬刀大会\金元素强化聂云二段招式.lua	扬刀大会	bytecode	{}	[]	SetPublicCoolDown	nCostRage
明教\明教_净世破魔击.lua	明教	bytecode	{}	[]	SetPublicCoolDown;SetCheckCoolDown	nCostMana;nCostSprintPower;nMinRadius;nMaxRadius;nAngleRange
明教\明教_圣明佑.lua	明教	plain	{"nMinRadius": "0 * LENGTH_BASE", "nMaxRadius": "20 * LENGTH_BASE", "nAngleRange": "256"}	[{"nDamageBase": "0", "nDamageRand": "0", "nCostMana": "0"}, {"nDamageBase": "0", "nDamageRand": "0", "nCostMana": "0"}, {"nDamageBase": "0", "nDamageRand": "0", "nCostMana": "0"}, {"nDamageBase": "0", "nDamageRand": "0", "nCostMana": "0"}, {"nDamageBase": "0", "nDamageRand": "0", "nCostMana": "0"}, {"nDamageBase": "0", "nDamageRand": "0", "nCostMana": "0"}, {"nDamageBase": "0", "nDamageRand": "0", "nCostMana": "0"}, {"nDamageBase": "0", "nDamageRand": "0", "nCostMana": "0"}, {"nDamageBase": "0", "nDamageRand": "0", "nCostMana": "0"}, {"nDamageBase": "0", "nDamageRand": "0", "nCostMana": "0"}]	SetPublicCoolDown(503);SetNormalCoolDown(1, 543);SetNormalCoolDown(2, 544);SetNormalCoolDown(3, 545);SetCheckCoolDown(1, 444)	EXECUTE_SCRIPT
明教\明教_圣明佑_日.lua	明教	plain	{}	[{"nDamageBase": "0", "nDamageRand": "0", "nCostMana": "0"}, {"nDamageBase": "0", "nDamageRand": "0", "nCostMana": "0"}, {"nDamageBase": "0", "nDamageRand": "0", "nCostMana": "0"}, {"nDamageBase": "0", "nDamageRand": "0", "nCostMana": "0"}, {"nDamageBase": "0", "nDamageRand": "0", "nCostMana": "0"}, {"nDamageBase": "0", "nDamageRand": "0", "nCostMana": "0"}, {"nDamageBase": "0", "nDamageRand": "0", "nCostMana": "0"}, {"nDamageBase": "0", "nDamageRand": "0", "nCostMana": "0"}, {"nDamageBase": "0", "nDamageRand": "0", "nCostMana": "0"}, {"nDamageBase": "0", "nDamageRand": "0", "nCostMana": "0"}]		EXECUTE_SCRIPT
明教\明教_圣明佑_月.lua	明教	plain	{}	[{"nDamageBase": "0", "nDamageRand": "0", "nCostMana": "0"}, {"nDamageBase": "0", "nDamageRand": "0", "nCostMana": "0"}, {"nDamageBase": "0", "nDamageRand": "0", "nCostMana": "0"}, {"nDamageBase": "0", "nDamageRand": "0", "nCostMana": "0"}, {"nDamageBase": "0", "nDamageRand": "0", "nCostMana": "0"}, {"nDamageBase": "0", "nDamageRand": "0", "nCostMana": "0"}, {"nDamageBase": "0", "nDamageRand": "0", "nCostMana": "0"}, {"nDamageBase": "0", "nDamageRand": "0", "nCostMana": "0"}, {"nDamageBase": "0", "nDamageRand": "0", "nCostMana": "0"}, {"nDamageBase": "0", "nDamageRand": "0", "nCostMana": "0"}]		DEL_MULTI_GROUP_BUFF_BY_FUNCTIONTYPE;DETACH_MULTI_GROUP_BUFF;EXECUTE_SCRIPT
明教\明教_夜叉心.lua	明教	bytecode	{}	[]	SetNormalCoolDown;SetCheckCoolDown	nMinRadius;nMaxRadius;nAngleRange
明教\明教_幽月轮.lua	明教	bytecode	{}	[]	SetPublicCoolDown;SetCheckCoolDown	nCostMana;nCostSprintPower;nMinRadius;nMaxRadius;nAngleRange
明教\明教_怖畏暗刑.lua	明教	bytecode	{}	[]	SetNormalCoolDown;SetCheckCoolDown;ModifyCoolDown	nCostMana;nCostSprintPower;nMinRadius;nMaxRadius;nAngleRange;nDismountingRate
明教\明教_怖畏暗刑_隐身下伤害.lua	明教	bytecode	{}	[]		nChannelInterval;nCostMana;nMinRadius;nMaxRadius;nAngleRange
明教\明教_怖畏暗刑_非隐身.lua	明教	bytecode	{}	[]		nCostMana;nMinRadius;nMaxRadius;nAngleRange
明教\明教_日月晦冲刺隐身冲刺.lua	明教	bytecode	{}	[]	SetNormalCoolDown;SetCheckCoolDown	bIgnorePrepareState;nCostMana;nMinRadius;nMaxRadius;nAreaRadius;nAngleRange
明教\明教_暗尘弥散.lua	明教	bytecode	{}	[]	SetNormalCoolDown;SetCheckCoolDown;ModifyCoolDown	
明教\明教_极乐引.lua	明教	bytecode	{}	[]	SetNormalCoolDown;SetCheckCoolDown	nMinRadius;nMaxRadius;nAngleRange
明教\明教_烈日斩.lua	明教	bytecode	{}	[]	SetPublicCoolDown;SetNormalCoolDown;SetCheckCoolDown	nCostSprintPower;nMinRadius;nMaxRadius;nAngleRange
明教\明教_生死劫.lua	明教	bytecode	{}	[]	SetPublicCoolDown;SetCheckCoolDown	nCostMana;nCostSprintPower;nMinRadius;nMaxRadius;nAngleRange
明教\明教_用晦而明技能事件.lua	明教	bytecode	{}	[]		
明教\明教_脱战灵魂衰减.lua	明教	plain	{}	[]		
明教\明教_赤日轮.lua	明教	bytecode	{}	[]	SetPublicCoolDown;SetCheckCoolDown	nChannelInterval;nCostMana;nCostSprintPower;nMinRadius;nMaxRadius;nAngleRange
明教\明教_银月斩.lua	明教	bytecode	{}	[]	SetPublicCoolDown;SetNormalCoolDown;SetCheckCoolDown	nCostSprintPower;nMinRadius;nMaxRadius;nAngleRange
明教\明教_驱夜断愁.lua	明教	bytecode	{}	[]	SetPublicCoolDown;SetNormalCoolDown;SetCheckCoolDown;ModifyCoolDown	nCostSprintPower;nMinRadius;nMaxRadius;nAngleRange
明教\明教通用删buff.lua	明教	plain	{}	[]		
明教\终结技回10点能量.lua	明教	bytecode	{}	[]		
明教\90级奇穴\满日AOE.lua	明教	plain	{"nMinRadius": "0 * LENGTH_BASE", "nMaxRadius": "8 * LENGTH_BASE", "nAngleRange": "256", "nAreaRadius": "8 * LENGTH_BASE", "nChannelInterval": "36*1.1*1.15*1.1*4"}	[{"nDamageBase": "286 * 0.95", "nDamageRand": "286 * 0.1", "nCostMana": "0"}]		CALL_SOLAR_DAMAGE;SKILL_SOLAR_DAMAGE;SKILL_SOLAR_DAMAGE_RAND
明教\90级奇穴\满月AOE.lua	明教	plain	{"nMinRadius": "0 * LENGTH_BASE", "nMaxRadius": "8 * LENGTH_BASE", "nAngleRange": "256", "nAreaRadius": "8 * LENGTH_BASE", "nChannelInterval": "36 * 1.1 * 1.15 * 1.1 * 4"}	[{"nDamageBase": "286 * 0.95", "nDamageRand": "286 * 0.1", "nCostMana": "0"}]		CALL_LUNAR_DAMAGE;SKILL_LUNAR_DAMAGE;SKILL_LUNAR_DAMAGE_RAND
明教\90级奇穴\积攒新日月同辉.lua	明教	bytecode	{}	[]		
明教\秘笈\明教_秘籍_怖畏暗刑隐身锁足.lua	明教	bytecode	{}	[]		nCostMana;nMinRadius;nMaxRadius;nAngleRange
明教\镇派\日月豆结算.lua	明教	bytecode	{}	[]		
明教\镇派\防御_除荡旷劫.lua	明教	plain	{}	[{"nDamageBase": "0", "nDamageRand": "0", "nCostMana": "0"}, {"nDamageBase": "0", "nDamageRand": "0", "nCostMana": "0"}, {"nDamageBase": "0", "nDamageRand": "0", "nCostMana": "0"}, {"nDamageBase": "0", "nDamageRand": "0", "nCostMana": "0"}, {"nDamageBase": "0", "nDamageRand": "0", "nCostMana": "0"}, {"nDamageBase": "0", "nDamageRand": "0", "nCostMana": "0"}, {"nDamageBase": "0", "nDamageRand": "0", "nCostMana": "0"}, {"nDamageBase": "0", "nDamageRand": "0", "nCostMana": "0"}, {"nDamageBase": "0", "nDamageRand": "0", "nCostMana": "0"}, {"nDamageBase": "0", "nDamageRand": "0", "nCostMana": "0"}]		SET_TALENT_RECIPE
段氏\段氏奇穴\8-4出岫降4秒.lua	段氏	plain	{"nMinRadius": "0 * LENGTH_BASE", "nMaxRadius": "20 * LENGTH_BASE", "nAngleRange": "256", "nAreaRadius": "50 * LENGTH_BASE"}	[{"nDamageBase": "0", "nDamageRand": "0", "nCostMana": "0"}, {"nDamageBase": "0", "nDamageRand": "0", "nCostMana": "0"}, {"nDamageBase": "0", "nDamageRand": "0", "nCostMana": "0"}, {"nDamageBase": "0", "nDamageRand": "0", "nCostMana": "0"}, {"nDamageBase": "0", "nDamageRand": "0", "nCostMana": "0"}, {"nDamageBase": "0", "nDamageRand": "0", "nCostMana": "0"}, {"nDamageBase": "0", "nDamageRand": "0", "nCostMana": "0"}, {"nDamageBase": "0", "nDamageRand": "0", "nCostMana": "0"}, {"nDamageBase": "0", "nDamageRand": "0", "nCostMana": "0"}, {"nDamageBase": "0", "nDamageRand": "0", "nCostMana": "0"}]		SET_TALENT_RECIPE
段氏\段氏奇穴\段氏2-1涌泉_引窍伤害增幅增加.lua	段氏	plain	{"nMinRadius": "0 * LENGTH_BASE", "nMaxRadius": "20 * LENGTH_BASE", "nAngleRange": "256", "nAreaRadius": "50 * LENGTH_BASE"}	[{"nDamageBase": "0", "nDamageRand": "0", "nCostMana": "0"}, {"nDamageBase": "0", "nDamageRand": "0", "nCostMana": "0"}, {"nDamageBase": "0", "nDamageRand": "0", "nCostMana": "0"}, {"nDamageBase": "0", "nDamageRand": "0", "nCostMana": "0"}, {"nDamageBase": "0", "nDamageRand": "0", "nCostMana": "0"}, {"nDamageBase": "0", "nDamageRand": "0", "nCostMana": "0"}, {"nDamageBase": "0", "nDamageRand": "0", "nCostMana": "0"}, {"nDamageBase": "0", "nDamageRand": "0", "nCostMana": "0"}, {"nDamageBase": "0", "nDamageRand": "0", "nCostMana": "0"}, {"nDamageBase": "0", "nDamageRand": "0", "nCostMana": "0"}]		SET_TALENT_RECIPE
段氏\段氏奇穴\段氏6-2悬枢_引窍充能并增强.lua	段氏	plain	{"nMinRadius": "0 * LENGTH_BASE", "nMaxRadius": "20 * LENGTH_BASE", "nAngleRange": "256", "nAreaRadius": "50 * LENGTH_BASE"}	[{"nDamageBase": "0", "nDamageRand": "0", "nCostMana": "0"}, {"nDamageBase": "0", "nDamageRand": "0", "nCostMana": "0"}, {"nDamageBase": "0", "nDamageRand": "0", "nCostMana": "0"}, {"nDamageBase": "0", "nDamageRand": "0", "nCostMana": "0"}, {"nDamageBase": "0", "nDamageRand": "0", "nCostMana": "0"}, {"nDamageBase": "0", "nDamageRand": "0", "nCostMana": "0"}, {"nDamageBase": "0", "nDamageRand": "0", "nCostMana": "0"}, {"nDamageBase": "0", "nDamageRand": "0", "nCostMana": "0"}, {"nDamageBase": "0", "nDamageRand": "0", "nCostMana": "0"}, {"nDamageBase": "0", "nDamageRand": "0", "nCostMana": "0"}]		SET_TALENT_RECIPE
段氏\段氏奇穴\段氏6-3太溪_截阳打断充能.lua	段氏	plain	{"nMinRadius": "0 * LENGTH_BASE", "nMaxRadius": "20 * LENGTH_BASE", "nAngleRange": "256", "nAreaRadius": "50 * LENGTH_BASE"}	[{"nDamageBase": "0", "nDamageRand": "0", "nCostMana": "0"}, {"nDamageBase": "0", "nDamageRand": "0", "nCostMana": "0"}, {"nDamageBase": "0", "nDamageRand": "0", "nCostMana": "0"}, {"nDamageBase": "0", "nDamageRand": "0", "nCostMana": "0"}, {"nDamageBase": "0", "nDamageRand": "0", "nCostMana": "0"}, {"nDamageBase": "0", "nDamageRand": "0", "nCostMana": "0"}, {"nDamageBase": "0", "nDamageRand": "0", "nCostMana": "0"}, {"nDamageBase": "0", "nDamageRand": "0", "nCostMana": "0"}, {"nDamageBase": "0", "nDamageRand": "0", "nCostMana": "0"}, {"nDamageBase": "0", "nDamageRand": "0", "nCostMana": "0"}]		SET_TALENT_RECIPE
段氏\段氏子技能\太溪截阳打断子技能.lua	段氏	plain	{"nMinRadius": "0 * LENGTH_BASE", "nMaxRadius": "30 * LENGTH_BASE", "nAngleRange": "256", "nBreakRate": "PERCENT_BASE", "nWeaponDamagePercent": "0"}	[{"nDamageBase": "0", "nDamageRand": "0", "nCostMana": "0"}, {"nDamageBase": "0", "nDamageRand": "0", "nCostMana": "0"}, {"nDamageBase": "0", "nDamageRand": "0", "nCostMana": "0"}, {"nDamageBase": "0", "nDamageRand": "0", "nCostMana": "0"}, {"nDamageBase": "0", "nDamageRand": "0", "nCostMana": "0"}, {"nDamageBase": "0", "nDamageRand": "0", "nCostMana": "0"}, {"nDamageBase": "0", "nDamageRand": "0", "nCostMana": "0"}, {"nDamageBase": "0", "nDamageRand": "0", "nCostMana": "0"}, {"nDamageBase": "0", "nDamageRand": "0", "nCostMana": "0"}, {"nDamageBase": "0", "nDamageRand": "0", "nCostMana": "0"}]		
段氏\段氏子技能\引窍伤害子技能.lua	段氏	bytecode	{}	[]		nChannelInterval;bIgnorePrepareState;nMinRadius;nMaxRadius;nAngleRange
段氏\段氏子技能\引窍破招伤害子技能.lua	段氏	plain	{"nMinRadius": "0 * LENGTH_BASE", "nMaxRadius": "100 * LENGTH_BASE", "nAngleRange": "256", "bIgnorePrepareState": "true"}	[{"nDamageBase": "0", "nDamageRand": "0", "nCostMana": "0"}]		ACTIVE_THREAT_COEFFICIENT;CALL_SURPLUS_NEUTRAL_DAMAGE;GLOBAL_DAMGAGE_FACTOR
段氏\段氏子技能\截阳实际伤害子技能.lua	段氏	bytecode	{}	[]		nChannelInterval;bIgnorePrepareState;nCostMana;nMinRadius;nMaxRadius;nAngleRange
段氏\段氏子技能\绝脉层数消除后造成伤害子技能.lua	段氏	bytecode	{}	[]		nChannelInterval;bIgnorePrepareState;nMaxRadius;nAngleRange
段氏\段氏子技能\风流云散冲刺后斩击定身.lua	段氏	bytecode	{}	[]	ModifyCoolDown	nChannelInterval;bIgnorePrepareState;nMinRadius;nMaxRadius;nAreaRadius;nAngleRange
段氏\段氏技能\一阳指_引窍.lua	段氏	bytecode	{}	[]	SetPublicCoolDown;SetCheckCoolDown	nPrepareFrames;nMinPrepareFrames;nMinRadius;nMaxRadius;nAngleRange
段氏\段氏技能\一阳指_截阳.lua	段氏	bytecode	{}	[]	SetPublicCoolDown;SetNormalCoolDown;SetCheckCoolDown	bIgnorePrepareState;nMinRadius;nMaxRadius;nAngleRange
段氏\段氏技能\段氏心法用脚本.lua	段氏	bytecode	{}	[]		
段氏\段氏技能\空蒙扇_雾暗迷云.lua	段氏	bytecode	{}	[]	SetPublicCoolDown;SetNormalCoolDown;SetCheckCoolDown	nPrepareFrames;nCostMana;nMinRadius;nMaxRadius;nAngleRange
段氏\段氏技能\苍洱游_风流云散.lua	段氏	bytecode	{}	[]	SetNormalCoolDown;ModifyCoolDown	nCostMana;nWeaponDamagePercent;nMinRadius;nMaxRadius;nAreaRadius;nAngleRange
段氏\段氏技能\虚影引窍表现招式.lua	段氏	plain	{"nMinRadius": "0 * LENGTH_BASE", "nMaxRadius": "20 * LENGTH_BASE", "nAngleRange": "128", "nMinPrepareFrames": "1"}	[{"nDamageBase": "0", "nDamageRand": "0", "nCostMana": "0"}, {"nDamageBase": "0", "nDamageRand": "0", "nCostMana": "0"}, {"nDamageBase": "0", "nDamageRand": "0", "nCostMana": "0"}, {"nDamageBase": "0", "nDamageRand": "0", "nCostMana": "0"}, {"nDamageBase": "0", "nDamageRand": "0", "nCostMana": "0"}, {"nDamageBase": "0", "nDamageRand": "0", "nCostMana": "0"}, {"nDamageBase": "0", "nDamageRand": "0", "nCostMana": "0"}, {"nDamageBase": "0", "nDamageRand": "0", "nCostMana": "0"}, {"nDamageBase": "0", "nDamageRand": "0", "nCostMana": "0"}, {"nDamageBase": "0", "nDamageRand": "0", "nCostMana": "0"}]	SetPublicCoolDown(16);SetNormalCoolDown(1, 2892);SetCheckCoolDown(1, 444)	
段氏\段氏通用\闪现攻击.lua	段氏	bytecode	{}	[]		
江湖\后撤.lua	江湖	bytecode	{}	[]		nPrepareFrames;nMaxRadius;nAngleRange;nBreakRate;nBulletVelocity
江湖\基础特殊基础CD.lua	江湖	plain	{}	[{"nDamageBase": "0", "nDamageRand": "0", "nCostMana": "0"}, {"nDamageBase": "0", "nDamageRand": "0", "nCostMana": "0"}, {"nDamageBase": "0", "nDamageRand": "0", "nCostMana": "0"}, {"nDamageBase": "0", "nDamageRand": "0", "nCostMana": "0"}, {"nDamageBase": "0", "nDamageRand": "0", "nCostMana": "0"}, {"nDamageBase": "0", "nDamageRand": "0", "nCostMana": "0"}, {"nDamageBase": "0", "nDamageRand": "0", "nCostMana": "0"}, {"nDamageBase": "0", "nDamageRand": "0", "nCostMana": "0"}, {"nDamageBase": "0", "nDamageRand": "0", "nCostMana": "0"}, {"nDamageBase": "0", "nDamageRand": "0", "nCostMana": "0"}]		
江湖\扫叶腿法_横扫千军.lua	江湖	plain	{"nWeaponDamagePercent": "0", "nCostMana": "tSkillData[dwSkillLevel].nCostMana", "nMaxRadius": "6 * LENGTH_BASE", "nAreaRadius": "6 * LENGTH_BASE", "nAngleRange": "256"}	[{"nDamage": "40", "nCostMana": "42"}, {"nDamage": "56", "nCostMana": "64"}, {"nDamage": "72", "nCostMana": "80"}]	SetPublicCoolDown(16);SetNormalCoolDown(1, 503);SetNormalCoolDown(2, 126);SetCheckCoolDown(1, 444);SetCheckCoolDown(2, 2436);SetCheckCoolDown(3, 2437)	CALL_PHYSICS_DAMAGE;EXECUTE_SCRIPT;PHYSICS_ATTACK_POWER_PERCENT;SKILL_PHYSICS_DAMAGE
江湖\林海绝境脱战.lua	江湖	bytecode	{}	[]	ClearCDTime	nCostMana
江湖\林海绝境进战.lua	江湖	bytecode	{}	[]	GetCDLeft	nCostMana
江湖\江湖轻功_凌霄揽胜.lua	江湖	bytecode	{}	[]	SetPublicCoolDown;SetNormalCoolDown;SetCheckCoolDown	nPrepareFrames;nBreakRate;nBulletVelocity
江湖\江湖轻功_扶摇直上.lua	江湖	bytecode	{}	[]	SetPublicCoolDown;SetNormalCoolDown;SetCheckCoolDown	nPrepareFrames;nBreakRate;nBulletVelocity
江湖\江湖轻功_扶摇直上绝境专用.lua	江湖	bytecode	{}	[]	SetPublicCoolDown;SetNormalCoolDown;SetCheckCoolDown;ModifyCoolDown	nPrepareFrames;nBreakRate;nBulletVelocity
江湖\江湖轻功_瑶台枕鹤.lua	江湖	bytecode	{}	[]	SetPublicCoolDown;SetNormalCoolDown;SetCheckCoolDown	nPrepareFrames;nBreakRate;nBulletVelocity
江湖\江湖轻功_蹑云逐月.lua	江湖	bytecode	{}	[]	SetPublicCoolDown;SetNormalCoolDown;SetCheckCoolDown	nPrepareFrames;nBreakRate;nBulletVelocity
江湖\江湖轻功_蹑云逐月绝境专用.lua	江湖	bytecode	{}	[]	SetPublicCoolDown;SetNormalCoolDown;SetCheckCoolDown;ModifyCoolDown	nPrepareFrames;nBreakRate;nBulletVelocity
江湖\江湖轻功_迎风回浪.lua	江湖	bytecode	{}	[]	SetPublicCoolDown;SetNormalCoolDown;SetCheckCoolDown	nPrepareFrames;nBreakRate;nBulletVelocity
江湖\绝境战场_移动端_扶摇.lua	江湖	plain	{"nMinPrepareFrames": "-1", "nMinChannelInterval": "-1", "nMinChannelFrame": "-1"}	[]	SetNormalCoolDown(1, 10047)	EXECUTE_SCRIPT_SETUP
江湖\绝境战场_移动端_蹑云逐月.lua	江湖	plain	{"nAngleRange": "256", "nMaxRadius": "8.75 * LENGTH_BASE", "nAreaRadius": "8.75 * LENGTH_BASE", "bIgnorePrepareState": "true", "nMinPrepareFrames": "-1", "nMinChannelInterval": "-1", "nMinChannelFrame": "-1"}	[]	SetNormalCoolDown(1, 10031);SetNormalCoolDown(2, 10404)	DASH_FORWARD;EXECUTE_SCRIPT;EXECUTE_SCRIPT_SETUP
江湖\骑乘.lua	江湖	bytecode	{}	[]	SetCheckCoolDown	nMinRadius;nMaxRadius;nAreaRadius;nAngleRange;nBreakRate;nBulletVelocity
沙漠风暴\天原绝境战象下车.lua	沙漠风暴	plain	{"nMinRadius": "0 * LENGTH_BASE", "nMaxRadius": "10 * LENGTH_BASE", "nAngleRange": "256"}	[{"nDamageBase": "0", "nDamageRand": "0", "nCostMana": "0"}, {"nDamageBase": "0", "nDamageRand": "0", "nCostMana": "0"}, {"nDamageBase": "0", "nDamageRand": "0", "nCostMana": "0"}, {"nDamageBase": "0", "nDamageRand": "0", "nCostMana": "0"}, {"nDamageBase": "0", "nDamageRand": "0", "nCostMana": "0"}, {"nDamageBase": "0", "nDamageRand": "0", "nCostMana": "0"}, {"nDamageBase": "0", "nDamageRand": "0", "nCostMana": "0"}, {"nDamageBase": "0", "nDamageRand": "0", "nCostMana": "0"}, {"nDamageBase": "0", "nDamageRand": "0", "nCostMana": "0"}, {"nDamageBase": "0", "nDamageRand": "0", "nCostMana": "0"}]		DEL_SINGLE_BUFF_BY_ID_AND_LEVEL
沙漠风暴\绝境·临时飞爪.lua	沙漠风暴	plain	{"nMinRadius": "0 * LENGTH_BASE", "nMaxRadius": "40 * LENGTH_BASE", "nAngleRange": "256", "nAreaRadius": "100 * LENGTH_BASE", "nWeaponDamagePercent": "0"}	[{"nDamageBase": "0", "nDamageRand": "0", "nCostMana": "0"}, {"nDamageBase": "0", "nDamageRand": "0", "nCostMana": "0"}, {"nDamageBase": "0", "nDamageRand": "0", "nCostMana": "0"}, {"nDamageBase": "0", "nDamageRand": "0", "nCostMana": "0"}, {"nDamageBase": "0", "nDamageRand": "0", "nCostMana": "0"}, {"nDamageBase": "0", "nDamageRand": "0", "nCostMana": "0"}, {"nDamageBase": "0", "nDamageRand": "0", "nCostMana": "0"}, {"nDamageBase": "0", "nDamageRand": "0", "nCostMana": "0"}, {"nDamageBase": "0", "nDamageRand": "0", "nCostMana": "0"}, {"nDamageBase": "0", "nDamageRand": "0", "nCostMana": "0"}]	SetNormalCoolDown(1, 2279);SetCheckCoolDown(1, 444)	EXECUTE_SCRIPT_WITH_PARAM
沙漠风暴\道具_临时飞爪.lua	沙漠风暴	plain	{"nMinRadius": "0 * LENGTH_BASE", "nMaxRadius": "40 * LENGTH_BASE", "nAngleRange": "256", "nAreaRadius": "100 * LENGTH_BASE", "nWeaponDamagePercent": "0"}	[{"nDamageBase": "0", "nDamageRand": "0", "nCostMana": "0"}, {"nDamageBase": "0", "nDamageRand": "0", "nCostMana": "0"}, {"nDamageBase": "0", "nDamageRand": "0", "nCostMana": "0"}, {"nDamageBase": "0", "nDamageRand": "0", "nCostMana": "0"}, {"nDamageBase": "0", "nDamageRand": "0", "nCostMana": "0"}, {"nDamageBase": "0", "nDamageRand": "0", "nCostMana": "0"}, {"nDamageBase": "0", "nDamageRand": "0", "nCostMana": "0"}, {"nDamageBase": "0", "nDamageRand": "0", "nCostMana": "0"}, {"nDamageBase": "0", "nDamageRand": "0", "nCostMana": "0"}, {"nDamageBase": "0", "nDamageRand": "0", "nCostMana": "0"}]	SetNormalCoolDown(1, 2617);SetNormalCoolDown(2, 2630);SetNormalCoolDown(1, 2038);SetNormalCoolDown(1, 2279);SetCheckCoolDown(1, 444)	EXECUTE_SCRIPT_WITH_PARAM
沙漠风暴\道具_临时飞爪链状表现.lua	沙漠风暴	plain	{"nMinRadius": "0 * LENGTH_BASE", "nMaxRadius": "100 * LENGTH_BASE", "nAngleRange": "256"}	[{"nDamageBase": "0", "nDamageRand": "0", "nCostMana": "0"}, {"nDamageBase": "0", "nDamageRand": "0", "nCostMana": "0"}, {"nDamageBase": "0", "nDamageRand": "0", "nCostMana": "0"}, {"nDamageBase": "0", "nDamageRand": "0", "nCostMana": "0"}, {"nDamageBase": "0", "nDamageRand": "0", "nCostMana": "0"}, {"nDamageBase": "0", "nDamageRand": "0", "nCostMana": "0"}, {"nDamageBase": "0", "nDamageRand": "0", "nCostMana": "0"}, {"nDamageBase": "0", "nDamageRand": "0", "nCostMana": "0"}, {"nDamageBase": "0", "nDamageRand": "0", "nCostMana": "0"}, {"nDamageBase": "0", "nDamageRand": "0", "nCostMana": "0"}]		
沙漠风暴\道具_乘黄之威.lua	沙漠风暴	plain	{}	[{"nDamageBase": "0", "nDamageRand": "0", "nCostMana": "0"}, {"nDamageBase": "0", "nDamageRand": "0", "nCostMana": "0"}, {"nDamageBase": "0", "nDamageRand": "0", "nCostMana": "0"}, {"nDamageBase": "0", "nDamageRand": "0", "nCostMana": "0"}, {"nDamageBase": "0", "nDamageRand": "0", "nCostMana": "0"}, {"nDamageBase": "0", "nDamageRand": "0", "nCostMana": "0"}, {"nDamageBase": "0", "nDamageRand": "0", "nCostMana": "0"}, {"nDamageBase": "0", "nDamageRand": "0", "nCostMana": "0"}, {"nDamageBase": "0", "nDamageRand": "0", "nCostMana": "0"}, {"nDamageBase": "0", "nDamageRand": "0", "nCostMana": "0"}]	SetPublicCoolDown(16);SetNormalCoolDown(1, 2704);SetCheckCoolDown(1, 444)	DASH_FORWARD;EXECUTE_SCRIPT
沙漠风暴\道具_九转归一.lua	沙漠风暴	plain	{"nMinRadius": "0", "nMaxRadius": "8 * LENGTH_BASE", "nAngleRange": "85", "nPrepareFrames": "0", "nDismountingRate": "1024", "nBreakRate": "1024"}	[{"nDamageBase": "50 * 0.95", "nDamageRand": "50 * 0.1", "nCostMana": "379"}, {"nDamageBase": "58 * 0.95", "nDamageRand": "58 * 0.1", "nCostMana": "478"}, {"nDamageBase": "66 * 0.95", "nDamageRand": "66 * 0.1", "nCostMana": "544"}]	SetNormalCoolDown(1, 2035);SetCheckCoolDown(1, 444)	CALL_ADAPTIVE_DAMAGE;CALL_REPULSED;EXECUTE_SCRIPT;SKILL_ADAPTIVE_DAMAGE
沙漠风暴\道具_云栖松.lua	沙漠风暴	plain	{"nMinRadius": "0 * LENGTH_BASE", "nMaxRadius": "4 * LENGTH_BASE", "nAngleRange": "128", "nPrepareFrames": "0", "nBulletVelocity": "0", "nBreakRate": "0"}	[{"nAddRage": "0", "nCostRage": "0", "nDamage": "14 * 0.95", "nDamageRand": "14 * 0.1"}, {"nAddRage": "0", "nCostRage": "0", "nDamage": "23 * 0.95", "nDamageRand": "23 * 0.1"}, {"nAddRage": "0", "nCostRage": "0", "nDamage": "31 * 0.95", "nDamageRand": "31 * 0.1"}, {"nAddRage": "0", "nCostRage": "0", "nDamage": "39 * 0.95", "nDamageRand": "39 * 0.1"}, {"nAddRage": "0", "nCostRage": "0", "nDamage": "47 * 0.95", "nDamageRand": "47 * 0.1"}, {"nAddRage": "0", "nCostRage": "0", "nDamage": "54 * 0.95", "nDamageRand": "54 * 0.1"}, {"nAddRage": "0", "nCostRage": "0", "nDamage": "62 * 0.95", "nDamageRand": "62 * 0.1"}, {"nAddRage": "0", "nCostRage": "0", "nDamage": "70 * 0.95", "nDamageRand": "70 * 0.1"}, {"nAddRage": "0", "nCostRage": "0", "nDamage": "78 * 0.95", "nDamageRand": "78 * 0.1"}, {"nAddRage": "0", "nCostRage": "0", "nDamage": "86 * 0.95", "nDamageRand": "86 * 0.1"}]	SetPublicCoolDown(16);SetNormalCoolDown(1, 2293);SetCheckCoolDown(1, 444);SetCheckCoolDown(2, 804);SetNormalCoolDown(2, 503)	DETACH_SINGLE_BUFF
沙漠风暴\道具_人剑合一伤害.lua	沙漠风暴	plain	{"bIgnorePrepareState": "true", "nMaxRadius": "20 * LENGTH_BASE", "nAngleRange": "256", "nAreaRadius": "6 * LENGTH_BASE", "nChannelInterval": "40 * HDJueJingSkillCoe"}	[{"nAddRage": "0", "nCostRage": "0", "nDamageBase": "1273", "nDamageRand": "0"}]		CALL_ADAPTIVE_DAMAGE;SKILL_ADAPTIVE_DAMAGE
沙漠风暴\道具_人剑合一对敌方.lua	沙漠风暴	plain	{"bIgnorePrepareState": "true", "nMaxRadius": "5 * LENGTH_BASE", "nAngleRange": "256", "nAreaRadius": "13.5 * LENGTH_BASE"}	[{"nAddRage": "0", "nCostRage": "0", "nDamageBase": "538", "nDamageRand": "0"}, {"nAddRage": "0", "nCostRage": "0", "nDamageBase": "573", "nDamageRand": "0"}, {"nAddRage": "0", "nCostRage": "0", "nDamageBase": "608", "nDamageRand": "0"}, {"nAddRage": "0", "nCostRage": "0", "nDamageBase": "643", "nDamageRand": "0"}, {"nAddRage": "0", "nCostRage": "0", "nDamageBase": "678", "nDamageRand": "0"}, {"nAddRage": "0", "nCostRage": "0", "nDamageBase": "713", "nDamageRand": "0"}, {"nAddRage": "0", "nCostRage": "0", "nDamageBase": "748", "nDamageRand": "0"}, {"nAddRage": "0", "nCostRage": "0", "nDamageBase": "783", "nDamageRand": "0"}, {"nAddRage": "0", "nCostRage": "0", "nDamageBase": "818", "nDamageRand": "0"}, {"nAddRage": "0", "nCostRage": "0", "nDamageBase": "853", "nDamageRand": "0"}, {"nAddRage": "0", "nCostRage": "0", "nDamageBase": "888", "nDamageRand": "0"}, {"nAddRage": "0", "nCostRage": "0", "nDamageBase": "923", "nDamageRand": "0"}, {"nAddRage": "0", "nCostRage": "0", "nDamageBase": "958", "nDamageRand": "0"}, {"nAddRage": "0", "nCostRage": "0", "nDamageBase": "993", "nDamageRand": "0"}, {"nAddRage": "0", "nCostRage": "0", "nDamageBase": "1028", "nDamageRand": "0"}, {"nAddRage": "0", "nCostRage": "0", "nDamageBase": "1063", "nDamageRand": "0"}, {"nAddRage": "0", "nCostRage": "0", "nDamageBase": "1098", "nDamageRand": "0"}, {"nAddRage": "0", "nCostRage": "0", "nDamageBase": "1133", "nDamageRand": "0"}, {"nAddRage": "0", "nCostRage": "0", "nDamageBase": "1168", "nDamageRand": "0"}, {"nAddRage": "0", "nCostRage": "0", "nDamageBase": "1203", "nDamageRand": "0"}, {"nAddRage": "0", "nCostRage": "0", "nDamageBase": "1238", "nDamageRand": "0"}, {"nAddRage": "0", "nCostRage": "0", "nDamageBase": "1273", "nDamageRand": "0"}]		EXECUTE_SCRIPT
沙漠风暴\道具_人剑合一对自己.lua	沙漠风暴	plain	{"bIgnorePrepareState": "true", "nMaxRadius": "5 * LENGTH_BASE", "nAngleRange": "256", "nAreaRadius": "13.5 * LENGTH_BASE"}	[{"nAddRage": "0", "nCostRage": "0", "nDamageBase": "538", "nDamageRand": "0"}, {"nAddRage": "0", "nCostRage": "0", "nDamageBase": "573", "nDamageRand": "0"}, {"nAddRage": "0", "nCostRage": "0", "nDamageBase": "608", "nDamageRand": "0"}, {"nAddRage": "0", "nCostRage": "0", "nDamageBase": "643", "nDamageRand": "0"}, {"nAddRage": "0", "nCostRage": "0", "nDamageBase": "678", "nDamageRand": "0"}, {"nAddRage": "0", "nCostRage": "0", "nDamageBase": "713", "nDamageRand": "0"}, {"nAddRage": "0", "nCostRage": "0", "nDamageBase": "748", "nDamageRand": "0"}, {"nAddRage": "0", "nCostRage": "0", "nDamageBase": "783", "nDamageRand": "0"}, {"nAddRage": "0", "nCostRage": "0", "nDamageBase": "818", "nDamageRand": "0"}, {"nAddRage": "0", "nCostRage": "0", "nDamageBase": "853", "nDamageRand": "0"}, {"nAddRage": "0", "nCostRage": "0", "nDamageBase": "888", "nDamageRand": "0"}, {"nAddRage": "0", "nCostRage": "0", "nDamageBase": "923", "nDamageRand": "0"}, {"nAddRage": "0", "nCostRage": "0", "nDamageBase": "958", "nDamageRand": "0"}, {"nAddRage": "0", "nCostRage": "0", "nDamageBase": "993", "nDamageRand": "0"}, {"nAddRage": "0", "nCostRage": "0", "nDamageBase": "1028", "nDamageRand": "0"}, {"nAddRage": "0", "nCostRage": "0", "nDamageBase": "1063", "nDamageRand": "0"}, {"nAddRage": "0", "nCostRage": "0", "nDamageBase": "1098", "nDamageRand": "0"}, {"nAddRage": "0", "nCostRage": "0", "nDamageBase": "1133", "nDamageRand": "0"}, {"nAddRage": "0", "nCostRage": "0", "nDamageBase": "1168", "nDamageRand": "0"}, {"nAddRage": "0", "nCostRage": "0", "nDamageBase": "1203", "nDamageRand": "0"}, {"nAddRage": "0", "nCostRage": "0", "nDamageBase": "1238", "nDamageRand": "0"}, {"nAddRage": "0", "nCostRage": "0", "nDamageBase": "1273", "nDamageRand": "0"}]		EXECUTE_SCRIPT
沙漠风暴\道具_人剑合一母技能.lua	沙漠风暴	plain	{"nMaxRadius": "5 * LENGTH_BASE", "nAngleRange": "256", "nAreaRadius": "13.5 * LENGTH_BASE"}	[{"nAddRage": "0", "nCostRage": "0", "nDamageBase": "538", "nDamageRand": "0"}, {"nAddRage": "0", "nCostRage": "0", "nDamageBase": "573", "nDamageRand": "0"}, {"nAddRage": "0", "nCostRage": "0", "nDamageBase": "608", "nDamageRand": "0"}, {"nAddRage": "0", "nCostRage": "0", "nDamageBase": "643", "nDamageRand": "0"}, {"nAddRage": "0", "nCostRage": "0", "nDamageBase": "678", "nDamageRand": "0"}, {"nAddRage": "0", "nCostRage": "0", "nDamageBase": "713", "nDamageRand": "0"}, {"nAddRage": "0", "nCostRage": "0", "nDamageBase": "748", "nDamageRand": "0"}, {"nAddRage": "0", "nCostRage": "0", "nDamageBase": "783", "nDamageRand": "0"}, {"nAddRage": "0", "nCostRage": "0", "nDamageBase": "818", "nDamageRand": "0"}, {"nAddRage": "0", "nCostRage": "0", "nDamageBase": "853", "nDamageRand": "0"}, {"nAddRage": "0", "nCostRage": "0", "nDamageBase": "888", "nDamageRand": "0"}, {"nAddRage": "0", "nCostRage": "0", "nDamageBase": "923", "nDamageRand": "0"}, {"nAddRage": "0", "nCostRage": "0", "nDamageBase": "958", "nDamageRand": "0"}, {"nAddRage": "0", "nCostRage": "0", "nDamageBase": "993", "nDamageRand": "0"}, {"nAddRage": "0", "nCostRage": "0", "nDamageBase": "1028", "nDamageRand": "0"}, {"nAddRage": "0", "nCostRage": "0", "nDamageBase": "1063", "nDamageRand": "0"}, {"nAddRage": "0", "nCostRage": "0", "nDamageBase": "1098", "nDamageRand": "0"}, {"nAddRage": "0", "nCostRage": "0", "nDamageBase": "1133", "nDamageRand": "0"}, {"nAddRage": "0", "nCostRage": "0", "nDamageBase": "1168", "nDamageRand": "0"}, {"nAddRage": "0", "nCostRage": "0", "nDamageBase": "1203", "nDamageRand": "0"}, {"nAddRage": "0", "nCostRage": "0", "nDamageBase": "1238", "nDamageRand": "0"}, {"nAddRage": "0", "nCostRage": "0", "nDamageBase": "1273", "nDamageRand": "0"}]	SetPublicCoolDown(16);SetNormalCoolDown(1, 196);SetCheckCoolDown(1, 444);SetCheckCoolDown(2, 804);SetNormalCoolDown(2, 503)	EXECUTE_SCRIPT
沙漠风暴\道具_任驰骋.lua	沙漠风暴	plain	{"nMinRadius": "0", "nMaxRadius": "25 * LENGTH_BASE", "nAngleRange": "256", "nAreaRadius": "25 * LENGTH_BASE", "nPrepareFrames": "12", "nMinPrepareFrames": "1", "nBulletVelocity": "0", "nBreakRate": "0"}	[]	SetCheckCoolDown(2, 804);SetNormalCoolDown(2, 503);SetPublicCoolDown(16);SetNormalCoolDown(1, 2039);SetCheckCoolDown(1, 444)	CALL_BUFF;DEL_MULTI_GROUP_BUFF_BY_FUNCTIONTYPE;EXECUTE_SCRIPT
沙漠风暴\道具_伪九霄风雷.lua	沙漠风暴	plain	{"nMinRadius": "0 * LENGTH_BASE", "nMaxRadius": "4 * LENGTH_BASE", "nAngleRange": "256"}	[{"nDamageBase": "0", "nDamageRand": "0", "nCostMana": "0"}, {"nDamageBase": "0", "nDamageRand": "0", "nCostMana": "0"}, {"nDamageBase": "0", "nDamageRand": "0", "nCostMana": "0"}, {"nDamageBase": "0", "nDamageRand": "0", "nCostMana": "0"}, {"nDamageBase": "0", "nDamageRand": "0", "nCostMana": "0"}, {"nDamageBase": "0", "nDamageRand": "0", "nCostMana": "0"}, {"nDamageBase": "0", "nDamageRand": "0", "nCostMana": "0"}, {"nDamageBase": "0", "nDamageRand": "0", "nCostMana": "0"}, {"nDamageBase": "0", "nDamageRand": "0", "nCostMana": "0"}, {"nDamageBase": "0", "nDamageRand": "0", "nCostMana": "0"}]	SetPublicCoolDown(16);SetNormalCoolDown(1, 488);SetCheckCoolDown(1, 444);SetCheckCoolDown(2, 804);SetNormalCoolDown(2, 503)	EXECUTE_SCRIPT
沙漠风暴\道具_伪九霄风雷下车.lua	沙漠风暴	plain	{}	[{"nDamageBase": "0", "nDamageRand": "0", "nCostMana": "0"}, {"nDamageBase": "0", "nDamageRand": "0", "nCostMana": "0"}, {"nDamageBase": "0", "nDamageRand": "0", "nCostMana": "0"}, {"nDamageBase": "0", "nDamageRand": "0", "nCostMana": "0"}, {"nDamageBase": "0", "nDamageRand": "0", "nCostMana": "0"}, {"nDamageBase": "0", "nDamageRand": "0", "nCostMana": "0"}, {"nDamageBase": "0", "nDamageRand": "0", "nCostMana": "0"}, {"nDamageBase": "0", "nDamageRand": "0", "nCostMana": "0"}, {"nDamageBase": "0", "nDamageRand": "0", "nCostMana": "0"}, {"nDamageBase": "0", "nDamageRand": "0", "nCostMana": "0"}]		EXECUTE_SCRIPT
沙漠风暴\道具_伪九霄风雷冲撞.lua	沙漠风暴	plain	{"nMinRadius": "0 * LENGTH_BASE", "nMaxRadius": "20 * LENGTH_BASE", "nAngleRange": "256", "nAreaRadius": "6 * LENGTH_BASE", "nChannelInterval": "320 * HDJueJingSkillCoe_130"}	[{"nDamageBase": "0", "nDamageRand": "0", "nCostMana": "0"}, {"nDamageBase": "0", "nDamageRand": "0", "nCostMana": "0"}, {"nDamageBase": "0", "nDamageRand": "0", "nCostMana": "0"}, {"nDamageBase": "0", "nDamageRand": "0", "nCostMana": "0"}, {"nDamageBase": "0", "nDamageRand": "0", "nCostMana": "0"}, {"nDamageBase": "0", "nDamageRand": "0", "nCostMana": "0"}, {"nDamageBase": "0", "nDamageRand": "0", "nCostMana": "0"}, {"nDamageBase": "0", "nDamageRand": "0", "nCostMana": "0"}, {"nDamageBase": "0", "nDamageRand": "0", "nCostMana": "0"}, {"nDamageBase": "0", "nDamageRand": "0", "nCostMana": "0"}]	SetPublicCoolDown(1559);SetNormalCoolDown(1, 1558)	CALL_ADAPTIVE_DAMAGE;CALL_REPULSED;SKILL_ADAPTIVE_DAMAGE;SKILL_ADAPTIVE_DAMAGE_RAND
沙漠风暴\道具_伪九霄风雷加速.lua	沙漠风暴	plain	{}	[{"nDamageBase": "0", "nDamageRand": "0", "nCostMana": "0"}, {"nDamageBase": "0", "nDamageRand": "0", "nCostMana": "0"}, {"nDamageBase": "0", "nDamageRand": "0", "nCostMana": "0"}, {"nDamageBase": "0", "nDamageRand": "0", "nCostMana": "0"}, {"nDamageBase": "0", "nDamageRand": "0", "nCostMana": "0"}, {"nDamageBase": "0", "nDamageRand": "0", "nCostMana": "0"}, {"nDamageBase": "0", "nDamageRand": "0", "nCostMana": "0"}, {"nDamageBase": "0", "nDamageRand": "0", "nCostMana": "0"}, {"nDamageBase": "0", "nDamageRand": "0", "nCostMana": "0"}, {"nDamageBase": "0", "nDamageRand": "0", "nCostMana": "0"}]	SetNormalCoolDown(1, 1556)	CAST_SKILL;DEL_MULTI_GROUP_BUFF_BY_FUNCTIONTYPE
沙漠风暴\道具_傍花随柳.lua	沙漠风暴	plain	{"nMaxRadius": "20 * LENGTH_BASE", "nAngleRange": "128", "nMinPrepareFrames": "1", "nPrepareFrames": "16", "nBrokenRate": "PERCENT_BASE"}	[{"nDamageBase": "0", "nDamageRand": "0", "nCostMana": "206"}, {"nDamageBase": "0", "nDamageRand": "0", "nCostMana": "275"}, {"nDamageBase": "0", "nDamageRand": "0", "nCostMana": "344"}, {"nDamageBase": "0", "nDamageRand": "0", "nCostMana": "412"}, {"nDamageBase": "0", "nDamageRand": "0", "nCostMana": "454"}]	SetPublicCoolDown(16);SetNormalCoolDown(1, 179);SetCheckCoolDown(1, 444)	
沙漠风暴\道具_傍花随柳_技能事件.lua	沙漠风暴	plain	{"nMaxRadius": "20 * LENGTH_BASE", "nAngleRange": "128"}	[]		EXECUTE_SCRIPT
沙漠风暴\道具_凌然天风.lua	沙漠风暴	plain	{"nMinRadius": "0 * LENGTH_BASE", "nMaxRadius": "20 * LENGTH_BASE", "nAngleRange": "128", "nAreaRadius": "4 * LENGTH_BASE", "nChannelInterval": "120"}	[{"nDamageBase": "400", "nDamageRand": "15", "nCostMana": "0"}, {"nDamageBase": "0", "nDamageRand": "0", "nCostMana": "0"}, {"nDamageBase": "0", "nDamageRand": "0", "nCostMana": "0"}, {"nDamageBase": "0", "nDamageRand": "0", "nCostMana": "0"}, {"nDamageBase": "0", "nDamageRand": "0", "nCostMana": "0"}, {"nDamageBase": "0", "nDamageRand": "0", "nCostMana": "0"}, {"nDamageBase": "0", "nDamageRand": "0", "nCostMana": "0"}, {"nDamageBase": "0", "nDamageRand": "0", "nCostMana": "0"}, {"nDamageBase": "0", "nDamageRand": "0", "nCostMana": "0"}, {"nDamageBase": "0", "nDamageRand": "0", "nCostMana": "0"}]	SetNormalCoolDown(1, 2273);SetCheckCoolDown(1, 444)	CALL_BUFF;EXECUTE_SCRIPT
沙漠风暴\道具_凌然天风·前.lua	沙漠风暴	plain	{"bIgnorePrepareState": "true", "nMinRadius": "0 * LENGTH_BASE", "nMaxRadius": "20 * LENGTH_BASE", "nAngleRange": "128", "nAreaRadius": "4 * LENGTH_BASE", "nChannelInterval": "120"}	[{"nDamageBase": "400", "nDamageRand": "15", "nCostMana": "0"}, {"nDamageBase": "0", "nDamageRand": "0", "nCostMana": "0"}, {"nDamageBase": "0", "nDamageRand": "0", "nCostMana": "0"}, {"nDamageBase": "0", "nDamageRand": "0", "nCostMana": "0"}, {"nDamageBase": "0", "nDamageRand": "0", "nCostMana": "0"}, {"nDamageBase": "0", "nDamageRand": "0", "nCostMana": "0"}, {"nDamageBase": "0", "nDamageRand": "0", "nCostMana": "0"}, {"nDamageBase": "0", "nDamageRand": "0", "nCostMana": "0"}, {"nDamageBase": "0", "nDamageRand": "0", "nCostMana": "0"}, {"nDamageBase": "0", "nDamageRand": "0", "nCostMana": "0"}]	SetNormalCoolDown(1, 2274)	CALL_BUFF;DEL_SINGLE_BUFF_BY_ID_AND_LEVEL;EXECUTE_SCRIPT
沙漠风暴\道具_凌然天风轨迹线技能.lua	沙漠风暴	plain	{"bIgnorePrepareState": "true", "nMinRadius": "0 * LENGTH_BASE", "nMaxRadius": "20 * LENGTH_BASE", "nAngleRange": "128", "nAreaRadius": "4 * LENGTH_BASE", "nChannelInterval": "120"}	[{"nDamageBase": "400", "nDamageRand": "15", "nCostMana": "0"}, {"nDamageBase": "0", "nDamageRand": "0", "nCostMana": "0"}, {"nDamageBase": "0", "nDamageRand": "0", "nCostMana": "0"}, {"nDamageBase": "0", "nDamageRand": "0", "nCostMana": "0"}, {"nDamageBase": "0", "nDamageRand": "0", "nCostMana": "0"}, {"nDamageBase": "0", "nDamageRand": "0", "nCostMana": "0"}, {"nDamageBase": "0", "nDamageRand": "0", "nCostMana": "0"}, {"nDamageBase": "0", "nDamageRand": "0", "nCostMana": "0"}, {"nDamageBase": "0", "nDamageRand": "0", "nCostMana": "0"}, {"nDamageBase": "0", "nDamageRand": "0", "nCostMana": "0"}]		SKILL_MOVE
沙漠风暴\道具_剑破虚空.lua	沙漠风暴	plain	{"nMinRadius": "0", "nMaxRadius": "20 * LENGTH_BASE", "nAngleRange": "128", "nAreaRadius": "8 * LENGTH_BASE", "nBulletVelocity": "0", "nChannelInterval": "220 * 1.1 * 1.1* 4 * HDJueJingSkillCoe_130"}	[{"nDamage": "230 * 0.98", "nDamageRand": "230 * 0.04", "nCostMana": "57"}, {"nDamage": "230 * 0.98", "nDamageRand": "230 * 0.04", "nCostMana": "57"}, {"nDamage": "230 * 0.98", "nDamageRand": "230 * 0.04", "nCostMana": "57"}, {"nDamage": "230 * 0.98", "nDamageRand": "230 * 0.04", "nCostMana": "57"}, {"nDamage": "230 * 0.98", "nDamageRand": "230 * 0.04", "nCostMana": "57"}]		EXECUTE_SCRIPT
沙漠风暴\道具_剑破虚空dot.lua	沙漠风暴	plain	{"bIgnorePrepareState": "true", "nMinRadius": "0 * LENGTH_BASE", "nMaxRadius": "22 * LENGTH_BASE", "nAngleRange": "256", "nChannelInterval": "114 * 1.1* 0.9* 1.1"}	[{"nDamageBase": "0", "nDamageRand": "0", "nCostMana": "0"}, {"nDamageBase": "0", "nDamageRand": "0", "nCostMana": "0"}, {"nDamageBase": "0", "nDamageRand": "0", "nCostMana": "0"}, {"nDamageBase": "0", "nDamageRand": "0", "nCostMana": "0"}, {"nDamageBase": "0", "nDamageRand": "0", "nCostMana": "0"}, {"nDamageBase": "0", "nDamageRand": "0", "nCostMana": "0"}, {"nDamageBase": "0", "nDamageRand": "0", "nCostMana": "0"}, {"nDamageBase": "0", "nDamageRand": "0", "nCostMana": "0"}, {"nDamageBase": "0", "nDamageRand": "0", "nCostMana": "0"}, {"nDamageBase": "0", "nDamageRand": "0", "nCostMana": "0"}]		EXECUTE_SCRIPT_WITH_PARAM
沙漠风暴\道具_剑破虚空子技能.lua	沙漠风暴	plain	{"nMinRadius": "0 * LENGTH_BASE", "nMaxRadius": "8 * LENGTH_BASE", "nAngleRange": "256", "nAreaRadius": "8 * LENGTH_BASE", "nBulletVelocity": "0", "nChannelInterval": "112 * 1.1*1.1"}	[{"nDamageBase": "120 * 0.98", "nDamageRand": "94 * 0.04", "nCostMana": "57"}, {"nDamageBase": "125 * 0.98", "nDamageRand": "102 * 0.04", "nCostMana": "57"}, {"nDamageBase": "130 * 0.98", "nDamageRand": "110 * 0.04", "nCostMana": "57"}, {"nDamageBase": "135 * 0.98", "nDamageRand": "118 * 0.04", "nCostMana": "57"}, {"nDamageBase": "140 * 0.98", "nDamageRand": "126 * 0.04", "nCostMana": "57"}, {"nDamageBase": "145 * 0.98", "nDamageRand": "134 * 0.04", "nCostMana": "57"}, {"nDamageBase": "150 * 0.98", "nDamageRand": "142 * 0.04", "nCostMana": "57"}, {"nDamageBase": "155 * 0.98", "nDamageRand": "150 * 0.04", "nCostMana": "57"}, {"nDamageBase": "160 * 0.98", "nDamageRand": "158 * 0.04", "nCostMana": "57"}, {"nDamageBase": "166 * 0.98", "nDamageRand": "166 * 0.04", "nCostMana": "57"}, {"nDamageBase": "174 * 0.98", "nDamageRand": "174 * 0.04", "nCostMana": "57"}, {"nDamageBase": "182 * 0.98", "nDamageRand": "182 * 0.04", "nCostMana": "57"}, {"nDamageBase": "190 * 0.98", "nDamageRand": "190 * 0.04", "nCostMana": "57"}, {"nDamageBase": "198 * 0.98", "nDamageRand": "198 * 0.04", "nCostMana": "57"}, {"nDamageBase": "206 * 0.98", "nDamageRand": "206 * 0.04", "nCostMana": "57"}, {"nDamageBase": "214 * 0.98", "nDamageRand": "214 * 0.04", "nCostMana": "57"}, {"nDamageBase": "222 * 0.98", "nDamageRand": "222 * 0.04", "nCostMana": "57"}, {"nDamageBase": "230 * 0.98", "nDamageRand": "230 * 0.04", "nCostMana": "57"}]		EXECUTE_SCRIPT_WITH_PARAM
沙漠风暴\道具_剑转流云.lua	沙漠风暴	plain	{"nCostSprintPower": "20 * CONSUME_BASE", "nMinRadius": "0 * LENGTH_BASE", "nMaxRadius": "20 * LENGTH_BASE", "nAngleRange": "256", "nPrepareFrames": "0", "nBulletVelocity": "0"}	[{"nDamageBase": "0", "nDamageRand": "0", "nCostMana": "0"}, {"nDamageBase": "0", "nDamageRand": "0", "nCostMana": "0"}, {"nDamageBase": "0", "nDamageRand": "0", "nCostMana": "0"}, {"nDamageBase": "0", "nDamageRand": "0", "nCostMana": "0"}, {"nDamageBase": "0", "nDamageRand": "0", "nCostMana": "0"}, {"nDamageBase": "0", "nDamageRand": "0", "nCostMana": "0"}, {"nDamageBase": "0", "nDamageRand": "0", "nCostMana": "0"}, {"nDamageBase": "0", "nDamageRand": "0", "nCostMana": "0"}, {"nDamageBase": "0", "nDamageRand": "0", "nCostMana": "0"}, {"nDamageBase": "0", "nDamageRand": "0", "nCostMana": "0"}]	SetPublicCoolDown(16);SetCheckCoolDown(1, 444);SetNormalCoolDown(1, 1548);SetCheckCoolDown(2, 804);SetNormalCoolDown(2, 503)	DETACH_SINGLE_BUFF
沙漠风暴\道具_化蝶.lua	沙漠风暴	plain	{"nMinRadius": "0 * LENGTH_BASE", "nMaxRadius": "4 * LENGTH_BASE", "nAngleRange": "256", "nBeatBackRate": "0 * PERCENT_BASE", "nBrokenRate": "0 * PERCENT_BASE"}	[{"nDamageBase": "0", "nDamageRand": "0", "nCostMana": "0"}, {"nDamageBase": "0", "nDamageRand": "0", "nCostMana": "0"}, {"nDamageBase": "0", "nDamageRand": "0", "nCostMana": "0"}, {"nDamageBase": "0", "nDamageRand": "0", "nCostMana": "0"}, {"nDamageBase": "0", "nDamageRand": "0", "nCostMana": "0"}, {"nDamageBase": "0", "nDamageRand": "0", "nCostMana": "0"}, {"nDamageBase": "0", "nDamageRand": "0", "nCostMana": "0"}, {"nDamageBase": "0", "nDamageRand": "0", "nCostMana": "0"}, {"nDamageBase": "0", "nDamageRand": "0", "nCostMana": "0"}, {"nDamageBase": "0", "nDamageRand": "0", "nCostMana": "0"}]	SetPublicCoolDown(16);SetCheckCoolDown(1, 444);SetNormalCoolDown(1, 2294);SetCheckCoolDown(2, 804);SetNormalCoolDown(2, 503)	
沙漠风暴\道具_十方玄机.lua	沙漠风暴	plain	{"nMinRadius": "0 * LENGTH_BASE", "nMaxRadius": "20 * LENGTH_BASE", "nAngleRange": "256", "nPrepareFrames": "48", "nMinPrepareFrames": "1"}	[{"nDamageBase": "0", "nDamageRand": "0", "nCostMana": "0"}, {"nDamageBase": "0", "nDamageRand": "0", "nCostMana": "0"}, {"nDamageBase": "0", "nDamageRand": "0", "nCostMana": "0"}, {"nDamageBase": "0", "nDamageRand": "0", "nCostMana": "0"}, {"nDamageBase": "0", "nDamageRand": "0", "nCostMana": "0"}, {"nDamageBase": "0", "nDamageRand": "0", "nCostMana": "0"}, {"nDamageBase": "0", "nDamageRand": "0", "nCostMana": "0"}, {"nDamageBase": "0", "nDamageRand": "0", "nCostMana": "0"}, {"nDamageBase": "0", "nDamageRand": "0", "nCostMana": "0"}, {"nDamageBase": "0", "nDamageRand": "0", "nCostMana": "0"}]	SetNormalCoolDown(1, 2988);SetCheckCoolDown(1, 444)	EXECUTE_SCRIPT
沙漠风暴\道具_十方玄机_破伪装.lua	沙漠风暴	plain	{"bIgnorePrepareState": "true", "nMinRadius": "0 * LENGTH_BASE", "nMaxRadius": "100 * LENGTH_BASE", "nAngleRange": "256", "nAreaRadius": "4 * LENGTH_BASE", "nChannelInterval": "120"}	[{"nDamageBase": "400", "nDamageRand": "15", "nCostMana": "0"}, {"nDamageBase": "0", "nDamageRand": "0", "nCostMana": "0"}, {"nDamageBase": "0", "nDamageRand": "0", "nCostMana": "0"}, {"nDamageBase": "0", "nDamageRand": "0", "nCostMana": "0"}, {"nDamageBase": "0", "nDamageRand": "0", "nCostMana": "0"}, {"nDamageBase": "0", "nDamageRand": "0", "nCostMana": "0"}, {"nDamageBase": "0", "nDamageRand": "0", "nCostMana": "0"}, {"nDamageBase": "0", "nDamageRand": "0", "nCostMana": "0"}, {"nDamageBase": "0", "nDamageRand": "0", "nCostMana": "0"}, {"nDamageBase": "0", "nDamageRand": "0", "nCostMana": "0"}]		DEL_SINGLE_BUFF_BY_ID_AND_LEVEL
沙漠风暴\道具_十方玄机清自身buff.lua	沙漠风暴	plain	{"bIgnorePrepareState": "true", "nMinRadius": "0 * LENGTH_BASE", "nMaxRadius": "4 * LENGTH_BASE", "nAngleRange": "128"}	[{"nDamageBase": "0", "nDamageRand": "0", "nCostMana": "0"}, {"nDamageBase": "0", "nDamageRand": "0", "nCostMana": "0"}, {"nDamageBase": "0", "nDamageRand": "0", "nCostMana": "0"}, {"nDamageBase": "0", "nDamageRand": "0", "nCostMana": "0"}, {"nDamageBase": "0", "nDamageRand": "0", "nCostMana": "0"}, {"nDamageBase": "0", "nDamageRand": "0", "nCostMana": "0"}, {"nDamageBase": "0", "nDamageRand": "0", "nCostMana": "0"}, {"nDamageBase": "0", "nDamageRand": "0", "nCostMana": "0"}, {"nDamageBase": "0", "nDamageRand": "0", "nCostMana": "0"}, {"nDamageBase": "0", "nDamageRand": "0", "nCostMana": "0"}]		DETACH_SINGLE_BUFF
沙漠风暴\道具_听风吹雪.lua	沙漠风暴	plain	{"nMinRadius": "0 * LENGTH_BASE", "nMaxRadius": "25 * LENGTH_BASE", "nAngleRange": "256"}	[]	SetCheckCoolDown(1, 444);SetNormalCoolDown(1, 950)	EXECUTE_SCRIPT
沙漠风暴\道具_唐门车装填.lua	沙漠风暴	plain	{"nMinRadius": "0 * LENGTH_BASE", "nMaxRadius": "4 * LENGTH_BASE", "nAngleRange": "256", "nChannelInterval": "9", "nChannelFrame": "48", "nBeatBackRate": "0 * PERCENT_BASE", "nBrokenRate": "0 * PERCENT_BASE"}	[{"nDamage": "0", "nDamageRand": "0", "nCostMana": "0"}, {"nDamage": "0", "nDamageRand": "0", "nCostMana": "0"}, {"nDamage": "0", "nDamageRand": "0", "nCostMana": "0"}, {"nDamage": "0", "nDamageRand": "0", "nCostMana": "0"}, {"nDamage": "0", "nDamageRand": "0", "nCostMana": "0"}, {"nDamage": "0", "nDamageRand": "0", "nCostMana": "0"}, {"nDamage": "0", "nDamageRand": "0", "nCostMana": "0"}, {"nDamage": "0", "nDamageRand": "0", "nCostMana": "0"}, {"nDamage": "0", "nDamageRand": "0", "nCostMana": "0"}, {"nDamage": "0", "nDamageRand": "0", "nCostMana": "0"}]		EXECUTE_SCRIPT
沙漠风暴\道具_啸如虎.lua	沙漠风暴	plain	{"nMinRadius": "0", "nMaxRadius": "MELEE_ATTACK_DISTANCE", "nAngleRange": "256", "nPrepareFrames": "0", "nBulletVelocity": "0", "nBreakRate": "1024"}	[{"nCostMana": "19"}, {"nCostMana": "24"}, {"nCostMana": "30"}, {"nCostMana": "35"}, {"nCostMana": "40"}]	SetNormalCoolDown(1, 100);SetCheckCoolDown(1, 444)	EXECUTE_SCRIPT
沙漠风暴\道具_夺命蛊.lua	沙漠风暴	plain	{"nMinRadius": "0 * LENGTH_BASE", "nMaxRadius": "20 * LENGTH_BASE", "nAngleRange": "256"}	[{"nDamageBase": "0", "nDamageRand": "0", "nCostMana": "0"}, {"nDamageBase": "0", "nDamageRand": "0", "nCostMana": "0"}, {"nDamageBase": "0", "nDamageRand": "0", "nCostMana": "0"}, {"nDamageBase": "0", "nDamageRand": "0", "nCostMana": "0"}, {"nDamageBase": "0", "nDamageRand": "0", "nCostMana": "0"}, {"nDamageBase": "0", "nDamageRand": "0", "nCostMana": "0"}, {"nDamageBase": "0", "nDamageRand": "0", "nCostMana": "0"}, {"nDamageBase": "0", "nDamageRand": "0", "nCostMana": "0"}, {"nDamageBase": "0", "nDamageRand": "0", "nCostMana": "0"}, {"nDamageBase": "0", "nDamageRand": "0", "nCostMana": "0"}]	SetNormalCoolDown(1, 614)	EXECUTE_SCRIPT
沙漠风暴\道具_如意法.lua	沙漠风暴	plain	{"nMinRadius": "0 * LENGTH_BASE", "nMaxRadius": "20 * LENGTH_BASE", "nAngleRange": "256"}	[{"nDamageBase": "0", "nDamageRand": "0", "nCostMana": "0"}, {"nDamageBase": "0", "nDamageRand": "0", "nCostMana": "0"}, {"nDamageBase": "0", "nDamageRand": "0", "nCostMana": "0"}, {"nDamageBase": "0", "nDamageRand": "0", "nCostMana": "0"}, {"nDamageBase": "0", "nDamageRand": "0", "nCostMana": "0"}, {"nDamageBase": "0", "nDamageRand": "0", "nCostMana": "0"}, {"nDamageBase": "0", "nDamageRand": "0", "nCostMana": "0"}, {"nDamageBase": "0", "nDamageRand": "0", "nCostMana": "0"}, {"nDamageBase": "0", "nDamageRand": "0", "nCostMana": "0"}, {"nDamageBase": "0", "nDamageRand": "0", "nCostMana": "0"}]	SetNormalCoolDown(1, 510);SetCheckCoolDown(1, 444)	DEL_MULTI_GROUP_BUFF_BY_FUNCTIONTYPE;EXECUTE_SCRIPT
沙漠风暴\道具_孤影化双.lua	沙漠风暴	plain	{"nMinRadius": "0 * LENGTH_BASE", "nMaxRadius": "4 * LENGTH_BASE", "nAngleRange": "256"}	[{"nDamageBase": "0", "nDamageRand": "0", "nCostMana": "0"}, {"nDamageBase": "0", "nDamageRand": "0", "nCostMana": "0"}, {"nDamageBase": "0", "nDamageRand": "0", "nCostMana": "0"}, {"nDamageBase": "0", "nDamageRand": "0", "nCostMana": "0"}, {"nDamageBase": "0", "nDamageRand": "0", "nCostMana": "0"}, {"nDamageBase": "0", "nDamageRand": "0", "nCostMana": "0"}, {"nDamageBase": "0", "nDamageRand": "0", "nCostMana": "0"}, {"nDamageBase": "0", "nDamageRand": "0", "nCostMana": "0"}, {"nDamageBase": "0", "nDamageRand": "0", "nCostMana": "0"}, {"nDamageBase": "0", "nDamageRand": "0", "nCostMana": "0"}]	SetNormalCoolDown(1, 908);SetNormalCoolDown(2, 988);SetCheckCoolDown(1, 444)	CAST_SKILL;DEL_MULTI_GROUP_BUFF_BY_FUNCTIONTYPE;EXECUTE_SCRIPT
沙漠风暴\道具_孤风飒踏.lua	沙漠风暴	plain	{"nMinRadius": "0 * LENGTH_BASE", "nMaxRadius": "20 * LENGTH_BASE", "nAngleRange": "256", "nAreaRadius": "100 * LENGTH_BASE", "nWeaponDamagePercent": "0"}	[{"nDamageBase": "0", "nDamageRand": "0", "nCostMana": "0"}, {"nDamageBase": "0", "nDamageRand": "0", "nCostMana": "0"}, {"nDamageBase": "0", "nDamageRand": "0", "nCostMana": "0"}, {"nDamageBase": "0", "nDamageRand": "0", "nCostMana": "0"}, {"nDamageBase": "0", "nDamageRand": "0", "nCostMana": "0"}, {"nDamageBase": "0", "nDamageRand": "0", "nCostMana": "0"}, {"nDamageBase": "0", "nDamageRand": "0", "nCostMana": "0"}, {"nDamageBase": "0", "nDamageRand": "0", "nCostMana": "0"}, {"nDamageBase": "0", "nDamageRand": "0", "nCostMana": "0"}, {"nDamageBase": "0", "nDamageRand": "0", "nCostMana": "0"}]	SetNormalCoolDown(1, 1598);SetNormalCoolDown(2, 1650);SetCheckCoolDown(1, 444)	CAST_SKILL;DEL_MULTI_GROUP_BUFF_BY_FUNCTIONTYPE;EXECUTE_SCRIPT
沙漠风暴\道具_孤风飒踏冲刺.lua	沙漠风暴	plain	{"nMinRadius": "0 * LENGTH_BASE", "nMaxRadius": "40 * LENGTH_BASE", "nAngleRange": "256", "nAreaRadius": "100 * LENGTH_BASE", "nWeaponDamagePercent": "0"}	[{"nDamageBase": "0", "nDamageRand": "0", "nCostMana": "0"}, {"nDamageBase": "0", "nDamageRand": "0", "nCostMana": "0"}, {"nDamageBase": "0", "nDamageRand": "0", "nCostMana": "0"}, {"nDamageBase": "0", "nDamageRand": "0", "nCostMana": "0"}, {"nDamageBase": "0", "nDamageRand": "0", "nCostMana": "0"}, {"nDamageBase": "0", "nDamageRand": "0", "nCostMana": "0"}, {"nDamageBase": "0", "nDamageRand": "0", "nCostMana": "0"}, {"nDamageBase": "0", "nDamageRand": "0", "nCostMana": "0"}, {"nDamageBase": "0", "nDamageRand": "0", "nCostMana": "0"}, {"nDamageBase": "0", "nDamageRand": "0", "nCostMana": "0"}]		DASH_TO_POINT
沙漠风暴\道具_孤风飒踏表现.lua	沙漠风暴	plain	{"nMinRadius": "0 * LENGTH_BASE", "nMaxRadius": "100 * LENGTH_BASE", "nAngleRange": "256"}	[{"nDamageBase": "0", "nDamageRand": "0", "nCostMana": "0"}, {"nDamageBase": "0", "nDamageRand": "0", "nCostMana": "0"}, {"nDamageBase": "0", "nDamageRand": "0", "nCostMana": "0"}, {"nDamageBase": "0", "nDamageRand": "0", "nCostMana": "0"}, {"nDamageBase": "0", "nDamageRand": "0", "nCostMana": "0"}, {"nDamageBase": "0", "nDamageRand": "0", "nCostMana": "0"}, {"nDamageBase": "0", "nDamageRand": "0", "nCostMana": "0"}, {"nDamageBase": "0", "nDamageRand": "0", "nCostMana": "0"}, {"nDamageBase": "0", "nDamageRand": "0", "nCostMana": "0"}, {"nDamageBase": "0", "nDamageRand": "0", "nCostMana": "0"}]		
沙漠风暴\道具_守如山.lua	沙漠风暴	plain	{"nMinRadius": "0", "nMaxRadius": "MELEE_ATTACK_DISTANCE", "nAngleRange": "256", "nPrepareFrames": "0", "nBulletVelocity": "0", "nBreakRate": "1024"}	[{"nCostMana": "31"}]	SetPublicCoolDown(16);SetNormalCoolDown(1, 2261);SetCheckCoolDown(1, 444);SetCheckCoolDown(2, 804);SetNormalCoolDown(2, 503)	
沙漠风暴\道具_平沙落雁.lua	沙漠风暴	plain	{"nMinRadius": "0 * LENGTH_BASE", "nMaxRadius": "25 * LENGTH_BASE", "nAngleRange": "128", "nPrepareFrames": "48", "nMinPrepareFrames": "1"}	[{"nDamageBase": "0", "nDamageRand": "0", "nCostMana": "0"}, {"nDamageBase": "0", "nDamageRand": "0", "nCostMana": "0"}, {"nDamageBase": "0", "nDamageRand": "0", "nCostMana": "0"}, {"nDamageBase": "0", "nDamageRand": "0", "nCostMana": "0"}, {"nDamageBase": "0", "nDamageRand": "0", "nCostMana": "0"}, {"nDamageBase": "0", "nDamageRand": "0", "nCostMana": "0"}, {"nDamageBase": "0", "nDamageRand": "0", "nCostMana": "0"}, {"nDamageBase": "0", "nDamageRand": "0", "nCostMana": "0"}, {"nDamageBase": "0", "nDamageRand": "0", "nCostMana": "0"}, {"nDamageBase": "0", "nDamageRand": "0", "nCostMana": "0"}]	SetPublicCoolDown(16);SetNormalCoolDown(2, 503);SetNormalCoolDown(1, 2098);SetCheckCoolDown(1, 444);SetCheckCoolDown(2, 1325);SetCheckCoolDown(3, 804)	EXECUTE_SCRIPT;MODIFY_THREAT
沙漠风暴\道具_幻蛊.lua	沙漠风暴	plain	{"nMinRadius": "0 * LENGTH_BASE", "nMaxRadius": "20 * LENGTH_BASE", "nAngleRange": "128"}	[{"nDamageBase": "58 * 0.95", "nDamageRand": "58 * 0.1", "nCostMana": "22"}]	SetPublicCoolDown(16);SetNormalCoolDown(1, 440);SetCheckCoolDown(1, 444);SetCheckCoolDown(2, 804);SetNormalCoolDown(2, 503)	EXECUTE_SCRIPT
沙漠风暴\道具_幻蛊_失传.lua	沙漠风暴	plain	{"nMinRadius": "0 * LENGTH_BASE", "nMaxRadius": "20 * LENGTH_BASE", "nAngleRange": "128"}	[{"nDamageBase": "58 * 0.95", "nDamageRand": "58 * 0.1", "nCostMana": "22"}]	SetPublicCoolDown(16);SetNormalCoolDown(1, 440);SetCheckCoolDown(1, 444);SetCheckCoolDown(2, 804);SetNormalCoolDown(2, 503)	EXECUTE_SCRIPT
沙漠风暴\道具_应天授命.lua	沙漠风暴	plain	{"nCostManaBasePercent": "220", "nCostSprintPower": "20 * CONSUME_BASE", "nMinRadius": "0 * LENGTH_BASE", "nMaxRadius": "20 * LENGTH_BASE", "nAngleRange": "128", "nAreaRadius": "4 * LENGTH_BASE", "nChannelInterval": "120"}	[{"nDamageBase": "400", "nDamageRand": "15", "nCostMana": "0"}, {"nDamageBase": "0", "nDamageRand": "0", "nCostMana": "0"}, {"nDamageBase": "0", "nDamageRand": "0", "nCostMana": "0"}, {"nDamageBase": "0", "nDamageRand": "0", "nCostMana": "0"}, {"nDamageBase": "0", "nDamageRand": "0", "nCostMana": "0"}, {"nDamageBase": "0", "nDamageRand": "0", "nCostMana": "0"}, {"nDamageBase": "0", "nDamageRand": "0", "nCostMana": "0"}, {"nDamageBase": "0", "nDamageRand": "0", "nCostMana": "0"}, {"nDamageBase": "0", "nDamageRand": "0", "nCostMana": "0"}, {"nDamageBase": "0", "nDamageRand": "0", "nCostMana": "0"}]	SetPublicCoolDown(16);SetNormalCoolDown(1, 2685);SetCheckCoolDown(1, 444)	EXECUTE_SCRIPT
沙漠风暴\道具_徐如林.lua	沙漠风暴	plain	{"nMinRadius": "0", "nMaxRadius": "MELEE_ATTACK_DISTANCE", "nAngleRange": "128", "nPrepareFrames": "0", "nBulletVelocity": "0", "nBreakRate": "1024"}	[{"nCostMana": "0"}, {"nCostMana": "0"}, {"nCostMana": "0"}, {"nCostMana": "0"}, {"nCostMana": "0"}]	SetNormalCoolDown(1, 2987);SetCheckCoolDown(1, 444)	
沙漠风暴\道具_徐如林技能事件.lua	沙漠风暴	plain	{"nCostMana": "0", "nMinRadius": "0", "nMaxRadius": "4 * LENGTH_BASE", "nAngleRange": "256", "nPrepareFrames": "0", "nBulletVelocity": "0", "nBreakRate": "1024"}	[{"nCostMana": "0"}, {"nCostMana": "0"}, {"nCostMana": "0"}, {"nCostMana": "0"}, {"nCostMana": "0"}]		EXECUTE_SCRIPT
沙漠风暴\道具_心诤右手舞棍.lua	沙漠风暴	plain	{"bIgnorePrepareState": "true", "nMinRadius": "0 * LENGTH_BASE", "nMaxRadius": "6 * LENGTH_BASE", "nAreaRadius": "6 * LENGTH_BASE", "nChannelInterval": "200"}	[{"nAddRage": "0", "nCostRage": "10", "nDamageBase": "36", "nDamageRand": "0"}, {"nAddRage": "0", "nCostRage": "10", "nDamageBase": "36", "nDamageRand": "0"}, {"nAddRage": "0", "nCostRage": "10", "nDamageBase": "36", "nDamageRand": "0"}, {"nAddRage": "0", "nCostRage": "10", "nDamageBase": "36", "nDamageRand": "0"}, {"nAddRage": "0", "nCostRage": "10", "nDamageBase": "36", "nDamageRand": "0"}, {"nDamageBase": "0", "nDamageRand": "0", "nCostMana": "0"}, {"nDamageBase": "0", "nDamageRand": "0", "nCostMana": "0"}, {"nDamageBase": "0", "nDamageRand": "0", "nCostMana": "0"}, {"nDamageBase": "0", "nDamageRand": "0", "nCostMana": "0"}, {"nDamageBase": "0", "nDamageRand": "0", "nCostMana": "0"}]		EXECUTE_SCRIPT
沙漠风暴\道具_心诤实际技能.lua	沙漠风暴	plain	{"nMinRadius": "0 * LENGTH_BASE", "nMaxRadius": "12 * LENGTH_BASE", "nChannelInterval": "7", "nChannelFrame": "48", "bInstantChannel": "false"}	[{"nDamageBase": "0", "nDamageRand": "0", "nCostMana": "0"}]		EXECUTE_SCRIPT
沙漠风暴\道具_心诤左手舞棍.lua	沙漠风暴	plain	{"bIgnorePrepareState": "true", "nMinRadius": "0 * LENGTH_BASE", "nMaxRadius": "6 * LENGTH_BASE", "nAreaRadius": "6 * LENGTH_BASE", "nChannelInterval": "200"}	[{"nAddRage": "0", "nCostRage": "10", "nDamageBase": "36", "nDamageRand": "0"}, {"nAddRage": "0", "nCostRage": "10", "nDamageBase": "36", "nDamageRand": "0"}, {"nAddRage": "0", "nCostRage": "10", "nDamageBase": "36", "nDamageRand": "0"}, {"nAddRage": "0", "nCostRage": "10", "nDamageBase": "36", "nDamageRand": "0"}, {"nAddRage": "0", "nCostRage": "10", "nDamageBase": "36", "nDamageRand": "0"}, {"nDamageBase": "0", "nDamageRand": "0", "nCostMana": "0"}, {"nDamageBase": "0", "nDamageRand": "0", "nCostMana": "0"}, {"nDamageBase": "0", "nDamageRand": "0", "nCostMana": "0"}, {"nDamageBase": "0", "nDamageRand": "0", "nCostMana": "0"}, {"nDamageBase": "0", "nDamageRand": "0", "nCostMana": "0"}]		EXECUTE_SCRIPT
沙漠风暴\道具_心诤扫击.lua	沙漠风暴	plain	{"bIgnorePrepareState": "true", "nMinRadius": "0 * LENGTH_BASE", "nMaxRadius": "12 * LENGTH_BASE", "nAngleRange": "128", "nAreaRadius": "12 * LENGTH_BASE", "nChannelInterval": "1600 * HDJueJingSkillCoe_130"}	[{"nAddRage": "0", "nCostRage": "10", "nDamageBase": "36", "nDamageRand": "0"}, {"nAddRage": "0", "nCostRage": "10", "nDamageBase": "36", "nDamageRand": "0"}, {"nAddRage": "0", "nCostRage": "10", "nDamageBase": "36", "nDamageRand": "0"}, {"nAddRage": "0", "nCostRage": "10", "nDamageBase": "36", "nDamageRand": "0"}, {"nAddRage": "0", "nCostRage": "10", "nDamageBase": "36", "nDamageRand": "0"}, {"nDamageBase": "0", "nDamageRand": "0", "nCostMana": "0"}, {"nDamageBase": "0", "nDamageRand": "0", "nCostMana": "0"}, {"nDamageBase": "0", "nDamageRand": "0", "nCostMana": "0"}, {"nDamageBase": "0", "nDamageRand": "0", "nCostMana": "0"}, {"nDamageBase": "0", "nDamageRand": "0", "nCostMana": "0"}, {"nDamageBase": "0", "nDamageRand": "0", "nCostMana": "0"}, {"nDamageBase": "0", "nDamageRand": "0", "nCostMana": "0"}, {"nDamageBase": "0", "nDamageRand": "0", "nCostMana": "0"}, {"nDamageBase": "0", "nDamageRand": "0", "nCostMana": "0"}]		EXECUTE_SCRIPT
沙漠风暴\道具_心诤表现母技能.lua	沙漠风暴	plain	{"nMinRadius": "0 * LENGTH_BASE", "nMaxRadius": "4 * LENGTH_BASE", "nAngleRange": "256"}	[{"nDamageBase": "0", "nDamageRand": "0", "nCostMana": "0"}, {"nDamageBase": "0", "nDamageRand": "0", "nCostMana": "0"}, {"nDamageBase": "0", "nDamageRand": "0", "nCostMana": "0"}, {"nDamageBase": "0", "nDamageRand": "0", "nCostMana": "0"}, {"nDamageBase": "0", "nDamageRand": "0", "nCostMana": "0"}, {"nDamageBase": "0", "nDamageRand": "0", "nCostMana": "0"}, {"nDamageBase": "0", "nDamageRand": "0", "nCostMana": "0"}, {"nDamageBase": "0", "nDamageRand": "0", "nCostMana": "0"}, {"nDamageBase": "0", "nDamageRand": "0", "nCostMana": "0"}, {"nDamageBase": "0", "nDamageRand": "0", "nCostMana": "0"}]	SetPublicCoolDown(16);SetNormalCoolDown(1, 2287);SetCheckCoolDown(1, 444);SetCheckCoolDown(2, 804);SetNormalCoolDown(2, 503)	CAST_SKILL
沙漠风暴\道具_怖畏暗刑.lua	沙漠风暴	plain	{"nMinRadius": "0 * LENGTH_BASE", "nMaxRadius": "4 * LENGTH_BASE", "nAngleRange": "128", "nDismountingRate": "PERCENT_BASE"}	[{"nDamageBase": "0", "nDamageRand": "0", "nCostMana": "0"}, {"nDamageBase": "0", "nDamageRand": "0", "nCostMana": "0"}, {"nDamageBase": "0", "nDamageRand": "0", "nCostMana": "0"}, {"nDamageBase": "0", "nDamageRand": "0", "nCostMana": "0"}, {"nDamageBase": "0", "nDamageRand": "0", "nCostMana": "0"}, {"nDamageBase": "0", "nDamageRand": "0", "nCostMana": "0"}, {"nDamageBase": "0", "nDamageRand": "0", "nCostMana": "0"}, {"nDamageBase": "0", "nDamageRand": "0", "nCostMana": "0"}, {"nDamageBase": "0", "nDamageRand": "0", "nCostMana": "0"}, {"nDamageBase": "0", "nDamageRand": "0", "nCostMana": "0"}]	SetNormalCoolDown(1, 2034);SetNormalCoolDown(2, 1314);SetCheckCoolDown(1, 444)	
沙漠风暴\道具_惊鸿游龙.lua	沙漠风暴	plain	{"nMinRadius": "0 * LENGTH_BASE", "nMaxRadius": "4 * LENGTH_BASE", "nAngleRange": "256"}	[{"nDamageBase": "0", "nDamageRand": "0", "nCostMana": "0"}, {"nDamageBase": "0", "nDamageRand": "0", "nCostMana": "0"}, {"nDamageBase": "0", "nDamageRand": "0", "nCostMana": "0"}, {"nDamageBase": "0", "nDamageRand": "0", "nCostMana": "0"}, {"nDamageBase": "0", "nDamageRand": "0", "nCostMana": "0"}, {"nDamageBase": "0", "nDamageRand": "0", "nCostMana": "0"}, {"nDamageBase": "0", "nDamageRand": "0", "nCostMana": "0"}, {"nDamageBase": "0", "nDamageRand": "0", "nCostMana": "0"}, {"nDamageBase": "0", "nDamageRand": "0", "nCostMana": "0"}, {"nDamageBase": "0", "nDamageRand": "0", "nCostMana": "0"}]	SetPublicCoolDown(16);SetNormalCoolDown(1, 2264);SetCheckCoolDown(1, 444);SetCheckCoolDown(2, 804);SetNormalCoolDown(2, 503)	EXECUTE_SCRIPT
沙漠风暴\道具_抢珠式.lua	沙漠风暴	plain	{"nMinRadius": "0 * LENGTH_BASE", "nMaxRadius": "8 * LENGTH_BASE", "nAngleRange": "128", "nPrepareFrames": "0", "nWeaponDamagePercent": "0", "nBulletVelocity": "0", "nBreakRate": "1024"}	[{"nDamageBase": "0", "nDamageRand": "0", "nCostMana": "0"}, {"nDamageBase": "0", "nDamageRand": "0", "nCostMana": "0"}, {"nDamageBase": "0", "nDamageRand": "0", "nCostMana": "0"}, {"nDamageBase": "0", "nDamageRand": "0", "nCostMana": "0"}, {"nDamageBase": "0", "nDamageRand": "0", "nCostMana": "0"}, {"nDamageBase": "0", "nDamageRand": "0", "nCostMana": "0"}, {"nDamageBase": "0", "nDamageRand": "0", "nCostMana": "0"}, {"nDamageBase": "0", "nDamageRand": "0", "nCostMana": "0"}, {"nDamageBase": "0", "nDamageRand": "0", "nCostMana": "0"}, {"nDamageBase": "0", "nDamageRand": "0", "nCostMana": "0"}]	SetNormalCoolDown(1, 75);SetCheckCoolDown(1, 444)	
沙漠风暴\道具_振翅图南.lua	沙漠风暴	plain	{"nMinRadius": "0 * LENGTH_BASE", "nMaxRadius": "20 * LENGTH_BASE", "nAngleRange": "256", "nBeatBackRate": "0 * PERCENT_BASE", "nBrokenRate": "0 * PERCENT_BASE"}	[{"nDamageBase": "0", "nDamageRand": "0", "nCostMana": "0"}]	SetNormalCoolDown(1, 2302);SetCheckCoolDown(1, 444)	EXECUTE_SCRIPT
沙漠风暴\道具_振翅图南伤害.lua	沙漠风暴	plain	{"nChannelInterval": "110 * 0.9 * 0.885 * 0.75 * HDJueJingSkillCoe_130", "nMinRadius": "0 * LENGTH_BASE", "nMaxRadius": "50 * LENGTH_BASE", "nAngleRange": "256", "nAreaRadius": "4 * LENGTH_BASE", "bIgnorePrepareState": "true"}	[{"nDamageBase": "458", "nDamageRand": "10", "nCostMana": "0"}, {"nDamageBase": "458", "nDamageRand": "10", "nCostMana": "0"}, {"nDamageBase": "458", "nDamageRand": "10", "nCostMana": "0"}, {"nDamageBase": "458", "nDamageRand": "10", "nCostMana": "0"}, {"nDamageBase": "458", "nDamageRand": "10", "nCostMana": "0"}]		EXECUTE_SCRIPT
沙漠风暴\道具_捉影式.lua	沙漠风暴	plain	{"nMinRadius": "MELEE_ATTACK_DISTANCE", "nMaxRadius": "20 * LENGTH_BASE", "nAngleRange": "128", "nPrepareFrames": "8"}	[]	SetNormalCoolDown(1, 49);SetCheckCoolDown(1, 444)	KNOCKED_BACK_RATE;PULL
沙漠风暴\道具_撼地.lua	沙漠风暴	plain	{"nCostSprintPower": "20 * CONSUME_BASE", "nMinRadius": "0 * LENGTH_BASE", "nMaxRadius": "20 * LENGTH_BASE", "nAngleRange": "128", "nAreaRadius": "20 * LENGTH_BASE", "nWeaponDamagePercent": "0"}	[{"nDamageBase": "0", "nDamageRand": "0", "nCostMana": "0"}, {"nDamageBase": "0", "nDamageRand": "0", "nCostMana": "0"}, {"nDamageBase": "0", "nDamageRand": "0", "nCostMana": "0"}, {"nDamageBase": "0", "nDamageRand": "0", "nCostMana": "0"}, {"nDamageBase": "0", "nDamageRand": "0", "nCostMana": "0"}, {"nDamageBase": "0", "nDamageRand": "0", "nCostMana": "0"}, {"nDamageBase": "0", "nDamageRand": "0", "nCostMana": "0"}, {"nDamageBase": "0", "nDamageRand": "0", "nCostMana": "0"}, {"nDamageBase": "0", "nDamageRand": "0", "nCostMana": "0"}, {"nDamageBase": "0", "nDamageRand": "0", "nCostMana": "0"}]	SetPublicCoolDown(16);SetNormalCoolDown(1, 503);SetNormalCoolDown(2, 812);SetNormalCoolDown(3, 804);SetCheckCoolDown(1, 444)	EXECUTE_SCRIPT
沙漠风暴\道具_撼地_子_撼地击晕.lua	沙漠风暴	plain	{"nMinRadius": "0 * LENGTH_BASE", "nMaxRadius": "4 * LENGTH_BASE", "nAngleRange": "256", "nAreaRadius": "5 * LENGTH_BASE", "nChannelInterval": "100"}	[{"nDamageBase": "400", "nDamageRand": "400*0.1", "nCostMana": "0"}, {"nDamageBase": "0", "nDamageRand": "0", "nCostMana": "0"}, {"nDamageBase": "0", "nDamageRand": "0", "nCostMana": "0"}, {"nDamageBase": "0", "nDamageRand": "0", "nCostMana": "0"}, {"nDamageBase": "0", "nDamageRand": "0", "nCostMana": "0"}, {"nDamageBase": "0", "nDamageRand": "0", "nCostMana": "0"}, {"nDamageBase": "0", "nDamageRand": "0", "nCostMana": "0"}, {"nDamageBase": "0", "nDamageRand": "0", "nCostMana": "0"}, {"nDamageBase": "0", "nDamageRand": "0", "nCostMana": "0"}, {"nDamageBase": "0", "nDamageRand": "0", "nCostMana": "0"}]		CALL_ADAPTIVE_DAMAGE;EXECUTE_SCRIPT;SKILL_ADAPTIVE_DAMAGE;SKILL_ADAPTIVE_DAMAGE_RAND
沙漠风暴\道具_散流霞.lua	沙漠风暴	plain	{"nCostSprintPower": "20 * CONSUME_BASE"}	[{"nDamageBase": "0", "nDamageRand": "0", "nCostMana": "0"}, {"nDamageBase": "0", "nDamageRand": "0", "nCostMana": "0"}, {"nDamageBase": "0", "nDamageRand": "0", "nCostMana": "0"}, {"nDamageBase": "0", "nDamageRand": "0", "nCostMana": "0"}, {"nDamageBase": "0", "nDamageRand": "0", "nCostMana": "0"}, {"nDamageBase": "0", "nDamageRand": "0", "nCostMana": "0"}, {"nDamageBase": "0", "nDamageRand": "0", "nCostMana": "0"}, {"nDamageBase": "0", "nDamageRand": "0", "nCostMana": "0"}, {"nDamageBase": "0", "nDamageRand": "0", "nCostMana": "0"}, {"nDamageBase": "0", "nDamageRand": "0", "nCostMana": "0"}]	SetNormalCoolDown(1, 2037);SetCheckCoolDown(1, 444)	CAST_SKILL;DEL_MULTI_GROUP_BUFF_BY_FUNCTIONTYPE;EXECUTE_SCRIPT
沙漠风暴\道具_散流霞_延迟skillmove动作.lua	沙漠风暴	plain	{"nMinRadius": "0 * LENGTH_BASE", "nMaxRadius": "4 * LENGTH_BASE", "nAngleRange": "256"}	[{"nDamageBase": "0", "nDamageRand": "0", "nCostMana": "0"}, {"nDamageBase": "0", "nDamageRand": "0", "nCostMana": "0"}, {"nDamageBase": "0", "nDamageRand": "0", "nCostMana": "0"}, {"nDamageBase": "0", "nDamageRand": "0", "nCostMana": "0"}, {"nDamageBase": "0", "nDamageRand": "0", "nCostMana": "0"}, {"nDamageBase": "0", "nDamageRand": "0", "nCostMana": "0"}, {"nDamageBase": "0", "nDamageRand": "0", "nCostMana": "0"}, {"nDamageBase": "0", "nDamageRand": "0", "nCostMana": "0"}, {"nDamageBase": "0", "nDamageRand": "0", "nCostMana": "0"}, {"nDamageBase": "0", "nDamageRand": "0", "nCostMana": "0"}]		SKILL_MOVE
沙漠风暴\道具_散流霞_解除不可选中效果.lua	沙漠风暴	plain	{"bIgnorePrepareState": "true"}	[{"nDamageBase": "0", "nDamageRand": "0", "nCostMana": "0"}, {"nDamageBase": "0", "nDamageRand": "0", "nCostMana": "0"}, {"nDamageBase": "0", "nDamageRand": "0", "nCostMana": "0"}, {"nDamageBase": "0", "nDamageRand": "0", "nCostMana": "0"}, {"nDamageBase": "0", "nDamageRand": "0", "nCostMana": "0"}, {"nDamageBase": "0", "nDamageRand": "0", "nCostMana": "0"}, {"nDamageBase": "0", "nDamageRand": "0", "nCostMana": "0"}, {"nDamageBase": "0", "nDamageRand": "0", "nCostMana": "0"}, {"nDamageBase": "0", "nDamageRand": "0", "nCostMana": "0"}, {"nDamageBase": "0", "nDamageRand": "0", "nCostMana": "0"}]		EXECUTE_SCRIPT
沙漠风暴\道具_斗转星移.lua	沙漠风暴	plain	{"nMinRadius": "0 * LENGTH_BASE", "nMaxRadius": "25 * LENGTH_BASE", "nAngleRange": "128"}	[{"nDamageBase": "33", "nDamageRand": "5", "nCostMana": "0"}]	SetNormalCoolDown(1, 1857);SetCheckCoolDown(1, 444)	EXECUTE_SCRIPT
沙漠风暴\道具_斩无常.lua	沙漠风暴	plain	{"nMinRadius": "0 * LENGTH_BASE", "nMaxRadius": "6 * LENGTH_BASE", "nAngleRange": "256", "nChannelInterval": "8", "nChannelFrame": "64", "nMinChannelFrame": "1", "bInstantChannel": "true", "nBeatBackRate": "0 * PERCENT_BASE", "nBrokenRate": "0 * PERCENT_BASE"}	[{"nDamageBase": "0", "nDamageRand": "0", "nCostMana": "0"}, {"nDamageBase": "0", "nDamageRand": "0", "nCostMana": "0"}, {"nDamageBase": "0", "nDamageRand": "0", "nCostMana": "0"}, {"nDamageBase": "0", "nDamageRand": "0", "nCostMana": "0"}, {"nDamageBase": "0", "nDamageRand": "0", "nCostMana": "0"}, {"nDamageBase": "0", "nDamageRand": "0", "nCostMana": "0"}, {"nDamageBase": "0", "nDamageRand": "0", "nCostMana": "0"}, {"nDamageBase": "0", "nDamageRand": "0", "nCostMana": "0"}, {"nDamageBase": "0", "nDamageRand": "0", "nCostMana": "0"}, {"nDamageBase": "0", "nDamageRand": "0", "nCostMana": "0"}]	SetPublicCoolDown(16);SetNormalCoolDown(1, 2298);SetCheckCoolDown(1, 444);SetCheckCoolDown(2, 804);SetNormalCoolDown(2, 503)	CAST_SKILL_TARGET_DST;EXECUTE_SCRIPT
沙漠风暴\道具_斩无常_子_伤害技能.lua	沙漠风暴	plain	{"bIgnorePrepareState": "true", "nChannelInterval": "110 * 1.1 * HDJueJingSkillCoe_130", "nMinRadius": "0 * LENGTH_BASE", "nMaxRadius": "6 * LENGTH_BASE", "nAngleRange": "256", "nAreaRadius": "6 * LENGTH_BASE"}	[{"nDamageBase": "130", "nDamageRand": "10", "nCostMana": "0"}, {"nDamageBase": "130", "nDamageRand": "10", "nCostMana": "0"}, {"nDamageBase": "130", "nDamageRand": "10", "nCostMana": "0"}, {"nDamageBase": "130", "nDamageRand": "10", "nCostMana": "0"}, {"nDamageBase": "130", "nDamageRand": "10", "nCostMana": "0"}, {"nDamageBase": "130", "nDamageRand": "10", "nCostMana": "0"}, {"nDamageBase": "130", "nDamageRand": "10", "nCostMana": "0"}, {"nDamageBase": "130", "nDamageRand": "10", "nCostMana": "0"}]		
沙漠风暴\道具_斩无常_子_帮自己挡技能.lua	沙漠风暴	plain	{"bIgnorePrepareState": "true", "nChannelInterval": "160 * 1.2", "nMinRadius": "0 * LENGTH_BASE", "nMaxRadius": "6 * LENGTH_BASE", "nAngleRange": "256", "nAreaRadius": "6 * LENGTH_BASE"}	[{"nAddRage": "0", "nCostRage": "0", "nDamageBase": "108", "nDamageRand": "3"}, {"nAddRage": "0", "nCostRage": "0", "nDamageBase": "124", "nDamageRand": "4"}, {"nAddRage": "0", "nCostRage": "0", "nDamageBase": "140", "nDamageRand": "5"}, {"nAddRage": "0", "nCostRage": "0", "nDamageBase": "156", "nDamageRand": "5"}, {"nAddRage": "0", "nCostRage": "0", "nDamageBase": "172", "nDamageRand": "6"}, {"nAddRage": "0", "nCostRage": "0", "nDamageBase": "188", "nDamageRand": "7"}, {"nAddRage": "0", "nCostRage": "0", "nDamageBase": "204", "nDamageRand": "8"}, {"nAddRage": "0", "nCostRage": "0", "nDamageBase": "220", "nDamageRand": "9"}, {"nAddRage": "0", "nCostRage": "0", "nDamageBase": "236", "nDamageRand": "9"}, {"nAddRage": "0", "nCostRage": "0", "nDamageBase": "252", "nDamageRand": "10"}]		
沙漠风暴\道具_斩无常保队友子技能.lua	沙漠风暴	plain	{"nChannelInterval": "160 * 1.2", "nMinRadius": "0 * LENGTH_BASE", "nMaxRadius": "6 * LENGTH_BASE", "nAngleRange": "256", "nAreaRadius": "6 * LENGTH_BASE"}	[{"nAddRage": "0", "nCostRage": "0", "nDamageBase": "108", "nDamageRand": "3"}, {"nAddRage": "0", "nCostRage": "0", "nDamageBase": "124", "nDamageRand": "4"}, {"nAddRage": "0", "nCostRage": "0", "nDamageBase": "140", "nDamageRand": "5"}, {"nAddRage": "0", "nCostRage": "0", "nDamageBase": "156", "nDamageRand": "5"}, {"nAddRage": "0", "nCostRage": "0", "nDamageBase": "172", "nDamageRand": "6"}, {"nAddRage": "0", "nCostRage": "0", "nDamageBase": "188", "nDamageRand": "7"}, {"nAddRage": "0", "nCostRage": "0", "nDamageBase": "204", "nDamageRand": "8"}, {"nAddRage": "0", "nCostRage": "0", "nDamageBase": "220", "nDamageRand": "9"}, {"nAddRage": "0", "nCostRage": "0", "nDamageBase": "236", "nDamageRand": "9"}, {"nAddRage": "0", "nCostRage": "0", "nDamageBase": "252", "nDamageRand": "10"}]		EXECUTE_SCRIPT
沙漠风暴\道具_无间狱.lua	沙漠风暴	plain	{"nMinRadius": "0 * LENGTH_BASE", "nMaxRadius": "20 * LENGTH_BASE", "nAngleRange": "128"}	[{"nDamageBase": "0", "nDamageRand": "0", "nCostMana": "0"}, {"nDamageBase": "0", "nDamageRand": "0", "nCostMana": "0"}, {"nDamageBase": "0", "nDamageRand": "0", "nCostMana": "0"}, {"nDamageBase": "0", "nDamageRand": "0", "nCostMana": "0"}, {"nDamageBase": "0", "nDamageRand": "0", "nCostMana": "0"}, {"nDamageBase": "0", "nDamageRand": "0", "nCostMana": "0"}, {"nDamageBase": "0", "nDamageRand": "0", "nCostMana": "0"}, {"nDamageBase": "0", "nDamageRand": "0", "nCostMana": "0"}, {"nDamageBase": "0", "nDamageRand": "0", "nCostMana": "0"}, {"nDamageBase": "0", "nDamageRand": "0", "nCostMana": "0"}]	SetNormalCoolDown(1, 2291);SetCheckCoolDown(1, 444);SetPublicCoolDown(16);SetCheckCoolDown(2, 804);SetNormalCoolDown(2, 503)	EXECUTE_SCRIPT
沙漠风暴\道具_无间狱挥砍一.lua	沙漠风暴	plain	{"bIgnorePrepareState": "true", "nMinRadius": "0 * LENGTH_BASE", "nMaxRadius": "20 * LENGTH_BASE", "nAngleRange": "128", "nAreaRadius": "10 * LENGTH_BASE", "nChannelInterval": "250*2.5*0.9* HDJueJingSkillCoe_130"}	[{"nDamageBase": "500", "nDamageRand": "15", "nCostMana": "0"}, {"nDamageBase": "500", "nDamageRand": "15", "nCostMana": "0"}, {"nDamageBase": "500", "nDamageRand": "15", "nCostMana": "0"}, {"nDamageBase": "500", "nDamageRand": "15", "nCostMana": "0"}, {"nDamageBase": "500", "nDamageRand": "15", "nCostMana": "0"}, {"nDamageBase": "500", "nDamageRand": "15", "nCostMana": "0"}]		DAMAGE_TO_LIFE_FOR_SELF
沙漠风暴\道具_无间狱挥砍三.lua	沙漠风暴	plain	{"bIgnorePrepareState": "true", "nMinRadius": "0 * LENGTH_BASE", "nMaxRadius": "20 * LENGTH_BASE", "nAngleRange": "128", "nAreaRadius": "10 * LENGTH_BASE", "nChannelInterval": "450*2.5*0.9* HDJueJingSkillCoe_130"}	[{"nDamageBase": "500", "nDamageRand": "15", "nCostMana": "0"}, {"nDamageBase": "500", "nDamageRand": "15", "nCostMana": "0"}, {"nDamageBase": "500", "nDamageRand": "15", "nCostMana": "0"}, {"nDamageBase": "500", "nDamageRand": "15", "nCostMana": "0"}, {"nDamageBase": "500", "nDamageRand": "15", "nCostMana": "0"}, {"nDamageBase": "500", "nDamageRand": "15", "nCostMana": "0"}]		DAMAGE_TO_LIFE_FOR_SELF
沙漠风暴\道具_无间狱挥砍二.lua	沙漠风暴	plain	{"bIgnorePrepareState": "true", "nMinRadius": "0 * LENGTH_BASE", "nMaxRadius": "20 * LENGTH_BASE", "nAngleRange": "128", "nAreaRadius": "10 * LENGTH_BASE", "nChannelInterval": "350*2.5*0.9* HDJueJingSkillCoe_130"}	[{"nDamageBase": "500", "nDamageRand": "15", "nCostMana": "0"}, {"nDamageBase": "500", "nDamageRand": "15", "nCostMana": "0"}, {"nDamageBase": "500", "nDamageRand": "15", "nCostMana": "0"}, {"nDamageBase": "500", "nDamageRand": "15", "nCostMana": "0"}, {"nDamageBase": "500", "nDamageRand": "15", "nCostMana": "0"}, {"nDamageBase": "500", "nDamageRand": "15", "nCostMana": "0"}]		DAMAGE_TO_LIFE_FOR_SELF
沙漠风暴\道具_无间狱推人.lua	沙漠风暴	plain	{"bIgnorePrepareState": "true", "nMinRadius": "0 * LENGTH_BASE", "nMaxRadius": "20 * LENGTH_BASE", "nAngleRange": "256", "nAreaRadius": "10 * LENGTH_BASE", "nChannelInterval": "450"}	[{"nDamageBase": "500", "nDamageRand": "15", "nCostMana": "0"}, {"nDamageBase": "500", "nDamageRand": "15", "nCostMana": "0"}, {"nDamageBase": "500", "nDamageRand": "15", "nCostMana": "0"}, {"nDamageBase": "500", "nDamageRand": "15", "nCostMana": "0"}, {"nDamageBase": "500", "nDamageRand": "15", "nCostMana": "0"}, {"nDamageBase": "500", "nDamageRand": "15", "nCostMana": "0"}]		CALL_REPULSED;DAMAGE_TO_LIFE_FOR_SELF
沙漠风暴\道具_星楼月影.lua	沙漠风暴	plain	{}	[{"nDamageBase": "0", "nDamageRand": "0", "nCostMana": "0"}]	SetNormalCoolDown(1, 51);SetCheckCoolDown(1, 444)	CAST_SKILL;DEL_MULTI_GROUP_BUFF_BY_FUNCTIONTYPE;EXECUTE_SCRIPT
沙漠风暴\道具_春泥护花.lua	沙漠风暴	plain	{"nMaxRadius": "20 * LENGTH_BASE", "nAngleRange": "256"}	[{"nDamageBase": "0", "nDamageRand": "0", "nCostMana": "0"}]	SetPublicCoolDown(16);SetNormalCoolDown(1, 53);SetCheckCoolDown(1, 444);SetCheckCoolDown(2, 804);SetNormalCoolDown(2, 503)	EXECUTE_SCRIPT
沙漠风暴\道具_春泥护花_被击后驱散.lua	沙漠风暴	plain	{"nMaxRadius": "5 * LENGTH_BASE", "nAngleRange": "256"}	[{"nDamageBase": "0", "nDamageRand": "0", "nCostMana": "0"}]		DEL_SINGLE_BUFF_BY_ID_AND_LEVEL;EXECUTE_SCRIPT
沙漠风暴\道具_暗尘弥散.lua	沙漠风暴	plain	{}	[{"nDamageBase": "0", "nDamageRand": "0", "nCostMana": "0"}, {"nDamageBase": "0", "nDamageRand": "0", "nCostMana": "0"}, {"nDamageBase": "0", "nDamageRand": "0", "nCostMana": "0"}, {"nDamageBase": "0", "nDamageRand": "0", "nCostMana": "0"}, {"nDamageBase": "0", "nDamageRand": "0", "nCostMana": "0"}, {"nDamageBase": "0", "nDamageRand": "0", "nCostMana": "0"}, {"nDamageBase": "0", "nDamageRand": "0", "nCostMana": "0"}, {"nDamageBase": "0", "nDamageRand": "0", "nCostMana": "0"}, {"nDamageBase": "0", "nDamageRand": "0", "nCostMana": "0"}, {"nDamageBase": "0", "nDamageRand": "0", "nCostMana": "0"}]	SetNormalCoolDown(1, 516);SetNormalCoolDown(2, 1889);SetCheckCoolDown(1, 444);SetCheckCoolDown(2, 564)	CAST_SKILL;DEL_MULTI_GROUP_BUFF_BY_FUNCTIONTYPE;EXECUTE_SCRIPT
沙漠风暴\道具_暗尘弥散技能事件_删buff.lua	沙漠风暴	plain	{"nMinRadius": "0 * LENGTH_BASE", "nMaxRadius": "20 * LENGTH_BASE", "nAngleRange": "256"}	[{"nDamageBase": "0", "nDamageRand": "0", "nCostMana": "0"}, {"nDamageBase": "0", "nDamageRand": "0", "nCostMana": "0"}, {"nDamageBase": "0", "nDamageRand": "0", "nCostMana": "0"}, {"nDamageBase": "0", "nDamageRand": "0", "nCostMana": "0"}, {"nDamageBase": "0", "nDamageRand": "0", "nCostMana": "0"}, {"nDamageBase": "0", "nDamageRand": "0", "nCostMana": "0"}, {"nDamageBase": "0", "nDamageRand": "0", "nCostMana": "0"}, {"nDamageBase": "0", "nDamageRand": "0", "nCostMana": "0"}, {"nDamageBase": "0", "nDamageRand": "0", "nCostMana": "0"}, {"nDamageBase": "0", "nDamageRand": "0", "nCostMana": "0"}]		EXECUTE_SCRIPT
沙漠风暴\道具_极乐引.lua	沙漠风暴	plain	{"nMinRadius": "0 * LENGTH_BASE", "nMaxRadius": "20 * LENGTH_BASE", "nAngleRange": "256", "nAreaRadius": "10 * LENGTH_BASE"}	[{"nDamageBase": "0", "nDamageRand": "0", "nCostMana": "0"}, {"nDamageBase": "0", "nDamageRand": "0", "nCostMana": "0"}, {"nDamageBase": "0", "nDamageRand": "0", "nCostMana": "0"}, {"nDamageBase": "0", "nDamageRand": "0", "nCostMana": "0"}, {"nDamageBase": "0", "nDamageRand": "0", "nCostMana": "0"}, {"nDamageBase": "0", "nDamageRand": "0", "nCostMana": "0"}, {"nDamageBase": "0", "nDamageRand": "0", "nCostMana": "0"}, {"nDamageBase": "0", "nDamageRand": "0", "nCostMana": "0"}, {"nDamageBase": "0", "nDamageRand": "0", "nCostMana": "0"}, {"nDamageBase": "0", "nDamageRand": "0", "nCostMana": "0"}]	SetNormalCoolDown(1, 2275);SetCheckCoolDown(1, 444)	EXECUTE_SCRIPT;KNOCKED_BACK_RATE;PULL
沙漠风暴\道具_枯残蛊.lua	沙漠风暴	plain	{"nMinRadius": "0 * LENGTH_BASE", "nMaxRadius": "20 * LENGTH_BASE", "nAngleRange": "256"}	[{"nDamageBase": "0", "nDamageRand": "0", "nCostMana": "0"}, {"nDamageBase": "0", "nDamageRand": "0", "nCostMana": "0"}, {"nDamageBase": "0", "nDamageRand": "0", "nCostMana": "0"}, {"nDamageBase": "0", "nDamageRand": "0", "nCostMana": "0"}, {"nDamageBase": "0", "nDamageRand": "0", "nCostMana": "0"}, {"nDamageBase": "0", "nDamageRand": "0", "nCostMana": "0"}, {"nDamageBase": "0", "nDamageRand": "0", "nCostMana": "0"}, {"nDamageBase": "0", "nDamageRand": "0", "nCostMana": "0"}, {"nDamageBase": "0", "nDamageRand": "0", "nCostMana": "0"}, {"nDamageBase": "0", "nDamageRand": "0", "nCostMana": "0"}]	SetNormalCoolDown(1, 616)	DETACH_SINGLE_BUFF
沙漠风暴\道具_梯云纵.lua	沙漠风暴	plain	{"nAngleRange": "256", "nAreaRadius": "10 * LENGTH_BASE", "nPrepareFrames": "0", "nBulletVelocity": "0", "nBreakRate": "0"}	[{"nCostMana": "26"}, {"nCostMana": "47"}, {"nCostMana": "65"}, {"nCostMana": "83"}, {"nCostMana": "101"}, {"nCostMana": "26"}, {"nCostMana": "47"}, {"nCostMana": "65"}, {"nCostMana": "83"}, {"nCostMana": "101"}]	SetCheckCoolDown(2, 804);SetNormalCoolDown(2, 503);SetPublicCoolDown(16);SetNormalCoolDown(2, 1189);SetCheckCoolDown(1, 444)	CAST_SKILL_TARGET_DST;CLEAR_COOL_DOWN
沙漠风暴\道具_梯云纵_战斗状态.lua	沙漠风暴	plain	{}	[]		EXECUTE_SCRIPT
沙漠风暴\道具_梯云纵_非战斗状态.lua	沙漠风暴	plain	{}	[]		EXECUTE_SCRIPT
沙漠风暴\道具_楚河汉界.lua	沙漠风暴	plain	{"nMinRadius": "0 * LENGTH_BASE", "nMaxRadius": "4 * LENGTH_BASE", "nAngleRange": "256"}	[{"nDamageBase": "0", "nDamageRand": "0", "nCostMana": "0"}, {"nDamageBase": "0", "nDamageRand": "0", "nCostMana": "0"}, {"nDamageBase": "0", "nDamageRand": "0", "nCostMana": "0"}, {"nDamageBase": "0", "nDamageRand": "0", "nCostMana": "0"}, {"nDamageBase": "0", "nDamageRand": "0", "nCostMana": "0"}, {"nDamageBase": "0", "nDamageRand": "0", "nCostMana": "0"}, {"nDamageBase": "0", "nDamageRand": "0", "nCostMana": "0"}, {"nDamageBase": "0", "nDamageRand": "0", "nCostMana": "0"}, {"nDamageBase": "0", "nDamageRand": "0", "nCostMana": "0"}, {"nDamageBase": "0", "nDamageRand": "0", "nCostMana": "0"}]	SetNormalCoolDown(1, 2989);SetCheckCoolDown(1, 444)	EXECUTE_SCRIPT
沙漠风暴\道具_洗兵雨.lua	沙漠风暴	plain	{"nMinRadius": "0 * LENGTH_BASE", "nMaxRadius": "4 * LENGTH_BASE", "nAngleRange": "128"}	[{"nDamageBase": "0", "nDamageRand": "0", "nCostMana": "0"}, {"nDamageBase": "0", "nDamageRand": "0", "nCostMana": "0"}, {"nDamageBase": "0", "nDamageRand": "0", "nCostMana": "0"}, {"nDamageBase": "0", "nDamageRand": "0", "nCostMana": "0"}, {"nDamageBase": "0", "nDamageRand": "0", "nCostMana": "0"}, {"nDamageBase": "0", "nDamageRand": "0", "nCostMana": "0"}, {"nDamageBase": "0", "nDamageRand": "0", "nCostMana": "0"}, {"nDamageBase": "0", "nDamageRand": "0", "nCostMana": "0"}, {"nDamageBase": "0", "nDamageRand": "0", "nCostMana": "0"}, {"nDamageBase": "0", "nDamageRand": "0", "nCostMana": "0"}]	SetPublicCoolDown(2437);SetNormalCoolDown(1, 2438);SetCheckCoolDown(1, 444)	EXECUTE_SCRIPT
沙漠风暴\道具_浮光掠影.lua	沙漠风暴	plain	{"nMinRadius": "0 * LENGTH_BASE", "nMaxRadius": "4 * LENGTH_BASE", "nAngleRange": "256"}	[{"nDamageBase": "0", "nDamageRand": "0", "nCostMana": "0"}, {"nDamageBase": "0", "nDamageRand": "0", "nCostMana": "0"}, {"nDamageBase": "0", "nDamageRand": "0", "nCostMana": "0"}, {"nDamageBase": "0", "nDamageRand": "0", "nCostMana": "0"}, {"nDamageBase": "0", "nDamageRand": "0", "nCostMana": "0"}, {"nDamageBase": "0", "nDamageRand": "0", "nCostMana": "0"}, {"nDamageBase": "0", "nDamageRand": "0", "nCostMana": "0"}, {"nDamageBase": "0", "nDamageRand": "0", "nCostMana": "0"}, {"nDamageBase": "0", "nDamageRand": "0", "nCostMana": "0"}, {"nDamageBase": "0", "nDamageRand": "0", "nCostMana": "0"}]	SetNormalCoolDown(1, 469);SetCheckCoolDown(1, 444)	CAST_SKILL;DEL_MULTI_GROUP_BUFF_BY_FUNCTIONTYPE
沙漠风暴\道具_游风飘踪.lua	沙漠风暴	plain	{"nCostSprintPower": "20 * CONSUME_BASE"}	[{"nDamageBase": "0", "nDamageRand": "0", "nCostMana": "286"}]	SetNormalCoolDown(1, 2462);SetCheckCoolDown(1, 444)	EXECUTE_SCRIPT
沙漠风暴\道具_游风飘踪解控子技能.lua	沙漠风暴	plain	{}	[{"nDamageBase": "0", "nDamageRand": "0", "nCostMana": "286"}]		CAST_SKILL;DEL_MULTI_GROUP_BUFF_BY_FUNCTIONTYPE;EXECUTE_SCRIPT
沙漠风暴\道具_烟雨行.lua	沙漠风暴	plain	{"nMaxRadius": "4 * LENGTH_BASE", "nAngleRange": "256", "nWeaponDamagePercent": "0"}	[{"nDamageBase": "0", "nDamageRand": "0", "nCostMana": "0"}, {"nDamageBase": "0", "nDamageRand": "0", "nCostMana": "0"}, {"nDamageBase": "0", "nDamageRand": "0", "nCostMana": "0"}, {"nDamageBase": "0", "nDamageRand": "0", "nCostMana": "0"}, {"nDamageBase": "0", "nDamageRand": "0", "nCostMana": "0"}, {"nDamageBase": "0", "nDamageRand": "0", "nCostMana": "0"}, {"nDamageBase": "0", "nDamageRand": "0", "nCostMana": "0"}, {"nDamageBase": "0", "nDamageRand": "0", "nCostMana": "0"}, {"nDamageBase": "0", "nDamageRand": "0", "nCostMana": "0"}, {"nDamageBase": "0", "nDamageRand": "0", "nCostMana": "0"}]	SetNormalCoolDown(1, 88);SetNormalCoolDown(2, 2278);SetCheckCoolDown(1, 444)	DEL_MULTI_GROUP_BUFF_BY_FUNCTIONTYPE;SKILL_MOVE
沙漠风暴\道具_琴音共鸣.lua	沙漠风暴	plain	{"nCostSprintPower": "20 * CONSUME_BASE", "nMinRadius": "0 * LENGTH_BASE", "nMaxRadius": "20 * LENGTH_BASE", "nAngleRange": "256"}	[{"nDamageBase": "0", "nDamageRand": "0", "nCostMana": "0"}, {"nDamageBase": "0", "nDamageRand": "0", "nCostMana": "0"}, {"nDamageBase": "0", "nDamageRand": "0", "nCostMana": "0"}, {"nDamageBase": "0", "nDamageRand": "0", "nCostMana": "0"}, {"nDamageBase": "0", "nDamageRand": "0", "nCostMana": "0"}, {"nDamageBase": "0", "nDamageRand": "0", "nCostMana": "0"}, {"nDamageBase": "0", "nDamageRand": "0", "nCostMana": "0"}, {"nDamageBase": "0", "nDamageRand": "0", "nCostMana": "0"}, {"nDamageBase": "0", "nDamageRand": "0", "nCostMana": "0"}, {"nDamageBase": "0", "nDamageRand": "0", "nCostMana": "0"}]	SetPublicCoolDown(16);SetNormalCoolDown(1, 970);SetCheckCoolDown(1, 444);SetCheckCoolDown(2, 804);SetNormalCoolDown(2, 503)	STEAL_BUFF
沙漠风暴\道具_生太极.lua	沙漠风暴	plain	{"nMaxRadius": "20 * LENGTH_BASE", "nAngleRange": "256", "nMinPrepareFrames": "1", "nPrepareFrames": "16", "nBrokenRate": "PERCENT_BASE"}	[{"nDamageBase": "0", "nDamageRand": "0", "nCostMana": "47"}]	SetPublicCoolDown(16)	EXECUTE_SCRIPT
沙漠风暴\道具_生太极减益释放.lua	沙漠风暴	plain	{"nMaxRadius": "50 * LENGTH_BASE", "nAngleRange": "256", "nAreaRadius": "10 * LENGTH_BASE"}	[{"nDamageBase": "0", "nDamageRand": "0", "nCostMana": "0"}]		EXECUTE_SCRIPT
沙漠风暴\道具_疾如风.lua	沙漠风暴	plain	{"nMinRadius": "0", "nMaxRadius": "MELEE_ATTACK_DISTANCE", "nAngleRange": "128", "nPrepareFrames": "0", "nBulletVelocity": "0", "nBreakRate": "1024"}	[{"nCostMana": "23"}, {"nCostMana": "28"}, {"nCostMana": "34"}, {"nCostMana": "39"}, {"nCostMana": "45"}]	SetNormalCoolDown(1, 107);SetCheckCoolDown(1, 444)	CAST_SKILL;CAST_SKILL_TARGET_DST;DEL_MULTI_GROUP_BUFF_BY_FUNCTIONTYPE;EXECUTE_SCRIPT
沙漠风暴\道具_疾电叱羽.lua	沙漠风暴	plain	{"nMinRadius": "0 * LENGTH_BASE", "nMaxRadius": "20 * LENGTH_BASE", "nAngleRange": "256", "nBeatBackRate": "0 * PERCENT_BASE", "nBrokenRate": "0 * PERCENT_BASE"}	[{"nDamageBase": "0", "nDamageRand": "0", "nCostMana": "0"}]	SetNormalCoolDown(1, 2285);SetCheckCoolDown(1, 444)	CAST_SKILL;EXECUTE_SCRIPT
沙漠风暴\道具_疾电叱羽承伤AOE.lua	沙漠风暴	plain	{"nMaxRadius": "50 * LENGTH_BASE", "nAngleRange": "256", "nAreaRadius": "6 * LENGTH_BASE", "bIgnorePrepareState": "true"}	[{"nDamageBase": "0", "nDamageRand": "0", "nCostMana": "0"}]		EXECUTE_SCRIPT
沙漠风暴\道具_盾立.lua	沙漠风暴	plain	{"nMinRadius": "0 * LENGTH_BASE", "nMaxRadius": "4 * LENGTH_BASE", "nAngleRange": "256", "nWeaponDamagePercent": "0"}	[{"nDamageBase": "0", "nDamageRand": "0", "nCostMana": "0"}, {"nDamageBase": "0", "nDamageRand": "0", "nCostMana": "0"}, {"nDamageBase": "0", "nDamageRand": "0", "nCostMana": "0"}, {"nDamageBase": "0", "nDamageRand": "0", "nCostMana": "0"}, {"nDamageBase": "0", "nDamageRand": "0", "nCostMana": "0"}, {"nDamageBase": "0", "nDamageRand": "0", "nCostMana": "0"}, {"nDamageBase": "0", "nDamageRand": "0", "nCostMana": "0"}, {"nDamageBase": "0", "nDamageRand": "0", "nCostMana": "0"}, {"nDamageBase": "0", "nDamageRand": "0", "nCostMana": "0"}, {"nDamageBase": "0", "nDamageRand": "0", "nCostMana": "0"}]	SetPublicCoolDown(836);SetNormalCoolDown(1, 2040);SetCheckCoolDown(1, 444)	EXECUTE_SCRIPT
沙漠风暴\道具_禁断长生8尺.lua	沙漠风暴	plain	{"nMinRadius": "0 * LENGTH_BASE", "nMaxRadius": "8 * LENGTH_BASE", "nAreaRadius": "8 * LENGTH_BASE", "nAngleRange": "256", "nBeatBackRate": "0 * PERCENT_BASE", "nBrokenRate": "0 * PERCENT_BASE"}	[{"nDamageBase": "40857", "nDamageRand": "0", "nCostMana": "0"}, {"nDamageBase": "42500", "nDamageRand": "0", "nCostMana": "0"}, {"nDamageBase": "22600", "nDamageRand": "0", "nCostMana": "0"}, {"nDamageBase": "0", "nDamageRand": "0", "nCostMana": "0"}, {"nDamageBase": "0", "nDamageRand": "0", "nCostMana": "0"}, {"nDamageBase": "0", "nDamageRand": "0", "nCostMana": "0"}, {"nDamageBase": "0", "nDamageRand": "0", "nCostMana": "0"}, {"nDamageBase": "0", "nDamageRand": "0", "nCostMana": "0"}, {"nDamageBase": "0", "nDamageRand": "0", "nCostMana": "0"}, {"nDamageBase": "0", "nDamageRand": "0", "nCostMana": "0"}]		CALL_KNOCKED_OFF_PARABOLA;EXECUTE_SCRIPT_WITH_PARAM
沙漠风暴\道具_禁断长生伤害子技能.lua	沙漠风暴	plain	{"bIgnorePrepareState": "true", "nMinRadius": "0 * LENGTH_BASE", "nMaxRadius": "200 * LENGTH_BASE", "nAngleRange": "256", "nAreaRadius": "100 * LENGTH_BASE", "nChannelInterval": "640", "nBeatBackRate": "0 * PERCENT_BASE", "nBrokenRate": "0 * PERCENT_BASE"}	[{"nDamageBase": "40000*0.9*0.4", "nDamageRand": "0", "nCostMana": "0"}, {"nDamageBase": "86498*0.9*0.4", "nDamageRand": "0", "nCostMana": "0"}, {"nDamageBase": "86498*0.9*0.4", "nDamageRand": "0", "nCostMana": "0"}, {"nDamageBase": "86498*0.9*0.4", "nDamageRand": "0", "nCostMana": "0"}, {"nDamageBase": "86498*0.9*0.4", "nDamageRand": "0", "nCostMana": "0"}, {"nDamageBase": "86498*0.9*0.4", "nDamageRand": "0", "nCostMana": "0"}]		
沙漠风暴\道具_穹隆化生.lua	沙漠风暴	plain	{"nPrepareFrames": "0", "nBulletVelocity": "0", "nBreakRate": "1000"}	[]	SetPublicCoolDown(16);SetCheckCoolDown(1, 444);SetNormalCoolDown(1, 2289);SetCheckCoolDown(2, 804);SetNormalCoolDown(2, 503)	EXECUTE_SCRIPT
沙漠风暴\道具_穹隆化生_瞬发太极.lua	沙漠风暴	plain	{"nMaxRadius": "20 * LENGTH_BASE", "nAngleRange": "256", "nBrokenRate": "PERCENT_BASE"}	[{"nDamageBase": "0", "nDamageRand": "0", "nCostMana": "47"}]		EXECUTE_SCRIPT
沙漠风暴\道具_笑醉狂.lua	沙漠风暴	plain	{"nMinRadius": "0 * LENGTH_BASE", "nMaxRadius": "4 * LENGTH_BASE", "nAngleRange": "256", "nChannelInterval": "17", "nChannelFrame": "153", "nBeatBackRate": "0 * PERCENT_BASE", "nBrokenRate": "0 * PERCENT_BASE", "nWeaponDamagePercent": "0"}	[{"nDamageBase": "0", "nDamageRand": "0", "nCostMana": "0"}, {"nDamageBase": "0", "nDamageRand": "0", "nCostMana": "0"}, {"nDamageBase": "0", "nDamageRand": "0", "nCostMana": "0"}, {"nDamageBase": "0", "nDamageRand": "0", "nCostMana": "0"}, {"nDamageBase": "0", "nDamageRand": "0", "nCostMana": "0"}, {"nDamageBase": "0", "nDamageRand": "0", "nCostMana": "0"}, {"nDamageBase": "0", "nDamageRand": "0", "nCostMana": "0"}, {"nDamageBase": "0", "nDamageRand": "0", "nCostMana": "0"}, {"nDamageBase": "0", "nDamageRand": "0", "nCostMana": "0"}, {"nDamageBase": "0", "nDamageRand": "0", "nCostMana": "0"}]	SetPublicCoolDown(590);SetNormalCoolDown(1, 607);SetCheckCoolDown(1, 444)	EXECUTE_SCRIPT
沙漠风暴\道具_紫气东来.lua	沙漠风暴	plain	{"nMaxRadius": "5 * LENGTH_BASE", "nAngleRange": "256"}	[{"nDamageBase": "0", "nDamageRand": "0", "nCostMana": "0"}]	SetNormalCoolDown(1, 2036);SetCheckCoolDown(1, 444)	EXECUTE_SCRIPT
沙漠风暴\道具_绛唇珠袖.lua	沙漠风暴	plain	{"nCostManaBasePercent": "0", "nMinRadius": "0", "nMaxRadius": "22 * LENGTH_BASE", "nAngleRange": "256", "nPrepareFrames": "0", "nBulletVelocity": "0", "nBreakRate": "256"}	[{"nCostMana": "0"}, {"nCostMana": "0"}, {"nCostMana": "0"}, {"nCostMana": "0"}, {"nCostMana": "0"}]	SetNormalCoolDown(1, 122);SetCheckCoolDown(1, 444)	
沙漠风暴\道具_绛唇珠袖技能事件效果.lua	沙漠风暴	plain	{"nMinRadius": "0", "nMaxRadius": "5 * LENGTH_BASE", "nAngleRange": "256", "nPrepareFrames": "0", "nChannelInterval": "64", "nBulletVelocity": "0", "nBreakRate": "1024"}	[{"nDamage": "115", "nDamageRand": "5"}, {"nDamage": "163", "nDamageRand": "5"}, {"nDamage": "211", "nDamageRand": "5"}, {"nDamage": "259", "nDamageRand": "5"}, {"nDamage": "307", "nDamageRand": "5"}]		CALL_ADAPTIVE_DAMAGE;DEL_SINGLE_BUFF_BY_ID_AND_LEVEL;EXECUTE_SCRIPT;SKILL_ADAPTIVE_DAMAGE;SKILL_ADAPTIVE_DAMAGE_RAND
沙漠风暴\道具_绿野蔓生.lua	沙漠风暴	plain	{"nMinRadius": "0 * LENGTH_BASE", "nMaxRadius": "20 * LENGTH_BASE", "nAngleRange": "128", "nAreaRadius": "4 * LENGTH_BASE", "nChannelInterval": "120"}	[{"nDamageBase": "400", "nDamageRand": "15", "nCostMana": "0"}, {"nDamageBase": "0", "nDamageRand": "0", "nCostMana": "0"}, {"nDamageBase": "0", "nDamageRand": "0", "nCostMana": "0"}, {"nDamageBase": "0", "nDamageRand": "0", "nCostMana": "0"}, {"nDamageBase": "0", "nDamageRand": "0", "nCostMana": "0"}, {"nDamageBase": "0", "nDamageRand": "0", "nCostMana": "0"}, {"nDamageBase": "0", "nDamageRand": "0", "nCostMana": "0"}, {"nDamageBase": "0", "nDamageRand": "0", "nCostMana": "0"}, {"nDamageBase": "0", "nDamageRand": "0", "nCostMana": "0"}, {"nDamageBase": "0", "nDamageRand": "0", "nCostMana": "0"}]	SetNormalCoolDown(1, 2297);SetCheckCoolDown(1, 444)	CAST_SKILL;DEL_MULTI_GROUP_BUFF_BY_FUNCTIONTYPE;EXECUTE_SCRIPT
沙漠风暴\道具_绿野蔓生击退目标子技能.lua	沙漠风暴	plain	{"bIgnorePrepareState": "true", "nMinRadius": "0 * LENGTH_BASE", "nMaxRadius": "6 * LENGTH_BASE", "nAngleRange": "256", "nChannelInterval": "40 * 1.3 * 1.25 * 0.85 * 0.9 * 0.9 * 0.9 * 0.9 * 0.9", "nWeaponDamagePercent": "0"}	[{"nDamageBase": "33", "nDamageRand": "5", "nCostMana": "0"}, {"nDamageBase": "45", "nDamageRand": "5", "nCostMana": "0"}, {"nDamageBase": "58", "nDamageRand": "5", "nCostMana": "0"}, {"nDamageBase": "70", "nDamageRand": "5", "nCostMana": "0"}, {"nDamageBase": "83", "nDamageRand": "5", "nCostMana": "0"}, {"nDamageBase": "95", "nDamageRand": "5", "nCostMana": "0"}, {"nDamageBase": "107", "nDamageRand": "5", "nCostMana": "0"}, {"nDamageBase": "120", "nDamageRand": "5", "nCostMana": "0"}, {"nDamageBase": "132", "nDamageRand": "10", "nCostMana": "0"}, {"nDamageBase": "144", "nDamageRand": "10", "nCostMana": "0"}, {"nDamageBase": "157", "nDamageRand": "10", "nCostMana": "0"}, {"nDamageBase": "169", "nDamageRand": "10", "nCostMana": "0"}, {"nDamageBase": "182", "nDamageRand": "10", "nCostMana": "0"}, {"nDamageBase": "194", "nDamageRand": "10", "nCostMana": "0"}, {"nDamageBase": "206", "nDamageRand": "10", "nCostMana": "0"}, {"nDamageBase": "219", "nDamageRand": "10", "nCostMana": "0"}, {"nDamageBase": "231", "nDamageRand": "10", "nCostMana": "0"}, {"nDamageBase": "244", "nDamageRand": "10", "nCostMana": "0"}, {"nDamageBase": "256", "nDamageRand": "15", "nCostMana": "0"}, {"nDamageBase": "268", "nDamageRand": "15", "nCostMana": "0"}, {"nDamageBase": "281", "nDamageRand": "15", "nCostMana": "0"}, {"nDamageBase": "293", "nDamageRand": "15", "nCostMana": "0"}, {"nDamageBase": "306", "nDamageRand": "15", "nCostMana": "0"}, {"nDamageBase": "318", "nDamageRand": "15", "nCostMana": "0"}, {"nDamageBase": "330", "nDamageRand": "15", "nCostMana": "0"}, {"nDamageBase": "343", "nDamageRand": "15", "nCostMana": "0"}, {"nDamageBase": "355", "nDamageRand": "15", "nCostMana": "0"}, {"nDamageBase": "367", "nDamageRand": "15", "nCostMana": "0"}, {"nDamageBase": "380", "nDamageRand": "15", "nCostMana": "0"}, {"nDamageBase": "392", "nDamageRand": "15", "nCostMana": "0"}, {"nDamageBase": "405", "nDamageRand": "15", "nCostMana": "0"}, {"nDamageBase": "417", "nDamageRand": "15", "nCostMana": "0"}]		CALL_REPULSED;EXECUTE_SCRIPT
沙漠风暴\道具_绿野蔓生通知主人击退目标子技能.lua	沙漠风暴	plain	{"bIgnorePrepareState": "true", "nMinRadius": "0 * LENGTH_BASE", "nMaxRadius": "50 * LENGTH_BASE", "nAngleRange": "256", "nChannelInterval": "70", "nWeaponDamagePercent": "0"}	[{"nDamageBase": "130", "nDamageRand": "10", "nCostMana": "0"}, {"nDamageBase": "130", "nDamageRand": "10", "nCostMana": "0"}, {"nDamageBase": "130", "nDamageRand": "10", "nCostMana": "0"}, {"nDamageBase": "130", "nDamageRand": "10", "nCostMana": "0"}, {"nDamageBase": "130", "nDamageRand": "10", "nCostMana": "0"}]		
沙漠风暴\道具_翔极碧落.lua	沙漠风暴	plain	{"nMinRadius": "0 * LENGTH_BASE", "nMaxRadius": "20 * LENGTH_BASE", "nAngleRange": "256"}	[{"nDamageBase": "0", "nDamageRand": "0", "nCostMana": "0"}, {"nDamageBase": "0", "nDamageRand": "0", "nCostMana": "0"}, {"nDamageBase": "0", "nDamageRand": "0", "nCostMana": "0"}, {"nDamageBase": "0", "nDamageRand": "0", "nCostMana": "0"}, {"nDamageBase": "0", "nDamageRand": "0", "nCostMana": "0"}, {"nDamageBase": "0", "nDamageRand": "0", "nCostMana": "0"}, {"nDamageBase": "0", "nDamageRand": "0", "nCostMana": "0"}, {"nDamageBase": "0", "nDamageRand": "0", "nCostMana": "0"}, {"nDamageBase": "0", "nDamageRand": "0", "nCostMana": "0"}, {"nDamageBase": "0", "nDamageRand": "0", "nCostMana": "0"}]	SetPublicCoolDown(1403);SetNormalCoolDown(1, 1406);SetCheckCoolDown(1, 444)	CALL_ADAPTIVE_DAMAGE;EXECUTE_SCRIPT;SKILL_ADAPTIVE_DAMAGE;SKILL_ADAPTIVE_DAMAGE_RAND
沙漠风暴\道具_翔极碧落打断后带沉默.lua	沙漠风暴	plain	{"nMinRadius": "0 * LENGTH_BASE", "nMaxRadius": "50 * LENGTH_BASE", "nAngleRange": "256", "nAreaRadius": "50 * LENGTH_BASE", "nBreakRate": "PERCENT_BASE"}	[{"nDamageBase": "0", "nDamageRand": "0", "nCostMana": "0"}, {"nDamageBase": "0", "nDamageRand": "0", "nCostMana": "0"}, {"nDamageBase": "0", "nDamageRand": "0", "nCostMana": "0"}, {"nDamageBase": "0", "nDamageRand": "0", "nCostMana": "0"}, {"nDamageBase": "0", "nDamageRand": "0", "nCostMana": "0"}, {"nDamageBase": "0", "nDamageRand": "0", "nCostMana": "0"}, {"nDamageBase": "0", "nDamageRand": "0", "nCostMana": "0"}, {"nDamageBase": "0", "nDamageRand": "0", "nCostMana": "0"}, {"nDamageBase": "0", "nDamageRand": "0", "nCostMana": "0"}, {"nDamageBase": "0", "nDamageRand": "0", "nCostMana": "0"}]		
沙漠风暴\道具_舍身诀.lua	沙漠风暴	plain	{"nMinRadius": "0", "nMaxRadius": "20 * LENGTH_BASE", "nAngleRange": "256"}	[]	SetPublicCoolDown(16);SetNormalCoolDown(1, 36);SetCheckCoolDown(1, 444);SetCheckCoolDown(2, 804);SetNormalCoolDown(2, 503)	CAST_SKILL_TARGET_DST;EXECUTE_SCRIPT
沙漠风暴\道具_舍身诀子技能.lua	沙漠风暴	plain	{"nMinRadius": "0", "nMaxRadius": "20 * LENGTH_BASE", "nAngleRange": "256"}	[]		CAST_SKILL_TARGET_DST
沙漠风暴\道具_舍身诀解控子技能.lua	沙漠风暴	plain	{"nMinRadius": "0* LENGTH_BASE", "nMaxRadius": "25 * LENGTH_BASE", "nAngleRange": "256", "nPrepareFrames": "0", "nBulletVelocity": "tSkillData[dwSkillLevel].nDashSpeed", "nBreakRate": "0"}	[{"nAddRage": "0", "nCostRage": "10"}, {"nAddRage": "0", "nCostRage": "10"}, {"nAddRage": "0", "nCostRage": "10"}, {"nAddRage": "0", "nCostRage": "10"}, {"nAddRage": "0", "nCostRage": "10"}, {"nAddRage": "0", "nCostRage": "10"}, {"nAddRage": "0", "nCostRage": "10"}, {"nAddRage": "0", "nCostRage": "10"}, {"nAddRage": "0", "nCostRage": "10"}, {"nAddRage": "0", "nCostRage": "10"}]		DEL_MULTI_GROUP_BUFF_BY_FUNCTIONTYPE
沙漠风暴\道具_花语酥心.lua	沙漠风暴	plain	{}	[{"nDamageBase": "0", "nDamageRand": "0", "nCostMana": "0"}, {"nDamageBase": "0", "nDamageRand": "0", "nCostMana": "0"}, {"nDamageBase": "0", "nDamageRand": "0", "nCostMana": "0"}, {"nDamageBase": "0", "nDamageRand": "0", "nCostMana": "0"}, {"nDamageBase": "0", "nDamageRand": "0", "nCostMana": "0"}, {"nDamageBase": "0", "nDamageRand": "0", "nCostMana": "0"}, {"nDamageBase": "0", "nDamageRand": "0", "nCostMana": "0"}, {"nDamageBase": "0", "nDamageRand": "0", "nCostMana": "0"}, {"nDamageBase": "0", "nDamageRand": "0", "nCostMana": "0"}, {"nDamageBase": "0", "nDamageRand": "0", "nCostMana": "0"}]	SetPublicCoolDown(16);SetNormalCoolDown(1, 2435);SetCheckCoolDown(1, 444)	EXECUTE_SCRIPT
沙漠风暴\道具_蚀心蛊.lua	沙漠风暴	plain	{"nMinRadius": "0 * LENGTH_BASE", "nMaxRadius": "20 * LENGTH_BASE", "nAngleRange": "128", "nPrepareFrames": "24", "nMinPrepareFrames": "1"}	[{"nDamageBase": "0", "nDamageRand": "5", "nCostMana": "0"}, {"nDamageBase": "0", "nDamageRand": "0", "nCostMana": "0"}, {"nDamageBase": "0", "nDamageRand": "0", "nCostMana": "0"}, {"nDamageBase": "0", "nDamageRand": "0", "nCostMana": "0"}, {"nDamageBase": "0", "nDamageRand": "0", "nCostMana": "0"}, {"nDamageBase": "0", "nDamageRand": "0", "nCostMana": "0"}, {"nDamageBase": "0", "nDamageRand": "0", "nCostMana": "0"}, {"nDamageBase": "0", "nDamageRand": "0", "nCostMana": "0"}, {"nDamageBase": "0", "nDamageRand": "0", "nCostMana": "0"}, {"nDamageBase": "0", "nDamageRand": "0", "nCostMana": "0"}]	SetNormalCoolDown(1, 975);SetCheckCoolDown(1, 444)	EXECUTE_SCRIPT
沙漠风暴\道具_蚀心蛊伤害.lua	沙漠风暴	plain	{"bIgnorePrepareState": "true", "nMinRadius": "0 * LENGTH_BASE", "nMaxRadius": "100 * LENGTH_BASE", "nAngleRange": "128", "nChannelInterval": "5"}	[{"nAddRage": "0", "nCostRage": "10", "nDamageBase": "20", "nDamageRand": "2"}]		CALL_ADAPTIVE_DAMAGE;SKILL_ADAPTIVE_DAMAGE
沙漠风暴\道具_蝶弄足.lua	沙漠风暴	plain	{"nCostSprintPower": "20 * CONSUME_BASE", "nMinRadius": "0", "nMaxRadius": "20 * LENGTH_BASE", "nAngleRange": "256", "nPrepareFrames": "0", "nBulletVelocity": "0", "nBreakRate": "1024"}	[{"nDamageBase": "0", "nDamageRand": "0", "nCostMana": "0"}, {"nDamageBase": "0", "nDamageRand": "0", "nCostMana": "0"}, {"nDamageBase": "0", "nDamageRand": "0", "nCostMana": "0"}, {"nDamageBase": "0", "nDamageRand": "0", "nCostMana": "0"}, {"nDamageBase": "0", "nDamageRand": "0", "nCostMana": "0"}, {"nDamageBase": "0", "nDamageRand": "0", "nCostMana": "0"}, {"nDamageBase": "0", "nDamageRand": "0", "nCostMana": "0"}, {"nDamageBase": "0", "nDamageRand": "0", "nCostMana": "0"}, {"nDamageBase": "0", "nDamageRand": "0", "nCostMana": "0"}, {"nDamageBase": "0", "nDamageRand": "0", "nCostMana": "0"}]	SetNormalCoolDown(1, 2042);SetCheckCoolDown(1, 444)	DEL_MULTI_GROUP_BUFF_BY_FUNCTIONTYPE;EXECUTE_SCRIPT
沙漠风暴\道具_跃潮斩波.lua	沙漠风暴	plain	{"nMinRadius": "0 * LENGTH_BASE", "nMaxRadius": "25 * LENGTH_BASE", "nAngleRange": "256"}	[{"nDamageBase": "0", "nDamageRand": "0", "nCostMana": "0"}, {"nDamageBase": "0", "nDamageRand": "0", "nCostMana": "0"}, {"nDamageBase": "0", "nDamageRand": "0", "nCostMana": "0"}, {"nDamageBase": "0", "nDamageRand": "0", "nCostMana": "0"}, {"nDamageBase": "0", "nDamageRand": "0", "nCostMana": "0"}, {"nDamageBase": "0", "nDamageRand": "0", "nCostMana": "0"}, {"nDamageBase": "0", "nDamageRand": "0", "nCostMana": "0"}, {"nDamageBase": "0", "nDamageRand": "0", "nCostMana": "0"}, {"nDamageBase": "0", "nDamageRand": "0", "nCostMana": "0"}, {"nDamageBase": "0", "nDamageRand": "0", "nCostMana": "0"}]	SetPublicCoolDown(16);SetNormalCoolDown(1, 1417);SetCheckCoolDown(1, 444);SetCheckCoolDown(2, 804);SetNormalCoolDown(2, 503)	DASH;EXECUTE_SCRIPT
沙漠风暴\道具_跃潮斩波_子_伤害.lua	沙漠风暴	plain	{"nMinRadius": "0 * LENGTH_BASE", "nMaxRadius": "30 * LENGTH_BASE", "nAngleRange": "256", "nChannelInterval": "1000 * HDJueJingSkillCoe_130"}	[{"nDamageBase": "1625", "nDamageRand": "10", "nCostMana": "0"}, {"nDamageBase": "1625", "nDamageRand": "10", "nCostMana": "0"}, {"nDamageBase": "1625", "nDamageRand": "10", "nCostMana": "0"}, {"nDamageBase": "1625", "nDamageRand": "10", "nCostMana": "0"}, {"nDamageBase": "1625", "nDamageRand": "10", "nCostMana": "0"}, {"nDamageBase": "1625", "nDamageRand": "10", "nCostMana": "0"}, {"nDamageBase": "1625", "nDamageRand": "10", "nCostMana": "0"}, {"nDamageBase": "1625", "nDamageRand": "10", "nCostMana": "0"}, {"nDamageBase": "1625", "nDamageRand": "10", "nCostMana": "0"}, {"nDamageBase": "1625", "nDamageRand": "10", "nCostMana": "0"}, {"nDamageBase": "1625", "nDamageRand": "10", "nCostMana": "0"}, {"nDamageBase": "1625", "nDamageRand": "10", "nCostMana": "0"}, {"nDamageBase": "1625", "nDamageRand": "10", "nCostMana": "0"}, {"nDamageBase": "1625", "nDamageRand": "10", "nCostMana": "0"}, {"nDamageBase": "1625", "nDamageRand": "10", "nCostMana": "0"}]		EXECUTE_SCRIPT
沙漠风暴\道具_踏星行.lua	沙漠风暴	plain	{"nMinRadius": "0 * LENGTH_BASE", "nMaxRadius": "4 * LENGTH_BASE"}	[{"nDamageBase": "33", "nDamageRand": "5", "nCostMana": "0"}]	SetPublicCoolDown(16);SetNormalCoolDown(1, 2276);SetCheckCoolDown(1, 444);SetCheckCoolDown(2, 804);SetNormalCoolDown(2, 503)	DEL_MULTI_GROUP_BUFF_BY_FUNCTIONTYPE;EXECUTE_SCRIPT
沙漠风暴\道具_转乾坤.lua	沙漠风暴	plain	{}	[{"nDamageBase": "0", "nDamageRand": "0", "nCostMana": "261"}]	SetNormalCoolDown(1, 2262);SetCheckCoolDown(1, 444)	CAST_SKILL;CAST_SKILL_TARGET_DST;DEL_MULTI_GROUP_BUFF_BY_FUNCTIONTYPE;EXECUTE_SCRIPT
沙漠风暴\道具_连环弩.lua	沙漠风暴	plain	{"nMinRadius": "0 * LENGTH_BASE", "nMaxRadius": "25 * LENGTH_BASE", "nAngleRange": "128", "nChannelInterval": "16", "nChannelFrame": "48", "nMinChannelInterval": "1", "nBeatBackRate": "0 * PERCENT_BASE", "nBrokenRate": "0 * PERCENT_BASE"}	[{"nDamageBase": "0", "nDamageRand": "0", "nCostMana": "0"}, {"nDamageBase": "0", "nDamageRand": "0", "nCostMana": "0"}, {"nDamageBase": "0", "nDamageRand": "0", "nCostMana": "0"}, {"nDamageBase": "0", "nDamageRand": "0", "nCostMana": "0"}, {"nDamageBase": "0", "nDamageRand": "0", "nCostMana": "0"}, {"nDamageBase": "0", "nDamageRand": "0", "nCostMana": "0"}, {"nDamageBase": "0", "nDamageRand": "0", "nCostMana": "0"}, {"nDamageBase": "0", "nDamageRand": "0", "nCostMana": "0"}, {"nDamageBase": "0", "nDamageRand": "0", "nCostMana": "0"}, {"nDamageBase": "0", "nDamageRand": "0", "nCostMana": "0"}]	SetPublicCoolDown(16);SetNormalCoolDown(1, 2897);SetCheckCoolDown(1, 444);SetCheckCoolDown(2, 974)	EXECUTE_SCRIPT
沙漠风暴\道具_连环弩子技能1.lua	沙漠风暴	plain	{"nMinRadius": "0 * LENGTH_BASE", "nMaxRadius": "25 * LENGTH_BASE", "nAngleRange": "128", "nChannelInterval": "130*3* HDJueJingSkillCoe_130", "bIgnorePrepareState": "true", "nWeaponDamagePercent": "1024"}	[{"nDamageBase": "100", "nDamageRand": "5", "nCostMana": "0"}, {"nDamageBase": "100", "nDamageRand": "5", "nCostMana": "0"}, {"nDamageBase": "100", "nDamageRand": "5", "nCostMana": "0"}, {"nDamageBase": "100", "nDamageRand": "5", "nCostMana": "0"}, {"nDamageBase": "100", "nDamageRand": "5", "nCostMana": "0"}, {"nDamageBase": "0", "nDamageRand": "0", "nCostMana": "0"}, {"nDamageBase": "0", "nDamageRand": "0", "nCostMana": "0"}, {"nDamageBase": "0", "nDamageRand": "0", "nCostMana": "0"}, {"nDamageBase": "0", "nDamageRand": "0", "nCostMana": "0"}, {"nDamageBase": "0", "nDamageRand": "0", "nCostMana": "0"}]		CALL_BUFF
沙漠风暴\道具_连环弩子技能2.lua	沙漠风暴	plain	{"nMinRadius": "0 * LENGTH_BASE", "nMaxRadius": "25 * LENGTH_BASE", "nAngleRange": "128", "nChannelInterval": "168*3* HDJueJingSkillCoe_130", "bIgnorePrepareState": "true", "nWeaponDamagePercent": "1024"}	[{"nDamageBase": "187", "nDamageRand": "187", "nCostMana": "0"}, {"nDamageBase": "187", "nDamageRand": "187", "nCostMana": "0"}, {"nDamageBase": "187", "nDamageRand": "187", "nCostMana": "0"}, {"nDamageBase": "187", "nDamageRand": "187", "nCostMana": "0"}, {"nDamageBase": "187", "nDamageRand": "187", "nCostMana": "0"}, {"nDamageBase": "0", "nDamageRand": "0", "nCostMana": "0"}, {"nDamageBase": "0", "nDamageRand": "0", "nCostMana": "0"}, {"nDamageBase": "0", "nDamageRand": "0", "nCostMana": "0"}, {"nDamageBase": "0", "nDamageRand": "0", "nCostMana": "0"}, {"nDamageBase": "0", "nDamageRand": "0", "nCostMana": "0"}]		CALL_BUFF
沙漠风暴\道具_连环弩子技能3.lua	沙漠风暴	plain	{"bIgnorePrepareState": "true", "nMinRadius": "0 * LENGTH_BASE", "nMaxRadius": "25 * LENGTH_BASE", "nAngleRange": "128", "nChannelInterval": "210*3* HDJueJingSkillCoe_130", "nWeaponDamagePercent": "1024"}	[{"nDamageBase": "364", "nDamageRand": "364", "nCostMana": "0"}, {"nDamageBase": "364", "nDamageRand": "364", "nCostMana": "0"}, {"nDamageBase": "364", "nDamageRand": "364", "nCostMana": "0"}, {"nDamageBase": "364", "nDamageRand": "364", "nCostMana": "0"}, {"nDamageBase": "364", "nDamageRand": "364", "nCostMana": "0"}, {"nDamageBase": "0", "nDamageRand": "0", "nCostMana": "0"}, {"nDamageBase": "0", "nDamageRand": "0", "nCostMana": "0"}, {"nDamageBase": "0", "nDamageRand": "0", "nCostMana": "0"}, {"nDamageBase": "0", "nDamageRand": "0", "nCostMana": "0"}, {"nDamageBase": "0", "nDamageRand": "0", "nCostMana": "0"}]		
沙漠风暴\道具_连环弩子技能4击退.lua	沙漠风暴	plain	{"bIgnorePrepareState": "true", "nMinRadius": "0 * LENGTH_BASE", "nMaxRadius": "15 * LENGTH_BASE", "nAngleRange": "128"}	[{"nDamageBase": "0", "nDamageRand": "0", "nCostMana": "0"}, {"nDamageBase": "0", "nDamageRand": "0", "nCostMana": "0"}, {"nDamageBase": "0", "nDamageRand": "0", "nCostMana": "0"}, {"nDamageBase": "0", "nDamageRand": "0", "nCostMana": "0"}, {"nDamageBase": "0", "nDamageRand": "0", "nCostMana": "0"}, {"nDamageBase": "0", "nDamageRand": "0", "nCostMana": "0"}, {"nDamageBase": "0", "nDamageRand": "0", "nCostMana": "0"}, {"nDamageBase": "0", "nDamageRand": "0", "nCostMana": "0"}, {"nDamageBase": "0", "nDamageRand": "0", "nCostMana": "0"}, {"nDamageBase": "0", "nDamageRand": "0", "nCostMana": "0"}]		CALL_KNOCKED_BACK_SRC_FACE
沙漠风暴\道具_逐云寒蕊.lua	沙漠风暴	plain	{"nMinRadius": "0 * LENGTH_BASE", "nMaxRadius": "20 * LENGTH_BASE", "nAngleRange": "128", "nAreaRadius": "4 * LENGTH_BASE", "nChannelInterval": "120"}	[{"nDamageBase": "400", "nDamageRand": "15", "nCostMana": "0"}, {"nDamageBase": "0", "nDamageRand": "0", "nCostMana": "0"}, {"nDamageBase": "0", "nDamageRand": "0", "nCostMana": "0"}, {"nDamageBase": "0", "nDamageRand": "0", "nCostMana": "0"}, {"nDamageBase": "0", "nDamageRand": "0", "nCostMana": "0"}, {"nDamageBase": "0", "nDamageRand": "0", "nCostMana": "0"}, {"nDamageBase": "0", "nDamageRand": "0", "nCostMana": "0"}, {"nDamageBase": "0", "nDamageRand": "0", "nCostMana": "0"}, {"nDamageBase": "0", "nDamageRand": "0", "nCostMana": "0"}, {"nDamageBase": "0", "nDamageRand": "0", "nCostMana": "0"}]	SetNormalCoolDown(1, 2301);SetCheckCoolDown(1, 444)	CAST_SKILL;DEL_MULTI_GROUP_BUFF_BY_FUNCTIONTYPE;EXECUTE_SCRIPT
沙漠风暴\道具_逐云寒蕊破隐一击.lua	沙漠风暴	plain	{"bIgnorePrepareState": "true", "nMinRadius": "0 * LENGTH_BASE", "nMaxRadius": "20 * LENGTH_BASE", "nAngleRange": "256", "nChannelInterval": "40 * 1.3 * 1.25 * 0.85 * 0.9 * 0.9 * 0.9 * 0.9 * 0.9", "nWeaponDamagePercent": "0"}	[{"nDamageBase": "33", "nDamageRand": "5", "nCostMana": "0"}, {"nDamageBase": "45", "nDamageRand": "5", "nCostMana": "0"}, {"nDamageBase": "58", "nDamageRand": "5", "nCostMana": "0"}, {"nDamageBase": "70", "nDamageRand": "5", "nCostMana": "0"}, {"nDamageBase": "83", "nDamageRand": "5", "nCostMana": "0"}, {"nDamageBase": "95", "nDamageRand": "5", "nCostMana": "0"}, {"nDamageBase": "107", "nDamageRand": "5", "nCostMana": "0"}, {"nDamageBase": "120", "nDamageRand": "5", "nCostMana": "0"}, {"nDamageBase": "132", "nDamageRand": "10", "nCostMana": "0"}, {"nDamageBase": "144", "nDamageRand": "10", "nCostMana": "0"}, {"nDamageBase": "157", "nDamageRand": "10", "nCostMana": "0"}, {"nDamageBase": "169", "nDamageRand": "10", "nCostMana": "0"}, {"nDamageBase": "182", "nDamageRand": "10", "nCostMana": "0"}, {"nDamageBase": "194", "nDamageRand": "10", "nCostMana": "0"}, {"nDamageBase": "206", "nDamageRand": "10", "nCostMana": "0"}, {"nDamageBase": "219", "nDamageRand": "10", "nCostMana": "0"}, {"nDamageBase": "231", "nDamageRand": "10", "nCostMana": "0"}, {"nDamageBase": "244", "nDamageRand": "10", "nCostMana": "0"}, {"nDamageBase": "256", "nDamageRand": "15", "nCostMana": "0"}, {"nDamageBase": "268", "nDamageRand": "15", "nCostMana": "0"}, {"nDamageBase": "281", "nDamageRand": "15", "nCostMana": "0"}, {"nDamageBase": "293", "nDamageRand": "15", "nCostMana": "0"}, {"nDamageBase": "306", "nDamageRand": "15", "nCostMana": "0"}, {"nDamageBase": "318", "nDamageRand": "15", "nCostMana": "0"}, {"nDamageBase": "330", "nDamageRand": "15", "nCostMana": "0"}, {"nDamageBase": "343", "nDamageRand": "15", "nCostMana": "0"}, {"nDamageBase": "355", "nDamageRand": "15", "nCostMana": "0"}, {"nDamageBase": "367", "nDamageRand": "15", "nCostMana": "0"}, {"nDamageBase": "380", "nDamageRand": "15", "nCostMana": "0"}, {"nDamageBase": "392", "nDamageRand": "15", "nCostMana": "0"}, {"nDamageBase": "405", "nDamageRand": "15", "nCostMana": "0"}, {"nDamageBase": "417", "nDamageRand": "15", "nCostMana": "0"}]		EXECUTE_SCRIPT
沙漠风暴\道具_镇山河.lua	沙漠风暴	plain	{"nMaxRadius": "20 * LENGTH_BASE", "nAngleRange": "256", "nPrepareFrames": "0", "nBrokenRate": "PERCENT_BASE"}	[{"nDamageBase": "0", "nDamageRand": "0", "nCostMana": "349"}]	SetNormalCoolDown(1, 174);SetCheckCoolDown(1, 444)	CALL_BUFF;CAST_SKILL_TARGET_DST;CAST_SKILL_TARGET_SRC;EXECUTE_SCRIPT
沙漠风暴\道具_霞流宝石伤害.lua	沙漠风暴	plain	{"nChannelInterval": "64*1.1 * HDJueJingSkillCoe_130", "nAreaRadius": "6 * LENGTH_BASE", "nMinRadius": "0 * LENGTH_BASE", "nMaxRadius": "6 * LENGTH_BASE", "nAngleRange": "256", "nWeaponDamagePercent": "1024", "nPrepareFrames": "0", "nBulletVelocity": "0", "nBreakRate": "0"}	[{"nAddRage": "0", "nCostRage": "15", "nDamage": "28 *2*0.95", "nDamageRand": "28 *2*0.1"}, {"nAddRage": "0", "nCostRage": "15", "nDamage": "52 *2*0.95", "nDamageRand": "52 *2*0.1"}, {"nAddRage": "0", "nCostRage": "15", "nDamage": "73 *2*0.95", "nDamageRand": "73 *2*0.1"}, {"nAddRage": "0", "nCostRage": "15", "nDamage": "94 *2*0.95", "nDamageRand": "94 *2*0.1"}, {"nAddRage": "0", "nCostRage": "15", "nDamage": "115*2*0.95", "nDamageRand": "115*2*0.1"}, {"nAddRage": "0", "nCostRage": "15", "nDamage": "136*2*0.95", "nDamageRand": "136*2*0.1"}, {"nAddRage": "0", "nCostRage": "15", "nDamage": "157*2*0.95", "nDamageRand": "157*2*0.1"}, {"nAddRage": "0", "nCostRage": "20", "nDamage": "185*2*0.95", "nDamageRand": "185*2*0.1"}]		DETACH_SINGLE_BUFF;EXECUTE_SCRIPT
沙漠风暴\道具_风来吴山.lua	沙漠风暴	plain	{"nCostRage": "0", "nChannelInterval": "10", "nChannelFrame": "84", "nMinRadius": "0 * LENGTH_BASE", "nMaxRadius": "6 * LENGTH_BASE", "nAngleRange": "256", "nMinChannelInterval": "1", "nMinChannelFrame": "1", "nBeatBackRate": "0 * PERCENT_BASE", "nBrokenRate": "0 * PERCENT_BASE"}	[{"nAddRage": "0", "nCostRage": "50", "nDamageBase": "108", "nDamageRand": "3"}, {"nAddRage": "0", "nCostRage": "50", "nDamageBase": "124", "nDamageRand": "4"}, {"nAddRage": "0", "nCostRage": "50", "nDamageBase": "140", "nDamageRand": "5"}, {"nAddRage": "0", "nCostRage": "50", "nDamageBase": "156", "nDamageRand": "5"}, {"nAddRage": "0", "nCostRage": "50", "nDamageBase": "172", "nDamageRand": "6"}, {"nAddRage": "0", "nCostRage": "50", "nDamageBase": "188", "nDamageRand": "7"}, {"nAddRage": "0", "nCostRage": "50", "nDamageBase": "204", "nDamageRand": "8"}, {"nAddRage": "0", "nCostRage": "50", "nDamageBase": "220", "nDamageRand": "9"}, {"nAddRage": "0", "nCostRage": "50", "nDamageBase": "236", "nDamageRand": "9"}, {"nAddRage": "0", "nCostRage": "50", "nDamageBase": "252", "nDamageRand": "10"}]	SetPublicCoolDown(16);SetNormalCoolDown(1, 2898);SetCheckCoolDown(1, 444);SetCheckCoolDown(2, 804);SetNormalCoolDown(2, 503)	EXECUTE_SCRIPT
沙漠风暴\道具_风车伤害子技能.lua	沙漠风暴	plain	{"bIgnorePrepareState": "true", "nChannelInterval": "230*1.2*2 * 1.1*0.88 * 0.9 * HDJueJingSkillCoe_130", "nMinRadius": "0 * LENGTH_BASE", "nMaxRadius": "10 * LENGTH_BASE", "nAngleRange": "256", "nWeaponDamagePercent": "2048", "nAreaRadius": "10 * LENGTH_BASE"}	[{"nAddRage": "0", "nCostRage": "0", "nDamageBase": "252", "nDamageRand": "3"}, {"nAddRage": "0", "nCostRage": "0", "nDamageBase": "252", "nDamageRand": "4"}, {"nAddRage": "0", "nCostRage": "0", "nDamageBase": "252", "nDamageRand": "5"}, {"nAddRage": "0", "nCostRage": "0", "nDamageBase": "252", "nDamageRand": "5"}, {"nAddRage": "0", "nCostRage": "0", "nDamageBase": "252", "nDamageRand": "6"}, {"nAddRage": "0", "nCostRage": "0", "nDamageBase": "252", "nDamageRand": "7"}, {"nAddRage": "0", "nCostRage": "0", "nDamageBase": "252", "nDamageRand": "8"}, {"nAddRage": "0", "nCostRage": "0", "nDamageBase": "252", "nDamageRand": "9"}, {"nAddRage": "0", "nCostRage": "0", "nDamageBase": "252", "nDamageRand": "9"}, {"nAddRage": "0", "nCostRage": "0", "nDamageBase": "252", "nDamageRand": "10"}]		EXECUTE_SCRIPT
沙漠风暴\道具_飞刃回转.lua	沙漠风暴	plain	{"nMinRadius": "0 * LENGTH_BASE", "nMaxRadius": "15 * LENGTH_BASE", "nAngleRange": "128"}	[{"nDamageBase": "0", "nDamageRand": "0", "nCostMana": "0"}, {"nDamageBase": "0", "nDamageRand": "0", "nCostMana": "0"}, {"nDamageBase": "0", "nDamageRand": "0", "nCostMana": "0"}, {"nDamageBase": "0", "nDamageRand": "0", "nCostMana": "0"}, {"nDamageBase": "0", "nDamageRand": "0", "nCostMana": "0"}, {"nDamageBase": "0", "nDamageRand": "0", "nCostMana": "0"}, {"nDamageBase": "0", "nDamageRand": "0", "nCostMana": "0"}, {"nDamageBase": "0", "nDamageRand": "0", "nCostMana": "0"}, {"nDamageBase": "0", "nDamageRand": "0", "nCostMana": "0"}, {"nDamageBase": "0", "nDamageRand": "0", "nCostMana": "0"}]	SetPublicCoolDown(16);SetNormalCoolDown(1,2292);SetCheckCoolDown(1, 444);SetCheckCoolDown(2, 804);SetNormalCoolDown(2, 503)	EXECUTE_SCRIPT
沙漠风暴\道具_飞刃回转实际伤害.lua	沙漠风暴	plain	{"nChannelInterval": "100 * 0.7 * HDJueJingSkillCoe_130", "nMinRadius": "0 * LENGTH_BASE", "nMaxRadius": "50 * LENGTH_BASE", "nAngleRange": "256", "nAreaRadius": "6 * LENGTH_BASE", "bIgnorePrepareState": "true"}	[{"nDamageBase": "77", "nDamageRand": "25", "nCostMana": "0"}, {"nDamageBase": "77", "nDamageRand": "25", "nCostMana": "0"}, {"nDamageBase": "77", "nDamageRand": "25", "nCostMana": "0"}, {"nDamageBase": "77", "nDamageRand": "25", "nCostMana": "0"}, {"nDamageBase": "77", "nDamageRand": "25", "nCostMana": "0"}]		EXECUTE_SCRIPT
沙漠风暴\道具_飞刃回转目标选择.lua	沙漠风暴	plain	{"nMinRadius": "0 * LENGTH_BASE", "nMaxRadius": "50 * LENGTH_BASE", "nAngleRange": "256", "nAreaRadius": "6 * LENGTH_BASE"}	[{"nDamageBase": "77", "nDamageRand": "25", "nCostMana": "0"}]		EXECUTE_SCRIPT
沙漠风暴\道具_鹊踏枝.lua	沙漠风暴	plain	{"nCostSprintPower": "20 * CONSUME_BASE", "nMinRadius": "0", "nMaxRadius": "20 * LENGTH_BASE", "nAngleRange": "256", "nPrepareFrames": "0", "nBulletVelocity": "0"}	[{"nCostMana": "41"}, {"nCostMana": "55"}, {"nCostMana": "76"}, {"nCostMana": "92"}, {"nCostMana": "107"}]	SetNormalCoolDown(1, 2041);SetNormalCoolDown(2, 1269);SetCheckCoolDown(1, 444)	CAST_SKILL;DEL_MULTI_GROUP_BUFF_BY_FUNCTIONTYPE;EXECUTE_SCRIPT
生活技能\破刀墙道具.lua	生活技能	bytecode	{}	[]		bIgnorePrepareState;nCostMana;nMinRadius;nMaxRadius;nAreaRadius;nAngleRange
生活技能\医术\反隐道具.lua	生活技能	plain	{"nBaseThreat": "0", "bIgnorePrepareState": "false", "nMinRadius": "0 * LENGTH_BASE", "nMaxRadius": "40 * LENGTH_BASE", "nAreaRadius": "40 * LENGTH_BASE", "nPrepareFrames": "0"}	[{"nDamageBase": "0", "nDamageRand": "0", "nCostMana": "0"}, {"nDamageBase": "0", "nDamageRand": "0", "nCostMana": "0"}, {"nDamageBase": "0", "nDamageRand": "0", "nCostMana": "0"}, {"nDamageBase": "0", "nDamageRand": "0", "nCostMana": "0"}, {"nDamageBase": "0", "nDamageRand": "0", "nCostMana": "0"}, {"nDamageBase": "0", "nDamageRand": "0", "nCostMana": "0"}, {"nDamageBase": "0", "nDamageRand": "0", "nCostMana": "0"}, {"nDamageBase": "0", "nDamageRand": "0", "nCostMana": "0"}, {"nDamageBase": "0", "nDamageRand": "0", "nCostMana": "0"}, {"nDamageBase": "0", "nDamageRand": "0", "nCostMana": "0"}]		EXECUTE_SCRIPT
百战异闻录_玩家\基础CD处理.lua	百战异闻录_玩家	plain	{}	[{"nDamageBase": "0", "nDamageRand": "0", "nCostMana": "0"}, {"nDamageBase": "0", "nDamageRand": "0", "nCostMana": "0"}, {"nDamageBase": "0", "nDamageRand": "0", "nCostMana": "0"}, {"nDamageBase": "0", "nDamageRand": "0", "nCostMana": "0"}, {"nDamageBase": "0", "nDamageRand": "0", "nCostMana": "0"}, {"nDamageBase": "0", "nDamageRand": "0", "nCostMana": "0"}, {"nDamageBase": "0", "nDamageRand": "0", "nCostMana": "0"}, {"nDamageBase": "0", "nDamageRand": "0", "nCostMana": "0"}, {"nDamageBase": "0", "nDamageRand": "0", "nCostMana": "0"}, {"nDamageBase": "0", "nDamageRand": "0", "nCostMana": "0"}]		
百战异闻录_玩家\通用_驱散混元.lua	百战异闻录_玩家	plain	{"nMinRadius": "0 * LENGTH_BASE", "nMaxRadius": "100 * LENGTH_BASE", "nAngleRange": "256", "nAreaRadius": "100 * LENGTH_BASE", "nBeatBackRate": "0 * PERCENT_BASE", "nBrokenRate": "0 * PERCENT_BASE", "nBreakRate": "0 * PERCENT_BASE"}	[{"nDamageBase": "0", "nDamageRand": "0", "nCostMana": "0"}, {"nDamageBase": "0", "nDamageRand": "0", "nCostMana": "0"}, {"nDamageBase": "0", "nDamageRand": "0", "nCostMana": "0"}, {"nDamageBase": "0", "nDamageRand": "0", "nCostMana": "0"}, {"nDamageBase": "0", "nDamageRand": "0", "nCostMana": "0"}, {"nDamageBase": "0", "nDamageRand": "0", "nCostMana": "0"}, {"nDamageBase": "0", "nDamageRand": "0", "nCostMana": "0"}, {"nDamageBase": "0", "nDamageRand": "0", "nCostMana": "0"}, {"nDamageBase": "0", "nDamageRand": "0", "nCostMana": "0"}, {"nDamageBase": "0", "nDamageRand": "0", "nCostMana": "0"}]		DETACH_MULTI_GROUP_BUFF;DETACH_SINGLE_BUFF
百战异闻录_玩家\冯度\花钱消灾_单体嘲讽.lua	百战异闻录_玩家	plain	{"nBaseThreat": "452", "nMinRadius": "0 * LENGTH_BASE", "nMaxRadius": "20 * LENGTH_BASE", "nAngleRange": "256", "nBeatBackRate": "0 * PERCENT_BASE", "nBrokenRate": "0 * PERCENT_BASE"}	[{"nDamageBase": "0", "nDamageRand": "0", "nCostMana": "0"}, {"nDamageBase": "0", "nDamageRand": "0", "nCostMana": "0"}, {"nDamageBase": "0", "nDamageRand": "0", "nCostMana": "0"}, {"nDamageBase": "0", "nDamageRand": "0", "nCostMana": "0"}, {"nDamageBase": "0", "nDamageRand": "0", "nCostMana": "0"}, {"nDamageBase": "0", "nDamageRand": "0", "nCostMana": "0"}, {"nDamageBase": "0", "nDamageRand": "0", "nCostMana": "0"}, {"nDamageBase": "0", "nDamageRand": "0", "nCostMana": "0"}, {"nDamageBase": "0", "nDamageRand": "0", "nCostMana": "0"}, {"nDamageBase": "0", "nDamageRand": "0", "nCostMana": "0"}]		EXECUTE_SCRIPT;SPOOF
百战异闻录_玩家\冯度\花钱消灾_毒雾.lua	百战异闻录_玩家	bytecode	{}	[]		bIgnorePrepareState;nCostMana;nMinRadius;nMaxRadius;nAreaRadius;nAngleRange
百战异闻录_玩家\华鹤炎\万花金创药.lua	百战异闻录_玩家	plain	{"nMinRadius": "0 * LENGTH_BASE", "nMaxRadius": "20 * LENGTH_BASE", "nAngleRange": "256", "nAreaRadius": "20 * LENGTH_BASE"}	[{"nDamageBase": "133000", "nDamageRand": "0", "nCostMana": "0"}, {"nDamageBase": "171000", "nDamageRand": "0", "nCostMana": "0"}, {"nDamageBase": "209000", "nDamageRand": "0", "nCostMana": "0"}, {"nDamageBase": "247000", "nDamageRand": "0", "nCostMana": "0"}, {"nDamageBase": "285000", "nDamageRand": "0", "nCostMana": "0"}, {"nDamageBase": "0", "nDamageRand": "0", "nCostMana": "0"}, {"nDamageBase": "0", "nDamageRand": "0", "nCostMana": "0"}, {"nDamageBase": "0", "nDamageRand": "0", "nCostMana": "0"}, {"nDamageBase": "0", "nDamageRand": "0", "nCostMana": "0"}, {"nDamageBase": "0", "nDamageRand": "0", "nCostMana": "0"}]	SetPublicCoolDown(2502);SetNormalCoolDown(1, 2112)	EXECUTE_SCRIPT_WITH_PARAM
百战异闻录_玩家\方宇谦\定波式自断.lua	百战异闻录_玩家	plain	{"bIgnorePrepareState": "true", "nMinRadius": "0 * LENGTH_BASE", "nMaxRadius": "20 * LENGTH_BASE", "nAngleRange": "256", "nAreaRadius": "4 * LENGTH_BASE", "nBrokenRate": "0 * PERCENT_BASE", "nBreakRate": "1 * PERCENT_BASE"}	[{"nDamageBase": "0", "nDamageRand": "0", "nCostMana": "0"}, {"nDamageBase": "0", "nDamageRand": "0", "nCostMana": "0"}, {"nDamageBase": "0", "nDamageRand": "0", "nCostMana": "0"}, {"nDamageBase": "0", "nDamageRand": "0", "nCostMana": "0"}, {"nDamageBase": "0", "nDamageRand": "0", "nCostMana": "0"}, {"nDamageBase": "0", "nDamageRand": "0", "nCostMana": "0"}, {"nDamageBase": "0", "nDamageRand": "0", "nCostMana": "0"}, {"nDamageBase": "0", "nDamageRand": "0", "nCostMana": "0"}, {"nDamageBase": "0", "nDamageRand": "0", "nCostMana": "0"}, {"nDamageBase": "0", "nDamageRand": "0", "nCostMana": "0"}]	SetPublicCoolDown(2502);SetNormalCoolDown(1, 2109)	EXECUTE_SCRIPT_WITH_PARAM
百战异闻录_玩家\方宇谦\方宇谦_归潮长生驱散.lua	百战异闻录_玩家	plain	{"nMinRadius": "0 * LENGTH_BASE", "nMaxRadius": "100 * LENGTH_BASE", "nAngleRange": "256"}	[{"nDamageBase": "0", "nDamageRand": "0", "nCostMana": "0"}, {"nDamageBase": "0", "nDamageRand": "0", "nCostMana": "0"}, {"nDamageBase": "0", "nDamageRand": "0", "nCostMana": "0"}, {"nDamageBase": "0", "nDamageRand": "0", "nCostMana": "0"}, {"nDamageBase": "0", "nDamageRand": "0", "nCostMana": "0"}, {"nDamageBase": "0", "nDamageRand": "0", "nCostMana": "0"}, {"nDamageBase": "0", "nDamageRand": "0", "nCostMana": "0"}, {"nDamageBase": "0", "nDamageRand": "0", "nCostMana": "0"}, {"nDamageBase": "0", "nDamageRand": "0", "nCostMana": "0"}, {"nDamageBase": "0", "nDamageRand": "0", "nCostMana": "0"}]		DETACH_SINGLE_BUFF
百战异闻录_玩家\杜姬欣钱宗龙\帝骖龙翔.lua	百战异闻录_玩家	plain	{"nAngleRange": "256"}	[{"nDamageBase": "0", "nDamageRand": "0", "nCostMana": "0"}, {"nDamageBase": "0", "nDamageRand": "0", "nCostMana": "0"}, {"nDamageBase": "0", "nDamageRand": "0", "nCostMana": "0"}, {"nDamageBase": "0", "nDamageRand": "0", "nCostMana": "0"}, {"nDamageBase": "0", "nDamageRand": "0", "nCostMana": "0"}]	SetPublicCoolDown(2502);SetNormalCoolDown(1, 2079)	EXECUTE_SCRIPT;EXECUTE_SCRIPT_WITH_PARAM
百战异闻录_玩家\杜姬欣钱宗龙\帝骖龙翔_数量判断.lua	百战异闻录_玩家	plain	{"nMinRadius": "0 * LENGTH_BASE", "nMaxRadius": "10 * LENGTH_BASE", "nAngleRange": "256", "nAreaRadius": "8 * LENGTH_BASE", "nBeatBackRate": "0 * PERCENT_BASE", "nBrokenRate": "0 * PERCENT_BASE"}	[{"nDamageBase": "0", "nDamageRand": "0", "nCostMana": "0"}, {"nDamageBase": "0", "nDamageRand": "0", "nCostMana": "0"}, {"nDamageBase": "0", "nDamageRand": "0", "nCostMana": "0"}, {"nDamageBase": "0", "nDamageRand": "0", "nCostMana": "0"}, {"nDamageBase": "0", "nDamageRand": "0", "nCostMana": "0"}]		EXECUTE_SCRIPT_WITH_PARAM
百战异闻录_玩家\罗翼\兵犬丸_低吠.lua	百战异闻录_玩家	bytecode	{}	[]		nCostMana;nMinRadius;nMaxRadius;nAreaRadius;nAngleRange;nBaseThreat
百战异闻录_玩家\肖童\万蛇骨_治疗AOE.lua	百战异闻录_玩家	bytecode	{}	[]		nCostMana;nMinRadius;nMaxRadius;nAreaRadius;nAngleRange;nBeatBackRate;nBrokenRate
百战异闻录_玩家\道具\捕兽夹_圆形aoe.lua	百战异闻录_玩家	plain	{"nMinRadius": "0 * LENGTH_BASE", "nMaxRadius": "30 * LENGTH_BASE", "nAngleRange": "256", "nAreaRadius": "10 * LENGTH_BASE"}	[{"nDamageBase": "200000", "nDamageRand": "0", "nCostMana": "0"}, {"nDamageBase": "0", "nDamageRand": "0", "nCostMana": "0"}, {"nDamageBase": "0", "nDamageRand": "0", "nCostMana": "0"}, {"nDamageBase": "0", "nDamageRand": "0", "nCostMana": "0"}, {"nDamageBase": "0", "nDamageRand": "0", "nCostMana": "0"}, {"nDamageBase": "0", "nDamageRand": "0", "nCostMana": "0"}, {"nDamageBase": "0", "nDamageRand": "0", "nCostMana": "0"}, {"nDamageBase": "0", "nDamageRand": "0", "nCostMana": "0"}, {"nDamageBase": "0", "nDamageRand": "0", "nCostMana": "0"}, {"nDamageBase": "0", "nDamageRand": "0", "nCostMana": "0"}]		EXECUTE_SCRIPT_WITH_PARAM
百战异闻录_玩家\陆寻\冥府滑行_下马.lua	百战异闻录_玩家	plain	{}	[{"nDamageBase": "0", "nDamageRand": "0", "nCostMana": "0"}, {"nDamageBase": "0", "nDamageRand": "0", "nCostMana": "0"}, {"nDamageBase": "0", "nDamageRand": "0", "nCostMana": "0"}, {"nDamageBase": "0", "nDamageRand": "0", "nCostMana": "0"}, {"nDamageBase": "0", "nDamageRand": "0", "nCostMana": "0"}, {"nDamageBase": "0", "nDamageRand": "0", "nCostMana": "0"}, {"nDamageBase": "0", "nDamageRand": "0", "nCostMana": "0"}, {"nDamageBase": "0", "nDamageRand": "0", "nCostMana": "0"}, {"nDamageBase": "0", "nDamageRand": "0", "nCostMana": "0"}, {"nDamageBase": "0", "nDamageRand": "0", "nCostMana": "0"}]		EXECUTE_SCRIPT_WITH_PARAM
百战异闻录_玩家\陆寻\冥府滑行_冲锋.lua	百战异闻录_玩家	plain	{"nMinRadius": "0 * LENGTH_BASE", "nMaxRadius": "10 * LENGTH_BASE", "nAngleRange": "256", "nChannelInterval": "16", "nMinChannelInterval": "-1", "nChannelFrame": "96", "nMinChannelFrame": "-1", "bInstantChannel": "true", "nBeatBackRate": "0 * PERCENT_BASE", "nBrokenRate": "0 * PERCENT_BASE"}	[{"nDamageBase": "0", "nDamageRand": "0", "nCostMana": "0"}, {"nDamageBase": "0", "nDamageRand": "0", "nCostMana": "0"}, {"nDamageBase": "0", "nDamageRand": "0", "nCostMana": "0"}, {"nDamageBase": "0", "nDamageRand": "0", "nCostMana": "0"}, {"nDamageBase": "0", "nDamageRand": "0", "nCostMana": "0"}, {"nDamageBase": "0", "nDamageRand": "0", "nCostMana": "0"}, {"nDamageBase": "0", "nDamageRand": "0", "nCostMana": "0"}, {"nDamageBase": "0", "nDamageRand": "0", "nCostMana": "0"}, {"nDamageBase": "0", "nDamageRand": "0", "nCostMana": "0"}, {"nDamageBase": "0", "nDamageRand": "0", "nCostMana": "0"}]		EXECUTE_SCRIPT_WITH_PARAM
百战异闻录_玩家\陆寻\冥府滑行_右转表现.lua	百战异闻录_玩家	plain	{"bIgnorePrepareState": "true"}	[{"nDamageBase": "0", "nDamageRand": "0", "nCostMana": "0"}, {"nDamageBase": "0", "nDamageRand": "0", "nCostMana": "0"}, {"nDamageBase": "0", "nDamageRand": "0", "nCostMana": "0"}, {"nDamageBase": "0", "nDamageRand": "0", "nCostMana": "0"}, {"nDamageBase": "0", "nDamageRand": "0", "nCostMana": "0"}, {"nDamageBase": "0", "nDamageRand": "0", "nCostMana": "0"}, {"nDamageBase": "0", "nDamageRand": "0", "nCostMana": "0"}, {"nDamageBase": "0", "nDamageRand": "0", "nCostMana": "0"}, {"nDamageBase": "0", "nDamageRand": "0", "nCostMana": "0"}, {"nDamageBase": "0", "nDamageRand": "0", "nCostMana": "0"}]		
百战异闻录_玩家\陆寻\冥府滑行_左转表现.lua	百战异闻录_玩家	plain	{"bIgnorePrepareState": "true"}	[{"nDamageBase": "0", "nDamageRand": "0", "nCostMana": "0"}, {"nDamageBase": "0", "nDamageRand": "0", "nCostMana": "0"}, {"nDamageBase": "0", "nDamageRand": "0", "nCostMana": "0"}, {"nDamageBase": "0", "nDamageRand": "0", "nCostMana": "0"}, {"nDamageBase": "0", "nDamageRand": "0", "nCostMana": "0"}, {"nDamageBase": "0", "nDamageRand": "0", "nCostMana": "0"}, {"nDamageBase": "0", "nDamageRand": "0", "nCostMana": "0"}, {"nDamageBase": "0", "nDamageRand": "0", "nCostMana": "0"}, {"nDamageBase": "0", "nDamageRand": "0", "nCostMana": "0"}, {"nDamageBase": "0", "nDamageRand": "0", "nCostMana": "0"}]		
纯阳\五方不同气点消耗触发相关.lua	纯阳	bytecode	{}	[]		nCostMana
纯阳\凌太虚_匣中1.lua	纯阳	plain	{"nMaxRadius": "50 * LENGTH_BASE", "nAngleRange": "256", "nAreaRadius": "10 * LENGTH_BASE"}	[{"nDamageBase": "11", "nDamageRand": "0", "nCostMana": "0"}, {"nDamageBase": "14", "nDamageRand": "0", "nCostMana": "0"}, {"nDamageBase": "17", "nDamageRand": "0", "nCostMana": "0"}, {"nDamageBase": "20", "nDamageRand": "0", "nCostMana": "0"}, {"nDamageBase": "24", "nDamageRand": "0", "nCostMana": "0"}, {"nDamageBase": "25", "nDamageRand": "0", "nCostMana": "0"}]		
纯阳\凌太虚_匣中2.lua	纯阳	plain	{"nMaxRadius": "50 * LENGTH_BASE", "nAngleRange": "256", "nAreaRadius": "10 * LENGTH_BASE"}	[{"nDamageBase": "11", "nDamageRand": "0", "nCostMana": "0"}, {"nDamageBase": "14", "nDamageRand": "0", "nCostMana": "0"}, {"nDamageBase": "17", "nDamageRand": "0", "nCostMana": "0"}, {"nDamageBase": "20", "nDamageRand": "0", "nCostMana": "0"}, {"nDamageBase": "24", "nDamageRand": "0", "nCostMana": "0"}, {"nDamageBase": "25", "nDamageRand": "0", "nCostMana": "0"}]		
纯阳\判定气场类型.lua	纯阳	plain	{}	[]		
纯阳\北冥剑气_七星拱瑞.lua	纯阳	bytecode	{}	[]	SetPublicCoolDown;SetCheckCoolDown	nPrepareFrames;nMinPrepareFrames;nCostMana;nCostSprintPower;nMaxRadius;nAngleRange;nBrokenRate
纯阳\北冥剑气_三才化生.lua	纯阳	bytecode	{}	[]	SetNormalCoolDown;SetCheckCoolDown	nPrepareFrames;nCostRage;nCostSprintPower;nMinRadius;nMaxRadius;nAreaRadius;nAngleRange;nBrokenRate;nBulletVelocity
纯阳\北冥剑气_两仪交合.lua	纯阳	bytecode	{}	[]	SetPublicCoolDown;SetCheckCoolDown	nPrepareFrames;nCostMana;nCostSprintPower;bIsAccumulate;nMinRadius;nMaxRadius;nAngleRange;nBreakRate;nBulletVelocity
纯阳\北冥剑气_九转归真.lua	纯阳	bytecode	{}	[]	SetNormalCoolDown;SetCheckCoolDown	nPrepareFrames;nCostMana;nCostSprintPower;nMinRadius;nMaxRadius;nAngleRange;nBreakRate;nDismountingRate
纯阳\北冥剑气_太极无极.lua	纯阳	bytecode	{}	[]	SetPublicCoolDown;SetNormalCoolDown;SetCheckCoolDown	nPrepareFrames;nCostRage;nCostSprintPower;nMinRadius;nMaxRadius;nAngleRange;nBreakRate;nBulletVelocity
纯阳\坐忘经_坐望无我.lua	纯阳	bytecode	{}	[]	SetPublicCoolDown;SetNormalCoolDown;SetCheckCoolDown;ClearCDTime	nPrepareFrames;nCostMana;nCostSprintPower;nMinRadius;nMaxRadius;nAngleRange;nBreakRate;nBulletVelocity
纯阳\坐忘经_紫气东来.lua	纯阳	bytecode	{}	[]	SetNormalCoolDown;SetCheckCoolDown	nCostMana;nCostSprintPower;nMaxRadius;nAngleRange
纯阳\天地悉归.lua	纯阳	plain	{"nPrepareFrames": "0", "nBulletVelocity": "0", "nBreakRate": "1000"}	[]	SetPublicCoolDown(16);SetCheckCoolDown(1, 444);SetNormalCoolDown(1, 1815)	EXECUTE_SCRIPT
纯阳\天道剑势_万剑归宗.lua	纯阳	bytecode	{}	[]	SetPublicCoolDown;SetNormalCoolDown;SetCheckCoolDown	nPrepareFrames;nChannelInterval;nCostRage;nCostSprintPower;nMinRadius;nMaxRadius;nAreaRadius;nAngleRange;nBulletVelocity
纯阳\天道剑势_万剑归宗_附魔判定.lua	纯阳	plain	{}	[{"nDamageBase": "0", "nDamageRand": "0", "nCostMana": "0"}, {"nDamageBase": "0", "nDamageRand": "0", "nCostMana": "0"}, {"nDamageBase": "0", "nDamageRand": "0", "nCostMana": "0"}, {"nDamageBase": "0", "nDamageRand": "0", "nCostMana": "0"}, {"nDamageBase": "0", "nDamageRand": "0", "nCostMana": "0"}, {"nDamageBase": "0", "nDamageRand": "0", "nCostMana": "0"}, {"nDamageBase": "0", "nDamageRand": "0", "nCostMana": "0"}, {"nDamageBase": "0", "nDamageRand": "0", "nCostMana": "0"}, {"nDamageBase": "0", "nDamageRand": "0", "nCostMana": "0"}, {"nDamageBase": "0", "nDamageRand": "0", "nCostMana": "0"}]		
纯阳\天道剑势_三环套月.lua	纯阳	bytecode	{}	[]	SetPublicCoolDown;SetNormalCoolDown;SetCheckCoolDown	nCostRage;nCostSprintPower;nMaxRadius;nAngleRange
纯阳\天道剑势_人剑合一.lua	纯阳	bytecode	{}	[]	SetPublicCoolDown;SetNormalCoolDown;SetCheckCoolDown	nCostRage;nCostSprintPower;nMaxRadius;nAreaRadius;nAngleRange
纯阳\天道剑势_人剑合一对敌人_等级1.lua	纯阳	plain	{}	[]		
纯阳\天道剑势_人剑合一对敌人_等级10.lua	纯阳	plain	{}	[]		
纯阳\天道剑势_人剑合一对敌人_等级11.lua	纯阳	plain	{}	[]		
纯阳\天道剑势_人剑合一对敌人_等级12.lua	纯阳	plain	{}	[]		
纯阳\天道剑势_人剑合一对敌人_等级13.lua	纯阳	plain	{}	[]		
纯阳\天道剑势_人剑合一对敌人_等级14.lua	纯阳	plain	{}	[]		
纯阳\天道剑势_人剑合一对敌人_等级15.lua	纯阳	plain	{}	[]		
纯阳\天道剑势_人剑合一对敌人_等级16.lua	纯阳	plain	{}	[]		
纯阳\天道剑势_人剑合一对敌人_等级17.lua	纯阳	plain	{}	[]		
纯阳\天道剑势_人剑合一对敌人_等级18.lua	纯阳	plain	{}	[]		
纯阳\天道剑势_人剑合一对敌人_等级19.lua	纯阳	plain	{}	[]		
纯阳\天道剑势_人剑合一对敌人_等级2.lua	纯阳	plain	{}	[]		
纯阳\天道剑势_人剑合一对敌人_等级20.lua	纯阳	plain	{}	[]		
纯阳\天道剑势_人剑合一对敌人_等级21.lua	纯阳	plain	{}	[]		
纯阳\天道剑势_人剑合一对敌人_等级22.lua	纯阳	plain	{}	[]		
纯阳\天道剑势_人剑合一对敌人_等级3.lua	纯阳	plain	{}	[]		
纯阳\天道剑势_人剑合一对敌人_等级4.lua	纯阳	plain	{}	[]		
纯阳\天道剑势_人剑合一对敌人_等级5.lua	纯阳	plain	{}	[]		
纯阳\天道剑势_人剑合一对敌人_等级6.lua	纯阳	plain	{}	[]		
纯阳\天道剑势_人剑合一对敌人_等级7.lua	纯阳	plain	{}	[]		
纯阳\天道剑势_人剑合一对敌人_等级8.lua	纯阳	plain	{}	[]		
纯阳\天道剑势_人剑合一对敌人_等级9.lua	纯阳	plain	{}	[]		
纯阳\天道剑势_人剑合一敌人气场.lua	纯阳	bytecode	{}	[]	ClearCDTime	bIgnorePrepareState;nCostRage;nMaxRadius;nAreaRadius;nAngleRange
纯阳\天道剑势_人剑合一自己气场.lua	纯阳	bytecode	{}	[]		bIgnorePrepareState;nCostRage;nMaxRadius;nAreaRadius;nAngleRange
纯阳\天道剑势_剑飞惊天.lua	纯阳	bytecode	{}	[]	SetNormalCoolDown;SetCheckCoolDown	nPrepareFrames;nCostMana;nCostSprintPower;nWeaponDamagePercent;nMinRadius;nMaxRadius;nAngleRange;nBreakRate;nDismountingRate;nBulletVelocity
纯阳\天道剑势_大道无术.lua	纯阳	bytecode	{}	[]	SetPublicCoolDown;SetNormalCoolDown;SetCheckCoolDown	nCostMana;nCostSprintPower;bIsAccumulate;nMaxRadius;nAngleRange;nBreakRate
纯阳\天道剑势_天地无极.lua	纯阳	bytecode	{}	[]	SetPublicCoolDown;SetNormalCoolDown;SetCheckCoolDown	nPrepareFrames;nCostRage;nMinRadius;nMaxRadius;nAngleRange;nBulletVelocity
纯阳\天道剑势_无我无剑.lua	纯阳	bytecode	{}	[]	SetPublicCoolDown;SetCheckCoolDown;ClearCDTime	nCostRage;nCostSprintPower;bIsAccumulate;nMaxRadius;nAngleRange
纯阳\子技能_七星拱瑞_NPC.lua	纯阳	bytecode	{}	[]		nCostMana;nMaxRadius;nAngleRange
纯阳\子技能_七星拱瑞_player.lua	纯阳	bytecode	{}	[]		nCostMana;nMaxRadius;nAngleRange
纯阳\子技能_三才化生_10点气.lua	纯阳	plain	{"nMaxRadius": "20 * LENGTH_BASE", "nAngleRange": "256", "nAreaRadius": "8 * LENGTH_BASE", "nChannelInterval": "8 * nSubsection *1.4"}	[{"nAddRage": "0", "nCostRage": "10", "nDamageBase": "24", "nDamageRand": "0"}, {"nAddRage": "0", "nCostRage": "10", "nDamageBase": "26", "nDamageRand": "0"}, {"nAddRage": "0", "nCostRage": "10", "nDamageBase": "28", "nDamageRand": "0"}, {"nAddRage": "0", "nCostRage": "10", "nDamageBase": "29", "nDamageRand": "0"}, {"nAddRage": "0", "nCostRage": "10", "nDamageBase": "31", "nDamageRand": "0"}, {"nAddRage": "0", "nCostRage": "10", "nDamageBase": "33", "nDamageRand": "0"}, {"nAddRage": "0", "nCostRage": "10", "nDamageBase": "35", "nDamageRand": "0"}, {"nAddRage": "0", "nCostRage": "10", "nDamageBase": "37", "nDamageRand": "0"}, {"nAddRage": "0", "nCostRage": "10", "nDamageBase": "38", "nDamageRand": "0"}, {"nAddRage": "0", "nCostRage": "10", "nDamageBase": "40", "nDamageRand": "0"}, {"nAddRage": "0", "nCostRage": "10", "nDamageBase": "42", "nDamageRand": "0"}, {"nAddRage": "0", "nCostRage": "10", "nDamageBase": "44", "nDamageRand": "0"}, {"nAddRage": "0", "nCostRage": "10", "nDamageBase": "46", "nDamageRand": "0"}, {"nAddRage": "0", "nCostRage": "10", "nDamageBase": "47", "nDamageRand": "0"}, {"nAddRage": "0", "nCostRage": "10", "nDamageBase": "49", "nDamageRand": "0"}, {"nAddRage": "0", "nCostRage": "10", "nDamageBase": "51", "nDamageRand": "0"}]		CALL_NEUTRAL_DAMAGE;CAST_SKILL_TARGET_SRC;EXECUTE_SCRIPT;EXECUTE_SCRIPT_WITH_PARAM;SKILL_NEUTRAL_DAMAGE;SKILL_NEUTRAL_DAMAGE_RAND
纯阳\子技能_三才化生_1点气.lua	纯阳	plain	{"nMaxRadius": "20 * LENGTH_BASE", "nAngleRange": "256", "nAreaRadius": "8 * LENGTH_BASE", "nChannelInterval": "8 * nSubsection * 1.4"}	[{"nAddRage": "0", "nCostRage": "10", "nDamageBase": "24", "nDamageRand": "0"}, {"nAddRage": "0", "nCostRage": "10", "nDamageBase": "26", "nDamageRand": "0"}, {"nAddRage": "0", "nCostRage": "10", "nDamageBase": "28", "nDamageRand": "0"}, {"nAddRage": "0", "nCostRage": "10", "nDamageBase": "29", "nDamageRand": "0"}, {"nAddRage": "0", "nCostRage": "10", "nDamageBase": "31", "nDamageRand": "0"}, {"nAddRage": "0", "nCostRage": "10", "nDamageBase": "33", "nDamageRand": "0"}, {"nAddRage": "0", "nCostRage": "10", "nDamageBase": "35", "nDamageRand": "0"}, {"nAddRage": "0", "nCostRage": "10", "nDamageBase": "37", "nDamageRand": "0"}, {"nAddRage": "0", "nCostRage": "10", "nDamageBase": "38", "nDamageRand": "0"}, {"nAddRage": "0", "nCostRage": "10", "nDamageBase": "40", "nDamageRand": "0"}, {"nAddRage": "0", "nCostRage": "10", "nDamageBase": "42", "nDamageRand": "0"}, {"nAddRage": "0", "nCostRage": "10", "nDamageBase": "44", "nDamageRand": "0"}, {"nAddRage": "0", "nCostRage": "10", "nDamageBase": "46", "nDamageRand": "0"}, {"nAddRage": "0", "nCostRage": "10", "nDamageBase": "47", "nDamageRand": "0"}, {"nAddRage": "0", "nCostRage": "10", "nDamageBase": "49", "nDamageRand": "0"}, {"nAddRage": "0", "nCostRage": "10", "nDamageBase": "51", "nDamageRand": "0"}]		CALL_NEUTRAL_DAMAGE;CAST_SKILL_TARGET_SRC;EXECUTE_SCRIPT;EXECUTE_SCRIPT_WITH_PARAM;SKILL_NEUTRAL_DAMAGE;SKILL_NEUTRAL_DAMAGE_RAND
纯阳\子技能_三才化生_2点气.lua	纯阳	plain	{"nMaxRadius": "20 * LENGTH_BASE", "nAngleRange": "256", "nAreaRadius": "8 * LENGTH_BASE", "nChannelInterval": "8 * nSubsection *1.4"}	[{"nAddRage": "0", "nCostRage": "10", "nDamageBase": "24", "nDamageRand": "0"}, {"nAddRage": "0", "nCostRage": "10", "nDamageBase": "26", "nDamageRand": "0"}, {"nAddRage": "0", "nCostRage": "10", "nDamageBase": "28", "nDamageRand": "0"}, {"nAddRage": "0", "nCostRage": "10", "nDamageBase": "29", "nDamageRand": "0"}, {"nAddRage": "0", "nCostRage": "10", "nDamageBase": "31", "nDamageRand": "0"}, {"nAddRage": "0", "nCostRage": "10", "nDamageBase": "33", "nDamageRand": "0"}, {"nAddRage": "0", "nCostRage": "10", "nDamageBase": "35", "nDamageRand": "0"}, {"nAddRage": "0", "nCostRage": "10", "nDamageBase": "37", "nDamageRand": "0"}, {"nAddRage": "0", "nCostRage": "10", "nDamageBase": "38", "nDamageRand": "0"}, {"nAddRage": "0", "nCostRage": "10", "nDamageBase": "40", "nDamageRand": "0"}, {"nAddRage": "0", "nCostRage": "10", "nDamageBase": "42", "nDamageRand": "0"}, {"nAddRage": "0", "nCostRage": "10", "nDamageBase": "44", "nDamageRand": "0"}, {"nAddRage": "0", "nCostRage": "10", "nDamageBase": "46", "nDamageRand": "0"}, {"nAddRage": "0", "nCostRage": "10", "nDamageBase": "47", "nDamageRand": "0"}, {"nAddRage": "0", "nCostRage": "10", "nDamageBase": "49", "nDamageRand": "0"}, {"nAddRage": "0", "nCostRage": "10", "nDamageBase": "51", "nDamageRand": "0"}]		CALL_NEUTRAL_DAMAGE;CAST_SKILL_TARGET_SRC;EXECUTE_SCRIPT;EXECUTE_SCRIPT_WITH_PARAM;SKILL_NEUTRAL_DAMAGE;SKILL_NEUTRAL_DAMAGE_RAND
纯阳\子技能_三才化生_3点气.lua	纯阳	plain	{"nMaxRadius": "20 * LENGTH_BASE", "nAngleRange": "256", "nAreaRadius": "8 * LENGTH_BASE", "nChannelInterval": "8 * nSubsection *1.4"}	[{"nAddRage": "0", "nCostRage": "10", "nDamageBase": "24", "nDamageRand": "0"}, {"nAddRage": "0", "nCostRage": "10", "nDamageBase": "26", "nDamageRand": "0"}, {"nAddRage": "0", "nCostRage": "10", "nDamageBase": "28", "nDamageRand": "0"}, {"nAddRage": "0", "nCostRage": "10", "nDamageBase": "29", "nDamageRand": "0"}, {"nAddRage": "0", "nCostRage": "10", "nDamageBase": "31", "nDamageRand": "0"}, {"nAddRage": "0", "nCostRage": "10", "nDamageBase": "33", "nDamageRand": "0"}, {"nAddRage": "0", "nCostRage": "10", "nDamageBase": "35", "nDamageRand": "0"}, {"nAddRage": "0", "nCostRage": "10", "nDamageBase": "37", "nDamageRand": "0"}, {"nAddRage": "0", "nCostRage": "10", "nDamageBase": "38", "nDamageRand": "0"}, {"nAddRage": "0", "nCostRage": "10", "nDamageBase": "40", "nDamageRand": "0"}, {"nAddRage": "0", "nCostRage": "10", "nDamageBase": "42", "nDamageRand": "0"}, {"nAddRage": "0", "nCostRage": "10", "nDamageBase": "44", "nDamageRand": "0"}, {"nAddRage": "0", "nCostRage": "10", "nDamageBase": "46", "nDamageRand": "0"}, {"nAddRage": "0", "nCostRage": "10", "nDamageBase": "47", "nDamageRand": "0"}, {"nAddRage": "0", "nCostRage": "10", "nDamageBase": "49", "nDamageRand": "0"}, {"nAddRage": "0", "nCostRage": "10", "nDamageBase": "51", "nDamageRand": "0"}]		CALL_NEUTRAL_DAMAGE;CAST_SKILL_TARGET_SRC;EXECUTE_SCRIPT;EXECUTE_SCRIPT_WITH_PARAM;SKILL_NEUTRAL_DAMAGE;SKILL_NEUTRAL_DAMAGE_RAND
纯阳\子技能_三才化生_4点气.lua	纯阳	plain	{"nMaxRadius": "20 * LENGTH_BASE", "nAngleRange": "256", "nAreaRadius": "8 * LENGTH_BASE", "nChannelInterval": "8 * nSubsection *1.4"}	[{"nAddRage": "0", "nCostRage": "10", "nDamageBase": "24", "nDamageRand": "0"}, {"nAddRage": "0", "nCostRage": "10", "nDamageBase": "26", "nDamageRand": "0"}, {"nAddRage": "0", "nCostRage": "10", "nDamageBase": "28", "nDamageRand": "0"}, {"nAddRage": "0", "nCostRage": "10", "nDamageBase": "29", "nDamageRand": "0"}, {"nAddRage": "0", "nCostRage": "10", "nDamageBase": "31", "nDamageRand": "0"}, {"nAddRage": "0", "nCostRage": "10", "nDamageBase": "33", "nDamageRand": "0"}, {"nAddRage": "0", "nCostRage": "10", "nDamageBase": "35", "nDamageRand": "0"}, {"nAddRage": "0", "nCostRage": "10", "nDamageBase": "37", "nDamageRand": "0"}, {"nAddRage": "0", "nCostRage": "10", "nDamageBase": "38", "nDamageRand": "0"}, {"nAddRage": "0", "nCostRage": "10", "nDamageBase": "40", "nDamageRand": "0"}, {"nAddRage": "0", "nCostRage": "10", "nDamageBase": "42", "nDamageRand": "0"}, {"nAddRage": "0", "nCostRage": "10", "nDamageBase": "44", "nDamageRand": "0"}, {"nAddRage": "0", "nCostRage": "10", "nDamageBase": "46", "nDamageRand": "0"}, {"nAddRage": "0", "nCostRage": "10", "nDamageBase": "47", "nDamageRand": "0"}, {"nAddRage": "0", "nCostRage": "10", "nDamageBase": "49", "nDamageRand": "0"}, {"nAddRage": "0", "nCostRage": "10", "nDamageBase": "51", "nDamageRand": "0"}]		CALL_NEUTRAL_DAMAGE;CAST_SKILL_TARGET_SRC;EXECUTE_SCRIPT;EXECUTE_SCRIPT_WITH_PARAM;SKILL_NEUTRAL_DAMAGE;SKILL_NEUTRAL_DAMAGE_RAND
纯阳\子技能_三才化生_5点气.lua	纯阳	plain	{"nMaxRadius": "20 * LENGTH_BASE", "nAngleRange": "256", "nAreaRadius": "8 * LENGTH_BASE", "nChannelInterval": "8 * nSubsection *1.4"}	[{"nAddRage": "0", "nCostRage": "10", "nDamageBase": "24", "nDamageRand": "0"}, {"nAddRage": "0", "nCostRage": "10", "nDamageBase": "26", "nDamageRand": "0"}, {"nAddRage": "0", "nCostRage": "10", "nDamageBase": "28", "nDamageRand": "0"}, {"nAddRage": "0", "nCostRage": "10", "nDamageBase": "29", "nDamageRand": "0"}, {"nAddRage": "0", "nCostRage": "10", "nDamageBase": "31", "nDamageRand": "0"}, {"nAddRage": "0", "nCostRage": "10", "nDamageBase": "33", "nDamageRand": "0"}, {"nAddRage": "0", "nCostRage": "10", "nDamageBase": "35", "nDamageRand": "0"}, {"nAddRage": "0", "nCostRage": "10", "nDamageBase": "37", "nDamageRand": "0"}, {"nAddRage": "0", "nCostRage": "10", "nDamageBase": "38", "nDamageRand": "0"}, {"nAddRage": "0", "nCostRage": "10", "nDamageBase": "40", "nDamageRand": "0"}, {"nAddRage": "0", "nCostRage": "10", "nDamageBase": "42", "nDamageRand": "0"}, {"nAddRage": "0", "nCostRage": "10", "nDamageBase": "44", "nDamageRand": "0"}, {"nAddRage": "0", "nCostRage": "10", "nDamageBase": "46", "nDamageRand": "0"}, {"nAddRage": "0", "nCostRage": "10", "nDamageBase": "47", "nDamageRand": "0"}, {"nAddRage": "0", "nCostRage": "10", "nDamageBase": "49", "nDamageRand": "0"}, {"nAddRage": "0", "nCostRage": "10", "nDamageBase": "51", "nDamageRand": "0"}]		CALL_NEUTRAL_DAMAGE;CAST_SKILL_TARGET_SRC;EXECUTE_SCRIPT;EXECUTE_SCRIPT_WITH_PARAM;SKILL_NEUTRAL_DAMAGE;SKILL_NEUTRAL_DAMAGE_RAND
纯阳\子技能_三才化生_6点气.lua	纯阳	plain	{"nMaxRadius": "20 * LENGTH_BASE", "nAngleRange": "256", "nAreaRadius": "8 * LENGTH_BASE", "nChannelInterval": "8 * nSubsection *1.4"}	[{"nAddRage": "0", "nCostRage": "10", "nDamageBase": "24", "nDamageRand": "0"}, {"nAddRage": "0", "nCostRage": "10", "nDamageBase": "26", "nDamageRand": "0"}, {"nAddRage": "0", "nCostRage": "10", "nDamageBase": "28", "nDamageRand": "0"}, {"nAddRage": "0", "nCostRage": "10", "nDamageBase": "29", "nDamageRand": "0"}, {"nAddRage": "0", "nCostRage": "10", "nDamageBase": "31", "nDamageRand": "0"}, {"nAddRage": "0", "nCostRage": "10", "nDamageBase": "33", "nDamageRand": "0"}, {"nAddRage": "0", "nCostRage": "10", "nDamageBase": "35", "nDamageRand": "0"}, {"nAddRage": "0", "nCostRage": "10", "nDamageBase": "37", "nDamageRand": "0"}, {"nAddRage": "0", "nCostRage": "10", "nDamageBase": "38", "nDamageRand": "0"}, {"nAddRage": "0", "nCostRage": "10", "nDamageBase": "40", "nDamageRand": "0"}, {"nAddRage": "0", "nCostRage": "10", "nDamageBase": "42", "nDamageRand": "0"}, {"nAddRage": "0", "nCostRage": "10", "nDamageBase": "44", "nDamageRand": "0"}, {"nAddRage": "0", "nCostRage": "10", "nDamageBase": "46", "nDamageRand": "0"}, {"nAddRage": "0", "nCostRage": "10", "nDamageBase": "47", "nDamageRand": "0"}, {"nAddRage": "0", "nCostRage": "10", "nDamageBase": "49", "nDamageRand": "0"}, {"nAddRage": "0", "nCostRage": "10", "nDamageBase": "51", "nDamageRand": "0"}]		CALL_NEUTRAL_DAMAGE;CAST_SKILL_TARGET_SRC;EXECUTE_SCRIPT;EXECUTE_SCRIPT_WITH_PARAM;SKILL_NEUTRAL_DAMAGE;SKILL_NEUTRAL_DAMAGE_RAND
纯阳\子技能_三才化生_7点气.lua	纯阳	plain	{"nMaxRadius": "20 * LENGTH_BASE", "nAngleRange": "256", "nAreaRadius": "8 * LENGTH_BASE", "nChannelInterval": "8 * nSubsection *1.4"}	[{"nAddRage": "0", "nCostRage": "10", "nDamageBase": "24", "nDamageRand": "0"}, {"nAddRage": "0", "nCostRage": "10", "nDamageBase": "26", "nDamageRand": "0"}, {"nAddRage": "0", "nCostRage": "10", "nDamageBase": "28", "nDamageRand": "0"}, {"nAddRage": "0", "nCostRage": "10", "nDamageBase": "29", "nDamageRand": "0"}, {"nAddRage": "0", "nCostRage": "10", "nDamageBase": "31", "nDamageRand": "0"}, {"nAddRage": "0", "nCostRage": "10", "nDamageBase": "33", "nDamageRand": "0"}, {"nAddRage": "0", "nCostRage": "10", "nDamageBase": "35", "nDamageRand": "0"}, {"nAddRage": "0", "nCostRage": "10", "nDamageBase": "37", "nDamageRand": "0"}, {"nAddRage": "0", "nCostRage": "10", "nDamageBase": "38", "nDamageRand": "0"}, {"nAddRage": "0", "nCostRage": "10", "nDamageBase": "40", "nDamageRand": "0"}, {"nAddRage": "0", "nCostRage": "10", "nDamageBase": "42", "nDamageRand": "0"}, {"nAddRage": "0", "nCostRage": "10", "nDamageBase": "44", "nDamageRand": "0"}, {"nAddRage": "0", "nCostRage": "10", "nDamageBase": "46", "nDamageRand": "0"}, {"nAddRage": "0", "nCostRage": "10", "nDamageBase": "47", "nDamageRand": "0"}, {"nAddRage": "0", "nCostRage": "10", "nDamageBase": "49", "nDamageRand": "0"}, {"nAddRage": "0", "nCostRage": "10", "nDamageBase": "51", "nDamageRand": "0"}]		CALL_NEUTRAL_DAMAGE;CAST_SKILL_TARGET_SRC;EXECUTE_SCRIPT;EXECUTE_SCRIPT_WITH_PARAM;SKILL_NEUTRAL_DAMAGE;SKILL_NEUTRAL_DAMAGE_RAND
纯阳\子技能_三才化生_8点气.lua	纯阳	plain	{"nMaxRadius": "20 * LENGTH_BASE", "nAngleRange": "256", "nAreaRadius": "8 * LENGTH_BASE", "nChannelInterval": "8 * nSubsection *1.4"}	[{"nAddRage": "0", "nCostRage": "10", "nDamageBase": "24", "nDamageRand": "0"}, {"nAddRage": "0", "nCostRage": "10", "nDamageBase": "26", "nDamageRand": "0"}, {"nAddRage": "0", "nCostRage": "10", "nDamageBase": "28", "nDamageRand": "0"}, {"nAddRage": "0", "nCostRage": "10", "nDamageBase": "29", "nDamageRand": "0"}, {"nAddRage": "0", "nCostRage": "10", "nDamageBase": "31", "nDamageRand": "0"}, {"nAddRage": "0", "nCostRage": "10", "nDamageBase": "33", "nDamageRand": "0"}, {"nAddRage": "0", "nCostRage": "10", "nDamageBase": "35", "nDamageRand": "0"}, {"nAddRage": "0", "nCostRage": "10", "nDamageBase": "37", "nDamageRand": "0"}, {"nAddRage": "0", "nCostRage": "10", "nDamageBase": "38", "nDamageRand": "0"}, {"nAddRage": "0", "nCostRage": "10", "nDamageBase": "40", "nDamageRand": "0"}, {"nAddRage": "0", "nCostRage": "10", "nDamageBase": "42", "nDamageRand": "0"}, {"nAddRage": "0", "nCostRage": "10", "nDamageBase": "44", "nDamageRand": "0"}, {"nAddRage": "0", "nCostRage": "10", "nDamageBase": "46", "nDamageRand": "0"}, {"nAddRage": "0", "nCostRage": "10", "nDamageBase": "47", "nDamageRand": "0"}, {"nAddRage": "0", "nCostRage": "10", "nDamageBase": "49", "nDamageRand": "0"}, {"nAddRage": "0", "nCostRage": "10", "nDamageBase": "51", "nDamageRand": "0"}]		CALL_NEUTRAL_DAMAGE;CAST_SKILL_TARGET_SRC;EXECUTE_SCRIPT;EXECUTE_SCRIPT_WITH_PARAM;SKILL_NEUTRAL_DAMAGE;SKILL_NEUTRAL_DAMAGE_RAND
纯阳\子技能_三才化生_9点气.lua	纯阳	plain	{"nMaxRadius": "20 * LENGTH_BASE", "nAngleRange": "256", "nAreaRadius": "8 * LENGTH_BASE", "nChannelInterval": "8 * nSubsection *1.4"}	[{"nAddRage": "0", "nCostRage": "10", "nDamageBase": "24", "nDamageRand": "0"}, {"nAddRage": "0", "nCostRage": "10", "nDamageBase": "26", "nDamageRand": "0"}, {"nAddRage": "0", "nCostRage": "10", "nDamageBase": "28", "nDamageRand": "0"}, {"nAddRage": "0", "nCostRage": "10", "nDamageBase": "29", "nDamageRand": "0"}, {"nAddRage": "0", "nCostRage": "10", "nDamageBase": "31", "nDamageRand": "0"}, {"nAddRage": "0", "nCostRage": "10", "nDamageBase": "33", "nDamageRand": "0"}, {"nAddRage": "0", "nCostRage": "10", "nDamageBase": "35", "nDamageRand": "0"}, {"nAddRage": "0", "nCostRage": "10", "nDamageBase": "37", "nDamageRand": "0"}, {"nAddRage": "0", "nCostRage": "10", "nDamageBase": "38", "nDamageRand": "0"}, {"nAddRage": "0", "nCostRage": "10", "nDamageBase": "40", "nDamageRand": "0"}, {"nAddRage": "0", "nCostRage": "10", "nDamageBase": "42", "nDamageRand": "0"}, {"nAddRage": "0", "nCostRage": "10", "nDamageBase": "44", "nDamageRand": "0"}, {"nAddRage": "0", "nCostRage": "10", "nDamageBase": "46", "nDamageRand": "0"}, {"nAddRage": "0", "nCostRage": "10", "nDamageBase": "47", "nDamageRand": "0"}, {"nAddRage": "0", "nCostRage": "10", "nDamageBase": "49", "nDamageRand": "0"}, {"nAddRage": "0", "nCostRage": "10", "nDamageBase": "51", "nDamageRand": "0"}]		CALL_NEUTRAL_DAMAGE;CAST_SKILL_TARGET_SRC;EXECUTE_SCRIPT;EXECUTE_SCRIPT_WITH_PARAM;SKILL_NEUTRAL_DAMAGE;SKILL_NEUTRAL_DAMAGE_RAND
纯阳\子技能_两仪交合_1点气.lua	纯阳	bytecode	{}	[]		nChannelInterval;nCostRage;nMaxRadius;nAngleRange;nBrokenRate
纯阳\子技能_两仪交合_2点气.lua	纯阳	bytecode	{}	[]		nChannelInterval;nCostRage;nMaxRadius;nAngleRange;nBrokenRate
纯阳\子技能_两仪交合_3点气.lua	纯阳	bytecode	{}	[]		nChannelInterval;nCostRage;nMaxRadius;nAngleRange;nBrokenRate
纯阳\子技能_两仪交合_4点气.lua	纯阳	bytecode	{}	[]		nChannelInterval;nCostRage;nMaxRadius;nAngleRange;nBrokenRate
纯阳\子技能_两仪交合_5点气.lua	纯阳	bytecode	{}	[]		nChannelInterval;nCostRage;nMaxRadius;nAngleRange;nBrokenRate
纯阳\子技能_九转归一伤害触发.lua	纯阳	plain	{"nMaxRadius": "30 * LENGTH_BASE", "bIgnorePrepareState": "true", "nAngleRange": "256", "nChannelInterval": "380*0.8"}	[{"nAddRage": "0", "nCostRage": "0", "nDamageBase": "29", "nDamageRand": "5"}]		CALL_NEUTRAL_DAMAGE;EXECUTE_SCRIPT;SKILL_NEUTRAL_DAMAGE;SKILL_NEUTRAL_DAMAGE_RAND
纯阳\子技能_人剑合一_NPC调用敌对.lua	纯阳	plain	{"nMaxRadius": "5 * LENGTH_BASE", "nAngleRange": "256"}	[{"nDamageBase": "0", "nDamageRand": "0", "nCostMana": "0"}, {"nDamageBase": "0", "nDamageRand": "0", "nCostMana": "0"}, {"nDamageBase": "0", "nDamageRand": "0", "nCostMana": "0"}, {"nDamageBase": "0", "nDamageRand": "0", "nCostMana": "0"}, {"nDamageBase": "0", "nDamageRand": "0", "nCostMana": "0"}, {"nDamageBase": "0", "nDamageRand": "0", "nCostMana": "0"}]		EMPLOYER_CAST_SKILL_TARGET_SELF
纯阳\子技能_回气.lua	纯阳	plain	{"bIgnorePrepareState": "true", "nMaxRadius": "5 * LENGTH_BASE", "nAngleRange": "256"}	[{"nDamageBase": "0", "nDamageRand": "0", "nCostMana": "0"}, {"nDamageBase": "0", "nDamageRand": "0", "nCostMana": "0"}, {"nDamageBase": "0", "nDamageRand": "0", "nCostMana": "0"}, {"nDamageBase": "0", "nDamageRand": "0", "nCostMana": "0"}, {"nDamageBase": "0", "nDamageRand": "0", "nCostMana": "0"}, {"nDamageBase": "0", "nDamageRand": "0", "nCostMana": "0"}, {"nDamageBase": "0", "nDamageRand": "0", "nCostMana": "0"}, {"nDamageBase": "0", "nDamageRand": "0", "nCostMana": "0"}, {"nDamageBase": "0", "nDamageRand": "0", "nCostMana": "0"}, {"nDamageBase": "0", "nDamageRand": "0", "nCostMana": "0"}]		ACCUMULATE
纯阳\子技能_大道无术_10点气.lua	纯阳	plain	{"nMaxRadius": "8 * LENGTH_BASE", "nAngleRange": "128"}	[{"nDamageBase": "0", "nDamageRand": "0", "nCostMana": "0"}]		EXECUTE_SCRIPT;EXECUTE_SCRIPT_WITH_PARAM
纯阳\子技能_大道无术_1点气.lua	纯阳	plain	{"nMaxRadius": "8 * LENGTH_BASE", "nAngleRange": "128"}	[{"nDamageBase": "0", "nDamageRand": "0", "nCostMana": "0"}]		EXECUTE_SCRIPT_WITH_PARAM
纯阳\子技能_大道无术_2点气.lua	纯阳	plain	{"nMaxRadius": "8 * LENGTH_BASE", "nAngleRange": "128"}	[{"nDamageBase": "0", "nDamageRand": "0", "nCostMana": "0"}]		EXECUTE_SCRIPT_WITH_PARAM
纯阳\子技能_大道无术_3点气.lua	纯阳	plain	{"nMaxRadius": "8 * LENGTH_BASE", "nAngleRange": "128"}	[{"nDamageBase": "0", "nDamageRand": "0", "nCostMana": "0"}]		EXECUTE_SCRIPT_WITH_PARAM
纯阳\子技能_大道无术_4点气.lua	纯阳	plain	{"nMaxRadius": "8 * LENGTH_BASE", "nAngleRange": "128"}	[{"nDamageBase": "0", "nDamageRand": "0", "nCostMana": "0"}]		EXECUTE_SCRIPT_WITH_PARAM
纯阳\子技能_大道无术_5点气.lua	纯阳	plain	{"nMaxRadius": "8 * LENGTH_BASE", "nAngleRange": "128"}	[{"nDamageBase": "0", "nDamageRand": "0", "nCostMana": "0"}]		EXECUTE_SCRIPT_WITH_PARAM
纯阳\子技能_大道无术_6点气.lua	纯阳	plain	{"nMaxRadius": "8 * LENGTH_BASE", "nAngleRange": "128"}	[{"nDamageBase": "0", "nDamageRand": "0", "nCostMana": "0"}]		EXECUTE_SCRIPT_WITH_PARAM
纯阳\子技能_大道无术_7点气.lua	纯阳	plain	{"nMaxRadius": "8 * LENGTH_BASE", "nAngleRange": "128"}	[{"nDamageBase": "0", "nDamageRand": "0", "nCostMana": "0"}]		EXECUTE_SCRIPT_WITH_PARAM
纯阳\子技能_大道无术_8点气.lua	纯阳	plain	{"nMaxRadius": "8 * LENGTH_BASE", "nAngleRange": "128"}	[{"nDamageBase": "0", "nDamageRand": "0", "nCostMana": "0"}]		EXECUTE_SCRIPT_WITH_PARAM
纯阳\子技能_大道无术_9点气.lua	纯阳	plain	{"nMaxRadius": "8 * LENGTH_BASE", "nAngleRange": "128"}	[{"nDamageBase": "0", "nDamageRand": "0", "nCostMana": "0"}]		EXECUTE_SCRIPT_WITH_PARAM
纯阳\子技能_抱元守缺_1点气.lua	纯阳	plain	{}	[]		EXECUTE_SCRIPT
纯阳\子技能_抱元守缺_2点气.lua	纯阳	plain	{}	[]		EXECUTE_SCRIPT
纯阳\子技能_抱元守缺_3点气.lua	纯阳	plain	{}	[]		EXECUTE_SCRIPT
纯阳\子技能_抱元守缺_4点气.lua	纯阳	plain	{}	[]		EXECUTE_SCRIPT
纯阳\子技能_抱元守缺_5点气.lua	纯阳	plain	{}	[]		EXECUTE_SCRIPT
纯阳\子技能_抱元守缺_6点气.lua	纯阳	plain	{}	[]		EXECUTE_SCRIPT
纯阳\子技能_气场效果_凌太虚.lua	纯阳	plain	{"nMaxRadius": "50 * LENGTH_BASE", "nAngleRange": "256", "nAreaRadius": "10 * LENGTH_BASE"}	[{"nDamageBase": "11", "nDamageRand": "0", "nCostMana": "0"}, {"nDamageBase": "14", "nDamageRand": "0", "nCostMana": "0"}, {"nDamageBase": "17", "nDamageRand": "0", "nCostMana": "0"}, {"nDamageBase": "20", "nDamageRand": "0", "nCostMana": "0"}, {"nDamageBase": "24", "nDamageRand": "0", "nCostMana": "0"}, {"nDamageBase": "25", "nDamageRand": "0", "nCostMana": "0"}]		EXECUTE_SCRIPT
纯阳\子技能_气场效果_凌太虚加强.lua	纯阳	plain	{"nMaxRadius": "50 * LENGTH_BASE", "nAngleRange": "256", "nAreaRadius": "10 * LENGTH_BASE"}	[{"nDamageBase": "11", "nDamageRand": "0", "nCostMana": "0"}, {"nDamageBase": "14", "nDamageRand": "0", "nCostMana": "0"}, {"nDamageBase": "17", "nDamageRand": "0", "nCostMana": "0"}, {"nDamageBase": "20", "nDamageRand": "0", "nCostMana": "0"}, {"nDamageBase": "24", "nDamageRand": "0", "nCostMana": "0"}, {"nDamageBase": "25", "nDamageRand": "0", "nCostMana": "0"}]		EXECUTE_SCRIPT
纯阳\子技能_紫霞功_放气后回气.lua	纯阳	plain	{}	[{"nDamageBase": "0", "nDamageRand": "0", "nCostMana": "0"}]		ACCUMULATE
纯阳\子技能_自身回豆.lua	纯阳	plain	{"nMinRadius": "0 * LENGTH_BASE", "nMaxRadius": "4 * LENGTH_BASE"}	[{"nDamageBase": "0", "nDamageRand": "0", "nCostMana": "0"}, {"nDamageBase": "0", "nDamageRand": "0", "nCostMana": "0"}, {"nDamageBase": "0", "nDamageRand": "0", "nCostMana": "0"}, {"nDamageBase": "0", "nDamageRand": "0", "nCostMana": "0"}, {"nDamageBase": "0", "nDamageRand": "0", "nCostMana": "0"}, {"nDamageBase": "0", "nDamageRand": "0", "nCostMana": "0"}, {"nDamageBase": "0", "nDamageRand": "0", "nCostMana": "0"}, {"nDamageBase": "0", "nDamageRand": "0", "nCostMana": "0"}, {"nDamageBase": "0", "nDamageRand": "0", "nCostMana": "0"}, {"nDamageBase": "0", "nDamageRand": "0", "nCostMana": "0"}]		ACCUMULATE
纯阳\子技能_镇山河驱散自己.lua	纯阳	plain	{"nMaxRadius": "50 * LENGTH_BASE", "nAngleRange": "256", "nAreaRadius": "6 * LENGTH_BASE"}	[{"nDamageBase": "0", "nDamageRand": "0", "nCostMana": "0"}]		CAST_SKILL;CAST_SKILL_TARGET_DST;DEL_MULTI_GROUP_BUFF_BY_FUNCTIONTYPE;DEL_SINGLE_BUFF_BY_ID_AND_LEVEL;DETACH_MULTI_GROUP_BUFF
纯阳\正气吞噬破苍穹.lua	纯阳	bytecode	{}	[]		nCostMana
纯阳\气场聚气_太虚剑意.lua	纯阳	plain	{}	[{"nDamageBase": "0", "nDamageRand": "0", "nCostMana": "0"}]		ACCUMULATE
纯阳\纯阳决_冲阴阳.lua	纯阳	bytecode	{}	[]	SetPublicCoolDown;SetNormalCoolDown;SetCheckCoolDown	nPrepareFrames;nMinPrepareFrames;nCostMana;nMaxRadius;nAngleRange;nBrokenRate
纯阳\纯阳决_凌太虚.lua	纯阳	bytecode	{}	[]	SetPublicCoolDown;SetNormalCoolDown;SetCheckCoolDown	nPrepareFrames;nMinPrepareFrames;nCostMana;nMaxRadius;nAngleRange;nBrokenRate
纯阳\纯阳决_吞日月.lua	纯阳	bytecode	{}	[]	SetPublicCoolDown;SetNormalCoolDown;SetCheckCoolDown	nPrepareFrames;nMinPrepareFrames;nCostMana;nCostSprintPower;nMaxRadius;nAngleRange;nBrokenRate
纯阳\纯阳决_生太极.lua	纯阳	bytecode	{}	[]	SetPublicCoolDown;SetNormalCoolDown;SetCheckCoolDown;ModifyCoolDown	nPrepareFrames;nMinPrepareFrames;nCostMana;nCostSprintPower;nMaxRadius;nAngleRange;nBrokenRate
纯阳\纯阳决_破苍穹.lua	纯阳	bytecode	{}	[]	SetPublicCoolDown;SetNormalCoolDown;SetCheckCoolDown	nPrepareFrames;nMinPrepareFrames;nCostMana;nCostSprintPower;nMaxRadius;nAngleRange;nBrokenRate
纯阳\纯阳决_碎星辰.lua	纯阳	bytecode	{}	[]	SetPublicCoolDown;SetNormalCoolDown;SetCheckCoolDown	nPrepareFrames;nMinPrepareFrames;nCostMana;nCostSprintPower;nMaxRadius;nAngleRange;nBrokenRate
纯阳\纯阳决_转乾坤.lua	纯阳	bytecode	{}	[]	SetNormalCoolDown;SetCheckCoolDown;ModifyCoolDown;ClearCDTime	nCostMana;nCostSprintPower
纯阳\纯阳决_镇山河.lua	纯阳	bytecode	{}	[]	SetNormalCoolDown;SetCheckCoolDown	nPrepareFrames;nCostMana;nCostSprintPower;nMaxRadius;nAngleRange;nBrokenRate
纯阳\90级奇穴\万剑归宗锁足.lua	纯阳	plain	{"nMinRadius": "0 * LENGTH_BASE", "nMaxRadius": "30 * LENGTH_BASE", "nAngleRange": "256"}	[{"nDamageBase": "0", "nDamageRand": "0", "nCostMana": "0"}, {"nDamageBase": "0", "nDamageRand": "0", "nCostMana": "0"}, {"nDamageBase": "0", "nDamageRand": "0", "nCostMana": "0"}, {"nDamageBase": "0", "nDamageRand": "0", "nCostMana": "0"}, {"nDamageBase": "0", "nDamageRand": "0", "nCostMana": "0"}, {"nDamageBase": "0", "nDamageRand": "0", "nCostMana": "0"}, {"nDamageBase": "0", "nDamageRand": "0", "nCostMana": "0"}, {"nDamageBase": "0", "nDamageRand": "0", "nCostMana": "0"}, {"nDamageBase": "0", "nDamageRand": "0", "nCostMana": "0"}, {"nDamageBase": "0", "nDamageRand": "0", "nCostMana": "0"}]		
纯阳\90级奇穴\坐忘无我带减伤.lua	纯阳	bytecode	{}	[]	OverDraft;ModifyCoolDown;AddCDTime	
纯阳\90级奇穴\气场通用瞬发.lua	纯阳	bytecode	{}	[]		
纯阳\90级奇穴\立即回复5点气.lua	纯阳	plain	{"nMinRadius": "0 * LENGTH_BASE", "nMaxRadius": "4 * LENGTH_BASE", "nAngleRange": "256"}	[{"nDamageBase": "0", "nDamageRand": "0", "nCostMana": "0"}, {"nDamageBase": "0", "nDamageRand": "0", "nCostMana": "0"}, {"nDamageBase": "0", "nDamageRand": "0", "nCostMana": "0"}, {"nDamageBase": "0", "nDamageRand": "0", "nCostMana": "0"}, {"nDamageBase": "0", "nDamageRand": "0", "nCostMana": "0"}, {"nDamageBase": "0", "nDamageRand": "0", "nCostMana": "0"}, {"nDamageBase": "0", "nDamageRand": "0", "nCostMana": "0"}, {"nDamageBase": "0", "nDamageRand": "0", "nCostMana": "0"}, {"nDamageBase": "0", "nDamageRand": "0", "nCostMana": "0"}, {"nDamageBase": "0", "nDamageRand": "0", "nCostMana": "0"}]		ACCUMULATE
纯阳\套路及子技能\厚亡_三才加10秒.lua	纯阳	plain	{"nMinRadius": "0 * LENGTH_BASE", "nMaxRadius": "4 * LENGTH_BASE", "nAngleRange": "256"}	[{"nDamageBase": "0", "nDamageRand": "0", "nCostMana": "0"}, {"nDamageBase": "0", "nDamageRand": "0", "nCostMana": "0"}, {"nDamageBase": "0", "nDamageRand": "0", "nCostMana": "0"}, {"nDamageBase": "0", "nDamageRand": "0", "nCostMana": "0"}, {"nDamageBase": "0", "nDamageRand": "0", "nCostMana": "0"}, {"nDamageBase": "0", "nDamageRand": "0", "nCostMana": "0"}, {"nDamageBase": "0", "nDamageRand": "0", "nCostMana": "0"}, {"nDamageBase": "0", "nDamageRand": "0", "nCostMana": "0"}, {"nDamageBase": "0", "nDamageRand": "0", "nCostMana": "0"}, {"nDamageBase": "0", "nDamageRand": "0", "nCostMana": "0"}]		
纯阳\套路及子技能\自化爆气竭.lua	纯阳	plain	{"bIgnorePrepareState": "true", "nChannelInterval": "210*1.1 * 1.1*3", "nMinRadius": "0 * LENGTH_BASE", "nMaxRadius": "100 * LENGTH_BASE", "nAngleRange": "256", "nAreaRadius": "6 * LENGTH_BASE"}	[{"nAddRage": "0", "nCostRage": "0", "nDamageBase": "108", "nDamageRand": "3"}]		CALL_NEUTRAL_DAMAGE;SKILL_NEUTRAL_DAMAGE;SKILL_NEUTRAL_DAMAGE_RAND
绝境战场\撼如雷自身加Buff.lua	绝境战场	plain	{}	[{"nDamageBase": "0", "nDamageRand": "0", "nCostMana": "0"}, {"nDamageBase": "0", "nDamageRand": "0", "nCostMana": "0"}, {"nDamageBase": "0", "nDamageRand": "0", "nCostMana": "0"}, {"nDamageBase": "0", "nDamageRand": "0", "nCostMana": "0"}, {"nDamageBase": "0", "nDamageRand": "0", "nCostMana": "0"}, {"nDamageBase": "0", "nDamageRand": "0", "nCostMana": "0"}, {"nDamageBase": "0", "nDamageRand": "0", "nCostMana": "0"}, {"nDamageBase": "0", "nDamageRand": "0", "nCostMana": "0"}, {"nDamageBase": "0", "nDamageRand": "0", "nCostMana": "0"}, {"nDamageBase": "0", "nDamageRand": "0", "nCostMana": "0"}]		
绝境战场\绝境_一段守缺.lua	绝境战场	plain	{"nMinRadius": "0", "nMaxRadius": "10 * LENGTH_BASE", "nAngleRange": "128", "nChannelInterval": "80 * HDJueJingSkillCoe"}	[{"nDamage": "102 / 3", "nDamageRand": "0", "nCostMana": "0"}, {"nDamage": "123 / 3", "nDamageRand": "0", "nCostMana": "0"}, {"nDamage": "144 / 3", "nDamageRand": "0", "nCostMana": "0"}, {"nDamage": "165 / 3", "nDamageRand": "0", "nCostMana": "0"}, {"nDamage": "186 / 3", "nDamageRand": "0", "nCostMana": "0"}, {"nDamage": "207 / 3", "nDamageRand": "0", "nCostMana": "0"}, {"nDamage": "238 / 3", "nDamageRand": "0", "nCostMana": "0"}, {"nDamage": "279 / 3", "nDamageRand": "0", "nCostMana": "0"}, {"nDamage": "365 / 3", "nDamageRand": "0", "nCostMana": "0"}]		CALL_ADAPTIVE_DAMAGE;SKILL_SOLAR_DAMAGE;SKILL_SOLAR_DAMAGE_RAND
绝境战场\绝境_七星拱瑞.lua	绝境战场	plain	{"nMaxRadius": "25 * LENGTH_BASE", "nAngleRange": "128", "nPrepareFrames": "24", "nMinPrepareFrames": "1", "nBrokenRate": "PERCENT_BASE"}	[{"nDamageBase": "0", "nDamageRand": "0", "nCostMana": "248"}, {"nDamageBase": "0", "nDamageRand": "0", "nCostMana": "439"}, {"nDamageBase": "0", "nDamageRand": "0", "nCostMana": "577"}, {"nDamageBase": "0", "nDamageRand": "0", "nCostMana": "714"}, {"nDamageBase": "0", "nDamageRand": "0", "nCostMana": "852"}]	SetPublicCoolDown(16);SetCheckCoolDown(1, 444)	CAST_SKILL_TARGET_DST
绝境战场\绝境_七星拱瑞npc.lua	绝境战场	plain	{"nMaxRadius": "26 * LENGTH_BASE", "nAngleRange": "128"}	[{"nDamageBase": "0", "nDamageRand": "0", "nCostMana": "0"}, {"nDamageBase": "0", "nDamageRand": "0", "nCostMana": "0"}, {"nDamageBase": "0", "nDamageRand": "0", "nCostMana": "0"}, {"nDamageBase": "0", "nDamageRand": "0", "nCostMana": "0"}, {"nDamageBase": "0", "nDamageRand": "0", "nCostMana": "0"}]		
绝境战场\绝境_七星拱瑞player.lua	绝境战场	plain	{"nMaxRadius": "26 * LENGTH_BASE", "nAngleRange": "128"}	[{"nDamageBase": "0", "nDamageRand": "0", "nCostMana": "0"}, {"nDamageBase": "0", "nDamageRand": "0", "nCostMana": "0"}, {"nDamageBase": "0", "nDamageRand": "0", "nCostMana": "0"}, {"nDamageBase": "0", "nDamageRand": "0", "nCostMana": "0"}, {"nDamageBase": "0", "nDamageRand": "0", "nCostMana": "0"}]		
绝境战场\绝境_万剑归宗.lua	绝境战场	plain	{"nChannelInterval": "48 * HDJueJingSkillCoe", "nMinRadius": "0", "nMaxRadius": "50 * LENGTH_BASE", "nAngleRange": "256", "nAreaRadius": "6 * LENGTH_BASE", "nPrepareFrames": "0", "nBulletVelocity": "0"}	[{"nDamageBase": "69", "nDamageRand": "07", "nCostMana": "73"}, {"nDamageBase": "93", "nDamageRand": "09", "nCostMana": "109"}, {"nDamageBase": "119", "nDamageRand": "12", "nCostMana": "162"}, {"nDamageBase": "146", "nDamageRand": "15", "nCostMana": "202"}, {"nDamageBase": "171", "nDamageRand": "18", "nCostMana": "243"}, {"nDamageBase": "197", "nDamageRand": "20", "nCostMana": "283"}, {"nDamageBase": "207", "nDamageRand": "21", "nCostMana": "324"}]	SetPublicCoolDown(16);SetNormalCoolDown(1, 83);SetCheckCoolDown(1, 444)	CALL_ADAPTIVE_DAMAGE;EXECUTE_SCRIPT;SKILL_PHYSICS_DAMAGE;SKILL_PHYSICS_DAMAGE_RAND
绝境战场\绝境_三才化生.lua	绝境战场	plain	{"nMinRadius": "0", "nMaxRadius": "0", "nAngleRange": "256", "nAreaRadius": "8 * LENGTH_BASE", "nPrepareFrames": "0", "nBulletVelocity": "0", "nBrokenRate": "1024"}	[{"nCostMana": "89"}, {"nCostMana": "155"}, {"nCostMana": "200"}, {"nCostMana": "246"}, {"nCostMana": "292"}]	SetNormalCoolDown(1, 182);SetCheckCoolDown(1, 444)	EXECUTE_SCRIPT
绝境战场\绝境_三环套月.lua	绝境战场	plain	{"nMaxRadius": "MELEE_ATTACK_DISTANCE", "nAngleRange": "128", "nChannelInterval": "547 * HDJueJingSkillCoe_130", "nWeaponDamagePercent": "1024"}	[{"nDamageBase": "39 * 0.95", "nDamageRand": "39 * 0.1", "nCostMana": "29 * 2 / 3"}, {"nDamageBase": "78 * 0.95", "nDamageRand": "78 * 0.1", "nCostMana": "29 * 2 / 3"}, {"nDamageBase": "96 * 0.95", "nDamageRand": "96 * 0.1", "nCostMana": "43 * 2 / 3"}, {"nDamageBase": "124 * 0.95", "nDamageRand": "124 * 0.1", "nCostMana": "59 * 2 / 3"}, {"nDamageBase": "162 * 0.95", "nDamageRand": "162 * 0.1", "nCostMana": "84 * 2 / 3"}, {"nDamageBase": "201 * 0.95", "nDamageRand": "201 * 0.1", "nCostMana": "102 * 2 / 3"}, {"nDamageBase": "233 * 0.95", "nDamageRand": "233 * 0.1", "nCostMana": "120 * 2 / 3"}, {"nDamageBase": "280 * 0.95", "nDamageRand": "280 * 0.1", "nCostMana": "138 * 2 / 3"}, {"nDamageBase": "337 * 0.95", "nDamageRand": "337 * 0.1", "nCostMana": "156 * 2 / 3"}, {"nDamageBase": "368 * 0.95", "nDamageRand": "368 * 0.1", "nCostMana": "174 * 2 / 3"}, {"nDamageBase": "402 * 0.95", "nDamageRand": "402 * 0.1", "nCostMana": "192 * 2 / 3"}, {"nDamageBase": "458 * 0.95", "nDamageRand": "458 * 0.1", "nCostMana": "192 * 2 / 3"}]	SetPublicCoolDown(16);SetCheckCoolDown(1, 444)	CALL_ADAPTIVE_DAMAGE;EXECUTE_SCRIPT;SKILL_PHYSICS_DAMAGE;SKILL_PHYSICS_DAMAGE_RAND
绝境战场\绝境_三环套月额外伤害.lua	绝境战场	plain	{"nMaxRadius": "6 * LENGTH_BASE", "nAngleRange": "256", "nChannelInterval": "547 * HDJueJingSkillCoe_130"}	[{"nDamageBase": "39 * 0.95", "nDamageRand": "39 * 0.1", "nCostMana": "29 * 2 / 3"}, {"nDamageBase": "78 * 0.95", "nDamageRand": "78 * 0.1", "nCostMana": "29 * 2 / 3"}, {"nDamageBase": "96 * 0.95", "nDamageRand": "96 * 0.1", "nCostMana": "43 * 2 / 3"}, {"nDamageBase": "124 * 0.95", "nDamageRand": "124 * 0.1", "nCostMana": "59 * 2 / 3"}, {"nDamageBase": "162 * 0.95", "nDamageRand": "162 * 0.1", "nCostMana": "84 * 2 / 3"}, {"nDamageBase": "201 * 0.95", "nDamageRand": "201 * 0.1", "nCostMana": "102 * 2 / 3"}, {"nDamageBase": "233 * 0.95", "nDamageRand": "233 * 0.1", "nCostMana": "120 * 2 / 3"}, {"nDamageBase": "280 * 0.95", "nDamageRand": "280 * 0.1", "nCostMana": "138 * 2 / 3"}, {"nDamageBase": "337 * 0.95", "nDamageRand": "337 * 0.1", "nCostMana": "156 * 2 / 3"}, {"nDamageBase": "368 * 0.95", "nDamageRand": "368 * 0.1", "nCostMana": "174 * 2 / 3"}, {"nDamageBase": "402 * 0.95", "nDamageRand": "402 * 0.1", "nCostMana": "192 * 2 / 3"}, {"nDamageBase": "458 * 0.95", "nDamageRand": "458 * 0.1", "nCostMana": "192 * 2 / 3"}]		CALL_ADAPTIVE_DAMAGE;SKILL_PHYSICS_DAMAGE;SKILL_PHYSICS_DAMAGE_RAND
绝境战场\绝境_两仪化形.lua	绝境战场	plain	{"nMaxRadius": "20 * LENGTH_BASE", "nAngleRange": "128", "nChannelInterval": "10 * nSubsection * 1.05 * 1.15* HDJueJingSkillCoe", "nBrokenRate": "PERCENT_BASE"}	[{"nDamageBase": "80", "nDamageRand": "0", "nCostMana": "41"}, {"nDamageBase": "135", "nDamageRand": "0", "nCostMana": "41"}, {"nDamageBase": "185", "nDamageRand": "0", "nCostMana": "74"}, {"nDamageBase": "241", "nDamageRand": "0", "nCostMana": "127"}, {"nDamageBase": "308", "nDamageRand": "0", "nCostMana": "164"}, {"nDamageBase": "384", "nDamageRand": "0", "nCostMana": "200"}, {"nDamageBase": "480", "nDamageRand": "0", "nCostMana": "237"}, {"nDamageBase": "512", "nDamageRand": "0", "nCostMana": "273"}, {"nDamageBase": "560", "nDamageRand": "0", "nCostMana": "0"}]	SetPublicCoolDown(16);SetNormalCoolDown(1, 7108);SetCheckCoolDown(1, 444)	CALL_ADAPTIVE_DAMAGE;SKILL_NEUTRAL_DAMAGE;SKILL_NEUTRAL_DAMAGE_RAND
绝境战场\绝境_二段守缺.lua	绝境战场	plain	{"nMinRadius": "0", "nMaxRadius": "10 * LENGTH_BASE", "nAngleRange": "128", "nChannelInterval": "104* HDJueJingSkillCoe"}	[{"nDamage": "102 / 3", "nDamageRand": "0", "nCostMana": "0"}, {"nDamage": "123 / 3", "nDamageRand": "0", "nCostMana": "0"}, {"nDamage": "144 / 3", "nDamageRand": "0", "nCostMana": "0"}, {"nDamage": "165 / 3", "nDamageRand": "0", "nCostMana": "0"}, {"nDamage": "186 / 3", "nDamageRand": "0", "nCostMana": "0"}, {"nDamage": "207 / 3", "nDamageRand": "0", "nCostMana": "0"}, {"nDamage": "238 / 3", "nDamageRand": "0", "nCostMana": "0"}, {"nDamage": "279 / 3", "nDamageRand": "0", "nCostMana": "0"}, {"nDamage": "365 / 3", "nDamageRand": "0", "nCostMana": "0"}]		CALL_ADAPTIVE_DAMAGE;CALL_REPULSED;SKILL_SOLAR_DAMAGE;SKILL_SOLAR_DAMAGE_RAND
绝境战场\绝境_云飞玉皇.lua	绝境战场	plain	{"nMinRadius": "0 * LENGTH_BASE", "nMaxRadius": "8 * LENGTH_BASE", "nAngleRange": "128", "nPrepareFrames": "24", "nMinPrepareFrames": "1", "nChannelInterval": "200 * 1.07 *1.05 * HDJueJingSkillCoe", "nWeaponDamagePercent": "2048"}	[{"nDamage": "945 * 0.95", "nDamageRand": "945 * 0.1", "nCostMana": "0"}]	SetPublicCoolDown(16);SetNormalCoolDown(1, 7146);SetCheckCoolDown(1, 444)	CALL_ADAPTIVE_DAMAGE;EXECUTE_SCRIPT;SKILL_PHYSICS_DAMAGE;SKILL_PHYSICS_DAMAGE_RAND
绝境战场\绝境_云飞玉皇额外伤害.lua	绝境战场	plain	{"nMinRadius": "0 * LENGTH_BASE", "nMaxRadius": "10 * LENGTH_BASE", "nAngleRange": "128", "nChannelInterval": "170 * 1.07 * 1.05 * HDJueJingSkillCoe", "nWeaponDamagePercent": "2048"}	[{"nDamage": "945 * 0.95", "nDamageRand": "945 * 0.1", "nCostMana": "0"}]		CALL_ADAPTIVE_DAMAGE;SKILL_PHYSICS_DAMAGE;SKILL_PHYSICS_DAMAGE_RAND
绝境战场\绝境_五方行尽.lua	绝境战场	plain	{"nMaxRadius": "20 * LENGTH_BASE", "nAngleRange": "256", "nAreaRadius": "8 * LENGTH_BASE", "nChannelInterval": "16 * HDJueJingSkillCoe"}	[{"nDamageBase": "23", "nDamageRand": "0", "nCostMana": "0"}, {"nDamageBase": "31", "nDamageRand": "0", "nCostMana": "0"}, {"nDamageBase": "39", "nDamageRand": "0", "nCostMana": "0"}, {"nDamageBase": "47", "nDamageRand": "0", "nCostMana": "0"}, {"nDamageBase": "51", "nDamageRand": "0", "nCostMana": "0"}]	SetPublicCoolDown(16);SetNormalCoolDown(1, 169);SetCheckCoolDown(1, 444)	CALL_ADAPTIVE_DAMAGE;CALL_BUFF;SKILL_NEUTRAL_DAMAGE;SKILL_NEUTRAL_DAMAGE_RAND
绝境战场\绝境_五蕴皆空.lua	绝境战场	plain	{"nMaxRadius": "MELEE_ATTACK_DISTANCE", "nAngleRange": "128", "nDismountingRate": "PERCENT_BASE"}	[{"nCostMana": "49"}, {"nCostMana": "62"}, {"nCostMana": "76"}, {"nCostMana": "90"}]	SetPublicCoolDown(16);SetNormalCoolDown(1, 40);SetCheckCoolDown(1, 444)	EXECUTE_SCRIPT
绝境战场\绝境_亢龙有悔.lua	绝境战场	plain	{"nMinRadius": "0 * LENGTH_BASE", "nMaxRadius": "6 * LENGTH_BASE", "nAngleRange": "128", "nWeaponDamagePercent": "1024"}	[{"nAddRage": "0", "nCostRage": "10", "nDamage": "107", "nDamageRand": "5"}, {"nAddRage": "0", "nCostRage": "10", "nDamage": "120", "nDamageRand": "5"}, {"nAddRage": "0", "nCostRage": "10", "nDamage": "132", "nDamageRand": "5"}, {"nAddRage": "0", "nCostRage": "10", "nDamage": "144", "nDamageRand": "5"}, {"nAddRage": "0", "nCostRage": "10", "nDamage": "157", "nDamageRand": "5"}, {"nAddRage": "0", "nCostRage": "10", "nDamage": "55", "nDamageRand": "5"}, {"nAddRage": "0", "nCostRage": "10", "nDamage": "56", "nDamageRand": "5"}, {"nAddRage": "0", "nCostRage": "10", "nDamage": "58", "nDamageRand": "5"}, {"nAddRage": "0", "nCostRage": "10", "nDamage": "60", "nDamageRand": "5"}, {"nAddRage": "0", "nCostRage": "10", "nDamage": "62", "nDamageRand": "5"}, {"nAddRage": "0", "nCostRage": "10", "nDamage": "64", "nDamageRand": "5"}, {"nAddRage": "0", "nCostRage": "10", "nDamage": "68", "nDamageRand": "10"}, {"nAddRage": "0", "nCostRage": "10", "nDamage": "72", "nDamageRand": "10"}, {"nAddRage": "0", "nCostRage": "10", "nDamage": "76", "nDamageRand": "10"}, {"nAddRage": "0", "nCostRage": "10", "nDamage": "80", "nDamageRand": "10"}, {"nAddRage": "0", "nCostRage": "10", "nDamage": "84", "nDamageRand": "10"}, {"nAddRage": "0", "nCostRage": "10", "nDamage": "88", "nDamageRand": "10"}, {"nAddRage": "0", "nCostRage": "10", "nDamage": "92", "nDamageRand": "10"}, {"nAddRage": "0", "nCostRage": "10", "nDamage": "96", "nDamageRand": "10"}, {"nAddRage": "0", "nCostRage": "10", "nDamage": "100", "nDamageRand": "15"}]	SetPublicCoolDown(16);SetNormalCoolDown(1, 7193);SetCheckCoolDown(1, 444)	EXECUTE_SCRIPT
绝境战场\绝境_任驰骋.lua	绝境战场	plain	{"nMinRadius": "0", "nMaxRadius": "25 * LENGTH_BASE", "nAngleRange": "256", "nAreaRadius": "25 * LENGTH_BASE", "nPrepareFrames": "24", "nMinPrepareFrames": "1", "nBulletVelocity": "0", "nBreakRate": "0"}	[]	SetPublicCoolDown(16);SetNormalCoolDown(1, 7134);SetCheckCoolDown(1, 444)	CALL_BUFF;DEL_MULTI_GROUP_BUFF_BY_FUNCTIONTYPE;EXECUTE_SCRIPT
绝境战场\绝境_傍花随柳.lua	绝境战场	plain	{"nMaxRadius": "20 * LENGTH_BASE", "nAngleRange": "128", "nPrepareFrames": "16", "nMinPrepareFrames": "1", "nBrokenRate": "PERCENT_BASE"}	[{"nDamageBase": "0", "nDamageRand": "0", "nCostMana": "206"}, {"nDamageBase": "0", "nDamageRand": "0", "nCostMana": "275"}, {"nDamageBase": "0", "nDamageRand": "0", "nCostMana": "344"}, {"nDamageBase": "0", "nDamageRand": "0", "nCostMana": "412"}, {"nDamageBase": "0", "nDamageRand": "0", "nCostMana": "454"}]	SetPublicCoolDown(16);SetNormalCoolDown(1, 179);SetCheckCoolDown(1, 444)	EXECUTE_SCRIPT
绝境战场\绝境_傍花随柳伤害触发.lua	绝境战场	plain	{"nMaxRadius": "80 * LENGTH_BASE", "nAngleRange": "256", "nChannelInterval": "80 * HDJueJingSkillCoe", "bIgnorePrepareState": "true"}	[{"nDamageBase": "337", "nDamageRand": "46"}]		CALL_ADAPTIVE_DAMAGE;SKILL_NEUTRAL_DAMAGE;SKILL_NEUTRAL_DAMAGE_RAND
绝境战场\绝境_傍花随柳触发.lua	绝境战场	plain	{}	[{"nDamageBase": "0", "nDamageRand": "0", "nCostMana": "0"}, {"nDamageBase": "0", "nDamageRand": "0", "nCostMana": "0"}, {"nDamageBase": "0", "nDamageRand": "0", "nCostMana": "0"}, {"nDamageBase": "0", "nDamageRand": "0", "nCostMana": "0"}, {"nDamageBase": "0", "nDamageRand": "0", "nCostMana": "0"}, {"nDamageBase": "0", "nDamageRand": "0", "nCostMana": "0"}, {"nDamageBase": "0", "nDamageRand": "0", "nCostMana": "0"}, {"nDamageBase": "0", "nDamageRand": "0", "nCostMana": "0"}, {"nDamageBase": "0", "nDamageRand": "0", "nCostMana": "0"}, {"nDamageBase": "0", "nDamageRand": "0", "nCostMana": "0"}]		EXECUTE_SCRIPT
绝境战场\绝境_兰摧子技能.lua	绝境战场	plain	{"nMaxRadius": "20 * LENGTH_BASE", "nAngleRange": "128", "nChannelInterval": "80 * HDJueJingSkillCoe", "nBrokenRate": "PERCENT_BASE"}	[{"nCostMana": "26"}, {"nCostMana": "38"}, {"nCostMana": "53"}, {"nCostMana": "74"}, {"nCostMana": "90"}, {"nCostMana": "106"}, {"nCostMana": "122"}, {"nCostMana": "138"}, {"nCostMana": "154"}, {"nCostMana": "170"}, {"nCostMana": "170"}, {"nCostMana": "170"}]		
绝境战场\绝境_兰摧玉折.lua	绝境战场	plain	{"nMaxRadius": "20 * LENGTH_BASE", "nAngleRange": "128", "nChannelInterval": "80 * HDJueJingSkillCoe", "nPrepareFrames": "16", "nMinPrepareFrames": "1", "nBrokenRate": "PERCENT_BASE"}	[{"nCostMana": "26"}, {"nCostMana": "38"}, {"nCostMana": "53"}, {"nCostMana": "74"}, {"nCostMana": "90"}, {"nCostMana": "106"}, {"nCostMana": "122"}, {"nCostMana": "138"}, {"nCostMana": "154"}, {"nCostMana": "170"}, {"nCostMana": "170"}, {"nCostMana": "170"}]	SetPublicCoolDown(16);SetCheckCoolDown(1, 444)	
绝境战场\绝境_冲阴阳.lua	绝境战场	plain	{"nMaxRadius": "20 * LENGTH_BASE", "nAngleRange": "256", "nPrepareFrames": "16", "nMinPrepareFrames": "1", "nBrokenRate": "PERCENT_BASE"}	[{"nDamageBase": "0", "nDamageRand": "0", "nCostMana": "58"}]	SetPublicCoolDown(16);SetNormalCoolDown(1, 7128);SetCheckCoolDown(1, 444)	EXECUTE_SCRIPT
绝境战场\绝境_净世破魔击.lua	绝境战场	plain	{"nMinRadius": "0 * LENGTH_BASE", "nMaxRadius": "12 * LENGTH_BASE", "nAngleRange": "128"}	[{"nCostMana": "30"}, {"nCostMana": "50"}, {"nCostMana": "67"}, {"nCostMana": "93"}, {"nCostMana": "111"}, {"nCostMana": "130"}, {"nCostMana": "149"}, {"nCostMana": "167"}, {"nCostMana": "186"}, {"nCostMana": "186"}]	SetPublicCoolDown(16);SetNormalCoolDown(1, 7115);SetCheckCoolDown(1, 444)	CALL_BUFF;CAST_SKILL;DASH;DETACH_SINGLE_BUFF
绝境战场\绝境_凌太虚.lua	绝境战场	plain	{"nMaxRadius": "20 * LENGTH_BASE", "nAngleRange": "256", "nPrepareFrames": "16", "nMinPrepareFrames": "1", "nBrokenRate": "PERCENT_BASE"}	[{"nDamageBase": "0", "nDamageRand": "0", "nCostMana": "58"}]	SetPublicCoolDown(16);SetNormalCoolDown(1, 7131);SetCheckCoolDown(1, 444)	EXECUTE_SCRIPT
绝境战场\绝境_凌太虚子技能.lua	绝境战场	plain	{"nMaxRadius": "50 * LENGTH_BASE", "nAngleRange": "256", "nAreaRadius": "15 * LENGTH_BASE"}	[{"nDamageBase": "11", "nDamageRand": "0", "nCostMana": "0"}, {"nDamageBase": "14", "nDamageRand": "0", "nCostMana": "0"}, {"nDamageBase": "17", "nDamageRand": "0", "nCostMana": "0"}, {"nDamageBase": "20", "nDamageRand": "0", "nCostMana": "0"}, {"nDamageBase": "24", "nDamageRand": "0", "nCostMana": "0"}, {"nDamageBase": "25", "nDamageRand": "0", "nCostMana": "0"}]		
绝境战场\绝境_剑主天地.lua	绝境战场	plain	{"nMaxRadius": "20 * LENGTH_BASE", "nAngleRange": "128", "nChannelInterval": "52.8 * 1.05* HDJueJingSkillCoe", "nBrokenRate": "PERCENT_BASE"}	[{"nCostMana": "62"}, {"nCostMana": "68"}, {"nCostMana": "74"}, {"nCostMana": "80"}, {"nCostMana": "86"}, {"nCostMana": "92"}, {"nCostMana": "98"}, {"nCostMana": "104"}, {"nCostMana": "110"}, {"nCostMana": "116"}, {"nCostMana": "122"}, {"nCostMana": "128"}]	SetPublicCoolDown(16);SetNormalCoolDown(1, 7144);SetCheckCoolDown(1, 444)	CALL_ADAPTIVE_DAMAGE;EXECUTE_SCRIPT;SKILL_LUNAR_DAMAGE;SKILL_LUNAR_DAMAGE_RAND
绝境战场\绝境_剑转流云.lua	绝境战场	plain	{"nMinRadius": "0 * LENGTH_BASE", "nMaxRadius": "20 * LENGTH_BASE", "nAngleRange": "256", "nPrepareFrames": "0", "nBulletVelocity": "0"}	[{"nCostMana": "23"}, {"nCostMana": "49"}]	SetPublicCoolDown(16);SetCheckCoolDown(1, 444)	DETACH_SINGLE_BUFF
绝境战场\绝境_剑飞惊天.lua	绝境战场	plain	{"nMinRadius": "0", "nMaxRadius": "20 * LENGTH_BASE", "nAngleRange": "128", "nPrepareFrames": "0", "nBulletVelocity": "0", "nChannelInterval": "16 * HDJueJingSkillCoe", "nBreakRate": "PERCENT_BASE", "nDismountingRate": "PERCENT_BASE", "nWeaponDamagePercent": "0"}	[{"nDamageBase": "56", "nDamageRand": "28", "nCostMana": "130"}, {"nDamageBase": "70", "nDamageRand": "35", "nCostMana": "165"}, {"nDamageBase": "83", "nDamageRand": "41", "nCostMana": "200"}, {"nDamageBase": "96", "nDamageRand": "48", "nCostMana": "235"}, {"nDamageBase": "109", "nDamageRand": "54", "nCostMana": "270"}]	SetNormalCoolDown(1, 86);SetCheckCoolDown(1, 444)	CALL_ADAPTIVE_DAMAGE;EXECUTE_SCRIPT;SKILL_PHYSICS_DAMAGE;SKILL_PHYSICS_DAMAGE_RAND
绝境战场\绝境_化血镖.lua	绝境战场	plain	{"nWeaponDamagePercent": "0", "nMinRadius": "0", "nMaxRadius": "25 * LENGTH_BASE", "nAngleRange": "128", "nPrepareFrames": "0", "nChannelInterval": "117*0.6* HDJueJingSkillCoe", "nBulletVelocity": "0", "nBreakRate": "0"}	[{"nCostMana": "14"}, {"nCostMana": "22"}, {"nCostMana": "29"}, {"nCostMana": "40"}, {"nCostMana": "49"}, {"nCostMana": "57"}, {"nCostMana": "65"}, {"nCostMana": "73"}, {"nCostMana": "81"}, {"nCostMana": "90"}, {"nCostMana": "90"}]	SetPublicCoolDown(16);SetCheckCoolDown(1, 444)	
绝境战场\绝境_千蝶吐瑞.lua	绝境战场	plain	{"nMinRadius": "0 * LENGTH_BASE", "nMaxRadius": "20 * LENGTH_BASE", "nAngleRange": "256", "nChannelInterval": "8", "nMinChannelInterval": "1", "nChannelFrame": "128", "nMinChannelFrame": "1", "nBeatBackRate": "0 * PERCENT_BASE", "nBrokenRate": "0 * PERCENT_BASE"}	[{"nDamageBase": "58 * 0.95", "nDamageRand": "58 * 0.1", "nCostMana": "2454"}]	SetPublicCoolDown(16);SetNormalCoolDown(1, 7154);SetCheckCoolDown(1, 444)	AUTO_SELECT_TARGET_BY_LIFELESS;CAST_SUB_SKILL;EXECUTE_SCRIPT
绝境战场\绝境_吞日月.lua	绝境战场	plain	{"nMaxRadius": "20 * LENGTH_BASE", "nAngleRange": "256", "nPrepareFrames": "16", "nMinPrepareFrames": "1", "nBrokenRate": "PERCENT_BASE"}	[{"nDamageBase": "0", "nDamageRand": "0", "nCostMana": "58"}]	SetPublicCoolDown(16);SetNormalCoolDown(1, 7132);SetCheckCoolDown(1, 444)	EXECUTE_SCRIPT
绝境战场\绝境_听雷.lua	绝境战场	plain	{"nMaxRadius": "MELEE_ATTACK_DISTANCE", "nAngleRange": "128", "nChannelInterval": "35 * 1.1 * HDJueJingSkillCoe"}	[{"nDamageBase": "35", "nCostRage": "20", "nDamage": "117 * 1.045 * 1.1", "nDamageRand": "117 * 0.11 * 1.1"}]	SetPublicCoolDown(16);SetNormalCoolDown(1, 7114);SetCheckCoolDown(1, 444)	CALL_ADAPTIVE_DAMAGE;EXECUTE_SCRIPT;SKILL_PHYSICS_DAMAGE;SKILL_PHYSICS_DAMAGE_RAND
绝境战场\绝境_商阳子技能.lua	绝境战场	plain	{"nMaxRadius": "20 * LENGTH_BASE", "nAngleRange": "128", "nChannelInterval": "65 * HDJueJingSkillCoe", "nBrokenRate": "PERCENT_BASE"}	[{"nCostMana": "26"}, {"nCostMana": "38"}, {"nCostMana": "53"}, {"nCostMana": "74"}, {"nCostMana": "90"}, {"nCostMana": "106"}, {"nCostMana": "122"}, {"nCostMana": "138"}, {"nCostMana": "154"}, {"nCostMana": "170"}, {"nCostMana": "170"}, {"nCostMana": "170"}]		
绝境战场\绝境_商阳指.lua	绝境战场	plain	{"nMaxRadius": "20 * LENGTH_BASE", "nAngleRange": "128", "nChannelInterval": "65 * HDJueJingSkillCoe", "nBrokenRate": "PERCENT_BASE"}	[{"nCostMana": "26"}, {"nCostMana": "38"}, {"nCostMana": "53"}, {"nCostMana": "74"}, {"nCostMana": "90"}, {"nCostMana": "106"}, {"nCostMana": "122"}, {"nCostMana": "138"}, {"nCostMana": "154"}, {"nCostMana": "170"}, {"nCostMana": "170"}, {"nCostMana": "170"}]	SetPublicCoolDown(16);SetCheckCoolDown(1, 444)	
绝境战场\绝境_啸如虎.lua	绝境战场	plain	{}	[{"nDamageBase": "0", "nDamageRand": "0", "nCostMana": "0"}, {"nDamageBase": "0", "nDamageRand": "0", "nCostMana": "0"}, {"nDamageBase": "0", "nDamageRand": "0", "nCostMana": "0"}, {"nDamageBase": "0", "nDamageRand": "0", "nCostMana": "0"}, {"nDamageBase": "0", "nDamageRand": "0", "nCostMana": "0"}, {"nDamageBase": "0", "nDamageRand": "0", "nCostMana": "0"}, {"nDamageBase": "0", "nDamageRand": "0", "nCostMana": "0"}, {"nDamageBase": "0", "nDamageRand": "0", "nCostMana": "0"}, {"nDamageBase": "0", "nDamageRand": "0", "nCostMana": "0"}, {"nDamageBase": "0", "nDamageRand": "0", "nCostMana": "0"}]	SetPublicCoolDown(16);SetNormalCoolDown(1, 7152);SetCheckCoolDown(1, 444)	
绝境战场\绝境_四象轮回.lua	绝境战场	plain	{"nMaxRadius": "25 * LENGTH_BASE", "nAngleRange": "128", "nPrepareFrames": "1.5 * GAME_FPS", "nMinPrepareFrames": "1", "nChannelInterval": "50 * HDJueJingSkillCoe", "nBrokenRate": "PERCENT_BASE"}	[{"nDamageBase": "0", "nDamageRand": "0", "nCostMana": "29"}, {"nDamageBase": "0", "nDamageRand": "0", "nCostMana": "44"}, {"nDamageBase": "0", "nDamageRand": "0", "nCostMana": "73"}, {"nDamageBase": "0", "nDamageRand": "0", "nCostMana": "91"}, {"nDamageBase": "0", "nDamageRand": "0", "nCostMana": "109"}, {"nDamageBase": "0", "nDamageRand": "0", "nCostMana": "127"}, {"nDamageBase": "0", "nDamageRand": "0", "nCostMana": "146"}, {"nDamageBase": "0", "nDamageRand": "0", "nCostMana": "146"}]	SetPublicCoolDown(16);SetCheckCoolDown(1, 444)	CALL_ADAPTIVE_DAMAGE;SKILL_NEUTRAL_DAMAGE;SKILL_NEUTRAL_DAMAGE_RAND
绝境战场\绝境_回风扫叶.lua	绝境战场	plain	{"nWeaponDamagePercent": "0", "nCostMana": "tSkillData[dwSkillLevel].nCostMana", "nMaxRadius": "MELEE_ATTACK_DISTANCE", "nAngleRange": "85", "nChannelInterval": "160 * 2.2"}	[]	SetPublicCoolDown(16);SetNormalCoolDown(1, 503);SetCheckCoolDown(1, 444);SetCheckCoolDown(2, 2436);SetCheckCoolDown(3, 2437)	CALL_ADAPTIVE_DAMAGE
绝境战场\绝境_圣明佑.lua	绝境战场	plain	{}	[{"nDamageBase": "0", "nDamageRand": "0", "nCostMana": "286"}]	SetNormalCoolDown(1, 543);SetCheckCoolDown(1, 444)	EXECUTE_SCRIPT
绝境战场\绝境_坐忘无我.lua	绝境战场	plain	{"nMinRadius": "0", "nMaxRadius": "4 * LENGTH_BASE", "nAngleRange": "256", "nPrepareFrames": "0", "nBulletVelocity": "0", "nBreakRate": "1024"}	[{"nCostMana": "52"}, {"nCostMana": "82"}, {"nCostMana": "136"}, {"nCostMana": "173"}, {"nCostMana": "209"}, {"nCostMana": "246"}, {"nCostMana": "282"}, {"nCostMana": "282"}]	SetPublicCoolDown(16);SetNormalCoolDown(1, 163);SetCheckCoolDown(1, 444)	CALL_BUFF
绝境战场\绝境_夕照雷锋.lua	绝境战场	plain	{"nMinRadius": "0* LENGTH_BASE", "nMaxRadius": "8 * LENGTH_BASE", "nAngleRange": "128", "nWeaponDamagePercent": "2048", "nPrepareFrames": "24", "nMinPrepareFrames": "1", "nBulletVelocity": "0", "nBeatBackRate": "0 * PERCENT_BASE"}	[{"nAddRage": "0", "nCostRage": "20", "nDamage": "94 *0.95", "nDamageRand": "94 *0.1"}, {"nAddRage": "0", "nCostRage": "20", "nDamage": "117*0.95", "nDamageRand": "117*0.1"}, {"nAddRage": "0", "nCostRage": "20", "nDamage": "141*0.95", "nDamageRand": "141*0.1"}, {"nAddRage": "0", "nCostRage": "20", "nDamage": "164*0.95", "nDamageRand": "164*0.1"}, {"nAddRage": "0", "nCostRage": "20", "nDamage": "188*0.95", "nDamageRand": "188*0.1"}, {"nAddRage": "0", "nCostRage": "20", "nDamage": "212*0.95", "nDamageRand": "212*0.1"}, {"nAddRage": "0", "nCostRage": "20", "nDamage": "235*0.95", "nDamageRand": "235*0.1"}, {"nAddRage": "0", "nCostRage": "20", "nDamage": "259*0.95", "nDamageRand": "259*0.1"}, {"nAddRage": "0", "nCostRage": "20", "nDamage": "301*0.95", "nDamageRand": "301*0.1"}]	SetPublicCoolDown(16);SetCheckCoolDown(1, 444)	CAST_SKILL_TARGET_DST
绝境战场\绝境_夕照雷锋伤害子技能.lua	绝境战场	plain	{"nMinRadius": "0 * LENGTH_BASE", "nMaxRadius": "10 * LENGTH_BASE", "nAngleRange": "128", "nWeaponDamagePercent": "2048", "nChannelInterval": "72 * 1.1 * 1.15 * 1.05 * HDJueJingSkillCoe", "nBulletVelocity": "0", "nBeatBackRate": "0 * PERCENT_BASE"}	[{"nAddRage": "0", "nCostRage": "20", "nDamage": "94 * 1.097 * 1.15", "nDamageRand": "94 * 0.115 * 1.15"}, {"nAddRage": "0", "nCostRage": "20", "nDamage": "117 * 1.097 * 1.15", "nDamageRand": "117 * 0.115 * 1.15"}, {"nAddRage": "0", "nCostRage": "20", "nDamage": "141 * 1.097 * 1.15", "nDamageRand": "141 * 0.115 * 1.15"}, {"nAddRage": "0", "nCostRage": "20", "nDamage": "164 * 1.097 * 1.15", "nDamageRand": "164 * 0.115 * 1.15"}, {"nAddRage": "0", "nCostRage": "20", "nDamage": "188 * 1.097 * 1.15", "nDamageRand": "188 * 0.115 * 1.15"}, {"nAddRage": "0", "nCostRage": "20", "nDamage": "212 * 1.097 * 1.15", "nDamageRand": "212 * 0.115 * 1.15"}, {"nAddRage": "0", "nCostRage": "20", "nDamage": "235 * 1.097 * 1.15", "nDamageRand": "235 * 0.115 * 1.15"}, {"nAddRage": "0", "nCostRage": "20", "nDamage": "259 * 1.097 * 1.15", "nDamageRand": "259 * 0.115 * 1.15"}, {"nAddRage": "0", "nCostRage": "20", "nDamage": "301 * 1.097 * 1.15", "nDamageRand": "301 * 0.115 * 1.15"}]		CALL_ADAPTIVE_DAMAGE;SKILL_PHYSICS_DAMAGE;SKILL_PHYSICS_DAMAGE_RAND
绝境战场\绝境_大狮子吼.lua	绝境战场	plain	{"nMaxRadius": "6 * LENGTH_BASE", "nAngleRange": "256", "nAreaRadius": "6 * LENGTH_BASE"}	[]	SetPublicCoolDown(16);SetNormalCoolDown(1, 7120);SetCheckCoolDown(1, 444)	
绝境战场\绝境_大道无术.lua	绝境战场	plain	{"nMaxRadius": "8 * LENGTH_BASE", "nAngleRange": "128", "nBreakRate": "PERCENT_BASE"}	[{"nDamageBase": "0", "nDamageRand": "0", "nCostMana": "314"}]	SetPublicCoolDown(16);SetNormalCoolDown(1, 172);SetCheckCoolDown(1, 444)	
绝境战场\绝境_天地低昂.lua	绝境战场	plain	{"nMinRadius": "0", "nMaxRadius": "5 * LENGTH_BASE", "nAngleRange": "256", "nPrepareFrames": "0", "nBulletVelocity": "0"}	[{"nCostMana": "33"}, {"nCostMana": "57"}, {"nCostMana": "77"}, {"nCostMana": "98"}, {"nCostMana": "98"}]	SetPublicCoolDown(16);SetNormalCoolDown(1, 119);SetCheckCoolDown(1, 444)	EXECUTE_SCRIPT
绝境战场\绝境_天地无极.lua	绝境战场	plain	{"nWeaponDamagePercent": "1024", "nMinRadius": "0", "nMaxRadius": "20 * LENGTH_BASE", "nAngleRange": "128", "nChannelInterval": "80 * HDJueJingSkillCoe", "nPrepareFrames": "0", "nBulletVelocity": "0", "nBreakRate": "0"}	[{"nCostMana": "36", "nDamage": "106 * 1.07", "nDamageRand": "106 * 0.044"}, {"nCostMana": "66", "nDamage": "131 * 1.07", "nDamageRand": "121 * 0.044"}, {"nCostMana": "103", "nDamage": "156 * 1.07", "nDamageRand": "139 * 0.044"}, {"nCostMana": "132", "nDamage": "181 * 1.07", "nDamageRand": "168 * 0.044"}, {"nCostMana": "162", "nDamage": "206 * 1.07", "nDamageRand": "203 * 0.044"}, {"nCostMana": "191", "nDamage": "231 * 1.07", "nDamageRand": "238 * 0.044"}, {"nCostMana": "220", "nDamage": "279 * 1.07", "nDamageRand": "279 * 0.044"}, {"nCostMana": "243", "nDamage": "365 * 1.07", "nDamageRand": "365 * 0.044"}, {"nCostMana": "268", "nDamage": "405 * 1.07", "nDamageRand": "405 * 0.044"}]	SetPublicCoolDown(16);SetNormalCoolDown(1, 7113);SetCheckCoolDown(1, 444)	CALL_ADAPTIVE_DAMAGE;EXECUTE_SCRIPT;SKILL_PHYSICS_DAMAGE;SKILL_PHYSICS_DAMAGE_RAND
绝境战场\绝境_太极无极.lua	绝境战场	plain	{"nMinRadius": "0", "nMaxRadius": "20 * LENGTH_BASE", "nAngleRange": "128", "nChannelInterval": "100 * HDJueJingSkillCoe", "nPrepareFrames": "0", "nBulletVelocity": "0", "nBreakRate": "1024"}	[{"nDamageBase": "39 * 0.95", "nDamageRand": "39 * 0.95", "nCostMana": "09"}, {"nDamageBase": "78 * 0.95", "nDamageRand": "78 * 0.95", "nCostMana": "17"}, {"nDamageBase": "82 * 0.95", "nDamageRand": "82 * 0.95", "nCostMana": "32"}, {"nDamageBase": "98 * 0.95", "nDamageRand": "98 * 0.95", "nCostMana": "43"}, {"nDamageBase": "120 * 0.95", "nDamageRand": "120 * 0.95", "nCostMana": "53"}, {"nDamageBase": "142 * 0.95", "nDamageRand": "142 * 0.95", "nCostMana": "64"}, {"nDamageBase": "183 * 0.95", "nDamageRand": "183 * 0.95", "nCostMana": "75"}, {"nDamageBase": "229 * 0.95", "nDamageRand": "229 * 0.95", "nCostMana": "86"}, {"nDamageBase": "275 * 0.95", "nDamageRand": "275 * 0.95", "nCostMana": "86"}]	SetNormalCoolDown(1, 7100);SetPublicCoolDown(16);SetCheckCoolDown(1, 444)	CALL_ADAPTIVE_DAMAGE;EXECUTE_SCRIPT;SKILL_NEUTRAL_DAMAGE;SKILL_NEUTRAL_DAMAGE_RAND
绝境战场\绝境_太阴指.lua	绝境战场	plain	{"nMaxRadius": "4 * LENGTH_BASE", "nPrepareFrames": "0", "nBulletVelocity": "0", "nBreakRate": "1000"}	[{"nCostMana": "125"}, {"nCostMana": "226"}, {"nCostMana": "314"}, {"nCostMana": "401"}, {"nCostMana": "488"}, {"nCostMana": "576"}]	SetPublicCoolDown(16);SetNormalCoolDown(1, 7149);SetCheckCoolDown(1, 444)	DASH_BACKWARD;DEL_MULTI_GROUP_BUFF_BY_FUNCTIONTYPE
绝境战场\绝境_夺命蛊.lua	绝境战场	plain	{}	[{"nDamageBase": "0", "nDamageRand": "0", "nCostMana": "286"}]	SetNormalCoolDown(1, 7104);SetCheckCoolDown(1, 444)	
绝境战场\绝境_夺魄箭.lua	绝境战场	plain	{"nMinRadius": "0 * LENGTH_BASE", "nMaxRadius": "25 * LENGTH_BASE", "nAngleRange": "128", "nPrepareFrames": "24", "nMinPrepareFrames": "1", "nChannelInterval": "86.4 * 1.15* HDJueJingSkillCoe", "nWeaponDamagePercent": "2048"}	[{"nDamageBase": "17 * 1.026", "nDamageRand": "17 * 0.108", "nCostMana": "0"}, {"nDamageBase": "27 * 1.026", "nDamageRand": "27 * 0.108", "nCostMana": "0"}, {"nDamageBase": "37 * 1.026", "nDamageRand": "37 * 0.108", "nCostMana": "0"}, {"nDamageBase": "63 * 1.026", "nDamageRand": "63 * 0.108", "nCostMana": "0"}, {"nDamageBase": "90 * 1.026", "nDamageRand": "90 * 0.108", "nCostMana": "0"}, {"nDamageBase": "131 * 1.026", "nDamageRand": "131 * 0.108", "nCostMana": "0"}, {"nDamageBase": "172 * 1.026", "nDamageRand": "172 * 0.108", "nCostMana": "0"}, {"nDamageBase": "236 * 1.026", "nDamageRand": "236 * 0.108", "nCostMana": "0"}, {"nDamageBase": "282 * 1.026", "nDamageRand": "282 * 0.108", "nCostMana": "0"}, {"nDamageBase": "327 * 1.026", "nDamageRand": "327 * 0.108", "nCostMana": "0"}, {"nDamageBase": "373 * 1.026", "nDamageRand": "373 * 0.108", "nCostMana": "0"}, {"nDamageBase": "418 * 1.026", "nDamageRand": "418 * 0.108", "nCostMana": "0"}]	SetPublicCoolDown(16);SetCheckCoolDown(1, 444)	CALL_ADAPTIVE_DAMAGE;SKILL_PHYSICS_DAMAGE;SKILL_PHYSICS_DAMAGE_RAND
绝境战场\绝境_女娲补天.lua	绝境战场	plain	{}	[{"nDamageBase": "0", "nDamageRand": "0", "nCostMana": "286"}]	SetNormalCoolDown(1, 7136);SetCheckCoolDown(1, 444)	
绝境战场\绝境_孔雀翎.lua	绝境战场	plain	{"nMinRadius": "0 * LENGTH_BASE", "nMaxRadius": "20 * LENGTH_BASE", "nAngleRange": "128"}	[{"nDamageBase": "100", "nDamageRand": "0", "nCostMana": "0"}, {"nDamageBase": "0", "nDamageRand": "0", "nCostMana": "0"}, {"nDamageBase": "0", "nDamageRand": "0", "nCostMana": "0"}, {"nDamageBase": "0", "nDamageRand": "0", "nCostMana": "0"}, {"nDamageBase": "0", "nDamageRand": "0", "nCostMana": "0"}, {"nDamageBase": "0", "nDamageRand": "0", "nCostMana": "0"}, {"nDamageBase": "0", "nDamageRand": "0", "nCostMana": "0"}, {"nDamageBase": "0", "nDamageRand": "0", "nCostMana": "0"}, {"nDamageBase": "0", "nDamageRand": "0", "nCostMana": "0"}, {"nDamageBase": "0", "nDamageRand": "0", "nCostMana": "0"}]	SetPublicCoolDown(16);SetNormalCoolDown(1, 7107);SetCheckCoolDown(1, 444)	CAST_SKILL_TARGET_DST
绝境战场\绝境_孔雀翎实际伤害.lua	绝境战场	plain	{"nMinRadius": "0 * LENGTH_BASE", "nMaxRadius": "30 * LENGTH_BASE", "nAngleRange": "128", "nAreaRadius": "10 * LENGTH_BASE", "nChannelInterval": "72* HDJueJingSkillCoe"}	[{"nDamageBase": "30 * 0.95", "nDamageRand": "30 * 0.1", "nCostMana": "0"}, {"nDamageBase": "41 * 0.95", "nDamageRand": "41 * 0.1", "nCostMana": "0"}, {"nDamageBase": "69 * 0.95", "nDamageRand": "69 * 0.1", "nCostMana": "0"}, {"nDamageBase": "99 * 0.95", "nDamageRand": "99 * 0.1", "nCostMana": "0"}, {"nDamageBase": "144 * 0.95", "nDamageRand": "144 * 0.1", "nCostMana": "0"}, {"nDamageBase": "189 * 0.95", "nDamageRand": "189 * 0.1", "nCostMana": "0"}, {"nDamageBase": "260 * 0.95", "nDamageRand": "260 * 0.1", "nCostMana": "0"}, {"nDamageBase": "310 * 0.95", "nDamageRand": "310 * 0.1", "nCostMana": "0"}]		CALL_ADAPTIVE_DAMAGE;EXECUTE_SCRIPT;SKILL_PHYSICS_DAMAGE;SKILL_PHYSICS_DAMAGE_RAND
绝境战场\绝境_孔雀翎技能事件触发伤害.lua	绝境战场	plain	{"nMaxRadius": "30 * LENGTH_BASE", "nAngleRange": "256", "nChannelInterval": "35* HDJueJingSkillCoe"}	[{"nDamageBase": "39 * 0.95", "nDamageRand": "39 * 0.1", "nCostMana": "29 * 2 / 3"}, {"nDamageBase": "78 * 0.95", "nDamageRand": "78 * 0.1", "nCostMana": "29 * 2 / 3"}, {"nDamageBase": "96 * 0.95", "nDamageRand": "96 * 0.1", "nCostMana": "43 * 2 / 3"}, {"nDamageBase": "124 * 0.95", "nDamageRand": "124 * 0.1", "nCostMana": "59 * 2 / 3"}, {"nDamageBase": "162 * 0.95", "nDamageRand": "162 * 0.1", "nCostMana": "84 * 2 / 3"}, {"nDamageBase": "201 * 0.95", "nDamageRand": "201 * 0.1", "nCostMana": "102 * 2 / 3"}, {"nDamageBase": "233 * 0.95", "nDamageRand": "233 * 0.1", "nCostMana": "120 * 2 / 3"}, {"nDamageBase": "280 * 0.95", "nDamageRand": "280 * 0.1", "nCostMana": "138 * 2 / 3"}, {"nDamageBase": "337 * 0.95", "nDamageRand": "337 * 0.1", "nCostMana": "156 * 2 / 3"}, {"nDamageBase": "368 * 0.95", "nDamageRand": "368 * 0.1", "nCostMana": "174 * 2 / 3"}, {"nDamageBase": "402 * 0.95", "nDamageRand": "402 * 0.1", "nCostMana": "192 * 2 / 3"}, {"nDamageBase": "458 * 0.95", "nDamageRand": "458 * 0.1", "nCostMana": "192 * 2 / 3"}]		CALL_ADAPTIVE_DAMAGE;EXECUTE_SCRIPT;SKILL_PHYSICS_DAMAGE;SKILL_PHYSICS_DAMAGE_RAND
绝境战场\绝境_守缺式.lua	绝境战场	plain	{"nMinRadius": "0", "nMaxRadius": "8 * LENGTH_BASE", "nAngleRange": "128", "nPrepareFrames": "0", "nWeaponDamagePercent": "0", "nBulletVelocity": "0", "nBreakRate": "0"}	[{"nDamage": "57 * 0.95", "nDamageRand": "57 * 0.1", "nCostMana": "17 * 3"}, {"nDamage": "77 * 0.95", "nDamageRand": "77 * 0.1", "nCostMana": "26 * 3"}, {"nDamage": "96 * 0.95", "nDamageRand": "96 * 0.1", "nCostMana": "32 * 3"}, {"nDamage": "115 * 0.95", "nDamageRand": "115 * 0.1", "nCostMana": "39 * 3"}, {"nDamage": "135 * 0.95", "nDamageRand": "135 * 0.1", "nCostMana": "45 * 3"}, {"nDamage": "154 * 0.95", "nDamageRand": "154 * 0.1", "nCostMana": "52 * 3"}, {"nDamage": "182 * 0.95", "nDamageRand": "182 * 0.1", "nCostMana": "52 * 3"}]	SetPublicCoolDown(16);SetNormalCoolDown(1, 7097);SetCheckCoolDown(1, 444)	EXECUTE_SCRIPT
绝境战场\绝境_少明指.lua	绝境战场	plain	{"nMaxRadius": "20 * LENGTH_BASE", "nAngleRange": "128", "nPrepareFrames": "24", "nMinPrepareFrames": "1", "nChannelInterval": "16 * HDJueJingSkillCoe", "nBrokenRate": "PERCENT_BASE"}	[{"nDamageBase": "28", "nDamageRand": "0", "nCostMana": "229"}, {"nDamageBase": "47", "nDamageRand": "0", "nCostMana": "286"}, {"nDamageBase": "64", "nDamageRand": "0", "nCostMana": "344"}, {"nDamageBase": "81", "nDamageRand": "0", "nCostMana": "378"}]	SetPublicCoolDown(16);SetCheckCoolDown(1, 444)	CALL_ADAPTIVE_DAMAGE;DETACH_SINGLE_BUFF;SKILL_NEUTRAL_DAMAGE;SKILL_NEUTRAL_DAMAGE_RAND
绝境战场\绝境_帝骖龙翔.lua	绝境战场	plain	{"nMaxRadius": "8 * LENGTH_BASE", "nAngleRange": "256", "nAreaRadius": "8 * LENGTH_BASE", "nPrepareFrames": "0", "nChannelInterval": "16 * HDJueJingSkillCoe", "nBulletVelocity": "0", "nDismountingRate": "1024"}	[{"nDamageBase": "65", "nDamageRand": "6", "nCostMana": "97"}, {"nDamageBase": "84", "nDamageRand": "8", "nCostMana": "117"}, {"nDamageBase": "102", "nDamageRand": "10", "nCostMana": "138"}, {"nDamageBase": "135", "nDamageRand": "13", "nCostMana": "158"}]	SetPublicCoolDown(16);SetNormalCoolDown(1, 124);SetCheckCoolDown(1, 444)	CALL_ADAPTIVE_DAMAGE;SKILL_LUNAR_DAMAGE;SKILL_LUNAR_DAMAGE_RAND
绝境战场\绝境_幽月轮.lua	绝境战场	plain	{"nMinRadius": "0", "nMaxRadius": "4 * LENGTH_BASE", "nAngleRange": "128"}	[{"nCostMana": "30"}, {"nCostMana": "50"}, {"nCostMana": "67"}, {"nCostMana": "93"}, {"nCostMana": "111"}, {"nCostMana": "130"}, {"nCostMana": "149"}, {"nCostMana": "167"}, {"nCostMana": "186"}, {"nCostMana": "186"}]	SetPublicCoolDown(16);SetCheckCoolDown(1, 444)	CAST_SKILL
绝境战场\绝境_技能挂急曲.lua	绝境战场	plain	{"nMinRadius": "0 * LENGTH_BASE", "nMaxRadius": "30 * LENGTH_BASE", "nAngleRange": "256", "nChannelInterval": "56 * 1.12 * 1.06 * 0.85* HDJueJingSkillCoe", "bIgnorePrepareState": "true"}	[{"nDamageBase": "0", "nDamageRand": "0", "nCostMana": "0"}, {"nDamageBase": "0", "nDamageRand": "0", "nCostMana": "0"}, {"nDamageBase": "0", "nDamageRand": "0", "nCostMana": "0"}, {"nDamageBase": "0", "nDamageRand": "0", "nCostMana": "0"}, {"nDamageBase": "0", "nDamageRand": "0", "nCostMana": "0"}, {"nDamageBase": "0", "nDamageRand": "0", "nCostMana": "0"}, {"nDamageBase": "0", "nDamageRand": "0", "nCostMana": "0"}, {"nDamageBase": "0", "nDamageRand": "0", "nCostMana": "0"}, {"nDamageBase": "0", "nDamageRand": "0", "nCostMana": "0"}, {"nDamageBase": "0", "nDamageRand": "0", "nCostMana": "0"}]		
绝境战场\绝境_技能爆急曲.lua	绝境战场	plain	{"nMinRadius": "0 * LENGTH_BASE", "nMaxRadius": "30 * LENGTH_BASE", "nAngleRange": "256", "nChannelInterval": "56 * 1.12 * 1.06 * 0.85* HDJueJingSkillCoe", "bIgnorePrepareState": "true"}	[{"nDamageBase": "0", "nDamageRand": "0", "nCostMana": "0"}, {"nDamageBase": "0", "nDamageRand": "0", "nCostMana": "0"}, {"nDamageBase": "0", "nDamageRand": "0", "nCostMana": "0"}, {"nDamageBase": "0", "nDamageRand": "0", "nCostMana": "0"}, {"nDamageBase": "0", "nDamageRand": "0", "nCostMana": "0"}, {"nDamageBase": "0", "nDamageRand": "0", "nCostMana": "0"}, {"nDamageBase": "0", "nDamageRand": "0", "nCostMana": "0"}, {"nDamageBase": "0", "nDamageRand": "0", "nCostMana": "0"}, {"nDamageBase": "0", "nDamageRand": "0", "nCostMana": "0"}, {"nDamageBase": "0", "nDamageRand": "0", "nCostMana": "0"}]		CONSUME_BUFF
绝境战场\绝境_抱残式.lua	绝境战场	plain	{"nMinRadius": "0", "nMaxRadius": "8 * LENGTH_BASE", "nAngleRange": "128", "nPrepareFrames": "0", "nWeaponDamagePercent": "0", "nBulletVelocity": "0", "nBreakRate": "0"}	[{"nDamage": "0", "nDamageRand": "0", "nCostMana": "33"}, {"nDamage": "0", "nDamageRand": "0", "nCostMana": "57"}, {"nDamage": "0", "nDamageRand": "0", "nCostMana": "77"}, {"nDamage": "0", "nDamageRand": "0", "nCostMana": "98"}, {"nDamage": "0", "nDamageRand": "0", "nCostMana": "118"}, {"nDamage": "0", "nDamageRand": "0", "nCostMana": "135"}]	SetNormalCoolDown(1, 7096);SetCheckCoolDown(1, 444)	EXECUTE_SCRIPT
绝境战场\绝境_拿云式.lua	绝境战场	plain	{"nMaxRadius": "MELEE_ATTACK_DISTANCE", "nAngleRange": "128", "nChannelInterval": "180* HDJueJingSkillCoe"}	[{"nDamage": "386 / 3 * 0.95", "nDamageRand": "386 / 3 * 0.1", "nCostMana": "0"}, {"nDamage": "444 / 3 * 0.95", "nDamageRand": "444 / 3 * 0.1", "nCostMana": "0"}, {"nDamage": "502 / 3 * 0.95", "nDamageRand": "502 / 3 * 0.1", "nCostMana": "0"}, {"nDamage": "560 / 3 * 0.95", "nDamageRand": "560 / 3 * 0.1", "nCostMana": "0"}, {"nDamage": "618 / 3 * 0.95", "nDamageRand": "618 / 3 * 0.1", "nCostMana": "0"}, {"nDamage": "698 / 3 * 0.95", "nDamageRand": "698 / 3 * 0.1", "nCostMana": "0"}]	SetPublicCoolDown(16);SetCheckCoolDown(1, 444)	CALL_ADAPTIVE_DAMAGE;EXECUTE_SCRIPT;SKILL_SOLAR_DAMAGE;SKILL_SOLAR_DAMAGE_RAND
绝境战场\绝境_捉影式.lua	绝境战场	plain	{"nMinRadius": "MELEE_ATTACK_DISTANCE", "nMaxRadius": "35 * LENGTH_BASE", "nAngleRange": "128", "nPrepareFrames": "8", "nMinPrepareFrames": "1"}	[{"nCostMana": "53"}]	SetNormalCoolDown(1, 49);SetCheckCoolDown(1, 444)	DEL_SINGLE_BUFF_BY_ID_AND_LEVEL;EXECUTE_SCRIPT;KNOCKED_BACK_RATE;PULL
绝境战场\绝境_捕风式.lua	绝境战场	plain	{"nMinRadius": "0", "nMaxRadius": "20 * LENGTH_BASE", "nAngleRange": "128", "nPrepareFrames": "0", "nWeaponDamagePercent": "0", "nBulletVelocity": "0", "nChannelInterval": "32", "nBreakRate": "0"}	[{"nDamage": "46 * 0.95", "nDamageRand": "46 * 0.1", "nCostMana": "17"}, {"nDamage": "56 * 0.95", "nDamageRand": "56 * 0.1", "nCostMana": "24"}, {"nDamage": "68 * 0.95", "nDamageRand": "68 * 0.1", "nCostMana": "35"}, {"nDamage": "80 * 0.95", "nDamageRand": "80 * 0.1", "nCostMana": "43"}, {"nDamage": "92 * 0.95", "nDamageRand": "92 * 0.1", "nCostMana": "51"}, {"nDamage": "108 * 0.95", "nDamageRand": "108 * 0.1", "nCostMana": "60"}, {"nDamage": "120 * 0.95", "nDamageRand": "120 * 0.1", "nCostMana": "68"}, {"nDamage": "133 * 0.95", "nDamageRand": "133 * 0.1", "nCostMana": "76"}, {"nDamage": "145 * 0.95", "nDamageRand": "145 * 0.1", "nCostMana": "84"}, {"nDamage": "168 * 0.95", "nDamageRand": "168 * 0.1", "nCostMana": "84"}]	SetPublicCoolDown(16);SetNormalCoolDown(1, 7156);SetCheckCoolDown(1, 444)	CALL_ADAPTIVE_DAMAGE;SKILL_SOLAR_DAMAGE;SKILL_SOLAR_DAMAGE_RAND
绝境战场\绝境_摩诃无量.lua	绝境战场	plain	{"nWeaponDamagePercent": "1024", "nMinRadius": "0", "nMaxRadius": "20 * LENGTH_BASE", "nAngleRange": "128", "nChannelInterval": "120* HDJueJingSkillCoe", "nPrepareFrames": "0", "nBulletVelocity": "0", "nBreakRate": "0"}	[{"nDamageBase": "286 * 0.95", "nDamageRand": "286 * 0.1", "nCostMana": "0"}]	SetPublicCoolDown(16);SetNormalCoolDown(1, 7119);SetCheckCoolDown(1, 444)	CALL_ADAPTIVE_DAMAGE;CALL_KNOCKED_DOWN;SKILL_SOLAR_DAMAGE;SKILL_SOLAR_DAMAGE_RAND
绝境战场\绝境_撼如雷.lua	绝境战场	plain	{"nMaxRadius": "6 * LENGTH_BASE", "nAngleRange": "256", "nAreaRadius": "15 * LENGTH_BASE"}	[]	SetPublicCoolDown(16);SetNormalCoolDown(1, 7125);SetCheckCoolDown(1, 444)	EXECUTE_SCRIPT
绝境战场\绝境_断魂刺.lua	绝境战场	plain	{"nMinRadius": "8 * LENGTH_BASE", "nMaxRadius": "25 * LENGTH_BASE", "nAngleRange": "85", "nPrepareFrames": "0", "nBulletVelocity": "0", "nBreakRate": "0"}	[{"nCostMana": "35"}, {"nCostMana": "53"}, {"nCostMana": "78"}, {"nCostMana": "98"}, {"nCostMana": "117"}, {"nCostMana": "137"}, {"nCostMana": "157"}]	SetCheckCoolDown(1, 444);SetCheckCoolDown(2, 7127)	CALL_BUFF;CAST_SKILL_TARGET_DST;DASH;EXECUTE_SCRIPT
绝境战场\绝境_断魂刺伤害.lua	绝境战场	plain	{"nWeaponDamagePercent": "1024", "nChannelInterval": "16 * HDJueJingSkillCoe", "nMinRadius": "5 * LENGTH_BASE", "nMaxRadius": "25 * LENGTH_BASE", "nAngleRange": "256", "nPrepareFrames": "0", "nBulletVelocity": "100", "nBreakRate": "0"}	[{"nCostMana": "0", "nDamage": "20 * 0.95", "nDamageRand": "20 * 0.1"}, {"nCostMana": "0", "nDamage": "31 * 0.95", "nDamageRand": "31 * 0.1"}, {"nCostMana": "0", "nDamage": "41 * 0.95", "nDamageRand": "41 * 0.1"}, {"nCostMana": "0", "nDamage": "52 * 0.95", "nDamageRand": "52 * 0.1"}, {"nCostMana": "0", "nDamage": "62 * 0.95", "nDamageRand": "62 * 0.1"}, {"nCostMana": "0", "nDamage": "73 * 0.95", "nDamageRand": "73 * 0.1"}, {"nCostMana": "0", "nDamage": "83 * 0.95", "nDamageRand": "83 * 0.1"}]		CALL_ADAPTIVE_DAMAGE;SKILL_PHYSICS_DAMAGE;SKILL_PHYSICS_DAMAGE_RAND
绝境战场\绝境_施放技能通用显形.lua	绝境战场	plain	{"nMinRadius": "0 * LENGTH_BASE", "nMaxRadius": "20 * LENGTH_BASE", "nAngleRange": "256"}	[{"nDamageBase": "0", "nDamageRand": "0", "nCostMana": "0"}, {"nDamageBase": "0", "nDamageRand": "0", "nCostMana": "0"}, {"nDamageBase": "0", "nDamageRand": "0", "nCostMana": "0"}, {"nDamageBase": "0", "nDamageRand": "0", "nCostMana": "0"}, {"nDamageBase": "0", "nDamageRand": "0", "nCostMana": "0"}, {"nDamageBase": "0", "nDamageRand": "0", "nCostMana": "0"}, {"nDamageBase": "0", "nDamageRand": "0", "nCostMana": "0"}, {"nDamageBase": "0", "nDamageRand": "0", "nCostMana": "0"}, {"nDamageBase": "0", "nDamageRand": "0", "nCostMana": "0"}, {"nDamageBase": "0", "nDamageRand": "0", "nCostMana": "0"}]		EXECUTE_SCRIPT
绝境战场\绝境_无我无剑.lua	绝境战场	plain	{"nMaxRadius": "MELEE_ATTACK_DISTANCE", "nAngleRange": "128", "nChannelInterval": "11 * nSubsection * 1.1 * 1.15 * 1.1* HDJueJingSkillCoe", "nWeaponDamagePercent": "2048"}	[{"nDamageBase": "67", "nDamageRand": "0", "nCostMana": "29"}, {"nDamageBase": "134", "nDamageRand": "0", "nCostMana": "29"}, {"nDamageBase": "178", "nDamageRand": "0", "nCostMana": "48"}, {"nDamageBase": "231", "nDamageRand": "0", "nCostMana": "78"}, {"nDamageBase": "289", "nDamageRand": "0", "nCostMana": "102"}, {"nDamageBase": "347", "nDamageRand": "0", "nCostMana": "126"}, {"nDamageBase": "402", "nDamageRand": "0", "nCostMana": "150"}, {"nDamageBase": "440", "nDamageRand": "0", "nCostMana": "174"}, {"nDamageBase": "460", "nDamageRand": "0", "nCostMana": "198"}, {"nDamageBase": "505", "nDamageRand": "0", "nCostMana": "198"}]	SetPublicCoolDown(16);SetNormalCoolDown(1, 7109);SetCheckCoolDown(1, 444)	CALL_ADAPTIVE_DAMAGE;SKILL_PHYSICS_DAMAGE;SKILL_PHYSICS_DAMAGE_RAND
绝境战场\绝境_无相诀.lua	绝境战场	plain	{"nAngleRange": "256", "nAreaRadius": "20 * LENGTH_BASE"}	[{"nCostMana": "69"}, {"nCostMana": "90"}, {"nCostMana": "110"}, {"nCostMana": "130"}]	SetPublicCoolDown(16);SetNormalCoolDown(1, 2875);SetCheckCoolDown(1, 444)	EXECUTE_SCRIPT
绝境战场\绝境_日月交替.lua	绝境战场	plain	{"nMinRadius": "0 * LENGTH_BASE", "nMaxRadius": "15 * LENGTH_BASE", "nAngleRange": "256", "nChannelInterval": "45* HDJueJingSkillCoe", "nWeaponDamagePercent": "1024"}	[{"nCostMana": "186"}]		CALL_ADAPTIVE_DAMAGE;SKILL_LUNAR_DAMAGE;SKILL_LUNAR_DAMAGE_RAND
绝境战场\绝境_星楼月影.lua	绝境战场	plain	{}	[{"nDamageBase": "0", "nDamageRand": "0", "nCostMana": "286"}]	SetNormalCoolDown(1, 7121);SetCheckCoolDown(1, 444)	CAST_SKILL;DEL_MULTI_GROUP_BUFF_BY_FUNCTIONTYPE
绝境战场\绝境_春泥护花.lua	绝境战场	plain	{"nMaxRadius": "20 * LENGTH_BASE", "nAngleRange": "256"}	[{"nDamageBase": "0", "nDamageRand": "0", "nCostMana": "133"}, {"nDamageBase": "0", "nDamageRand": "0", "nCostMana": "215"}, {"nDamageBase": "0", "nDamageRand": "0", "nCostMana": "280"}, {"nDamageBase": "0", "nDamageRand": "0", "nCostMana": "348"}, {"nDamageBase": "0", "nDamageRand": "0", "nCostMana": "413"}, {"nDamageBase": "0", "nDamageRand": "0", "nCostMana": "480"}, {"nDamageBase": "0", "nDamageRand": "0", "nCostMana": "545"}]	SetPublicCoolDown(16);SetNormalCoolDown(1, 53);SetCheckCoolDown(1, 444)	
绝境战场\绝境_普渡四方.lua	绝境战场	plain	{"nMaxRadius": "MELEE_ATTACK_DISTANCE", "nAngleRange": "128", "nChannelInterval": "50* HDJueJingSkillCoe"}	[{"nDamage": "41 * 0.95", "nDamageRand": "41 * 0.1", "nCostMana": "8"}, {"nDamage": "85 * 0.95", "nDamageRand": "85 * 0.1", "nCostMana": "8"}, {"nDamage": "95 * 0.95", "nDamageRand": "95 * 0.1", "nCostMana": "13"}, {"nDamage": "108 * 0.95", "nDamageRand": "108 * 0.1", "nCostMana": "17"}, {"nDamage": "122 * 0.95", "nDamageRand": "122 * 0.1", "nCostMana": "24"}, {"nDamage": "140 * 0.95", "nDamageRand": "140 * 0.1", "nCostMana": "29"}, {"nDamage": "158 * 0.95", "nDamageRand": "158 * 0.1", "nCostMana": "34"}, {"nDamage": "182 * 0.95", "nDamageRand": "182 * 0.1", "nCostMana": "39"}, {"nDamage": "209 * 0.95", "nDamageRand": "209 * 0.1", "nCostMana": "44"}, {"nDamage": "225 * 0.95", "nDamageRand": "225 * 0.1", "nCostMana": "49"}, {"nDamage": "257 * 0.95", "nDamageRand": "257 * 0.1", "nCostMana": "54"}, {"nDamage": "293 * 0.95", "nDamageRand": "293 * 0.1", "nCostMana": "54"}]	SetPublicCoolDown(16);SetNormalCoolDown(1, 60);SetCheckCoolDown(1, 444)	CALL_ADAPTIVE_DAMAGE;CALL_PHYSICS_DAMAGE;PHYSICS_ATTACK_POWER_PERCENT;SKILL_SOLAR_DAMAGE;SKILL_SOLAR_DAMAGE_RAND
绝境战场\绝境_暗尘弥散.lua	绝境战场	plain	{}	[{"nDamageBase": "0", "nDamageRand": "0", "nCostMana": "0"}, {"nDamageBase": "0", "nDamageRand": "0", "nCostMana": "0"}, {"nDamageBase": "0", "nDamageRand": "0", "nCostMana": "0"}, {"nDamageBase": "0", "nDamageRand": "0", "nCostMana": "0"}, {"nDamageBase": "0", "nDamageRand": "0", "nCostMana": "0"}, {"nDamageBase": "0", "nDamageRand": "0", "nCostMana": "0"}, {"nDamageBase": "0", "nDamageRand": "0", "nCostMana": "0"}, {"nDamageBase": "0", "nDamageRand": "0", "nCostMana": "0"}, {"nDamageBase": "0", "nDamageRand": "0", "nCostMana": "0"}, {"nDamageBase": "0", "nDamageRand": "0", "nCostMana": "0"}]	SetNormalCoolDown(1, 7150);SetCheckCoolDown(1, 444)	EXECUTE_SCRIPT
绝境战场\绝境_月破伤害.lua	绝境战场	plain	{"nMinRadius": "0 * LENGTH_BASE", "nMaxRadius": "15 * LENGTH_BASE", "nAngleRange": "128", "nChannelInterval": "30 * HDJueJingSkillCoe", "nWeaponDamagePercent": "1024"}	[{"nCostMana": "186"}]		CALL_ADAPTIVE_DAMAGE;SKILL_LUNAR_DAMAGE;SKILL_LUNAR_DAMAGE_RAND
绝境战场\绝境_枯残蛊.lua	绝境战场	plain	{}	[{"nDamageBase": "0", "nDamageRand": "0", "nCostMana": "286"}]	SetNormalCoolDown(1, 7106);SetCheckCoolDown(1, 444)	
绝境战场\绝境_棒打狗头.lua	绝境战场	plain	{"nMaxRadius": "20 * LENGTH_BASE", "nAngleRange": "128", "nBreakRate": "0"}	[{"nDamage": "34", "nCostMana": "63"}, {"nDamage": "34", "nCostMana": "63"}, {"nDamage": "34", "nCostMana": "63"}, {"nDamage": "34", "nCostMana": "63"}, {"nDamage": "34", "nCostMana": "63"}, {"nDamage": "34", "nCostMana": "63"}, {"nDamage": "34", "nCostMana": "63"}]	SetPublicCoolDown(16);SetCheckCoolDown(1, 444);SetCheckCoolDown(2, 7199)	EXECUTE_SCRIPT
绝境战场\绝境_棒打狗头伤害.lua	绝境战场	plain	{"nMinRadius": "0 * LENGTH_BASE", "nMaxRadius": "6 * LENGTH_BASE", "nAngleRange": "128", "nChannelInterval": "16 *2  * HDJueJingSkillCoe", "nWeaponDamagePercent": "1024"}	[{"nAddRage": "0", "nCostRage": "10", "nDamage": "40", "nDamageRand": "40 * 0.1"}, {"nAddRage": "0", "nCostRage": "10", "nDamage": "70", "nDamageRand": "70 * 0.1"}, {"nAddRage": "0", "nCostRage": "10", "nDamage": "110", "nDamageRand": "110 * 0.1"}, {"nAddRage": "0", "nCostRage": "10", "nDamage": "130", "nDamageRand": "130 * 0.1"}, {"nAddRage": "0", "nCostRage": "10", "nDamage": "150", "nDamageRand": "150 * 0.1"}, {"nAddRage": "0", "nCostRage": "10", "nDamage": "180", "nDamageRand": "180 * 0.1"}, {"nAddRage": "0", "nCostRage": "10", "nDamage": "200", "nDamageRand": "200 * 0.1"}]		CALL_ADAPTIVE_DAMAGE;EXECUTE_SCRIPT;SKILL_PHYSICS_DAMAGE;SKILL_PHYSICS_DAMAGE_RAND
绝境战场\绝境_棒打狗头冲刺.lua	绝境战场	plain	{"nMinRadius": "0 * LENGTH_BASE", "nMaxRadius": "25 * LENGTH_BASE", "nAngleRange": "128", "nWeaponDamagePercent": "1024"}	[{"nAddRage": "0", "nCostRage": "10", "nDamage": "107", "nDamageRand": "5"}]		DASH;EXECUTE_SCRIPT
绝境战场\绝境_横扫六合.lua	绝境战场	plain	{"nAngleRange": "256", "nAreaRadius": "5 * LENGTH_BASE"}	[{"nDamage": "17", "nDamageRand": "0", "nCostMana": "23"}, {"nDamage": "23", "nDamageRand": "0", "nCostMana": "32"}, {"nDamage": "30", "nDamageRand": "0", "nCostMana": "45"}, {"nDamage": "36", "nDamageRand": "0", "nCostMana": "55"}, {"nDamage": "43", "nDamageRand": "0", "nCostMana": "65"}, {"nDamage": "49", "nDamageRand": "0", "nCostMana": "75"}, {"nDamage": "56", "nDamageRand": "0", "nCostMana": "85"}, {"nDamage": "63", "nDamageRand": "0", "nCostMana": "94"}, {"nDamage": "69", "nDamageRand": "0", "nCostMana": "104"}, {"nDamage": "75", "nDamageRand": "0", "nCostMana": "104"}]	SetPublicCoolDown(16);SetNormalCoolDown(1, 7155);SetCheckCoolDown(1, 444)	EXECUTE_SCRIPT
绝境战场\绝境_横扫六合AOE.lua	绝境战场	plain	{"nMinRadius": "0", "nMaxRadius": "5", "nAngleRange": "256", "nAreaRadius": "5 * LENGTH_BASE", "nChannelInterval": "34* HDJueJingSkillCoe", "nWeaponDamagePercent": "1024"}	[{"nDamage": "17", "nDamageRand": "0", "nCostMana": "23"}, {"nDamage": "23", "nDamageRand": "0", "nCostMana": "32"}, {"nDamage": "30", "nDamageRand": "0", "nCostMana": "45"}, {"nDamage": "36", "nDamageRand": "0", "nCostMana": "55"}, {"nDamage": "43", "nDamageRand": "0", "nCostMana": "65"}, {"nDamage": "49", "nDamageRand": "0", "nCostMana": "75"}, {"nDamage": "56", "nDamageRand": "0", "nCostMana": "85"}, {"nDamage": "63", "nDamageRand": "0", "nCostMana": "94"}, {"nDamage": "69", "nDamageRand": "0", "nCostMana": "104"}, {"nDamage": "75", "nDamageRand": "0", "nCostMana": "104"}]		CALL_ADAPTIVE_DAMAGE;PHYSICS_ATTACK_POWER_PERCENT;SKILL_SOLAR_DAMAGE;SKILL_SOLAR_DAMAGE_RAND
绝境战场\绝境_横扫六合单体.lua	绝境战场	plain	{"nMinRadius": "0", "nMaxRadius": "5", "nAngleRange": "256", "nAreaRadius": "5 * LENGTH_BASE", "nChannelInterval": "68* HDJueJingSkillCoe", "nWeaponDamagePercent": "1024"}	[{"nDamage": "17", "nDamageRand": "0", "nCostMana": "23"}, {"nDamage": "23", "nDamageRand": "0", "nCostMana": "32"}, {"nDamage": "30", "nDamageRand": "0", "nCostMana": "45"}, {"nDamage": "36", "nDamageRand": "0", "nCostMana": "55"}, {"nDamage": "43", "nDamageRand": "0", "nCostMana": "65"}, {"nDamage": "49", "nDamageRand": "0", "nCostMana": "75"}, {"nDamage": "56", "nDamageRand": "0", "nCostMana": "85"}, {"nDamage": "63", "nDamageRand": "0", "nCostMana": "94"}, {"nDamage": "69", "nDamageRand": "0", "nCostMana": "104"}, {"nDamage": "75", "nDamageRand": "0", "nCostMana": "104"}]		CALL_ADAPTIVE_DAMAGE;PHYSICS_ATTACK_POWER_PERCENT;SKILL_SOLAR_DAMAGE;SKILL_SOLAR_DAMAGE_RAND
绝境战场\绝境_江海凝光.lua	绝境战场	plain	{"nCostManaBasePercent": "tSkillData[dwSkillLevel]. nCostMana", "nMinRadius": "0", "nMaxRadius": "20 * LENGTH_BASE", "nAngleRange": "128", "nBulletVelocity": "0"}	[{"nDamage": "40 * 1.23", "nDamageRand": "40 * 0.13", "nCostMana": "65"}, {"nDamage": "66 * 1.23", "nDamageRand": "66 * 0.13", "nCostMana": "65"}, {"nDamage": "85 * 1.23", "nDamageRand": "85 * 0.13", "nCostMana": "76"}, {"nDamage": "103 * 1.23", "nDamageRand": "103 * 0.13", "nCostMana": "91"}, {"nDamage": "121 * 1.23", "nDamageRand": "121 * 0.13", "nCostMana": "106"}, {"nDamage": "139 * 1.23", "nDamageRand": "139 * 0.13", "nCostMana": "121"}, {"nDamage": "154 * 1.23", "nDamageRand": "154 * 0.13", "nCostMana": "136"}, {"nDamage": "168 * 1.23", "nDamageRand": "168 * 0.13", "nCostMana": "151"}, {"nDamage": "181 * 1.23", "nDamageRand": "181 * 0.13", "nCostMana": "166"}, {"nDamage": "193 * 1.23", "nDamageRand": "193 * 0.13", "nCostMana": "181"}, {"nDamage": "204 * 1.23", "nDamageRand": "204 * 0.13", "nCostMana": "196"}]	SetPublicCoolDown(16);SetCheckCoolDown(1, 444)	CALL_ADAPTIVE_DAMAGE;SKILL_LUNAR_DAMAGE;SKILL_LUNAR_DAMAGE_RAND
绝境战场\绝境_沧月.lua	绝境战场	plain	{"nWeaponDamagePercent": "0", "nMinRadius": "0", "nMaxRadius": "MELEE_ATTACK_DISTANCE", "nAngleRange": "128", "nPrepareFrames": "0", "nBulletVelocity": "0", "nDismountingRate": "1024", "nBreakRate": "0"}	[{"nCostMana": "98", "nDamage": "98 * 0.95", "nDamageRand": "98 * 0.1"}, {"nCostMana": "126", "nDamage": "126 * 0.95", "nDamageRand": "126 * 0.1"}, {"nCostMana": "153", "nDamage": "153 * 0.95", "nDamageRand": "153 * 0.1"}, {"nCostMana": "181", "nDamage": "181 * 0.95", "nDamageRand": "181 * 0.1"}]	SetPublicCoolDown(16);SetNormalCoolDown(1, 197);SetCheckCoolDown(1, 444)	CALL_KNOCKED_DOWN;CAST_SKILL_TARGET_DST
绝境战场\绝境_沧月击退.lua	绝境战场	plain	{"nWeaponDamagePercent": "0", "nMinRadius": "0", "nMaxRadius": "6 * LENGTH_BASE", "nAngleRange": "256", "nAreaRadius": "6 * LENGTH_BASE", "nPrepareFrames": "0", "nBulletVelocity": "30", "nDismountingRate": "1024", "nBreakRate": "0"}	[{"nCostMana": "49", "nDamage": "43 * 0.95", "nDamageRand": "43 * 0.1"}, {"nCostMana": "62", "nDamage": "78 * 0.95", "nDamageRand": "78 * 0.1"}, {"nCostMana": "76", "nDamage": "109 * 0.95", "nDamageRand": "109 * 0.1"}, {"nCostMana": "90", "nDamage": "141 * 0.95", "nDamageRand": "141 * 0.1"}]		CALL_ADAPTIVE_DAMAGE;CALL_REPULSED;SKILL_PHYSICS_DAMAGE;SKILL_PHYSICS_DAMAGE_RAND
绝境战场\绝境_浮光掠影.lua	绝境战场	plain	{}	[{"nDamageBase": "0", "nDamageRand": "0", "nCostMana": "0"}, {"nDamageBase": "0", "nDamageRand": "0", "nCostMana": "0"}, {"nDamageBase": "0", "nDamageRand": "0", "nCostMana": "0"}, {"nDamageBase": "0", "nDamageRand": "0", "nCostMana": "0"}, {"nDamageBase": "0", "nDamageRand": "0", "nCostMana": "0"}, {"nDamageBase": "0", "nDamageRand": "0", "nCostMana": "0"}, {"nDamageBase": "0", "nDamageRand": "0", "nCostMana": "0"}, {"nDamageBase": "0", "nDamageRand": "0", "nCostMana": "0"}, {"nDamageBase": "0", "nDamageRand": "0", "nCostMana": "0"}, {"nDamageBase": "0", "nDamageRand": "0", "nCostMana": "0"}]	SetNormalCoolDown(1, 7151);SetCheckCoolDown(1, 444)	EXECUTE_SCRIPT
绝境战场\绝境_渊.lua	绝境战场	plain	{"nMinRadius": "6 * LENGTH_BASE", "nMaxRadius": "20 * LENGTH_BASE", "nAngleRange": "256"}	[]	SetNormalCoolDown(1, 448);SetCheckCoolDown(1, 444)	CAST_SKILL_TARGET_DST
绝境战场\绝境_渊冲刺.lua	绝境战场	plain	{"nMaxRadius": "30 * LENGTH_BASE", "nAngleRange": "256"}	[{"nDamageBase": "0", "nDamageRand": "0", "nCostMana": "0"}, {"nDamageBase": "0", "nDamageRand": "0", "nCostMana": "0"}, {"nDamageBase": "0", "nDamageRand": "0", "nCostMana": "0"}, {"nDamageBase": "0", "nDamageRand": "0", "nCostMana": "0"}, {"nDamageBase": "0", "nDamageRand": "0", "nCostMana": "0"}, {"nDamageBase": "0", "nDamageRand": "0", "nCostMana": "0"}, {"nDamageBase": "0", "nDamageRand": "0", "nCostMana": "0"}, {"nDamageBase": "0", "nDamageRand": "0", "nCostMana": "0"}, {"nDamageBase": "0", "nDamageRand": "0", "nCostMana": "0"}, {"nDamageBase": "0", "nDamageRand": "0", "nCostMana": "0"}]		CALL_BUFF;DASH;EXECUTE_SCRIPT
绝境战场\绝境_渊触发技能事件.lua	绝境战场	plain	{"nMaxRadius": "20 * LENGTH_BASE", "nAngleRange": "256", "nAreaRadius": "20 * LENGTH_BASE"}	[]		DEL_SINGLE_BUFF_BY_ID_AND_LEVEL
绝境战场\绝境_潜龙勿用.lua	绝境战场	plain	{"nAngleRange": "256", "nAreaRadius": "6 * LENGTH_BASE"}	[{"nDamageBase": "0", "nDamageRand": "0", "nCostMana": "0"}, {"nDamageBase": "0", "nDamageRand": "0", "nCostMana": "0"}, {"nDamageBase": "0", "nDamageRand": "0", "nCostMana": "0"}, {"nDamageBase": "0", "nDamageRand": "0", "nCostMana": "0"}, {"nDamageBase": "0", "nDamageRand": "0", "nCostMana": "0"}, {"nDamageBase": "0", "nDamageRand": "0", "nCostMana": "0"}, {"nDamageBase": "0", "nDamageRand": "0", "nCostMana": "0"}, {"nDamageBase": "0", "nDamageRand": "0", "nCostMana": "0"}, {"nDamageBase": "0", "nDamageRand": "0", "nCostMana": "0"}, {"nDamageBase": "0", "nDamageRand": "0", "nCostMana": "0"}, {"nDamageBase": "0", "nDamageRand": "0", "nCostMana": "0"}, {"nDamageBase": "0", "nDamageRand": "0", "nCostMana": "0"}, {"nDamageBase": "0", "nDamageRand": "0", "nCostMana": "0"}, {"nDamageBase": "0", "nDamageRand": "0", "nCostMana": "0"}, {"nDamageBase": "0", "nDamageRand": "0", "nCostMana": "0"}, {"nDamageBase": "0", "nDamageRand": "0", "nCostMana": "0"}, {"nDamageBase": "0", "nDamageRand": "0", "nCostMana": "0"}, {"nDamageBase": "0", "nDamageRand": "0", "nCostMana": "0"}, {"nDamageBase": "0", "nDamageRand": "0", "nCostMana": "0"}, {"nDamageBase": "0", "nDamageRand": "0", "nCostMana": "0"}]	SetCheckCoolDown(1, 444);SetCheckCoolDown(2, 7195)	CAST_SKILL
绝境战场\绝境_潜龙勿用范围伤害.lua	绝境战场	plain	{"bIgnorePrepareState": "true", "nChannelInterval": "36 * dwSkillLevel* HDJueJingSkillCoe", "nMinRadius": "0 * LENGTH_BASE", "nMaxRadius": "8 * LENGTH_BASE", "nAngleRange": "64", "nAreaRadius": "8 * LENGTH_BASE", "nBulletVelocity": "0", "nBreakRate": "0"}	[{"nDamageBase": "54", "nDamageRand": "54 * 0.1", "nCostMana": "0"}, {"nDamageBase": "102", "nDamageRand": "102 * 0.1", "nCostMana": "0"}, {"nDamageBase": "144", "nDamageRand": "144 * 0.1", "nCostMana": "0"}, {"nDamageBase": "194", "nDamageRand": "194 * 0.1", "nCostMana": "0"}, {"nDamageBase": "244", "nDamageRand": "244 * 0.1", "nCostMana": "0"}]	SetNormalCoolDown(1, 7195)	CALL_ADAPTIVE_DAMAGE;SKILL_PHYSICS_DAMAGE;SKILL_PHYSICS_DAMAGE_RAND
绝境战场\绝境_灭.lua	绝境战场	plain	{"nWeaponDamagePercent": "1024", "nMinRadius": "0", "nMaxRadius": "MELEE_ATTACK_DISTANCE", "nAngleRange": "128", "nChannelInterval": "64", "nPrepareFrames": "0", "nBulletVelocity": "0", "nBreakRate": "0"}	[{"nCostMana": "0", "nDamage": "149 * 0.95", "nDamageRand": "149 * 0.1", "nCostLife": "149"}, {"nCostMana": "0", "nDamage": "172 * 0.95", "nDamageRand": "172 * 0.1", "nCostLife": "172"}, {"nCostMana": "0", "nDamage": "196 * 0.95", "nDamageRand": "196 * 0.1", "nCostLife": "196"}, {"nCostMana": "0", "nDamage": "219 * 0.95", "nDamageRand": "219 * 0.1", "nCostLife": "219"}, {"nCostMana": "0", "nDamage": "243 * 0.95", "nDamageRand": "243 * 0.1", "nCostLife": "243"}, {"nCostMana": "0", "nDamage": "324 * 0.8", "nDamageRand": "324 * 0.4", "nCostLife": "324"}]	SetPublicCoolDown(16);SetNormalCoolDown(1, 7103);SetCheckCoolDown(1, 444)	EXECUTE_SCRIPT
绝境战场\绝境_灭低血量目标.lua	绝境战场	plain	{"nWeaponDamagePercent": "2048", "nMinRadius": "0", "nMaxRadius": "4 * LENGTH_BASE", "nAngleRange": "128", "nChannelInterval": "250* HDJueJingSkillCoe", "nPrepareFrames": "0", "nBulletVelocity": "0", "nBreakRate": "0"}	[{"nCostLife": "139 * 0.5", "nDamage": "139 * 2 * 0.95", "nDamageRand": "139 * 2 * 0.1"}, {"nCostLife": "161 * 0.5", "nDamage": "161 * 2 * 0.95", "nDamageRand": "161 * 2 * 0.1"}, {"nCostLife": "183 * 0.5", "nDamage": "183 * 2 * 0.95", "nDamageRand": "183 * 2 * 0.1"}, {"nCostLife": "205 * 0.5", "nDamage": "205 * 2 * 0.95", "nDamageRand": "205 * 2 * 0.1"}, {"nCostLife": "227 * 0.5", "nDamage": "227 * 2 * 0.95", "nDamageRand": "227 * 2 * 0.1"}, {"nCostLife": "242 * 0.5", "nDamage": "242 * 2 * 0.95", "nDamageRand": "242 * 2 * 0.1"}]		CALL_ADAPTIVE_DAMAGE;SKILL_PHYSICS_DAMAGE;SKILL_PHYSICS_DAMAGE_RAND
绝境战场\绝境_灭高血量目标.lua	绝境战场	plain	{"nWeaponDamagePercent": "2048", "nMinRadius": "0", "nMaxRadius": "4 * LENGTH_BASE", "nAngleRange": "128", "nChannelInterval": "60* HDJueJingSkillCoe", "nPrepareFrames": "0", "nBulletVelocity": "0", "nBreakRate": "0"}	[{"nCostLife": "139 * 0.5", "nDamage": "139 * 2 * 0.95", "nDamageRand": "139 * 2 * 0.1"}, {"nCostLife": "161 * 0.5", "nDamage": "161 * 2 * 0.95", "nDamageRand": "161 * 2 * 0.1"}, {"nCostLife": "183 * 0.5", "nDamage": "183 * 2 * 0.95", "nDamageRand": "183 * 2 * 0.1"}, {"nCostLife": "205 * 0.5", "nDamage": "205 * 2 * 0.95", "nDamageRand": "205 * 2 * 0.1"}, {"nCostLife": "227 * 0.5", "nDamage": "227 * 2 * 0.95", "nDamageRand": "227 * 2 * 0.1"}, {"nCostLife": "242 * 0.5", "nDamage": "242 * 2 * 0.95", "nDamageRand": "242 * 2 * 0.1"}]		CALL_ADAPTIVE_DAMAGE;SKILL_PHYSICS_DAMAGE;SKILL_PHYSICS_DAMAGE_RAND
绝境战场\绝境_烈日斩.lua	绝境战场	plain	{"nMinRadius": "0 * LENGTH_BASE", "nMaxRadius": "6 * LENGTH_BASE", "nAngleRange": "128", "nChannelInterval": "88* HDJueJingSkillCoe", "nWeaponDamagePercent": "1024"}	[{"nDamageBase": "485 * 0.95", "nDamageRand": "485 * 0.1", "nCostMana": "0"}]	SetPublicCoolDown(16);SetNormalCoolDown(1, 508);SetCheckCoolDown(1, 444)	CALL_ADAPTIVE_DAMAGE;EXECUTE_SCRIPT;SKILL_SOLAR_DAMAGE;SKILL_SOLAR_DAMAGE_RAND
绝境战场\绝境_狂龙乱舞.lua	绝境战场	plain	{"nMinRadius": "0 * LENGTH_BASE", "nMaxRadius": "12 * LENGTH_BASE", "nAngleRange": "128", "nAreaRadius": "12 * LENGTH_BASE", "nPrepareFrames": "24", "nMinPrepareFrames": "1", "nBulletVelocity": "0", "nBeatBackRate": "0 * PERCENT_BASE", "nBrokenRate": "PERCENT_BASE"}	[{"nDamageBase": "0", "nDamageRand": "0", "nCostMana": "0"}, {"nDamageBase": "0", "nDamageRand": "0", "nCostMana": "0"}, {"nDamageBase": "0", "nDamageRand": "0", "nCostMana": "0"}, {"nDamageBase": "0", "nDamageRand": "0", "nCostMana": "0"}, {"nDamageBase": "0", "nDamageRand": "0", "nCostMana": "0"}, {"nDamageBase": "0", "nDamageRand": "0", "nCostMana": "0"}, {"nDamageBase": "0", "nDamageRand": "0", "nCostMana": "0"}]	SetPublicCoolDown(16);SetNormalCoolDown(1, 7196);SetCheckCoolDown(1, 444)	EXECUTE_SCRIPT
绝境战场\绝境_狂龙乱舞伤害.lua	绝境战场	plain	{"bIgnorePrepareState": "true", "nMinRadius": "0 * LENGTH_BASE", "nMaxRadius": "30 * LENGTH_BASE", "nAngleRange": "256", "nAreaRadius": "8 * LENGTH_BASE", "nChannelInterval": "64 * HDJueJingSkillCoe", "nWeaponDamagePercent": "1024"}	[{"nAddRage": "0", "nCostRage": "10", "nDamage": "80", "nDamageRand": "20"}, {"nAddRage": "0", "nCostRage": "10", "nDamage": "90", "nDamageRand": "30"}, {"nAddRage": "0", "nCostRage": "10", "nDamage": "120", "nDamageRand": "30"}, {"nAddRage": "0", "nCostRage": "10", "nDamage": "140", "nDamageRand": "40"}, {"nAddRage": "0", "nCostRage": "10", "nDamage": "160", "nDamageRand": "40"}, {"nAddRage": "0", "nCostRage": "10", "nDamage": "200", "nDamageRand": "50"}, {"nAddRage": "0", "nCostRage": "10", "nDamage": "256", "nDamageRand": "50"}]		CALL_ADAPTIVE_DAMAGE;SKILL_PHYSICS_DAMAGE;SKILL_PHYSICS_DAMAGE_RAND
绝境战场\绝境_玉石俱焚.lua	绝境战场	plain	{"nMinRadius": "0 * LENGTH_BASE", "nMaxRadius": "20 * LENGTH_BASE", "nAngleRange": "128", "nChannelInterval": "16 * HDJueJingSkillCoe", "nBrokenRate": "PERCENT_BASE"}	[{"nDamageBase": "121 * 0.95", "nDamageRand": "121 * 0.1", "nCostMana": "49"}, {"nDamageBase": "139 * 0.95", "nDamageRand": "139 * 0.1", "nCostMana": "90"}, {"nDamageBase": "168 * 0.95", "nDamageRand": "168 * 0.1", "nCostMana": "139"}, {"nDamageBase": "203 * 0.95", "nDamageRand": "203 * 0.1", "nCostMana": "179"}, {"nDamageBase": "238 * 0.95", "nDamageRand": "238 * 0.1", "nCostMana": "219"}, {"nDamageBase": "279 * 0.95", "nDamageRand": "279 * 0.1", "nCostMana": "259"}, {"nDamageBase": "365 * 0.95", "nDamageRand": "365 * 0.1", "nCostMana": "298"}, {"nDamageBase": "405 * 0.95", "nDamageRand": "405 * 0.1", "nCostMana": "328"}]	SetPublicCoolDown(16);SetNormalCoolDown(1, 7145);SetCheckCoolDown(1, 444)	CALL_ADAPTIVE_DAMAGE;CONSUME_BUFF;EXECUTE_SCRIPT;SKILL_NEUTRAL_DAMAGE;SKILL_NEUTRAL_DAMAGE_RAND
绝境战场\绝境_生太极.lua	绝境战场	plain	{"nMaxRadius": "20 * LENGTH_BASE", "nAngleRange": "256", "nPrepareFrames": "16", "nMinPrepareFrames": "1", "nBrokenRate": "PERCENT_BASE"}	[{"nDamageBase": "0", "nDamageRand": "0", "nCostMana": "58"}]	SetPublicCoolDown(16);SetNormalCoolDown(1, 7133);SetCheckCoolDown(1, 444)	EXECUTE_SCRIPT
绝境战场\绝境_生死劫.lua	绝境战场	plain	{"nMinRadius": "0", "nMaxRadius": "20 * LENGTH_BASE", "nAngleRange": "128", "nChannelInterval": "50", "nPrepareFrames": "0", "nBulletVelocity": "0", "nBreakRate": "0"}	[{"nDamageBase": "286 * 0.95", "nDamageRand": "286 * 0.1", "nCostMana": "0"}]	SetPublicCoolDown(16);SetNormalCoolDown(1, 7117);SetCheckCoolDown(1, 444)	CALL_ADAPTIVE_DAMAGE;EXECUTE_SCRIPT_WITH_PARAM;SKILL_SOLAR_DAMAGE;SKILL_SOLAR_DAMAGE_RAND
绝境战场\绝境_疾.lua	绝境战场	plain	{"nPrepareFrames": "0", "nBulletVelocity": "0", "nBreakRate": "0"}	[{"nCostMana": "125"}, {"nCostMana": "226"}, {"nCostMana": "314"}, {"nCostMana": "401"}, {"nCostMana": "488"}, {"nCostMana": "576"}]	SetPublicCoolDown(16);SetNormalCoolDown(1, 88);SetNormalCoolDown(2, 7147);SetCheckCoolDown(1, 444)	CAST_SKILL_TARGET_DST;DASH_FORWARD
绝境战场\绝境_疾如风.lua	绝境战场	plain	{}	[{"nDamageBase": "0", "nDamageRand": "0", "nCostMana": "286"}]	SetNormalCoolDown(1, 7124);SetCheckCoolDown(1, 444)	CAST_SKILL;DEL_MULTI_GROUP_BUFF_BY_FUNCTIONTYPE
绝境战场\绝境_疾实际伤害.lua	绝境战场	plain	{"nMinRadius": "0 * LENGTH_BASE", "nMaxRadius": "25 * LENGTH_BASE", "nAngleRange": "256", "nAreaRadius": "25 * LENGTH_BASE", "nChannelInterval": "75* HDJueJingSkillCoe", "nPrepareFrames": "0", "nBulletVelocity": "0", "nBreakRate": "0", "nWeaponDamagePercent": "0"}	[{"nDamage": "600 * 0.95", "nDamageRand": "230 * 0.1"}]		CALL_ADAPTIVE_DAMAGE;SKILL_PHYSICS_DAMAGE;SKILL_PHYSICS_DAMAGE_RAND
绝境战场\绝境_百足.lua	绝境战场	plain	{"nMinRadius": "0 * LENGTH_BASE", "nMaxRadius": "20 * LENGTH_BASE", "nAngleRange": "256", "nAreaRadius": "6 * LENGTH_BASE", "nChannelInterval": "89 * 1.1 * 1.05 * HDJueJingSkillCoe"}	[{"nDamageBase": "28 * 0.95", "nDamageRand": "28 * 0.1", "nCostMana": "147"}, {"nDamageBase": "42 * 0.95", "nDamageRand": "42 * 0.1", "nCostMana": "220"}, {"nDamageBase": "56 * 0.95", "nDamageRand": "56 * 0.1", "nCostMana": "327"}, {"nDamageBase": "70 * 0.95", "nDamageRand": "70 * 0.1", "nCostMana": "409"}, {"nDamageBase": "84 * 0.95", "nDamageRand": "84 * 0.1", "nCostMana": "490"}, {"nDamageBase": "98 * 0.95", "nDamageRand": "98 * 0.1", "nCostMana": "572"}, {"nDamageBase": "112 * 0.95", "nDamageRand": "112 * 0.1", "nCostMana": "654"}, {"nDamageBase": "171 * 0.95", "nDamageRand": "171 * 0.1", "nCostMana": "731"}]	SetPublicCoolDown(16);SetNormalCoolDown(1, 400);SetCheckCoolDown(1, 444)	CALL_ADAPTIVE_DAMAGE;CAST_SKILL_TARGET_DST;EXECUTE_SCRIPT;SKILL_POISON_DAMAGE;SKILL_POISON_DAMAGE_RAND
绝境战场\绝境_百足DOT添加.lua	绝境战场	plain	{"nMinRadius": "0 * LENGTH_BASE", "nMaxRadius": "30 * LENGTH_BASE", "nAngleRange": "256", "nChannelInterval": "89*1.05 * HDJueJingSkillCoe"}	[{"nDamageBase": "83 /3* 0.95", "nDamageRand": "83 /3* 0.1", "nCostMana": "30"}, {"nDamageBase": "125/3* 0.95", "nDamageRand": "125/3* 0.1", "nCostMana": "30"}, {"nDamageBase": "167/3* 0.95", "nDamageRand": "167/3* 0.1", "nCostMana": "30"}, {"nDamageBase": "209/3* 0.95", "nDamageRand": "209/3* 0.1", "nCostMana": "30"}, {"nDamageBase": "251/3* 0.95", "nDamageRand": "251/3* 0.1", "nCostMana": "30"}, {"nDamageBase": "293/3* 0.95", "nDamageRand": "293/3* 0.1", "nCostMana": "30"}, {"nDamageBase": "335/3* 0.95", "nDamageRand": "335/3* 0.1", "nCostMana": "30"}, {"nDamageBase": "512/3* 0.95", "nDamageRand": "512/3* 0.1", "nCostMana": "30"}]		
绝境战场\绝境_百足二次攻击.lua	绝境战场	plain	{"bIgnorePrepareState": "true", "nMinRadius": "0 * LENGTH_BASE", "nMaxRadius": "50 * LENGTH_BASE", "nAngleRange": "256", "nAreaRadius": "6 * LENGTH_BASE", "nChannelInterval": "89 * 1.1 * 1.05 * HDJueJingSkillCoe"}	[{"nDamageBase": "28 * 0.95", "nDamageRand": "28 * 0.1", "nCostMana": "147"}, {"nDamageBase": "42 * 0.95", "nDamageRand": "42 * 0.1", "nCostMana": "220"}, {"nDamageBase": "56 * 0.95", "nDamageRand": "56 * 0.1", "nCostMana": "327"}, {"nDamageBase": "70 * 0.95", "nDamageRand": "70 * 0.1", "nCostMana": "409"}, {"nDamageBase": "84 * 0.95", "nDamageRand": "84 * 0.1", "nCostMana": "490"}, {"nDamageBase": "98 * 0.95", "nDamageRand": "98 * 0.1", "nCostMana": "572"}, {"nDamageBase": "112 * 0.95", "nDamageRand": "112 * 0.1", "nCostMana": "654"}, {"nDamageBase": "171 * 0.95", "nDamageRand": "171 * 0.1", "nCostMana": "731"}]		CALL_ADAPTIVE_DAMAGE;EXECUTE_SCRIPT;SKILL_POISON_DAMAGE;SKILL_POISON_DAMAGE_RAND
绝境战场\绝境_破坚阵.lua	绝境战场	plain	{"nWeaponDamagePercent": "0", "nMinRadius": "0", "nMaxRadius": "MELEE_ATTACK_DISTANCE", "nAngleRange": "128", "nPrepareFrames": "0", "nBulletVelocity": "0", "nBreakRate": "1024", "nChannelInterval": "150* HDJueJingSkillCoe"}	[{"nCostMana": "101", "nDamage": "500", "nDamageRand": "100"}]	SetPublicCoolDown(16);SetNormalCoolDown(1, 7126);SetCheckCoolDown(1, 444)	CALL_ADAPTIVE_DAMAGE;CALL_BUFF;CALL_KNOCKED_DOWN;SKILL_PHYSICS_DAMAGE;SKILL_PHYSICS_DAMAGE_RAND
绝境战场\绝境_破苍穹.lua	绝境战场	plain	{"nMaxRadius": "20 * LENGTH_BASE", "nAngleRange": "256", "nPrepareFrames": "16", "nMinPrepareFrames": "1", "nBrokenRate": "PERCENT_BASE"}	[{"nDamageBase": "0", "nDamageRand": "0", "nCostMana": "58"}]	SetPublicCoolDown(16);SetNormalCoolDown(1, 7130);SetCheckCoolDown(1, 444)	EXECUTE_SCRIPT
绝境战场\绝境_破风.lua	绝境战场	plain	{"nWeaponDamagePercent": "0", "nMinRadius": "0", "nMaxRadius": "MELEE_ATTACK_DISTANCE", "nAngleRange": "128", "nPrepareFrames": "0", "nChannelInterval": "144", "nBulletVelocity": "0", "nBreakRate": "0"}	[{"nCostMana": "14"}, {"nCostMana": "22"}, {"nCostMana": "29"}, {"nCostMana": "40"}, {"nCostMana": "49"}, {"nCostMana": "57"}, {"nCostMana": "65"}, {"nCostMana": "73"}, {"nCostMana": "81"}, {"nCostMana": "90"}, {"nCostMana": "90"}]	SetPublicCoolDown(16);SetNormalCoolDown(1, 7157);SetCheckCoolDown(1, 444)	EXECUTE_SCRIPT
绝境战场\绝境_破风普通流血.lua	绝境战场	plain	{"nWeaponDamagePercent": "0", "nMinRadius": "0", "nMaxRadius": "MELEE_ATTACK_DISTANCE", "nAngleRange": "128", "nPrepareFrames": "0", "nChannelInterval": "144 * 1.15 * HDJueJingSkillCoe", "nBulletVelocity": "0", "nBreakRate": "0"}	[{"nCostMana": "14"}, {"nCostMana": "22"}, {"nCostMana": "29"}, {"nCostMana": "40"}, {"nCostMana": "49"}, {"nCostMana": "57"}, {"nCostMana": "65"}, {"nCostMana": "73"}, {"nCostMana": "81"}, {"nCostMana": "90"}, {"nCostMana": "90"}]		
绝境战场\绝境_破风额外流血.lua	绝境战场	plain	{"nWeaponDamagePercent": "0", "nMinRadius": "0", "nMaxRadius": "MELEE_ATTACK_DISTANCE", "nAngleRange": "128", "nPrepareFrames": "0", "nChannelInterval": "200 * 1.15", "nBulletVelocity": "0", "nBreakRate": "0"}	[{"nCostMana": "14"}, {"nCostMana": "22"}, {"nCostMana": "29"}, {"nCostMana": "40"}, {"nCostMana": "49"}, {"nCostMana": "57"}, {"nCostMana": "65"}, {"nCostMana": "73"}, {"nCostMana": "81"}, {"nCostMana": "90"}, {"nCostMana": "90"}]		
绝境战场\绝境_碎星辰.lua	绝境战场	plain	{"nMaxRadius": "20 * LENGTH_BASE", "nAngleRange": "256", "nPrepareFrames": "16", "nMinPrepareFrames": "1", "nBrokenRate": "PERCENT_BASE"}	[{"nDamageBase": "0", "nDamageRand": "0", "nCostMana": "58"}]	SetPublicCoolDown(16);SetNormalCoolDown(1, 7129);SetCheckCoolDown(1, 444)	EXECUTE_SCRIPT
绝境战场\绝境_穿.lua	绝境战场	plain	{"nMinRadius": "0", "nMaxRadius": "8 * LENGTH_BASE", "nAngleRange": "128", "nAreaRadius": "4 * LENGTH_BASE", "nChannelInterval": "16 * HDJueJingSkillCoe", "nWeaponDamagePercent": "0", "nBreakRate": "0"}	[{"nDamage": "54 * 0.95", "nDamageRand": "54 * 0.1", "nCostMana": "57"}, {"nDamage": "65 * 0.95", "nDamageRand": "65 * 0.1", "nCostMana": "68"}, {"nDamage": "75 * 0.95", "nDamageRand": "75 * 0.1", "nCostMana": "79"}, {"nDamage": "86 * 0.95", "nDamageRand": "86 * 0.1", "nCostMana": "90"}]	SetPublicCoolDown(16);SetNormalCoolDown(1, 7158);SetCheckCoolDown(1, 444)	CALL_ADAPTIVE_DAMAGE;CAST_SKILL;SKILL_PHYSICS_DAMAGE;SKILL_PHYSICS_DAMAGE_RAND
绝境战场\绝境_穿云.lua	绝境战场	plain	{"nMinRadius": "0", "nMaxRadius": "MELEE_ATTACK_DISTANCE", "nAngleRange": "128", "nWeaponDamagePercent": "1024", "nPrepareFrames": "0", "nChannelInterval": "64 * HDJueJingSkillCoe", "nBulletVelocity": "0", "nBreakRate": "0"}	[{"nCostMana": "12", "nDamage": "40 * 0.95", "nDamageRand": "40 * 0.1"}, {"nCostMana": "19", "nDamage": "72 * 0.95", "nDamageRand": "72 * 0.1"}, {"nCostMana": "26", "nDamage": "108 * 0.95", "nDamageRand": "108 * 0.1"}, {"nCostMana": "36", "nDamage": "122 * 0.95", "nDamageRand": "122 * 0.1"}, {"nCostMana": "44", "nDamage": "140 * 0.95", "nDamageRand": "140 * 0.1"}, {"nCostMana": "51", "nDamage": "158 * 0.95", "nDamageRand": "158 * 0.1"}, {"nCostMana": "58", "nDamage": "182 * 0.95", "nDamageRand": "182 * 0.1"}, {"nCostMana": "66", "nDamage": "209 * 0.95", "nDamageRand": "209 * 0.1"}, {"nCostMana": "73", "nDamage": "225 * 0.95", "nDamageRand": "225 * 0.1"}, {"nCostMana": "81", "nDamage": "257 * 0.95", "nDamageRand": "257 * 0.1"}, {"nCostMana": "90", "nDamage": "293 * 0.95", "nDamageRand": "293 * 0.1"}, {"nCostMana": "101", "nDamage": "293 * 0.95", "nDamageRand": "293 * 0.1"}]	SetPublicCoolDown(16);SetNormalCoolDown(1, 91);SetCheckCoolDown(1, 444)	CALL_ADAPTIVE_DAMAGE;SKILL_PHYSICS_DAMAGE;SKILL_PHYSICS_DAMAGE_RAND
绝境战场\绝境_穿心弩.lua	绝境战场	plain	{"nMinRadius": "0 * LENGTH_BASE", "nMaxRadius": "27 * LENGTH_BASE", "nAngleRange": "128", "nPrepareFrames": "24", "nChannelInterval": "80 * 1.2", "nMinPrepareFrames": "1"}	[{"nDamageBase": "0", "nDamageRand": "0", "nCostMana": "0"}, {"nDamageBase": "0", "nDamageRand": "0", "nCostMana": "0"}, {"nDamageBase": "0", "nDamageRand": "0", "nCostMana": "0"}, {"nDamageBase": "0", "nDamageRand": "0", "nCostMana": "0"}, {"nDamageBase": "0", "nDamageRand": "0", "nCostMana": "0"}, {"nDamageBase": "0", "nDamageRand": "0", "nCostMana": "0"}, {"nDamageBase": "0", "nDamageRand": "0", "nCostMana": "0"}, {"nDamageBase": "0", "nDamageRand": "0", "nCostMana": "0"}, {"nDamageBase": "0", "nDamageRand": "0", "nCostMana": "0"}, {"nDamageBase": "0", "nDamageRand": "0", "nCostMana": "0"}]	SetPublicCoolDown(16);SetNormalCoolDown(1, 464);SetCheckCoolDown(1, 444)	
绝境战场\绝境_笑醉狂.lua	绝境战场	plain	{"nMinRadius": "0 * LENGTH_BASE", "nMaxRadius": "10 * LENGTH_BASE", "nAngleRange": "256", "nAreaRadius": "10 * LENGTH_BASE", "nChannelInterval": "16", "nChannelFrame": "144", "nBeatBackRate": "0 * PERCENT_BASE", "nBrokenRate": "0 * PERCENT_BASE"}	[{"nDamageBase": "0", "nDamageRand": "0", "nCostMana": "0"}, {"nDamageBase": "0", "nDamageRand": "0", "nCostMana": "0"}, {"nDamageBase": "0", "nDamageRand": "0", "nCostMana": "0"}, {"nDamageBase": "0", "nDamageRand": "0", "nCostMana": "0"}, {"nDamageBase": "0", "nDamageRand": "0", "nCostMana": "0"}, {"nDamageBase": "0", "nDamageRand": "0", "nCostMana": "0"}, {"nDamageBase": "0", "nDamageRand": "0", "nCostMana": "0"}, {"nDamageBase": "0", "nDamageRand": "0", "nCostMana": "0"}, {"nDamageBase": "0", "nDamageRand": "0", "nCostMana": "0"}, {"nDamageBase": "0", "nDamageRand": "0", "nCostMana": "0"}]	SetNormalCoolDown(1, 7198);SetCheckCoolDown(1, 444)	EXECUTE_SCRIPT
绝境战场\绝境_绛唇珠袖.lua	绝境战场	plain	{"nMinRadius": "0", "nMaxRadius": "22 * LENGTH_BASE", "nAngleRange": "256", "nPrepareFrames": "0", "nBulletVelocity": "0", "nBreakRate": "256"}	[{"nCostMana": "36"}, {"nCostMana": "58"}, {"nCostMana": "75"}, {"nCostMana": "92"}, {"nCostMana": "109"}]	SetNormalCoolDown(1, 122);SetCheckCoolDown(1, 444)	
绝境战场\绝境_绛唇珠袖触发伤害.lua	绝境战场	plain	{"nMinRadius": "0", "nMaxRadius": "5 * LENGTH_BASE", "nAngleRange": "256", "nPrepareFrames": "0", "nChannelInterval": "64* HDJueJingSkillCoe", "nBulletVelocity": "0", "nBreakRate": "1024"}	[{"nDamage": "115", "nDamageRand": "5"}, {"nDamage": "163", "nDamageRand": "5"}, {"nDamage": "211", "nDamageRand": "5"}, {"nDamage": "259", "nDamageRand": "5"}, {"nDamage": "307", "nDamageRand": "5"}]		CALL_ADAPTIVE_DAMAGE;EXECUTE_SCRIPT;SKILL_LUNAR_DAMAGE;SKILL_LUNAR_DAMAGE_RAND
绝境战场\绝境_绝境龙牙冲刺技能.lua	绝境战场	plain	{"nMinRadius": "0 * LENGTH_BASE", "nMaxRadius": "25 * LENGTH_BASE", "nAngleRange": "128", "nWeaponDamagePercent": "1024"}	[{"nAddRage": "0", "nCostRage": "10", "nDamage": "107", "nDamageRand": "5"}, {"nAddRage": "0", "nCostRage": "10", "nDamage": "120", "nDamageRand": "5"}, {"nAddRage": "0", "nCostRage": "10", "nDamage": "132", "nDamageRand": "5"}, {"nAddRage": "0", "nCostRage": "10", "nDamage": "144", "nDamageRand": "5"}, {"nAddRage": "0", "nCostRage": "10", "nDamage": "157", "nDamageRand": "5"}, {"nAddRage": "0", "nCostRage": "10", "nDamage": "55", "nDamageRand": "5"}, {"nAddRage": "0", "nCostRage": "10", "nDamage": "56", "nDamageRand": "5"}, {"nAddRage": "0", "nCostRage": "10", "nDamage": "58", "nDamageRand": "5"}, {"nAddRage": "0", "nCostRage": "10", "nDamage": "60", "nDamageRand": "5"}, {"nAddRage": "0", "nCostRage": "10", "nDamage": "62", "nDamageRand": "5"}, {"nAddRage": "0", "nCostRage": "10", "nDamage": "64", "nDamageRand": "5"}, {"nAddRage": "0", "nCostRage": "10", "nDamage": "68", "nDamageRand": "10"}, {"nAddRage": "0", "nCostRage": "10", "nDamage": "72", "nDamageRand": "10"}, {"nAddRage": "0", "nCostRage": "10", "nDamage": "76", "nDamageRand": "10"}, {"nAddRage": "0", "nCostRage": "10", "nDamage": "80", "nDamageRand": "10"}, {"nAddRage": "0", "nCostRage": "10", "nDamage": "84", "nDamageRand": "10"}, {"nAddRage": "0", "nCostRage": "10", "nDamage": "88", "nDamageRand": "10"}, {"nAddRage": "0", "nCostRage": "10", "nDamage": "92", "nDamageRand": "10"}, {"nAddRage": "0", "nCostRage": "10", "nDamage": "96", "nDamageRand": "10"}, {"nAddRage": "0", "nCostRage": "10", "nDamage": "100", "nDamageRand": "15"}, {"nAddRage": "0", "nCostRage": "10", "nDamage": "104", "nDamageRand": "15"}, {"nAddRage": "0", "nCostRage": "10", "nDamage": "109", "nDamageRand": "15"}, {"nAddRage": "0", "nCostRage": "10", "nDamage": "115", "nDamageRand": "15"}, {"nAddRage": "0", "nCostRage": "10", "nDamage": "120", "nDamageRand": "15"}, {"nAddRage": "0", "nCostRage": "10", "nDamage": "130", "nDamageRand": "15"}, {"nAddRage": "0", "nCostRage": "10", "nDamage": "140", "nDamageRand": "15"}, {"nAddRage": "0", "nCostRage": "10", "nDamage": "150", "nDamageRand": "15"}, {"nAddRage": "0", "nCostRage": "10", "nDamage": "160", "nDamageRand": "15"}]		DASH
绝境战场\绝境_芙蓉并蒂.lua	绝境战场	plain	{"nMaxRadius": "20 * LENGTH_BASE", "nAngleRange": "128", "nPrepareFrames": "0", "nChannelInterval": "16 * HDJueJingSkillCoe", "nBrokenRate": "PERCENT_BASE"}	[{"nDamageBase": "20", "nDamageRand": "0", "nCostMana": "247"}, {"nDamageBase": "26", "nDamageRand": "0", "nCostMana": "316"}, {"nDamageBase": "31", "nDamageRand": "0", "nCostMana": "385"}, {"nDamageBase": "35", "nDamageRand": "0", "nCostMana": "454"}]	SetPublicCoolDown(16);SetNormalCoolDown(1, 7122);SetCheckCoolDown(1, 444)	CALL_ADAPTIVE_DAMAGE;EXECUTE_SCRIPT;SKILL_NEUTRAL_DAMAGE;SKILL_NEUTRAL_DAMAGE_RAND
绝境战场\绝境_蛇影.lua	绝境战场	plain	{"nMinRadius": "0 * LENGTH_BASE", "nMaxRadius": "20 * LENGTH_BASE", "nAngleRange": "128", "nChannelInterval": "99 * HDJueJingSkillCoe"}	[{"nDamageBase": "34 * 0.95", "nDamageRand": "300 * 0.1", "nCostMana": "34"}, {"nDamageBase": "49 * 0.95", "nDamageRand": "300 * 0.1", "nCostMana": "49"}, {"nDamageBase": "70 * 0.95", "nDamageRand": "300 * 0.1", "nCostMana": "70"}, {"nDamageBase": "87 * 0.95", "nDamageRand": "300 * 0.1", "nCostMana": "87"}, {"nDamageBase": "103 * 0.95", "nDamageRand": "300 * 0.1", "nCostMana": "103"}, {"nDamageBase": "120 * 0.95", "nDamageRand": "300 * 0.1", "nCostMana": "120"}, {"nDamageBase": "136 * 0.95", "nDamageRand": "300 * 0.1", "nCostMana": "136"}, {"nDamageBase": "152 * 0.95", "nDamageRand": "300 * 0.1", "nCostMana": "152"}, {"nDamageBase": "169 * 0.95", "nDamageRand": "300 * 0.1", "nCostMana": "169"}, {"nDamageBase": "185 * 0.95", "nDamageRand": "300 * 0.1", "nCostMana": "185"}, {"nDamageBase": "200 * 0.95", "nDamageRand": "300 * 0.1", "nCostMana": "200"}]	SetPublicCoolDown(16);SetCheckCoolDown(1, 444)	EXECUTE_SCRIPT
绝境战场\绝境_蛊虫献祭.lua	绝境战场	plain	{}	[{"nDamageBase": "0", "nDamageRand": "0", "nCostMana": "286"}]	SetNormalCoolDown(1, 7135);SetCheckCoolDown(1, 444)	CAST_SKILL;DEL_MULTI_GROUP_BUFF_BY_FUNCTIONTYPE;EXECUTE_SCRIPT
绝境战场\绝境_蝎心.lua	绝境战场	plain	{"nMinRadius": "0 * LENGTH_BASE", "nMaxRadius": "20 * LENGTH_BASE", "nAngleRange": "128", "nPrepareFrames": "24", "nMinPrepareFrames": "1", "nChannelInterval": "40 * HDJueJingSkillCoe"}	[{"nDamageBase": "43 * 0.95", "nDamageRand": "43 * 0.1", "nCostMana": "40"}, {"nDamageBase": "86 * 0.95", "nDamageRand": "86 * 0.1", "nCostMana": "40"}, {"nDamageBase": "96 * 0.95", "nDamageRand": "96 * 0.1", "nCostMana": "66"}, {"nDamageBase": "114 * 0.95", "nDamageRand": "114 * 0.1", "nCostMana": "88"}, {"nDamageBase": "137 * 0.95", "nDamageRand": "137 * 0.1", "nCostMana": "122"}, {"nDamageBase": "161 * 0.95", "nDamageRand": "161 * 0.1", "nCostMana": "147"}, {"nDamageBase": "184 * 0.95", "nDamageRand": "184 * 0.1", "nCostMana": "171"}, {"nDamageBase": "208 * 0.95", "nDamageRand": "208 * 0.1", "nCostMana": "196"}, {"nDamageBase": "232 * 0.95", "nDamageRand": "232 * 0.1", "nCostMana": "220"}, {"nDamageBase": "255 * 0.95", "nDamageRand": "255 * 0.1", "nCostMana": "245"}, {"nDamageBase": "279 * 0.95", "nDamageRand": "279 * 0.1", "nCostMana": "270"}, {"nDamageBase": "384 * 0.95", "nDamageRand": "384 * 0.1", "nCostMana": "292"}]	SetPublicCoolDown(16);SetCheckCoolDown(1, 444)	CALL_ADAPTIVE_DAMAGE;SKILL_POISON_DAMAGE;SKILL_POISON_DAMAGE_RAND
绝境战场\绝境_蟾啸.lua	绝境战场	plain	{"nMinRadius": "0 * LENGTH_BASE", "nMaxRadius": "20 * LENGTH_BASE", "nAngleRange": "128", "nAreaRadius": "8 * LENGTH_BASE", "nChannelInterval": "80 * 1.05* HDJueJingSkillCoe"}	[{"nDamageBase": "300 * 0.95", "nDamageRand": "300 * 0.1", "nCostMana": "248"}, {"nDamageBase": "300 * 0.95", "nDamageRand": "300 * 0.1", "nCostMana": "324"}, {"nDamageBase": "300 * 0.95", "nDamageRand": "300 * 0.1", "nCostMana": "400"}, {"nDamageBase": "300 * 0.95", "nDamageRand": "300 * 0.1", "nCostMana": "477"}, {"nDamageBase": "300 * 0.95", "nDamageRand": "300 * 0.1", "nCostMana": "553"}, {"nDamageBase": "300 * 0.95", "nDamageRand": "300 * 0.1", "nCostMana": "630"}, {"nDamageBase": "300 * 0.95", "nDamageRand": "300 * 0.1", "nCostMana": "700"}]	SetPublicCoolDown(16);SetNormalCoolDown(1, 385);SetCheckCoolDown(1, 444)	CALL_ADAPTIVE_DAMAGE;EXECUTE_SCRIPT
绝境战场\绝境_裂苍穹.lua	绝境战场	plain	{"nMinRadius": "0", "nMaxRadius": "MELEE_ATTACK_DISTANCE", "nAngleRange": "128", "nChannelInterval": "16* HDJueJingSkillCoe", "nPrepareFrames": "0", "nBulletVelocity": "30", "nDismountingRate": "1024", "nBreakRate": "1024"}	[{"nCostMana": "54", "nDamage": "104 * 0.95", "nDamageRand": "104 * 0.1"}, {"nCostMana": "62", "nDamage": "120 * 0.95", "nDamageRand": "120 * 0.1"}, {"nCostMana": "70", "nDamage": "136 * 0.95", "nDamageRand": "136 * 0.1"}, {"nCostMana": "79", "nDamage": "151 * 0.95", "nDamageRand": "151 * 0.1"}, {"nCostMana": "87", "nDamage": "167 * 0.95", "nDamageRand": "167 * 0.1"}]	SetPublicCoolDown(16);SetNormalCoolDown(1, 189);SetCheckCoolDown(1, 444)	CALL_ADAPTIVE_DAMAGE;CALL_BUFF;CALL_REPULSED;SKILL_PHYSICS_DAMAGE;SKILL_PHYSICS_DAMAGE_RAND
绝境战场\绝境_赤日轮.lua	绝境战场	plain	{"nMinRadius": "0", "nMaxRadius": "4 * LENGTH_BASE", "nAngleRange": "128", "nChannelInterval": "80"}	[{"nCostMana": "30"}, {"nCostMana": "50"}, {"nCostMana": "67"}, {"nCostMana": "93"}, {"nCostMana": "111"}, {"nCostMana": "130"}, {"nCostMana": "149"}, {"nCostMana": "167"}, {"nCostMana": "186"}, {"nCostMana": "186"}, {"nCostMana": "186"}]	SetPublicCoolDown(16);SetCheckCoolDown(1, 444)	CAST_SKILL
绝境战场\绝境_轮回诀.lua	绝境战场	plain	{"nMinRadius": "0", "nMaxRadius": "10 * LENGTH_BASE", "nAngleRange": "256", "nPrepareFrames": "0", "nBulletVelocity": "0", "nBreakRate": "0"}	[]	SetPublicCoolDown(16);SetNormalCoolDown(1, 37);SetCheckCoolDown(1, 444)	EXECUTE_SCRIPT
绝境战场\绝境_迷心蛊.lua	绝境战场	plain	{}	[{"nDamageBase": "0", "nDamageRand": "0", "nCostMana": "286"}]	SetNormalCoolDown(1, 7105);SetCheckCoolDown(1, 444)	
绝境战场\绝境_追命箭.lua	绝境战场	plain	{"nMinRadius": "0 * LENGTH_BASE", "nMaxRadius": "25 * LENGTH_BASE", "nAngleRange": "128", "nPrepareFrames": "32", "nMinPrepareFrames": "1", "nChannelInterval": "140* HDJueJingSkillCoe", "nWeaponDamagePercent": "2048"}	[{"nDamage": "945 * 0.95", "nDamageRand": "945 * 0.1", "nCostMana": "0"}]	SetPublicCoolDown(16);SetNormalCoolDown(1, 463);SetCheckCoolDown(1, 444)	CALL_ADAPTIVE_DAMAGE;EXECUTE_SCRIPT;SKILL_PHYSICS_DAMAGE;SKILL_PHYSICS_DAMAGE_RAND
绝境战场\绝境_追命箭额外伤害.lua	绝境战场	plain	{"nMinRadius": "0 * LENGTH_BASE", "nMaxRadius": "30 * LENGTH_BASE", "nAngleRange": "128", "nChannelInterval": "140 *0.5 * HDJueJingSkillCoe", "nWeaponDamagePercent": "2048"}	[{"nDamage": "945 * 0.95", "nDamageRand": "945 * 0.1", "nCostMana": "0"}]		CALL_ADAPTIVE_DAMAGE;SKILL_PHYSICS_DAMAGE;SKILL_PHYSICS_DAMAGE_RAND
绝境战场\绝境_钟林子技能.lua	绝境战场	plain	{"nMaxRadius": "20 * LENGTH_BASE", "nAngleRange": "128", "nChannelInterval": "80 * HDJueJingSkillCoe", "nBrokenRate": "PERCENT_BASE"}	[{"nCostMana": "26"}, {"nCostMana": "38"}, {"nCostMana": "53"}, {"nCostMana": "74"}, {"nCostMana": "90"}, {"nCostMana": "106"}, {"nCostMana": "122"}, {"nCostMana": "138"}, {"nCostMana": "154"}, {"nCostMana": "170"}, {"nCostMana": "170"}, {"nCostMana": "170"}]		
绝境战场\绝境_钟林毓秀.lua	绝境战场	plain	{"nMaxRadius": "20 * LENGTH_BASE", "nAngleRange": "128", "nChannelInterval": "80 * HDJueJingSkillCoe", "nPrepareFrames": "16", "nMinPrepareFrames": "1", "nBrokenRate": "PERCENT_BASE"}	[{"nCostMana": "26"}, {"nCostMana": "38"}, {"nCostMana": "53"}, {"nCostMana": "74"}, {"nCostMana": "90"}, {"nCostMana": "106"}, {"nCostMana": "122"}, {"nCostMana": "138"}, {"nCostMana": "154"}, {"nCostMana": "170"}, {"nCostMana": "170"}, {"nCostMana": "170"}]	SetPublicCoolDown(16);SetCheckCoolDown(1, 444)	
绝境战场\绝境_银月斩.lua	绝境战场	plain	{"nMinRadius": "0 * LENGTH_BASE", "nMaxRadius": "6 * LENGTH_BASE", "nAngleRange": "128", "nChannelInterval": "88 * HDJueJingSkillCoe", "nWeaponDamagePercent": "1024"}	[{"nDamageBase": "485 * 0.95", "nDamageRand": "485 * 0.1", "nCostMana": "0"}]	SetPublicCoolDown(16);SetNormalCoolDown(1, 505);SetCheckCoolDown(1, 444)	CALL_ADAPTIVE_DAMAGE;EXECUTE_SCRIPT;SKILL_LUNAR_DAMAGE;SKILL_LUNAR_DAMAGE_RAND
绝境战场\绝境_镇山河.lua	绝境战场	plain	{"nMaxRadius": "20 * LENGTH_BASE", "nAngleRange": "256", "nPrepareFrames": "0", "nBrokenRate": "PERCENT_BASE"}	[{"nDamageBase": "0", "nDamageRand": "0", "nCostMana": "349"}]	SetNormalCoolDown(1, 174);SetCheckCoolDown(1, 444)	CALL_BUFF;CAST_SKILL_TARGET_SRC;EXECUTE_SCRIPT
绝境战场\绝境_长针.lua	绝境战场	plain	{"nMaxRadius": "20 * LENGTH_BASE", "nAngleRange": "256", "nPrepareFrames": "48", "nMinPrepareFrames": "1", "nChannelInterval": "56"}	[{"nCostMana": "21 * 1.2"}, {"nCostMana": "33 * 1.2"}, {"nCostMana": "50 * 1.2"}, {"nCostMana": "64 * 1.2"}, {"nCostMana": "77 * 1.2"}, {"nCostMana": "91 * 1.2"}, {"nCostMana": "104 * 1.2"}, {"nCostMana": "104 * 1.2"}]	SetPublicCoolDown(16);SetNormalCoolDown(1, 7138);SetCheckCoolDown(1, 444)	EXECUTE_SCRIPT
绝境战场\绝境_长针正常治疗.lua	绝境战场	plain	{"nMaxRadius": "23 * LENGTH_BASE", "nAngleRange": "256", "nChannelInterval": "56"}	[{"nCostMana": "21 * 1.2"}, {"nCostMana": "33 * 1.2"}, {"nCostMana": "50 * 1.2"}, {"nCostMana": "64 * 1.2"}, {"nCostMana": "77 * 1.2"}, {"nCostMana": "91 * 1.2"}, {"nCostMana": "104 * 1.2"}, {"nCostMana": "104 * 1.2"}]		CALL_THERAPY;SKILL_THERAPY;SKILL_THERAPY_RAND
绝境战场\绝境_长针毒圈减疗.lua	绝境战场	plain	{"nMaxRadius": "23 * LENGTH_BASE", "nAngleRange": "256", "nChannelInterval": "56"}	[{"nCostMana": "21 * 1.2"}, {"nCostMana": "33 * 1.2"}, {"nCostMana": "50 * 1.2"}, {"nCostMana": "64 * 1.2"}, {"nCostMana": "77 * 1.2"}, {"nCostMana": "91 * 1.2"}, {"nCostMana": "104 * 1.2"}, {"nCostMana": "104 * 1.2"}]		CALL_THERAPY;SKILL_THERAPY;SKILL_THERAPY_RAND
绝境战场\绝境_阳明指.lua	绝境战场	plain	{"nMaxRadius": "20 * LENGTH_BASE", "nAngleRange": "128", "nPrepareFrames": "24", "nMinPrepareFrames": "1", "nChannelInterval": "48", "nBrokenRate": "PERCENT_BASE"}	[{"nDamageBase": "39 * 0.95", "nDamageRand": "39 * 0.1", "nCostMana": "36"}, {"nDamageBase": "78 * 0.95", "nDamageRand": "78 * 0.1", "nCostMana": "36"}, {"nDamageBase": "121 * 0.95", "nDamageRand": "121 * 0.1", "nCostMana": "66"}, {"nDamageBase": "139 * 0.95", "nDamageRand": "139 * 0.1", "nCostMana": "102"}, {"nDamageBase": "168 * 0.95", "nDamageRand": "168 * 0.1", "nCostMana": "131"}, {"nDamageBase": "203 * 0.95", "nDamageRand": "203 * 0.1", "nCostMana": "160"}, {"nDamageBase": "238 * 0.95", "nDamageRand": "238 * 0.1", "nCostMana": "190"}, {"nDamageBase": "279 * 0.95", "nDamageRand": "279 * 0.1", "nCostMana": "219"}, {"nDamageBase": "365 * 0.95", "nDamageRand": "365 * 0.1", "nCostMana": "241"}, {"nDamageBase": "405 * 0.95", "nDamageRand": "405 * 0.1", "nCostMana": "241"}]	SetPublicCoolDown(16);SetCheckCoolDown(1, 444)	CALL_ADAPTIVE_DAMAGE;SKILL_NEUTRAL_DAMAGE;SKILL_NEUTRAL_DAMAGE_RAND
绝境战场\绝境_雷霆震怒.lua	绝境战场	plain	{"nMinRadius": "0", "nMaxRadius": "tSkillData[dwSkillLevel].nMaxRadius * LENGTH_BASE", "nAngleRange": "128", "nPrepareFrames": "0", "nBulletVelocity": "0"}	[{"nCostMana": "44", "nMaxRadius": "17"}, {"nCostMana": "61", "nMaxRadius": "17"}]	SetPublicCoolDown(16);SetNormalCoolDown(1, 2990);SetCheckCoolDown(1, 444)	EXECUTE_SCRIPT
绝境战场\绝境_雷震子.lua	绝境战场	plain	{"nMinRadius": "0 * LENGTH_BASE", "nMaxRadius": "20 * LENGTH_BASE", "nAngleRange": "128"}	[{"nDamageBase": "100", "nDamageRand": "0", "nCostMana": "0"}, {"nDamageBase": "0", "nDamageRand": "0", "nCostMana": "0"}, {"nDamageBase": "0", "nDamageRand": "0", "nCostMana": "0"}, {"nDamageBase": "0", "nDamageRand": "0", "nCostMana": "0"}, {"nDamageBase": "0", "nDamageRand": "0", "nCostMana": "0"}, {"nDamageBase": "0", "nDamageRand": "0", "nCostMana": "0"}, {"nDamageBase": "0", "nDamageRand": "0", "nCostMana": "0"}, {"nDamageBase": "0", "nDamageRand": "0", "nCostMana": "0"}, {"nDamageBase": "0", "nDamageRand": "0", "nCostMana": "0"}, {"nDamageBase": "0", "nDamageRand": "0", "nCostMana": "0"}]	SetPublicCoolDown(16);SetNormalCoolDown(1, 476);SetCheckCoolDown(1, 444)	
绝境战场\绝境_雾暗迷云.lua	绝境战场	plain	{"nMinRadius": "0 * LENGTH_BASE", "nMaxRadius": "20 * LENGTH_BASE", "nAngleRange": "128", "nPrepareFrames": "24"}	[{"nDamageBase": "0", "nDamageRand": "0", "nCostMana": "0"}, {"nDamageBase": "0", "nDamageRand": "0", "nCostMana": "0"}, {"nDamageBase": "0", "nDamageRand": "0", "nCostMana": "0"}, {"nDamageBase": "0", "nDamageRand": "0", "nCostMana": "0"}, {"nDamageBase": "0", "nDamageRand": "0", "nCostMana": "0"}, {"nDamageBase": "0", "nDamageRand": "0", "nCostMana": "0"}, {"nDamageBase": "0", "nDamageRand": "0", "nCostMana": "0"}, {"nDamageBase": "0", "nDamageRand": "0", "nCostMana": "0"}, {"nDamageBase": "0", "nDamageRand": "0", "nCostMana": "0"}, {"nDamageBase": "0", "nDamageRand": "0", "nCostMana": "0"}]	SetPublicCoolDown(16);SetNormalCoolDown(1, 2893);SetCheckCoolDown(1, 444)	EXECUTE_SCRIPT
绝境战场\绝境_韦陀献杵.lua	绝境战场	plain	{"nWeaponDamagePercent": "1024", "nMinRadius": "0", "nMaxRadius": "20 * LENGTH_BASE", "nAngleRange": "128", "nChannelInterval": "120* HDJueJingSkillCoe", "nPrepareFrames": "0", "nBulletVelocity": "0", "nBreakRate": "0"}	[{"nDamageBase": "286 * 0.95", "nDamageRand": "286 * 0.1", "nCostMana": "0"}]	SetPublicCoolDown(16);SetNormalCoolDown(1, 7118);SetCheckCoolDown(1, 444)	CALL_ADAPTIVE_DAMAGE;EXECUTE_SCRIPT;SKILL_SOLAR_DAMAGE;SKILL_SOLAR_DAMAGE_RAND
绝境战场\绝境_风袖低昂.lua	绝境战场	plain	{"nMaxRadius": "20 * LENGTH_BASE", "nAngleRange": "256"}	[{"nCostMana": "21 * 1.2"}, {"nCostMana": "33 * 1.2"}, {"nCostMana": "50 * 1.2"}, {"nCostMana": "64 * 1.2"}, {"nCostMana": "77 * 1.2"}, {"nCostMana": "91 * 1.2"}, {"nCostMana": "104 * 1.2"}, {"nCostMana": "104 * 1.2"}]	SetPublicCoolDown(16);SetNormalCoolDown(1, 7153);SetCheckCoolDown(1, 444)	EXECUTE_SCRIPT
绝境战场\绝境_风袖减疗治疗.lua	绝境战场	plain	{"nMaxRadius": "23 * LENGTH_BASE", "nAngleRange": "256", "nChannelInterval": "70* 0.3"}	[{"nCostMana": "21 * 1.2"}, {"nCostMana": "33 * 1.2"}, {"nCostMana": "50 * 1.2"}, {"nCostMana": "64 * 1.2"}, {"nCostMana": "77 * 1.2"}, {"nCostMana": "91 * 1.2"}, {"nCostMana": "104 * 1.2"}, {"nCostMana": "104 * 1.2"}]		CALL_THERAPY;SKILL_THERAPY;SKILL_THERAPY_RAND
绝境战场\绝境_风袖正常治疗.lua	绝境战场	plain	{"nMaxRadius": "23 * LENGTH_BASE", "nAngleRange": "256", "nChannelInterval": "70"}	[{"nCostMana": "21 * 1.2"}, {"nCostMana": "33 * 1.2"}, {"nCostMana": "50 * 1.2"}, {"nCostMana": "64 * 1.2"}, {"nCostMana": "77 * 1.2"}, {"nCostMana": "91 * 1.2"}, {"nCostMana": "104 * 1.2"}, {"nCostMana": "104 * 1.2"}]		CALL_THERAPY;SKILL_THERAPY;SKILL_THERAPY_RAND
绝境战场\绝境_驱夜断愁.lua	绝境战场	plain	{"nMinRadius": "0 * LENGTH_BASE", "nMaxRadius": "4 * LENGTH_BASE", "nAngleRange": "128", "nChannelInterval": "100* HDJueJingSkillCoe", "nWeaponDamagePercent": "2048"}	[{"nDamageBase": "144 * 0.95", "nDamageRand": "144 * 0.1", "nCostMana": "0"}, {"nDamageBase": "175 * 0.95", "nDamageRand": "175 * 0.1", "nCostMana": "0"}, {"nDamageBase": "206 * 0.95", "nDamageRand": "206 * 0.1", "nCostMana": "0"}, {"nDamageBase": "237 * 0.95", "nDamageRand": "237 * 0.1", "nCostMana": "0"}, {"nDamageBase": "268 * 0.95", "nDamageRand": "268 * 0.1", "nCostMana": "0"}, {"nDamageBase": "299 * 0.95", "nDamageRand": "299 * 0.1", "nCostMana": "0"}, {"nDamageBase": "330 * 0.95", "nDamageRand": "330 * 0.1", "nCostMana": "0"}, {"nDamageBase": "361 * 0.95", "nDamageRand": "361 * 0.1", "nCostMana": "0"}, {"nDamageBase": "394 * 0.95", "nDamageRand": "394 * 0.1", "nCostMana": "0"}, {"nDamageBase": "429 * 0.95", "nDamageRand": "429 * 0.1", "nCostMana": "0"}, {"nDamageBase": "473 * 0.95", "nDamageRand": "473 * 0.1", "nCostMana": "0"}]	SetPublicCoolDown(16);SetNormalCoolDown(1, 521);SetCheckCoolDown(1, 444)	CALL_ADAPTIVE_DAMAGE;DAMAGE_TO_LIFE_FOR_SELF;SKILL_LUNAR_DAMAGE;SKILL_LUNAR_DAMAGE_RAND
绝境战场\绝境_鸟翔碧空.lua	绝境战场	plain	{"nMinRadius": "0 * LENGTH_BASE", "nMaxRadius": "4 * LENGTH_BASE", "nAngleRange": "256"}	[{"nDamageBase": "0", "nDamageRand": "0", "nCostMana": "0"}, {"nDamageBase": "0", "nDamageRand": "0", "nCostMana": "0"}, {"nDamageBase": "0", "nDamageRand": "0", "nCostMana": "0"}, {"nDamageBase": "0", "nDamageRand": "0", "nCostMana": "0"}, {"nDamageBase": "0", "nDamageRand": "0", "nCostMana": "0"}, {"nDamageBase": "0", "nDamageRand": "0", "nCostMana": "0"}, {"nDamageBase": "0", "nDamageRand": "0", "nCostMana": "0"}, {"nDamageBase": "0", "nDamageRand": "0", "nCostMana": "0"}, {"nDamageBase": "0", "nDamageRand": "0", "nCostMana": "0"}, {"nDamageBase": "0", "nDamageRand": "0", "nCostMana": "0"}]	SetPublicCoolDown(16);SetNormalCoolDown(1, 7148);SetNormalCoolDown(2, 88);SetCheckCoolDown(1, 444)	DEL_SINGLE_BUFF_BY_ID_AND_LEVEL
绝境战场\绝境_鹊踏枝.lua	绝境战场	plain	{"nMinRadius": "0", "nMaxRadius": "20 * LENGTH_BASE", "nAngleRange": "256", "nPrepareFrames": "0", "nBulletVelocity": "0"}	[{"nCostMana": "41"}, {"nCostMana": "55"}, {"nCostMana": "76"}, {"nCostMana": "92"}, {"nCostMana": "107"}]	SetNormalCoolDown(1, 114);SetCheckCoolDown(1, 444)	CAST_SKILL;DEL_MULTI_GROUP_BUFF_BY_FUNCTIONTYPE
绝境战场\绝境_鹤归孤山.lua	绝境战场	plain	{"nMinRadius": "0 * LENGTH_BASE", "nMaxRadius": "8 * LENGTH_BASE", "nAngleRange": "128", "nWeaponDamagePercent": "0", "nBulletVelocity": "0", "nBeatBackRate": "0 * PERCENT_BASE"}	[{"nAddRage": "0", "nCostRage": "20", "nDamage": "141 * 0.95", "nDamageRand": "141 * 0.1"}, {"nAddRage": "0", "nCostRage": "20", "nDamage": "164 * 0.95", "nDamageRand": "164 * 0.1"}, {"nAddRage": "0", "nCostRage": "20", "nDamage": "188 * 0.95", "nDamageRand": "188 * 0.1"}, {"nAddRage": "0", "nCostRage": "20", "nDamage": "212 * 0.95", "nDamageRand": "212 * 0.1"}, {"nAddRage": "0", "nCostRage": "20", "nDamage": "235 * 0.95", "nDamageRand": "235 * 0.1"}, {"nAddRage": "0", "nCostRage": "20", "nDamage": "259 * 0.95", "nDamageRand": "259 * 0.1"}]	SetPublicCoolDown(16);SetNormalCoolDown(1, 337);SetCheckCoolDown(1, 444)	CALL_BUFF;DASH_FORWARD
绝境战场\绝境_龙吟.lua	绝境战场	plain	{"nWeaponDamagePercent": "1024", "nMinRadius": "0", "nMaxRadius": "MELEE_ATTACK_DISTANCE", "nAngleRange": "128", "nPrepareFrames": "0", "nChannelInterval": "86 * 1.1 * 1.1", "nBulletVelocity": "0", "nBreakRate": "0"}	[{"nCostMana": "30", "nDamage": "56", "nDamageRand": "56 * 0.1"}, {"nCostMana": "48", "nDamage": "86", "nDamageRand": "86 * 0.1"}, {"nCostMana": "73", "nDamage": "117", "nDamageRand": "117 * 0.1"}, {"nCostMana": "93", "nDamage": "149", "nDamageRand": "149 * 0.1"}, {"nCostMana": "112", "nDamage": "182", "nDamageRand": "182 * 0.1"}, {"nCostMana": "132", "nDamage": "215", "nDamageRand": "215 * 0.1"}, {"nCostMana": "152", "nDamage": "251", "nDamageRand": "251 * 0.1"}, {"nCostMana": "162", "nDamage": "289", "nDamageRand": "289 * 0.1"}]	SetPublicCoolDown(16);SetNormalCoolDown(1, 7102);SetCheckCoolDown(1, 444)	CALL_ADAPTIVE_DAMAGE;SKILL_PHYSICS_DAMAGE;SKILL_PHYSICS_DAMAGE_RAND
绝境战场\绝境_龙战于野.lua	绝境战场	plain	{"nMinRadius": "0 * LENGTH_BASE", "nMaxRadius": "4 * LENGTH_BASE", "nAngleRange": "128", "nChannelInterval": "80 + dwSkillLevel * 20", "nWeaponDamagePercent": "1024"}	[{"nAddRage": "0", "nCostRage": "10", "nDamage": "70", "nDamageRand": "70"}, {"nAddRage": "0", "nCostRage": "10", "nDamage": "130", "nDamageRand": "130"}, {"nAddRage": "0", "nCostRage": "10", "nDamage": "160", "nDamageRand": "160"}, {"nAddRage": "0", "nCostRage": "10", "nDamage": "200", "nDamageRand": "200"}, {"nAddRage": "0", "nCostRage": "10", "nDamage": "240", "nDamageRand": "240"}, {"nAddRage": "0", "nCostRage": "10", "nDamage": "270", "nDamageRand": "270"}, {"nAddRage": "0", "nCostRage": "10", "nDamage": "280", "nDamageRand": "280"}, {"nAddRage": "0", "nCostRage": "10", "nDamage": "290", "nDamageRand": "290"}]	SetPublicCoolDown(16);SetNormalCoolDown(1, 7194);SetCheckCoolDown(1, 444)	CAST_SKILL
绝境战场\绝境_龙战于野拉.lua	绝境战场	plain	{"bIgnorePrepareState": "true", "nChannelInterval": "76* HDJueJingSkillCoe", "nMinRadius": "0 * LENGTH_BASE", "nMaxRadius": "10 * LENGTH_BASE", "nAngleRange": "85", "nAreaRadius": "10 * LENGTH_BASE", "nBulletVelocity": "0", "nBreakRate": "0"}	[{"nAddRage": "0", "nCostRage": "10", "nDamageBase": "240", "nDamageRand": "24"}, {"nAddRage": "0", "nCostRage": "10", "nDamageBase": "270", "nDamageRand": "27"}, {"nAddRage": "0", "nCostRage": "10", "nDamageBase": "280", "nDamageRand": "28"}, {"nAddRage": "0", "nCostRage": "10", "nDamageBase": "290", "nDamageRand": "29"}]		CALL_ADAPTIVE_DAMAGE;EXECUTE_SCRIPT;PULL;SKILL_PHYSICS_DAMAGE;SKILL_PHYSICS_DAMAGE_RAND
绝境战场\绝境_龙牙.lua	绝境战场	plain	{"nWeaponDamagePercent": "1024", "nMinRadius": "0", "nMaxRadius": "20 * LENGTH_BASE", "nAngleRange": "128", "nChannelInterval": "1267 * HDJueJingSkillCoe_130", "nPrepareFrames": "0", "nBulletVelocity": "0", "nBreakRate": "0"}	[{"nCostMana": "36", "nDamage": "106 * 1.07", "nDamageRand": "106 * 0.044"}, {"nCostMana": "66", "nDamage": "131 * 1.07", "nDamageRand": "121 * 0.044"}, {"nCostMana": "103", "nDamage": "156 * 1.07", "nDamageRand": "139 * 0.044"}, {"nCostMana": "132", "nDamage": "181 * 1.07", "nDamageRand": "168 * 0.044"}, {"nCostMana": "162", "nDamage": "206 * 1.07", "nDamageRand": "203 * 0.044"}, {"nCostMana": "191", "nDamage": "231 * 1.07", "nDamageRand": "238 * 0.044"}, {"nCostMana": "220", "nDamage": "279 * 1.07", "nDamageRand": "279 * 0.044"}, {"nCostMana": "243", "nDamage": "365 * 1.07", "nDamageRand": "365 * 0.044"}, {"nCostMana": "268", "nDamage": "405 * 1.07", "nDamageRand": "405 * 0.044"}]	SetPublicCoolDown(16);SetNormalCoolDown(1, 7101);SetCheckCoolDown(1, 444)	CALL_ADAPTIVE_DAMAGE;CAST_SKILL_TARGET_DST;SKILL_PHYSICS_DAMAGE;SKILL_PHYSICS_DAMAGE_RAND
绝境战场\绝境·引窍.lua	绝境战场	plain	{"nMinRadius": "0 * LENGTH_BASE", "nMaxRadius": "20 * LENGTH_BASE", "nAngleRange": "128", "nPrepareFrames": "24", "nMinPrepareFrames": "1"}	[{"nDamageBase": "0", "nDamageRand": "0", "nCostMana": "0"}, {"nDamageBase": "0", "nDamageRand": "0", "nCostMana": "0"}, {"nDamageBase": "0", "nDamageRand": "0", "nCostMana": "0"}, {"nDamageBase": "0", "nDamageRand": "0", "nCostMana": "0"}, {"nDamageBase": "0", "nDamageRand": "0", "nCostMana": "0"}, {"nDamageBase": "0", "nDamageRand": "0", "nCostMana": "0"}, {"nDamageBase": "0", "nDamageRand": "0", "nCostMana": "0"}, {"nDamageBase": "0", "nDamageRand": "0", "nCostMana": "0"}, {"nDamageBase": "0", "nDamageRand": "0", "nCostMana": "0"}, {"nDamageBase": "0", "nDamageRand": "0", "nCostMana": "0"}]	SetPublicCoolDown(16);SetNormalCoolDown(1, 2892);SetCheckCoolDown(1, 444)	EXECUTE_SCRIPT
绝境战场\绝境·截阳.lua	绝境战场	plain	{"nMinRadius": "0 * LENGTH_BASE", "nMaxRadius": "20 * LENGTH_BASE", "nAngleRange": "128"}	[{"nDamageBase": "0", "nDamageRand": "0", "nCostMana": "0"}, {"nDamageBase": "0", "nDamageRand": "0", "nCostMana": "0"}, {"nDamageBase": "0", "nDamageRand": "0", "nCostMana": "0"}, {"nDamageBase": "0", "nDamageRand": "0", "nCostMana": "0"}, {"nDamageBase": "0", "nDamageRand": "0", "nCostMana": "0"}, {"nDamageBase": "0", "nDamageRand": "0", "nCostMana": "0"}, {"nDamageBase": "0", "nDamageRand": "0", "nCostMana": "0"}, {"nDamageBase": "0", "nDamageRand": "0", "nCostMana": "0"}, {"nDamageBase": "0", "nDamageRand": "0", "nCostMana": "0"}, {"nDamageBase": "0", "nDamageRand": "0", "nCostMana": "0"}]	SetPublicCoolDown(16);SetNormalCoolDown(1, 2890);SetCheckCoolDown(1, 444)	EXECUTE_SCRIPT
绝境战场\绝境·风流云散.lua	绝境战场	plain	{"nMinRadius": "0 * LENGTH_BASE", "nMaxRadius": "20 * LENGTH_BASE", "nAngleRange": "256", "nAreaRadius": "1 * LENGTH_BASE", "nWeaponDamagePercent": "0"}	[{"nDamageBase": "0", "nDamageRand": "0", "nCostMana": "0"}, {"nDamageBase": "0", "nDamageRand": "0", "nCostMana": "0"}, {"nDamageBase": "0", "nDamageRand": "0", "nCostMana": "0"}, {"nDamageBase": "0", "nDamageRand": "0", "nCostMana": "0"}, {"nDamageBase": "0", "nDamageRand": "0", "nCostMana": "0"}, {"nDamageBase": "0", "nDamageRand": "0", "nCostMana": "0"}, {"nDamageBase": "0", "nDamageRand": "0", "nCostMana": "0"}, {"nDamageBase": "0", "nDamageRand": "0", "nCostMana": "0"}, {"nDamageBase": "0", "nDamageRand": "0", "nCostMana": "0"}, {"nDamageBase": "0", "nDamageRand": "0", "nCostMana": "0"}]	SetNormalCoolDown(1, 2896);SetNormalCoolDown(2, 2945)	DASH_TO_POINT;EXECUTE_SCRIPT
绝境战场\绝境引窍伤害子技能.lua	绝境战场	plain	{"bIgnorePrepareState": "true", "nMinRadius": "0 * LENGTH_BASE", "nMaxRadius": "40 * LENGTH_BASE", "nAngleRange": "256", "nChannelInterval": "1500"}	[{"nDamageBase": "20", "nDamageRand": "0", "nCostMana": "0"}, {"nDamageBase": "0", "nDamageRand": "0", "nCostMana": "0"}, {"nDamageBase": "0", "nDamageRand": "0", "nCostMana": "0"}, {"nDamageBase": "0", "nDamageRand": "0", "nCostMana": "0"}, {"nDamageBase": "0", "nDamageRand": "0", "nCostMana": "0"}, {"nDamageBase": "0", "nDamageRand": "0", "nCostMana": "0"}, {"nDamageBase": "0", "nDamageRand": "0", "nCostMana": "0"}, {"nDamageBase": "0", "nDamageRand": "0", "nCostMana": "0"}, {"nDamageBase": "0", "nDamageRand": "0", "nCostMana": "0"}, {"nDamageBase": "0", "nDamageRand": "0", "nCostMana": "0"}]		CALL_ADAPTIVE_DAMAGE;SKILL_NEUTRAL_DAMAGE;SKILL_NEUTRAL_DAMAGE_RAND
绝境战场\绝境截阳伤害子技能.lua	绝境战场	plain	{"bIgnorePrepareState": "true", "nMinRadius": "0 * LENGTH_BASE", "nMaxRadius": "40 * LENGTH_BASE", "nAngleRange": "256", "nChannelInterval": "1000"}	[{"nDamageBase": "20", "nDamageRand": "0", "nCostMana": "0"}, {"nDamageBase": "0", "nDamageRand": "0", "nCostMana": "0"}, {"nDamageBase": "0", "nDamageRand": "0", "nCostMana": "0"}, {"nDamageBase": "0", "nDamageRand": "0", "nCostMana": "0"}, {"nDamageBase": "0", "nDamageRand": "0", "nCostMana": "0"}, {"nDamageBase": "0", "nDamageRand": "0", "nCostMana": "0"}, {"nDamageBase": "0", "nDamageRand": "0", "nCostMana": "0"}, {"nDamageBase": "0", "nDamageRand": "0", "nCostMana": "0"}, {"nDamageBase": "0", "nDamageRand": "0", "nCostMana": "0"}, {"nDamageBase": "0", "nDamageRand": "0", "nCostMana": "0"}]		CALL_ADAPTIVE_DAMAGE;SKILL_NEUTRAL_DAMAGE;SKILL_NEUTRAL_DAMAGE_RAND
绝境战场\绝境玉石额外伤害.lua	绝境战场	plain	{"nMinRadius": "0 * LENGTH_BASE", "nMaxRadius": "20 * LENGTH_BASE", "nAngleRange": "128", "nChannelInterval": "16 * 6 * HDJueJingSkillCoe", "nBrokenRate": "PERCENT_BASE"}	[{"nDamageBase": "121 * 0.95", "nDamageRand": "121 * 0.1", "nCostMana": "49"}, {"nDamageBase": "139 * 0.95", "nDamageRand": "139 * 0.1", "nCostMana": "90"}, {"nDamageBase": "168 * 0.95", "nDamageRand": "168 * 0.1", "nCostMana": "139"}, {"nDamageBase": "203 * 0.95", "nDamageRand": "203 * 0.1", "nCostMana": "179"}, {"nDamageBase": "238 * 0.95", "nDamageRand": "238 * 0.1", "nCostMana": "219"}, {"nDamageBase": "279 * 0.95", "nDamageRand": "279 * 0.1", "nCostMana": "259"}, {"nDamageBase": "365 * 0.95", "nDamageRand": "365 * 0.1", "nCostMana": "298"}, {"nDamageBase": "405 * 0.95", "nDamageRand": "405 * 0.1", "nCostMana": "328"}]		CALL_ADAPTIVE_DAMAGE;SKILL_NEUTRAL_DAMAGE;SKILL_NEUTRAL_DAMAGE_RAND
绝境战场\绝境绝脉爆炸伤害.lua	绝境战场	plain	{"bIgnorePrepareState": "true", "nMinRadius": "0 * LENGTH_BASE", "nMaxRadius": "40 * LENGTH_BASE", "nAngleRange": "256", "nChannelInterval": "60 * dwSkillLevel"}	[{"nDamageBase": "20", "nDamageRand": "0", "nCostMana": "0"}, {"nDamageBase": "0", "nDamageRand": "0", "nCostMana": "0"}, {"nDamageBase": "0", "nDamageRand": "0", "nCostMana": "0"}, {"nDamageBase": "0", "nDamageRand": "0", "nCostMana": "0"}, {"nDamageBase": "0", "nDamageRand": "0", "nCostMana": "0"}, {"nDamageBase": "0", "nDamageRand": "0", "nCostMana": "0"}, {"nDamageBase": "0", "nDamageRand": "0", "nCostMana": "0"}, {"nDamageBase": "0", "nDamageRand": "0", "nCostMana": "0"}, {"nDamageBase": "0", "nDamageRand": "0", "nCostMana": "0"}, {"nDamageBase": "0", "nDamageRand": "0", "nCostMana": "0"}]		CALL_ADAPTIVE_DAMAGE;SKILL_NEUTRAL_DAMAGE;SKILL_NEUTRAL_DAMAGE_RAND
绝境战场\隐身表现延迟处理.lua	绝境战场	plain	{}	[{"nDamageBase": "0", "nDamageRand": "0", "nCostMana": "0"}, {"nDamageBase": "0", "nDamageRand": "0", "nCostMana": "0"}, {"nDamageBase": "0", "nDamageRand": "0", "nCostMana": "0"}, {"nDamageBase": "0", "nDamageRand": "0", "nCostMana": "0"}, {"nDamageBase": "0", "nDamageRand": "0", "nCostMana": "0"}, {"nDamageBase": "0", "nDamageRand": "0", "nCostMana": "0"}, {"nDamageBase": "0", "nDamageRand": "0", "nCostMana": "0"}, {"nDamageBase": "0", "nDamageRand": "0", "nCostMana": "0"}, {"nDamageBase": "0", "nDamageRand": "0", "nCostMana": "0"}, {"nDamageBase": "0", "nDamageRand": "0", "nCostMana": "0"}]		
苍云\套路及子技能\苍云_步临加成判定.lua	苍云	bytecode	{}	[]		bIgnorePrepareState;nCostMana;nMinRadius;nMaxRadius;nAngleRange
苍云\套路及子技能\苍云_苍雪刀_劫刀0-10.lua	苍云	plain	{"nMinRadius": "0 * LENGTH_BASE", "nMaxRadius": "6 * LENGTH_BASE", "nAngleRange": "128", "nChannelInterval": "(tSkillCoefficient[13052].skillnChannelInterval(dwSkillLevel))*1.48", "nWeaponDamagePercent": "1024"}	[{"nDamageBase": "120", "nDamageRand": "80*0.1", "nCostMana": "0"}, {"nDamageBase": "150", "nDamageRand": "90*0.1", "nCostMana": "0"}, {"nDamageBase": "180", "nDamageRand": "100*0.1", "nCostMana": "0"}, {"nDamageBase": "210", "nDamageRand": "110*0.1", "nCostMana": "0"}, {"nDamageBase": "230", "nDamageRand": "120*0.1", "nCostMana": "0"}, {"nDamageBase": "250", "nDamageRand": "130*0.1", "nCostMana": "0"}, {"nDamageBase": "270", "nDamageRand": "140*0.1", "nCostMana": "0"}, {"nDamageBase": "290", "nDamageRand": "150*0.1", "nCostMana": "0"}, {"nDamageBase": "310", "nDamageRand": "160*0.1", "nCostMana": "0"}, {"nDamageBase": "330", "nDamageRand": "170*0.1", "nCostMana": "0"}, {"nDamageBase": "350", "nDamageRand": "120*0.1", "nCostMana": "0"}, {"nDamageBase": "370", "nDamageRand": "130*0.1", "nCostMana": "0"}, {"nDamageBase": "390", "nDamageRand": "140*0.1", "nCostMana": "0"}, {"nDamageBase": "400", "nDamageRand": "150*0.1", "nCostMana": "0"}, {"nDamageBase": "410", "nDamageRand": "160*0.1", "nCostMana": "0"}, {"nDamageBase": "420", "nDamageRand": "170*0.1", "nCostMana": "0"}, {"nDamageBase": "430", "nDamageRand": "180*0.1", "nCostMana": "0"}, {"nDamageBase": "440", "nDamageRand": "190*0.1", "nCostMana": "0"}, {"nDamageBase": "450", "nDamageRand": "200*0.1", "nCostMana": "0"}, {"nDamageBase": "460", "nDamageRand": "210*0.1", "nCostMana": "0"}, {"nDamageBase": "470", "nDamageRand": "220*0.1", "nCostMana": "0"}, {"nDamageBase": "480", "nDamageRand": "230*0.1", "nCostMana": "0"}, {"nDamageBase": "490", "nDamageRand": "240*0.1", "nCostMana": "0"}, {"nDamageBase": "500", "nDamageRand": "250*0.1", "nCostMana": "0"}, {"nDamageBase": "510", "nDamageRand": "260*0.1", "nCostMana": "0"}, {"nDamageBase": "520", "nDamageRand": "270*0.1", "nCostMana": "0"}, {"nDamageBase": "530", "nDamageRand": "280*0.1", "nCostMana": "0"}, {"nDamageBase": "550", "nDamageRand": "290*0.1", "nCostMana": "0"}]		CALL_PHYSICS_DAMAGE;SKILL_PHYSICS_DAMAGE;SKILL_PHYSICS_DAMAGE_RAND
苍云\套路及子技能\苍云_苍雪刀_劫刀40-50.lua	苍云	plain	{"nMinRadius": "0 * LENGTH_BASE", "nMaxRadius": "6 * LENGTH_BASE", "nAngleRange": "128", "nChannelInterval": "(tSkillCoefficient[13052].skillnChannelInterval(dwSkillLevel))*1.40", "nWeaponDamagePercent": "1024"}	[{"nDamageBase": "120", "nDamageRand": "80*0.1", "nCostMana": "0"}, {"nDamageBase": "150", "nDamageRand": "90*0.1", "nCostMana": "0"}, {"nDamageBase": "180", "nDamageRand": "100*0.1", "nCostMana": "0"}, {"nDamageBase": "210", "nDamageRand": "110*0.1", "nCostMana": "0"}, {"nDamageBase": "230", "nDamageRand": "120*0.1", "nCostMana": "0"}, {"nDamageBase": "250", "nDamageRand": "130*0.1", "nCostMana": "0"}, {"nDamageBase": "270", "nDamageRand": "140*0.1", "nCostMana": "0"}, {"nDamageBase": "290", "nDamageRand": "150*0.1", "nCostMana": "0"}, {"nDamageBase": "310", "nDamageRand": "160*0.1", "nCostMana": "0"}, {"nDamageBase": "330", "nDamageRand": "170*0.1", "nCostMana": "0"}, {"nDamageBase": "350", "nDamageRand": "120*0.1", "nCostMana": "0"}, {"nDamageBase": "370", "nDamageRand": "130*0.1", "nCostMana": "0"}, {"nDamageBase": "390", "nDamageRand": "140*0.1", "nCostMana": "0"}, {"nDamageBase": "400", "nDamageRand": "150*0.1", "nCostMana": "0"}, {"nDamageBase": "410", "nDamageRand": "160*0.1", "nCostMana": "0"}, {"nDamageBase": "420", "nDamageRand": "170*0.1", "nCostMana": "0"}, {"nDamageBase": "430", "nDamageRand": "180*0.1", "nCostMana": "0"}, {"nDamageBase": "440", "nDamageRand": "190*0.1", "nCostMana": "0"}, {"nDamageBase": "450", "nDamageRand": "200*0.1", "nCostMana": "0"}, {"nDamageBase": "460", "nDamageRand": "210*0.1", "nCostMana": "0"}, {"nDamageBase": "470", "nDamageRand": "220*0.1", "nCostMana": "0"}, {"nDamageBase": "480", "nDamageRand": "230*0.1", "nCostMana": "0"}, {"nDamageBase": "490", "nDamageRand": "240*0.1", "nCostMana": "0"}, {"nDamageBase": "500", "nDamageRand": "250*0.1", "nCostMana": "0"}, {"nDamageBase": "510", "nDamageRand": "260*0.1", "nCostMana": "0"}, {"nDamageBase": "520", "nDamageRand": "270*0.1", "nCostMana": "0"}, {"nDamageBase": "530", "nDamageRand": "280*0.1", "nCostMana": "0"}, {"nDamageBase": "550", "nDamageRand": "290*0.1", "nCostMana": "0"}]		CALL_PHYSICS_DAMAGE;SKILL_PHYSICS_DAMAGE;SKILL_PHYSICS_DAMAGE_RAND
苍云\套路及子技能\苍云_苍雪刀_劫刀_伤害子技能.lua	苍云	bytecode	{}	[]		nChannelInterval;nCostMana;nWeaponDamagePercent;nMinRadius;nMaxRadius;nAngleRange
苍云\套路及子技能\苍云_苍雪刀_斩刀0-10.lua	苍云	plain	{"nMinRadius": "0 * LENGTH_BASE", "nMaxRadius": "30 * LENGTH_BASE", "nAngleRange": "128", "nChannelInterval": "(tSkillCoefficient[13054].skillnChannelInterval(dwSkillLevel))*1.48", "nWeaponDamagePercent": "1024"}	[{"nDamageBase": "230", "nDamageRand": "20 * 0.1", "nCostMana": "0"}, {"nDamageBase": "260", "nDamageRand": "45 * 0.1", "nCostMana": "0"}, {"nDamageBase": "290", "nDamageRand": "60 * 0.1", "nCostMana": "0"}, {"nDamageBase": "320", "nDamageRand": "75 * 0.1", "nCostMana": "0"}, {"nDamageBase": "350", "nDamageRand": "90 * 0.1", "nCostMana": "0"}, {"nDamageBase": "380", "nDamageRand": "105 * 0.1", "nCostMana": "0"}, {"nDamageBase": "410", "nDamageRand": "120 * 0.1", "nCostMana": "0"}, {"nDamageBase": "440", "nDamageRand": "135 * 0.1", "nCostMana": "0"}, {"nDamageBase": "470", "nDamageRand": "150 * 0.1", "nCostMana": "0"}, {"nDamageBase": "510", "nDamageRand": "165 * 0.1", "nCostMana": "0"}, {"nDamageBase": "550", "nDamageRand": "180 * 0.1", "nCostMana": "0"}, {"nDamageBase": "580", "nDamageRand": "195 * 0.1", "nCostMana": "0"}, {"nDamageBase": "610", "nDamageRand": "210 * 0.1", "nCostMana": "0"}, {"nDamageBase": "640", "nDamageRand": "225 * 0.1", "nCostMana": "0"}, {"nDamageBase": "670", "nDamageRand": "240 * 0.1", "nCostMana": "0"}, {"nDamageBase": "700", "nDamageRand": "255 * 0.1", "nCostMana": "0"}, {"nDamageBase": "710", "nDamageRand": "270 * 0.1", "nCostMana": "0"}, {"nDamageBase": "720", "nDamageRand": "285 * 0.1", "nCostMana": "0"}, {"nDamageBase": "730", "nDamageRand": "300 * 0.1", "nCostMana": "0"}, {"nDamageBase": "740", "nDamageRand": "315 * 0.1", "nCostMana": "0"}, {"nDamageBase": "750", "nDamageRand": "330 * 0.1", "nCostMana": "0"}, {"nDamageBase": "760", "nDamageRand": "345 * 0.1", "nCostMana": "0"}]		CALL_PHYSICS_DAMAGE;EXECUTE_SCRIPT;SKILL_PHYSICS_DAMAGE;SKILL_PHYSICS_DAMAGE_RAND
苍云\套路及子技能\苍云_苍雪刀_斩刀40-50.lua	苍云	plain	{"nMinRadius": "0 * LENGTH_BASE", "nMaxRadius": "30 * LENGTH_BASE", "nAngleRange": "128", "nChannelInterval": "(tSkillCoefficient[13054].skillnChannelInterval(dwSkillLevel))*1.40", "nWeaponDamagePercent": "1024"}	[{"nDamageBase": "230", "nDamageRand": "20 * 0.1", "nCostMana": "0"}, {"nDamageBase": "260", "nDamageRand": "45 * 0.1", "nCostMana": "0"}, {"nDamageBase": "290", "nDamageRand": "60 * 0.1", "nCostMana": "0"}, {"nDamageBase": "320", "nDamageRand": "75 * 0.1", "nCostMana": "0"}, {"nDamageBase": "350", "nDamageRand": "90 * 0.1", "nCostMana": "0"}, {"nDamageBase": "380", "nDamageRand": "105 * 0.1", "nCostMana": "0"}, {"nDamageBase": "410", "nDamageRand": "120 * 0.1", "nCostMana": "0"}, {"nDamageBase": "440", "nDamageRand": "135 * 0.1", "nCostMana": "0"}, {"nDamageBase": "470", "nDamageRand": "150 * 0.1", "nCostMana": "0"}, {"nDamageBase": "510", "nDamageRand": "165 * 0.1", "nCostMana": "0"}, {"nDamageBase": "550", "nDamageRand": "180 * 0.1", "nCostMana": "0"}, {"nDamageBase": "580", "nDamageRand": "195 * 0.1", "nCostMana": "0"}, {"nDamageBase": "610", "nDamageRand": "210 * 0.1", "nCostMana": "0"}, {"nDamageBase": "640", "nDamageRand": "225 * 0.1", "nCostMana": "0"}, {"nDamageBase": "670", "nDamageRand": "240 * 0.1", "nCostMana": "0"}, {"nDamageBase": "700", "nDamageRand": "255 * 0.1", "nCostMana": "0"}, {"nDamageBase": "710", "nDamageRand": "270 * 0.1", "nCostMana": "0"}, {"nDamageBase": "720", "nDamageRand": "285 * 0.1", "nCostMana": "0"}, {"nDamageBase": "730", "nDamageRand": "300 * 0.1", "nCostMana": "0"}, {"nDamageBase": "740", "nDamageRand": "315 * 0.1", "nCostMana": "0"}, {"nDamageBase": "750", "nDamageRand": "330 * 0.1", "nCostMana": "0"}, {"nDamageBase": "760", "nDamageRand": "345 * 0.1", "nCostMana": "0"}]		CALL_PHYSICS_DAMAGE;EXECUTE_SCRIPT;SKILL_PHYSICS_DAMAGE;SKILL_PHYSICS_DAMAGE_RAND
苍云\套路及子技能\苍云_苍雪刀_斩刀近距离.lua	苍云	bytecode	{}	[]		nChannelInterval;nCostMana;nWeaponDamagePercent;nMinRadius;nMaxRadius;nAngleRange;nDismountingRate
苍云\套路及子技能\苍云_苍雪刀_绝刀0-10.lua	苍云	plain	{"nMinRadius": "0 * LENGTH_BASE", "nMaxRadius": "6 * LENGTH_BASE", "nAngleRange": "128", "nChannelInterval": "(tSkillCoefficient[13055].skillnChannelInterval(dwSkillLevel))*1.48", "nWeaponDamagePercent": "1024"}	[{"nDamageBase": "240", "nDamageRand": "80*0.1", "nCostMana": "0"}, {"nDamageBase": "270", "nDamageRand": "100*0.1", "nCostMana": "0"}, {"nDamageBase": "300", "nDamageRand": "120*0.1", "nCostMana": "0"}, {"nDamageBase": "330", "nDamageRand": "140*0.1", "nCostMana": "0"}, {"nDamageBase": "350", "nDamageRand": "160*0.1", "nCostMana": "0"}, {"nDamageBase": "370", "nDamageRand": "180*0.1", "nCostMana": "0"}, {"nDamageBase": "390", "nDamageRand": "200*0.1", "nCostMana": "0"}, {"nDamageBase": "410", "nDamageRand": "220*0.1", "nCostMana": "0"}, {"nDamageBase": "430", "nDamageRand": "240*0.1", "nCostMana": "0"}, {"nDamageBase": "450", "nDamageRand": "260*0.1", "nCostMana": "0"}, {"nDamageBase": "470", "nDamageRand": "280*0.1", "nCostMana": "0"}, {"nDamageBase": "490", "nDamageRand": "300*0.1", "nCostMana": "0"}, {"nDamageBase": "510", "nDamageRand": "320*0.1", "nCostMana": "0"}, {"nDamageBase": "540", "nDamageRand": "340*0.1", "nCostMana": "0"}, {"nDamageBase": "570", "nDamageRand": "360*0.1", "nCostMana": "0"}, {"nDamageBase": "600", "nDamageRand": "380*0.1", "nCostMana": "0"}, {"nDamageBase": "630", "nDamageRand": "400*0.1", "nCostMana": "0"}, {"nDamageBase": "660", "nDamageRand": "420*0.1", "nCostMana": "0"}, {"nDamageBase": "690", "nDamageRand": "440*0.1", "nCostMana": "0"}, {"nDamageBase": "720", "nDamageRand": "500*0.1", "nCostMana": "0"}]		CALL_PHYSICS_DAMAGE;SKILL_PHYSICS_DAMAGE;SKILL_PHYSICS_DAMAGE_RAND
苍云\套路及子技能\苍云_苍雪刀_绝刀40-50.lua	苍云	plain	{"nMinRadius": "0 * LENGTH_BASE", "nMaxRadius": "6 * LENGTH_BASE", "nAngleRange": "128", "nChannelInterval": "(tSkillCoefficient[13055].skillnChannelInterval(dwSkillLevel))*1.40", "nWeaponDamagePercent": "1024"}	[{"nDamageBase": "240", "nDamageRand": "80*0.1", "nCostMana": "0"}, {"nDamageBase": "270", "nDamageRand": "100*0.1", "nCostMana": "0"}, {"nDamageBase": "300", "nDamageRand": "120*0.1", "nCostMana": "0"}, {"nDamageBase": "330", "nDamageRand": "140*0.1", "nCostMana": "0"}, {"nDamageBase": "350", "nDamageRand": "160*0.1", "nCostMana": "0"}, {"nDamageBase": "370", "nDamageRand": "180*0.1", "nCostMana": "0"}, {"nDamageBase": "390", "nDamageRand": "200*0.1", "nCostMana": "0"}, {"nDamageBase": "410", "nDamageRand": "220*0.1", "nCostMana": "0"}, {"nDamageBase": "430", "nDamageRand": "240*0.1", "nCostMana": "0"}, {"nDamageBase": "450", "nDamageRand": "260*0.1", "nCostMana": "0"}, {"nDamageBase": "470", "nDamageRand": "280*0.1", "nCostMana": "0"}, {"nDamageBase": "490", "nDamageRand": "300*0.1", "nCostMana": "0"}, {"nDamageBase": "510", "nDamageRand": "320*0.1", "nCostMana": "0"}, {"nDamageBase": "540", "nDamageRand": "340*0.1", "nCostMana": "0"}, {"nDamageBase": "570", "nDamageRand": "360*0.1", "nCostMana": "0"}, {"nDamageBase": "600", "nDamageRand": "380*0.1", "nCostMana": "0"}, {"nDamageBase": "630", "nDamageRand": "400*0.1", "nCostMana": "0"}, {"nDamageBase": "660", "nDamageRand": "420*0.1", "nCostMana": "0"}, {"nDamageBase": "690", "nDamageRand": "440*0.1", "nCostMana": "0"}, {"nDamageBase": "720", "nDamageRand": "500*0.1", "nCostMana": "0"}]		CALL_PHYSICS_DAMAGE;SKILL_PHYSICS_DAMAGE;SKILL_PHYSICS_DAMAGE_RAND
苍云\套路及子技能\苍云_苍雪刀_闪刀伤害.lua	苍云	bytecode	{}	[]	ClearCDTime	nChannelInterval;nCostMana;nWeaponDamagePercent;nMinRadius;nMaxRadius;nAngleRange;nBulletVelocity;nNeedPoseState
苍云\套路及子技能\苍云_苍雪刀_隐刀伤害.lua	苍云	plain	{"nMinRadius": "0 * LENGTH_BASE", "nMaxRadius": "12 * LENGTH_BASE", "nAngleRange": "256", "nChannelInterval": "36", "nBulletVelocity": "0", "nWeaponDamagePercent": "1024"}	[{"nDamageBase": "60", "nDamageRand": "60*0.1", "nCostMana": "0"}, {"nDamageBase": "80", "nDamageRand": "80*0.1", "nCostMana": "0"}, {"nDamageBase": "100", "nDamageRand": "100*0.1", "nCostMana": "0"}, {"nDamageBase": "120", "nDamageRand": "120*0.1", "nCostMana": "0"}, {"nDamageBase": "140", "nDamageRand": "140*0.1", "nCostMana": "0"}, {"nDamageBase": "160", "nDamageRand": "160*0.1", "nCostMana": "0"}, {"nDamageBase": "180", "nDamageRand": "180*0.1", "nCostMana": "0"}, {"nDamageBase": "200", "nDamageRand": "200*0.1", "nCostMana": "0"}, {"nDamageBase": "220", "nDamageRand": "220*0.1", "nCostMana": "0"}, {"nDamageBase": "240", "nDamageRand": "240*0.1", "nCostMana": "0"}, {"nDamageBase": "260", "nDamageRand": "260*0.1", "nCostMana": "0"}, {"nDamageBase": "280", "nDamageRand": "280*0.1", "nCostMana": "0"}, {"nDamageBase": "300", "nDamageRand": "300*0.1", "nCostMana": "0"}, {"nDamageBase": "320", "nDamageRand": "320*0.1", "nCostMana": "0"}, {"nDamageBase": "340", "nDamageRand": "340*0.1", "nCostMana": "0"}, {"nDamageBase": "360", "nDamageRand": "360*0.1", "nCostMana": "0"}, {"nDamageBase": "380", "nDamageRand": "380*0.1", "nCostMana": "0"}, {"nDamageBase": "400", "nDamageRand": "400*0.1", "nCostMana": "0"}]		CALL_PHYSICS_DAMAGE;EXECUTE_SCRIPT;SKILL_PHYSICS_DAMAGE;SKILL_PHYSICS_DAMAGE_RAND
苍云\套路及子技能\苍云_风雷引_立盾.lua	苍云	bytecode	{}	[]	SetPublicCoolDown;SetNormalCoolDown;SetCheckCoolDown	nCostMana;nCostSprintPower;nWeaponDamagePercent;nMinRadius;nMaxRadius;nAngleRange;nNeedPoseState
蓬莱\套路及子技能\蓬莱_乘游九霄_持雕浮空.lua	蓬莱	bytecode	{}	[]	SetPublicCoolDown;SetNormalCoolDown;SetCheckCoolDown;ModifyCoolDown	nCostMana;nCostSprintPower
蓬莱\套路及子技能\蓬莱_乘游九霄_翔极碧落.lua	蓬莱	plain	{"nCostSprintPower": "20 * CONSUME_BASE", "nMinRadius": "0 * LENGTH_BASE", "nMaxRadius": "20 * LENGTH_BASE", "nAngleRange": "256", "nBreakRate": "PERCENT_BASE"}	[{"nDamageBase": "0", "nDamageRand": "0", "nCostMana": "0"}, {"nDamageBase": "0", "nDamageRand": "0", "nCostMana": "0"}, {"nDamageBase": "0", "nDamageRand": "0", "nCostMana": "0"}, {"nDamageBase": "0", "nDamageRand": "0", "nCostMana": "0"}, {"nDamageBase": "0", "nDamageRand": "0", "nCostMana": "0"}, {"nDamageBase": "0", "nDamageRand": "0", "nCostMana": "0"}, {"nDamageBase": "0", "nDamageRand": "0", "nCostMana": "0"}, {"nDamageBase": "0", "nDamageRand": "0", "nCostMana": "0"}, {"nDamageBase": "0", "nDamageRand": "0", "nCostMana": "0"}, {"nDamageBase": "0", "nDamageRand": "0", "nCostMana": "0"}]	SetPublicCoolDown(1403);SetNormalCoolDown(1, 1406);SetCheckCoolDown(1, 444)	CALL_PHYSICS_DAMAGE;EXECUTE_SCRIPT;SKILL_PHYSICS_DAMAGE;SKILL_PHYSICS_DAMAGE_RAND
蓬莱\套路及子技能\蓬莱_乘游九霄_飞刃破风.lua	蓬莱	bytecode	{}	[]	SetPublicCoolDown;SetNormalCoolDown	nCostMana;nCostSprintPower;nMaxRadius;nAngleRange
蓬莱\套路及子技能\蓬莱_子技能_伞浮空雕表现技能.lua	蓬莱	plain	{}	[{"nDamageBase": "0", "nDamageRand": "0", "nCostMana": "0"}, {"nDamageBase": "0", "nDamageRand": "0", "nCostMana": "0"}, {"nDamageBase": "0", "nDamageRand": "0", "nCostMana": "0"}, {"nDamageBase": "0", "nDamageRand": "0", "nCostMana": "0"}, {"nDamageBase": "0", "nDamageRand": "0", "nCostMana": "0"}, {"nDamageBase": "0", "nDamageRand": "0", "nCostMana": "0"}, {"nDamageBase": "0", "nDamageRand": "0", "nCostMana": "0"}, {"nDamageBase": "0", "nDamageRand": "0", "nCostMana": "0"}, {"nDamageBase": "0", "nDamageRand": "0", "nCostMana": "0"}, {"nDamageBase": "0", "nDamageRand": "0", "nCostMana": "0"}]		
蓬莱\套路及子技能\蓬莱_子技能_翔极碧落_实际伤害.lua	蓬莱	plain	{"nAngleRange": "256", "nAreaRadius": "6 * LENGTH_BASE", "nChannelInterval": "160"}	[{"nDamageBase": "0", "nDamageRand": "0", "nCostMana": "0"}, {"nDamageBase": "0", "nDamageRand": "0", "nCostMana": "0"}, {"nDamageBase": "0", "nDamageRand": "0", "nCostMana": "0"}, {"nDamageBase": "0", "nDamageRand": "0", "nCostMana": "0"}, {"nDamageBase": "0", "nDamageRand": "0", "nCostMana": "0"}, {"nDamageBase": "0", "nDamageRand": "0", "nCostMana": "0"}, {"nDamageBase": "0", "nDamageRand": "0", "nCostMana": "0"}, {"nDamageBase": "0", "nDamageRand": "0", "nCostMana": "0"}, {"nDamageBase": "0", "nDamageRand": "0", "nCostMana": "0"}, {"nDamageBase": "0", "nDamageRand": "0", "nCostMana": "0"}]		CALL_PHYSICS_DAMAGE;CALL_REPULSED;EXECUTE_SCRIPT;SKILL_PHYSICS_DAMAGE;SKILL_PHYSICS_DAMAGE_RAND
蓬莱\套路及子技能\蓬莱_子技能_翔极碧落冲刺.lua	蓬莱	plain	{"nMinRadius": "0 * LENGTH_BASE", "nMaxRadius": "30 * LENGTH_BASE", "nAngleRange": "256", "nAreaRadius": "30 * LENGTH_BASE"}	[{"nDamageBase": "0", "nDamageRand": "0", "nCostMana": "0"}, {"nDamageBase": "0", "nDamageRand": "0", "nCostMana": "0"}, {"nDamageBase": "0", "nDamageRand": "0", "nCostMana": "0"}, {"nDamageBase": "0", "nDamageRand": "0", "nCostMana": "0"}, {"nDamageBase": "0", "nDamageRand": "0", "nCostMana": "0"}, {"nDamageBase": "0", "nDamageRand": "0", "nCostMana": "0"}, {"nDamageBase": "0", "nDamageRand": "0", "nCostMana": "0"}, {"nDamageBase": "0", "nDamageRand": "0", "nCostMana": "0"}, {"nDamageBase": "0", "nDamageRand": "0", "nCostMana": "0"}, {"nDamageBase": "0", "nDamageRand": "0", "nCostMana": "0"}]		DASH_TO_POINT
蓬莱\套路及子技能\蓬莱_子技能_翔极碧落打断后沉默.lua	蓬莱	plain	{"nMinRadius": "0 * LENGTH_BASE", "nMaxRadius": "50 * LENGTH_BASE", "nAngleRange": "256", "nAreaRadius": "50 * LENGTH_BASE"}	[{"nDamageBase": "0", "nDamageRand": "0", "nCostMana": "0"}, {"nDamageBase": "0", "nDamageRand": "0", "nCostMana": "0"}, {"nDamageBase": "0", "nDamageRand": "0", "nCostMana": "0"}, {"nDamageBase": "0", "nDamageRand": "0", "nCostMana": "0"}, {"nDamageBase": "0", "nDamageRand": "0", "nCostMana": "0"}, {"nDamageBase": "0", "nDamageRand": "0", "nCostMana": "0"}, {"nDamageBase": "0", "nDamageRand": "0", "nCostMana": "0"}, {"nDamageBase": "0", "nDamageRand": "0", "nCostMana": "0"}, {"nDamageBase": "0", "nDamageRand": "0", "nCostMana": "0"}, {"nDamageBase": "0", "nDamageRand": "0", "nCostMana": "0"}]		
蓬莱\套路及子技能\蓬莱_子技能_驭羽骋风表现.lua	蓬莱	plain	{"nMaxRadius": "20 * LENGTH_BASE", "nAngleRange": "256"}	[{"nDamageBase": "0", "nDamageRand": "0", "nCostMana": "0"}, {"nDamageBase": "0", "nDamageRand": "0", "nCostMana": "0"}, {"nDamageBase": "0", "nDamageRand": "0", "nCostMana": "0"}, {"nDamageBase": "0", "nDamageRand": "0", "nCostMana": "0"}, {"nDamageBase": "0", "nDamageRand": "0", "nCostMana": "0"}, {"nDamageBase": "0", "nDamageRand": "0", "nCostMana": "0"}, {"nDamageBase": "0", "nDamageRand": "0", "nCostMana": "0"}, {"nDamageBase": "0", "nDamageRand": "0", "nCostMana": "0"}, {"nDamageBase": "0", "nDamageRand": "0", "nCostMana": "0"}, {"nDamageBase": "0", "nDamageRand": "0", "nCostMana": "0"}]		EXECUTE_SCRIPT;SKILL_MOVE
藏剑\新雾腾额外伤害.lua	藏剑	plain	{}	[{"nDamageBase": "0", "nDamageRand": "0", "nCostMana": "0"}, {"nDamageBase": "0", "nDamageRand": "0", "nCostMana": "0"}, {"nDamageBase": "0", "nDamageRand": "0", "nCostMana": "0"}, {"nDamageBase": "0", "nDamageRand": "0", "nCostMana": "0"}, {"nDamageBase": "0", "nDamageRand": "0", "nCostMana": "0"}, {"nDamageBase": "0", "nDamageRand": "0", "nCostMana": "0"}, {"nDamageBase": "0", "nDamageRand": "0", "nCostMana": "0"}, {"nDamageBase": "0", "nDamageRand": "0", "nCostMana": "0"}, {"nDamageBase": "0", "nDamageRand": "0", "nCostMana": "0"}, {"nDamageBase": "0", "nDamageRand": "0", "nCostMana": "0"}]		
藏剑\藏剑_冰天_添加夕照瞬发.lua	藏剑	plain	{"bIgnorePrepareState": "true", "nMinRadius": "0 * LENGTH_BASE", "nMaxRadius": "8 * LENGTH_BASE", "nAngleRange": "256"}	[{"nDamageBase": "0", "nDamageRand": "0", "nCostMana": "0"}, {"nDamageBase": "0", "nDamageRand": "0", "nCostMana": "0"}, {"nDamageBase": "0", "nDamageRand": "0", "nCostMana": "0"}, {"nDamageBase": "0", "nDamageRand": "0", "nCostMana": "0"}, {"nDamageBase": "0", "nDamageRand": "0", "nCostMana": "0"}, {"nDamageBase": "0", "nDamageRand": "0", "nCostMana": "0"}, {"nDamageBase": "0", "nDamageRand": "0", "nCostMana": "0"}, {"nDamageBase": "0", "nDamageRand": "0", "nCostMana": "0"}, {"nDamageBase": "0", "nDamageRand": "0", "nCostMana": "0"}, {"nDamageBase": "0", "nDamageRand": "0", "nCostMana": "0"}]		EXECUTE_SCRIPT
藏剑\藏剑_君子风_听雷.lua	藏剑	bytecode	{}	[]	SetPublicCoolDown;SetCheckCoolDown;ModifyCoolDown	nPrepareFrames;nChannelInterval;nCostRage;nCostSprintPower;nWeaponDamagePercent;nMinRadius;nMaxRadius;nAngleRange;nBreakRate;nBulletVelocity
藏剑\藏剑_灵峰剑式_云飞玉皇.lua	藏剑	bytecode	{}	[]	SetPublicCoolDown;SetNormalCoolDown;SetCheckCoolDown	nPrepareFrames;nMinPrepareFrames;nCostRage;nCostSprintPower;nWeaponDamagePercent;nMinRadius;nMaxRadius;nAngleRange;nBeatBackRate;nBulletVelocity
藏剑\藏剑_灵峰剑式_子技能_霞流宝石跳跃伤害.lua	藏剑	plain	{"nChannelInterval": "64", "nAreaRadius": "6 * LENGTH_BASE", "nMinRadius": "0* LENGTH_BASE", "nMaxRadius": "6 * LENGTH_BASE", "nAngleRange": "256", "nWeaponDamagePercent": "1024", "nPrepareFrames": "0", "nBulletVelocity": "0", "nBreakRate": "0"}	[{"nAddRage": "0", "nCostRage": "15", "nDamage": "28 *0.95", "nDamageRand": "28 *0.1"}, {"nAddRage": "0", "nCostRage": "15", "nDamage": "52 *0.95", "nDamageRand": "52 *0.1"}, {"nAddRage": "0", "nCostRage": "15", "nDamage": "73 *0.95", "nDamageRand": "73 *0.1"}, {"nAddRage": "0", "nCostRage": "15", "nDamage": "94 *0.95", "nDamageRand": "94 *0.1"}, {"nAddRage": "0", "nCostRage": "15", "nDamage": "115*0.95", "nDamageRand": "115*0.1"}, {"nAddRage": "0", "nCostRage": "15", "nDamage": "136*0.95", "nDamageRand": "136*0.1"}, {"nAddRage": "0", "nCostRage": "15", "nDamage": "157*0.95", "nDamageRand": "157*0.1"}, {"nAddRage": "0", "nCostRage": "20", "nDamage": "185*0.95", "nDamageRand": "185*0.1"}]		CALL_PHYSICS_DAMAGE;SKILL_PHYSICS_DAMAGE;SKILL_PHYSICS_DAMAGE_RAND
藏剑\藏剑_灵峰剑式_子技能_霞流宝石跳跃驱散.lua	藏剑	plain	{"nChannelInterval": "32", "nAreaRadius": "6 * LENGTH_BASE", "nMinRadius": "0* LENGTH_BASE", "nMaxRadius": "6 * LENGTH_BASE", "nAngleRange": "256", "nWeaponDamagePercent": "1024", "nPrepareFrames": "0", "nBulletVelocity": "0", "nBreakRate": "0"}	[{"nAddRage": "0", "nCostRage": "15", "nDamage": "28 *0.95", "nDamageRand": "28 *0.1"}, {"nAddRage": "0", "nCostRage": "15", "nDamage": "52 *0.95", "nDamageRand": "52 *0.1"}, {"nAddRage": "0", "nCostRage": "15", "nDamage": "73 *0.95", "nDamageRand": "73 *0.1"}, {"nAddRage": "0", "nCostRage": "15", "nDamage": "94 *0.95", "nDamageRand": "94 *0.1"}, {"nAddRage": "0", "nCostRage": "15", "nDamage": "115*0.95", "nDamageRand": "115*0.1"}, {"nAddRage": "0", "nCostRage": "15", "nDamage": "136*0.95", "nDamageRand": "136*0.1"}, {"nAddRage": "0", "nCostRage": "15", "nDamage": "157*0.95", "nDamageRand": "157*0.1"}, {"nAddRage": "0", "nCostRage": "20", "nDamage": "185*0.95", "nDamageRand": "185*0.1"}]		DETACH_SINGLE_BUFF
藏剑\藏剑_灵峰剑式_子技能_霞流宝石近距离.lua	藏剑	plain	{"nChannelInterval": "64*1.1", "nAreaRadius": "6 * LENGTH_BASE", "nMinRadius": "0* LENGTH_BASE", "nMaxRadius": "6 * LENGTH_BASE", "nAngleRange": "256", "nWeaponDamagePercent": "1024", "nPrepareFrames": "0", "nBulletVelocity": "0", "nBreakRate": "0"}	[{"nAddRage": "0", "nCostRage": "15", "nDamage": "28 *2*0.95", "nDamageRand": "28 *2*0.1"}, {"nAddRage": "0", "nCostRage": "15", "nDamage": "52 *2*0.95", "nDamageRand": "52 *2*0.1"}, {"nAddRage": "0", "nCostRage": "15", "nDamage": "73 *2*0.95", "nDamageRand": "73 *2*0.1"}, {"nAddRage": "0", "nCostRage": "15", "nDamage": "94 *2*0.95", "nDamageRand": "94 *2*0.1"}, {"nAddRage": "0", "nCostRage": "15", "nDamage": "115*2*0.95", "nDamageRand": "115*2*0.1"}, {"nAddRage": "0", "nCostRage": "15", "nDamage": "136*2*0.95", "nDamageRand": "136*2*0.1"}, {"nAddRage": "0", "nCostRage": "15", "nDamage": "157*2*0.95", "nDamageRand": "157*2*0.1"}, {"nAddRage": "0", "nCostRage": "20", "nDamage": "185*2*0.95", "nDamageRand": "185*2*0.1"}]		CALL_PHYSICS_DAMAGE;DETACH_SINGLE_BUFF;EXECUTE_SCRIPT;SKILL_PHYSICS_DAMAGE;SKILL_PHYSICS_DAMAGE_RAND
藏剑\藏剑_灵峰剑式_子技能_霞流宝石远距离.lua	藏剑	plain	{"nChannelInterval": "32", "nAreaRadius": "6 * LENGTH_BASE", "nMinRadius": "0 * LENGTH_BASE", "nMaxRadius": "6 * LENGTH_BASE", "nAngleRange": "256", "nWeaponDamagePercent": "1024", "nPrepareFrames": "0", "nBulletVelocity": "0", "nBreakRate": "0"}	[{"nAddRage": "0", "nCostRage": "15", "nDamage": "28 * 0.95", "nDamageRand": "28 * 0.1"}, {"nAddRage": "0", "nCostRage": "15", "nDamage": "52 * 0.95", "nDamageRand": "52 * 0.1"}, {"nAddRage": "0", "nCostRage": "15", "nDamage": "73 * 0.95", "nDamageRand": "73 * 0.1"}, {"nAddRage": "0", "nCostRage": "15", "nDamage": "94 * 0.95", "nDamageRand": "94 * 0.1"}, {"nAddRage": "0", "nCostRage": "15", "nDamage": "115 * 0.95", "nDamageRand": "115 * 0.1"}, {"nAddRage": "0", "nCostRage": "15", "nDamage": "136 * 0.95", "nDamageRand": "136 * 0.1"}, {"nAddRage": "0", "nCostRage": "15", "nDamage": "157 * 0.95", "nDamageRand": "157 * 0.1"}, {"nAddRage": "0", "nCostRage": "20", "nDamage": "185 * 0.95", "nDamageRand": "185 * 0.1"}]		DETACH_SINGLE_BUFF;EXECUTE_SCRIPT
藏剑\藏剑_灵峰剑式_霞流宝石.lua	藏剑	plain	{"nCostSprintPower": "20 * CONSUME_BASE", "nChannelInterval": "64", "nMinRadius": "0 * LENGTH_BASE", "nMaxRadius": "6 * LENGTH_BASE", "nAngleRange": "256", "nWeaponDamagePercent": "1024", "nBulletVelocity": "0", "nAreaRadius": "6 * LENGTH_BASE", "nBeatBackRate": "0 * PERCENT_BASE"}	[{"nAddRage": "0", "nCostRage": "20", "nDamage": "185 * 0.95", "nDamageRand": "185 * 0.1"}, {"nAddRage": "0", "nCostRage": "20", "nDamage": "52 * 0.95", "nDamageRand": "52 * 0.1"}, {"nAddRage": "0", "nCostRage": "20", "nDamage": "73 * 0.95", "nDamageRand": "73 * 0.1"}, {"nAddRage": "0", "nCostRage": "20", "nDamage": "94 * 0.95", "nDamageRand": "94 * 0.1"}, {"nAddRage": "0", "nCostRage": "20", "nDamage": "115 * 0.95", "nDamageRand": "115 * 0.1"}, {"nAddRage": "0", "nCostRage": "20", "nDamage": "136 * 0.95", "nDamageRand": "136 * 0.1"}, {"nAddRage": "0", "nCostRage": "20", "nDamage": "157 * 0.95", "nDamageRand": "157 * 0.1"}, {"nAddRage": "0", "nCostRage": "20", "nDamage": "185 * 0.95", "nDamageRand": "185 * 0.1"}]	SetPublicCoolDown(16);SetNormalCoolDown(1, 340);SetCheckCoolDown(1, 444)	CAST_SKILL_TARGET_DST
藏剑\藏剑_灵峰剑式_风来吴山.lua	藏剑	bytecode	{}	[]	SetPublicCoolDown;SetNormalCoolDown;SetCheckCoolDown	nChannelFrame;nMinChannelFrame;nChannelInterval;nMinChannelInterval;nCostRage;nCostSprintPower;nMinRadius;nMaxRadius;nAngleRange;nBeatBackRate;nBrokenRate
藏剑\藏剑_灵峰剑式_鹤归孤山.lua	藏剑	bytecode	{}	[]		nCostRage;nWeaponDamagePercent;nMinRadius;nMaxRadius;nAngleRange;nBeatBackRate;nBulletVelocity
藏剑\藏剑_西子情_云栖松.lua	藏剑	bytecode	{}	[]	SetPublicCoolDown;SetNormalCoolDown;SetCheckCoolDown	nPrepareFrames;nCostRage;nCostSprintPower;nMinRadius;nMaxRadius;nAngleRange;nBreakRate;nBulletVelocity
藏剑\藏剑_西子情_判定剑气增加云飞伤害.lua	藏剑	plain	{}	[{"nDamageBase": "0", "nDamageRand": "0", "nCostMana": "0"}, {"nDamageBase": "0", "nDamageRand": "0", "nCostMana": "0"}, {"nDamageBase": "0", "nDamageRand": "0", "nCostMana": "0"}, {"nDamageBase": "0", "nDamageRand": "0", "nCostMana": "0"}, {"nDamageBase": "0", "nDamageRand": "0", "nCostMana": "0"}, {"nDamageBase": "0", "nDamageRand": "0", "nCostMana": "0"}, {"nDamageBase": "0", "nDamageRand": "0", "nCostMana": "0"}, {"nDamageBase": "0", "nDamageRand": "0", "nCostMana": "0"}, {"nDamageBase": "0", "nDamageRand": "0", "nCostMana": "0"}, {"nDamageBase": "0", "nDamageRand": "0", "nCostMana": "0"}]		
藏剑\镇派\藏剑_冰天_添加会效.lua	藏剑	plain	{"bIgnorePrepareState": "true", "nMinRadius": "0 * LENGTH_BASE", "nMaxRadius": "8 * LENGTH_BASE", "nAngleRange": "256"}	[{"nDamageBase": "0", "nDamageRand": "0", "nCostMana": "0"}, {"nDamageBase": "0", "nDamageRand": "0", "nCostMana": "0"}, {"nDamageBase": "0", "nDamageRand": "0", "nCostMana": "0"}, {"nDamageBase": "0", "nDamageRand": "0", "nCostMana": "0"}, {"nDamageBase": "0", "nDamageRand": "0", "nCostMana": "0"}, {"nDamageBase": "0", "nDamageRand": "0", "nCostMana": "0"}, {"nDamageBase": "0", "nDamageRand": "0", "nCostMana": "0"}, {"nDamageBase": "0", "nDamageRand": "0", "nCostMana": "0"}, {"nDamageBase": "0", "nDamageRand": "0", "nCostMana": "0"}, {"nDamageBase": "0", "nDamageRand": "0", "nCostMana": "0"}]		EXECUTE_SCRIPT
衍天\套路及子技能\天机_斗转星移.lua	衍天	bytecode	{}	[]	SetNormalCoolDown;SetCheckCoolDown;ModifyCoolDown	nCostMana;nMinRadius;nMaxRadius;nAngleRange
衍天\套路及子技能\天机_斗转星移_被拉免疫.lua	衍天	bytecode	{}	[]	SetNormalCoolDown;SetCheckCoolDown;ModifyCoolDown	nCostMana;nMinRadius;nMaxRadius;nAngleRange
衍天\套路及子技能\天机_鸿蒙天禁.lua	衍天	bytecode	{}	[]	SetPublicCoolDown;SetNormalCoolDown;SetCheckCoolDown	nPrepareFrames;nMinPrepareFrames;nCostMana;nMinRadius;nMaxRadius;nAreaRadius;nAngleRange;nBulletVelocity
衍天\套路及子技能\奇门_黄泉八伤.lua	衍天	bytecode	{}	[]	SetNormalCoolDown;SetCheckCoolDown;ModifyCoolDown	bIgnorePrepareState;nCostMana;nMinRadius;nMaxRadius;nAngleRange
衍天\套路及子技能\无视控制技能替换.lua	衍天	bytecode	{}	[]		nCostMana
衍天\套路及子技能\燃灯踏星行击退周围目标.lua	衍天	bytecode	{}	[]		nCostMana;nMinRadius;nMaxRadius;nAreaRadius;nAngleRange
衍天\套路及子技能\燃灯踏星行持续灼烧周围目标.lua	衍天	bytecode	{}	[]		bIgnorePrepareState;nCostMana;nMinRadius;nMaxRadius;nAreaRadius;nAngleRange
衍天\套路及子技能\蓄力鸿蒙天禁.lua	衍天	bytecode	{}	[]	SetNormalCoolDown;SetCheckCoolDown	nCostMana;nCostSprintPower;nMaxRadius;nAreaRadius;nAngleRange;nBeatBackRate;nBrokenRate
衍天\套路及子技能\衍天_九字诀_行.lua	衍天	bytecode	{}	[]	SetPublicCoolDown;SetNormalCoolDown;SetCheckCoolDown	nCostMana;nMinRadius;nMaxRadius
衍天\套路及子技能\衍天_九字诀_行结束.lua	衍天	bytecode	{}	[]	SetNormalCoolDown;SetCheckCoolDown	nCostMana;nMinRadius;nMaxRadius;nAngleRange
衍天\套路及子技能\踏星行替换.lua	衍天	bytecode	{}	[]		nCostMana
衍天\套路及子技能\踏星行空中悬停.lua	衍天	plain	{}	[{"nDamageBase": "0", "nDamageRand": "0", "nCostMana": "286"}]		EXECUTE_SCRIPT
装备\中秋扇子.lua	装备	plain	{"nMinRadius": "0 * LENGTH_BASE", "nMaxRadius": "4 * LENGTH_BASE", "nAngleRange": "256"}	[{"nDamageBase": "0", "nDamageRand": "0", "nCostMana": "0"}, {"nDamageBase": "0", "nDamageRand": "0", "nCostMana": "0"}, {"nDamageBase": "0", "nDamageRand": "0", "nCostMana": "0"}, {"nDamageBase": "0", "nDamageRand": "0", "nCostMana": "0"}, {"nDamageBase": "0", "nDamageRand": "0", "nCostMana": "0"}, {"nDamageBase": "0", "nDamageRand": "0", "nCostMana": "0"}, {"nDamageBase": "0", "nDamageRand": "0", "nCostMana": "0"}, {"nDamageBase": "0", "nDamageRand": "0", "nCostMana": "0"}, {"nDamageBase": "0", "nDamageRand": "0", "nCostMana": "0"}, {"nDamageBase": "0", "nDamageRand": "0", "nCostMana": "0"}]	SetNormalCoolDown(1, 536)	EXECUTE_SCRIPT
装备\充值伞.lua	装备	plain	{"nMinRadius": "0 * LENGTH_BASE", "nMaxRadius": "4 * LENGTH_BASE", "nAngleRange": "256"}	[{"nDamageBase": "0", "nDamageRand": "0", "nCostMana": "0"}, {"nDamageBase": "0", "nDamageRand": "0", "nCostMana": "0"}, {"nDamageBase": "0", "nDamageRand": "0", "nCostMana": "0"}, {"nDamageBase": "0", "nDamageRand": "0", "nCostMana": "0"}, {"nDamageBase": "0", "nDamageRand": "0", "nCostMana": "0"}, {"nDamageBase": "0", "nDamageRand": "0", "nCostMana": "0"}, {"nDamageBase": "0", "nDamageRand": "0", "nCostMana": "0"}, {"nDamageBase": "0", "nDamageRand": "0", "nCostMana": "0"}, {"nDamageBase": "0", "nDamageRand": "0", "nCostMana": "0"}, {"nDamageBase": "0", "nDamageRand": "0", "nCostMana": "0"}]	SetNormalCoolDown(1, 536)	EXECUTE_SCRIPT
装备\罗伞戏鱼渊.lua	装备	plain	{"nMinRadius": "0 * LENGTH_BASE", "nMaxRadius": "4 * LENGTH_BASE", "nAngleRange": "256"}	[{"nDamageBase": "0", "nDamageRand": "0", "nCostMana": "0"}, {"nDamageBase": "0", "nDamageRand": "0", "nCostMana": "0"}, {"nDamageBase": "0", "nDamageRand": "0", "nCostMana": "0"}, {"nDamageBase": "0", "nDamageRand": "0", "nCostMana": "0"}, {"nDamageBase": "0", "nDamageRand": "0", "nCostMana": "0"}, {"nDamageBase": "0", "nDamageRand": "0", "nCostMana": "0"}, {"nDamageBase": "0", "nDamageRand": "0", "nCostMana": "0"}, {"nDamageBase": "0", "nDamageRand": "0", "nCostMana": "0"}, {"nDamageBase": "0", "nDamageRand": "0", "nCostMana": "0"}, {"nDamageBase": "0", "nDamageRand": "0", "nCostMana": "0"}]	SetNormalCoolDown(1, 536)	EXECUTE_SCRIPT
装备\面具舞蹈201503月.lua	装备	plain	{"nMinRadius": "0 * LENGTH_BASE", "nMaxRadius": "4 * LENGTH_BASE", "nAngleRange": "256"}	[{"nDamageBase": "0", "nDamageRand": "0", "nCostMana": "0"}, {"nDamageBase": "0", "nDamageRand": "0", "nCostMana": "0"}, {"nDamageBase": "0", "nDamageRand": "0", "nCostMana": "0"}, {"nDamageBase": "0", "nDamageRand": "0", "nCostMana": "0"}, {"nDamageBase": "0", "nDamageRand": "0", "nCostMana": "0"}, {"nDamageBase": "0", "nDamageRand": "0", "nCostMana": "0"}, {"nDamageBase": "0", "nDamageRand": "0", "nCostMana": "0"}, {"nDamageBase": "0", "nDamageRand": "0", "nCostMana": "0"}, {"nDamageBase": "0", "nDamageRand": "0", "nCostMana": "0"}, {"nDamageBase": "0", "nDamageRand": "0", "nCostMana": "0"}]	SetPublicCoolDown(16);SetPublicCoolDown(862);SetCheckCoolDown(1, 681)	EXECUTE_SCRIPT
装备\挂件相关\分段外装通用_ab.lua	装备	plain	{"nMinRadius": "0 * LENGTH_BASE", "nMaxRadius": "4 * LENGTH_BASE", "nAngleRange": "256"}	[{"nDamageBase": "0", "nDamageRand": "0", "nCostMana": "0"}]	SetNormalCoolDown(1, 1970)	EXECUTE_SCRIPT_WITH_PARAM
装备\挂件相关\分段外装通用_cd.lua	装备	plain	{"nMinRadius": "0 * LENGTH_BASE", "nMaxRadius": "4 * LENGTH_BASE", "nAngleRange": "256"}	[{"nDamageBase": "0", "nDamageRand": "0", "nCostMana": "0"}]	SetPublicCoolDown(16);SetNormalCoolDown(1, 1970)	EXECUTE_SCRIPT_WITH_PARAM
装备\挂件相关\分段外装通用_data.lua	装备	plain	{}	[]		
装备\挂件相关\分段外装通用_ef.lua	装备	plain	{"nMinRadius": "0 * LENGTH_BASE", "nMaxRadius": "4 * LENGTH_BASE", "nAngleRange": "256"}	[{"nDamageBase": "0", "nDamageRand": "0", "nCostMana": "0"}]	SetPublicCoolDown(16);SetNormalCoolDown(1, 1970)	EXECUTE_SCRIPT_WITH_PARAM
装备\挂件相关\分段外装通用_g.lua	装备	plain	{"nMinRadius": "0 * LENGTH_BASE", "nMaxRadius": "4 * LENGTH_BASE", "nAngleRange": "256"}	[{"nDamageBase": "0", "nDamageRand": "0", "nCostMana": "0"}]	SetPublicCoolDown(16);SetNormalCoolDown(1, 1970)	EXECUTE_SCRIPT_WITH_PARAM
装备\挂件相关\分段外装通用_退出.lua	装备	plain	{"nMinRadius": "0 * LENGTH_BASE", "nMaxRadius": "4 * LENGTH_BASE", "nAngleRange": "256"}	[{"nDamageBase": "0", "nDamageRand": "0", "nCostMana": "0"}]		EXECUTE_SCRIPT_WITH_PARAM
装备\挂件相关\外装211_冲浪_ab.lua	装备	plain	{"nMinRadius": "0 * LENGTH_BASE", "nMaxRadius": "4 * LENGTH_BASE", "nAngleRange": "256"}	[{"nDamageBase": "0", "nDamageRand": "0", "nCostMana": "0"}]	SetNormalCoolDown(1, 1970)	EXECUTE_SCRIPT_WITH_PARAM
装备\挂件相关\外装211_冲浪_cd.lua	装备	plain	{"nMinRadius": "0 * LENGTH_BASE", "nMaxRadius": "4 * LENGTH_BASE", "nAngleRange": "256"}	[{"nDamageBase": "0", "nDamageRand": "0", "nCostMana": "0"}]	SetPublicCoolDown(16);SetNormalCoolDown(1, 1970)	EXECUTE_SCRIPT_WITH_PARAM
装备\挂件相关\外装211_冲浪_ef.lua	装备	plain	{"nMinRadius": "0 * LENGTH_BASE", "nMaxRadius": "4 * LENGTH_BASE", "nAngleRange": "256"}	[{"nDamageBase": "0", "nDamageRand": "0", "nCostMana": "0"}]	SetPublicCoolDown(16);SetNormalCoolDown(1, 1970)	EXECUTE_SCRIPT_WITH_PARAM
装备\挂件相关\外装211_冲浪_g.lua	装备	plain	{"nMinRadius": "0 * LENGTH_BASE", "nMaxRadius": "4 * LENGTH_BASE", "nAngleRange": "256"}	[{"nDamageBase": "0", "nDamageRand": "0", "nCostMana": "0"}]	SetPublicCoolDown(16);SetNormalCoolDown(1, 1970)	EXECUTE_SCRIPT_WITH_PARAM
装备\挂件相关\外装211_冲浪_退出.lua	装备	plain	{"nMinRadius": "0 * LENGTH_BASE", "nMaxRadius": "4 * LENGTH_BASE", "nAngleRange": "256"}	[{"nDamageBase": "0", "nDamageRand": "0", "nCostMana": "0"}]		EXECUTE_SCRIPT_WITH_PARAM
装备\挂件相关\外装212_唐刀_ab.lua	装备	plain	{"nMinRadius": "0 * LENGTH_BASE", "nMaxRadius": "4 * LENGTH_BASE", "nAngleRange": "256"}	[{"nDamageBase": "0", "nDamageRand": "0", "nCostMana": "0"}]	SetNormalCoolDown(1, 1970)	EXECUTE_SCRIPT_WITH_PARAM
装备\挂件相关\外装212_唐刀_cd.lua	装备	plain	{"nMinRadius": "0 * LENGTH_BASE", "nMaxRadius": "4 * LENGTH_BASE", "nAngleRange": "256"}	[{"nDamageBase": "0", "nDamageRand": "0", "nCostMana": "0"}]	SetPublicCoolDown(16);SetNormalCoolDown(1, 1970)	EXECUTE_SCRIPT_WITH_PARAM
装备\挂件相关\外装212_唐刀_ef.lua	装备	plain	{"nMinRadius": "0 * LENGTH_BASE", "nMaxRadius": "4 * LENGTH_BASE", "nAngleRange": "256"}	[{"nDamageBase": "0", "nDamageRand": "0", "nCostMana": "0"}]	SetPublicCoolDown(16);SetNormalCoolDown(1, 1970)	EXECUTE_SCRIPT_WITH_PARAM
装备\挂件相关\外装212_唐刀_g.lua	装备	plain	{"nMinRadius": "0 * LENGTH_BASE", "nMaxRadius": "4 * LENGTH_BASE", "nAngleRange": "256"}	[{"nDamageBase": "0", "nDamageRand": "0", "nCostMana": "0"}]	SetPublicCoolDown(16);SetNormalCoolDown(1, 1970)	EXECUTE_SCRIPT_WITH_PARAM
装备\挂件相关\外装212_唐刀_退出.lua	装备	plain	{"nMinRadius": "0 * LENGTH_BASE", "nMaxRadius": "4 * LENGTH_BASE", "nAngleRange": "256"}	[{"nDamageBase": "0", "nDamageRand": "0", "nCostMana": "0"}]		EXECUTE_SCRIPT_WITH_PARAM
装备\挂件相关\外装212_弓舞_ab.lua	装备	plain	{"nMinRadius": "0 * LENGTH_BASE", "nMaxRadius": "4 * LENGTH_BASE", "nAngleRange": "256"}	[{"nDamageBase": "0", "nDamageRand": "0", "nCostMana": "0"}]	SetNormalCoolDown(1, 2534)	EXECUTE_SCRIPT_WITH_PARAM
装备\挂件相关\外装212_弓舞_cd.lua	装备	plain	{"nMinRadius": "0 * LENGTH_BASE", "nMaxRadius": "4 * LENGTH_BASE", "nAngleRange": "256"}	[{"nDamageBase": "0", "nDamageRand": "0", "nCostMana": "0"}]	SetPublicCoolDown(16);SetNormalCoolDown(1, 1970)	EXECUTE_SCRIPT_WITH_PARAM
装备\挂件相关\外装212_弓舞_ef.lua	装备	plain	{"nMinRadius": "0 * LENGTH_BASE", "nMaxRadius": "4 * LENGTH_BASE", "nAngleRange": "256"}	[{"nDamageBase": "0", "nDamageRand": "0", "nCostMana": "0"}]	SetPublicCoolDown(16);SetNormalCoolDown(1, 1970)	EXECUTE_SCRIPT_WITH_PARAM
装备\挂件相关\外装212_弓舞_g.lua	装备	plain	{"nMinRadius": "0 * LENGTH_BASE", "nMaxRadius": "4 * LENGTH_BASE", "nAngleRange": "256"}	[{"nDamageBase": "0", "nDamageRand": "0", "nCostMana": "0"}]	SetPublicCoolDown(16);SetNormalCoolDown(1, 1970)	EXECUTE_SCRIPT_WITH_PARAM
装备\挂件相关\外装212_弓舞_退出.lua	装备	plain	{"nMinRadius": "0 * LENGTH_BASE", "nMaxRadius": "4 * LENGTH_BASE", "nAngleRange": "256"}	[{"nDamageBase": "0", "nDamageRand": "0", "nCostMana": "0"}]		EXECUTE_SCRIPT_WITH_PARAM
装备\挂件相关\外装221_绣球_ab.lua	装备	plain	{"nMinRadius": "0 * LENGTH_BASE", "nMaxRadius": "4 * LENGTH_BASE", "nAngleRange": "256"}	[{"nDamageBase": "0", "nDamageRand": "0", "nCostMana": "0"}]	SetNormalCoolDown(1, 1970)	EXECUTE_SCRIPT_WITH_PARAM
装备\挂件相关\外装221_绣球_cd.lua	装备	plain	{"nMinRadius": "0 * LENGTH_BASE", "nMaxRadius": "4 * LENGTH_BASE", "nAngleRange": "256"}	[{"nDamageBase": "0", "nDamageRand": "0", "nCostMana": "0"}]	SetPublicCoolDown(16);SetNormalCoolDown(1, 1970)	EXECUTE_SCRIPT_WITH_PARAM
装备\挂件相关\外装221_绣球_data.lua	装备	plain	{}	[]		
装备\挂件相关\外装221_绣球_ef.lua	装备	plain	{"nMinRadius": "0 * LENGTH_BASE", "nMaxRadius": "4 * LENGTH_BASE", "nAngleRange": "256"}	[{"nDamageBase": "0", "nDamageRand": "0", "nCostMana": "0"}]	SetPublicCoolDown(16);SetNormalCoolDown(1, 1970)	EXECUTE_SCRIPT_WITH_PARAM
装备\挂件相关\外装221_绣球_g.lua	装备	plain	{"nMinRadius": "0 * LENGTH_BASE", "nMaxRadius": "4 * LENGTH_BASE", "nAngleRange": "256"}	[{"nDamageBase": "0", "nDamageRand": "0", "nCostMana": "0"}]	SetPublicCoolDown(16);SetNormalCoolDown(1, 1970)	EXECUTE_SCRIPT_WITH_PARAM
装备\挂件相关\外装221_绣球_退出.lua	装备	plain	{"nMinRadius": "0 * LENGTH_BASE", "nMaxRadius": "4 * LENGTH_BASE", "nAngleRange": "256"}	[{"nDamageBase": "0", "nDamageRand": "0", "nCostMana": "0"}]		EXECUTE_SCRIPT_WITH_PARAM
装备\挂件相关\外装242_不良人_ab.lua	装备	plain	{"nMinRadius": "0 * LENGTH_BASE", "nMaxRadius": "4 * LENGTH_BASE", "nAngleRange": "256"}	[{"nDamageBase": "0", "nDamageRand": "0", "nCostMana": "0"}]	SetNormalCoolDown(1, 2585)	EXECUTE_SCRIPT_WITH_PARAM
装备\挂件相关\外装242_不良人_cd.lua	装备	plain	{"nMinRadius": "0 * LENGTH_BASE", "nMaxRadius": "4 * LENGTH_BASE", "nAngleRange": "256"}	[{"nDamageBase": "0", "nDamageRand": "0", "nCostMana": "0"}]	SetPublicCoolDown(16);SetNormalCoolDown(1, 2585)	EXECUTE_SCRIPT_WITH_PARAM
装备\挂件相关\外装242_不良人_ef.lua	装备	plain	{"nMinRadius": "0 * LENGTH_BASE", "nMaxRadius": "4 * LENGTH_BASE", "nAngleRange": "256"}	[{"nDamageBase": "0", "nDamageRand": "0", "nCostMana": "0"}]	SetPublicCoolDown(16);SetNormalCoolDown(1, 2585)	EXECUTE_SCRIPT_WITH_PARAM
装备\挂件相关\外装242_不良人_g.lua	装备	plain	{"nMinRadius": "0 * LENGTH_BASE", "nMaxRadius": "4 * LENGTH_BASE", "nAngleRange": "256"}	[{"nDamageBase": "0", "nDamageRand": "0", "nCostMana": "0"}]	SetPublicCoolDown(16);SetNormalCoolDown(1, 2585)	EXECUTE_SCRIPT_WITH_PARAM
装备\挂件相关\外装242_不良人_退出.lua	装备	plain	{"nMinRadius": "0 * LENGTH_BASE", "nMaxRadius": "4 * LENGTH_BASE", "nAngleRange": "256"}	[{"nDamageBase": "0", "nDamageRand": "0", "nCostMana": "0"}]		EXECUTE_SCRIPT_WITH_PARAM
装备\挂件相关\外装243_鱼灯_ab.lua	装备	plain	{"nMinRadius": "0 * LENGTH_BASE", "nMaxRadius": "4 * LENGTH_BASE", "nAngleRange": "256"}	[{"nDamageBase": "0", "nDamageRand": "0", "nCostMana": "0"}]	SetNormalCoolDown(1, 1970)	EXECUTE_SCRIPT_WITH_PARAM
装备\挂件相关\外装243_鱼灯_cd.lua	装备	plain	{"nMinRadius": "0 * LENGTH_BASE", "nMaxRadius": "4 * LENGTH_BASE", "nAngleRange": "256"}	[{"nDamageBase": "0", "nDamageRand": "0", "nCostMana": "0"}]	SetPublicCoolDown(16);SetNormalCoolDown(1, 1970)	EXECUTE_SCRIPT_WITH_PARAM
装备\挂件相关\外装243_鱼灯_ef.lua	装备	plain	{"nMinRadius": "0 * LENGTH_BASE", "nMaxRadius": "4 * LENGTH_BASE", "nAngleRange": "256"}	[{"nDamageBase": "0", "nDamageRand": "0", "nCostMana": "0"}]	SetPublicCoolDown(16);SetNormalCoolDown(1, 1970)	EXECUTE_SCRIPT_WITH_PARAM
装备\挂件相关\外装243_鱼灯_g.lua	装备	plain	{"nMinRadius": "0 * LENGTH_BASE", "nMaxRadius": "4 * LENGTH_BASE", "nAngleRange": "256"}	[{"nDamageBase": "0", "nDamageRand": "0", "nCostMana": "0"}]	SetPublicCoolDown(16);SetNormalCoolDown(1, 1970)	EXECUTE_SCRIPT_WITH_PARAM
装备\挂件相关\外装243_鱼灯_退出.lua	装备	plain	{"nMinRadius": "0 * LENGTH_BASE", "nMaxRadius": "4 * LENGTH_BASE", "nAngleRange": "256"}	[{"nDamageBase": "0", "nDamageRand": "0", "nCostMana": "0"}]		EXECUTE_SCRIPT_WITH_PARAM
装备\挂件相关\外装330_水花_表现.lua	装备	bytecode	{}	[]	SetNormalCoolDown	nCostMana;nMinRadius;nMaxRadius;nAngleRange
装备\挂件相关\外装330_水花_进入.lua	装备	bytecode	{}	[]	SetNormalCoolDown	nCostMana;nMinRadius;nMaxRadius;nAngleRange
装备\挂件相关\外装330_水花_退出.lua	装备	bytecode	{}	[]		nCostMana;nMinRadius;nMaxRadius;nAngleRange
装备\挂件相关\外装332_魔镜_表现.lua	装备	bytecode	{}	[]	SetNormalCoolDown	nCostMana;nMinRadius;nMaxRadius;nAngleRange
装备\挂件相关\外装332_魔镜_进入.lua	装备	bytecode	{}	[]		nCostMana;nMinRadius;nMaxRadius;nAngleRange
装备\挂件相关\外装332_魔镜_退出.lua	装备	bytecode	{}	[]	SetNormalCoolDown	nCostMana;nMinRadius;nMaxRadius;nAngleRange
装备\挂件相关\挂件_万品龙烛.lua	装备	plain	{"nMinRadius": "0 * LENGTH_BASE", "nMaxRadius": "4 * LENGTH_BASE", "nAngleRange": "256"}	[{"nDamageBase": "0", "nDamageRand": "0", "nCostMana": "0"}, {"nDamageBase": "0", "nDamageRand": "0", "nCostMana": "0"}, {"nDamageBase": "0", "nDamageRand": "0", "nCostMana": "0"}]	SetPublicCoolDown(938);SetNormalCoolDown(1, 1278)	EXECUTE_SCRIPT
装备\挂件相关\背挂_九州定鼎.lua	装备	bytecode	{}	[]	SetPublicCoolDown;SetNormalCoolDown;ClearCDTime	nCostMana;nMinRadius;nMaxRadius;nAngleRange
装备\挂件相关\背挂_卦预乾坤.lua	装备	bytecode	{}	[]	SetPublicCoolDown;SetNormalCoolDown;ClearCDTime	nCostMana;nMinRadius;nMaxRadius;nAngleRange
装备\挂件相关\背挂_朝露昙华.lua	装备	bytecode	{}	[]	SetPublicCoolDown;SetNormalCoolDown;ClearCDTime	nCostMana;nMinRadius;nMaxRadius;nAngleRange
装备\挂件相关\背挂_笙_跪坐.lua	装备	plain	{"nMinRadius": "0 * LENGTH_BASE", "nMaxRadius": "4 * LENGTH_BASE", "nAngleRange": "256"}	[{"nDamageBase": "0", "nDamageRand": "0", "nCostMana": "0"}, {"nDamageBase": "0", "nDamageRand": "0", "nCostMana": "0"}, {"nDamageBase": "0", "nDamageRand": "0", "nCostMana": "0"}]	SetPublicCoolDown(938);SetNormalCoolDown(1, 1686)	EXECUTE_SCRIPT
装备\挂件相关\背挂_魔镜_表现.lua	装备	bytecode	{}	[]	SetNormalCoolDown	nCostMana;nMinRadius;nMaxRadius;nAngleRange
装备\挂件相关\背挂_魔镜_进入.lua	装备	bytecode	{}	[]	SetPublicCoolDown;SetNormalCoolDown	nCostMana;nMinRadius;nMaxRadius;nAngleRange
装备\挂件相关\背挂_魔镜_退出.lua	装备	bytecode	{}	[]	SetPublicCoolDown	nCostMana;nMinRadius;nMaxRadius;nAngleRange
装备\挂件相关\表现1号_夏.lua	装备	plain	{"nMinRadius": "0 * LENGTH_BASE", "nMaxRadius": "4 * LENGTH_BASE", "nAngleRange": "256"}	[{"nDamageBase": "0", "nDamageRand": "0", "nCostMana": "0"}, {"nDamageBase": "0", "nDamageRand": "0", "nCostMana": "0"}, {"nDamageBase": "0", "nDamageRand": "0", "nCostMana": "0"}, {"nDamageBase": "0", "nDamageRand": "0", "nCostMana": "0"}, {"nDamageBase": "0", "nDamageRand": "0", "nCostMana": "0"}, {"nDamageBase": "0", "nDamageRand": "0", "nCostMana": "0"}, {"nDamageBase": "0", "nDamageRand": "0", "nCostMana": "0"}, {"nDamageBase": "0", "nDamageRand": "0", "nCostMana": "0"}, {"nDamageBase": "0", "nDamageRand": "0", "nCostMana": "0"}, {"nDamageBase": "0", "nDamageRand": "0", "nCostMana": "0"}]	SetPublicCoolDown(938);SetNormalCoolDown(1, 932)	EXECUTE_SCRIPT
装备\挂件相关\表现2号_孔.lua	装备	plain	{"nMinRadius": "0 * LENGTH_BASE", "nMaxRadius": "4 * LENGTH_BASE", "nAngleRange": "256"}	[{"nDamageBase": "0", "nDamageRand": "0", "nCostMana": "0"}, {"nDamageBase": "0", "nDamageRand": "0", "nCostMana": "0"}, {"nDamageBase": "0", "nDamageRand": "0", "nCostMana": "0"}, {"nDamageBase": "0", "nDamageRand": "0", "nCostMana": "0"}, {"nDamageBase": "0", "nDamageRand": "0", "nCostMana": "0"}, {"nDamageBase": "0", "nDamageRand": "0", "nCostMana": "0"}, {"nDamageBase": "0", "nDamageRand": "0", "nCostMana": "0"}, {"nDamageBase": "0", "nDamageRand": "0", "nCostMana": "0"}, {"nDamageBase": "0", "nDamageRand": "0", "nCostMana": "0"}, {"nDamageBase": "0", "nDamageRand": "0", "nCostMana": "0"}]	SetPublicCoolDown(938);SetNormalCoolDown(1, 933)	EXECUTE_SCRIPT
装备\挂件相关\表现3号_花.lua	装备	plain	{"nMinRadius": "0 * LENGTH_BASE", "nMaxRadius": "4 * LENGTH_BASE", "nAngleRange": "256"}	[{"nDamageBase": "0", "nDamageRand": "0", "nCostMana": "0"}, {"nDamageBase": "0", "nDamageRand": "0", "nCostMana": "0"}, {"nDamageBase": "0", "nDamageRand": "0", "nCostMana": "0"}, {"nDamageBase": "0", "nDamageRand": "0", "nCostMana": "0"}, {"nDamageBase": "0", "nDamageRand": "0", "nCostMana": "0"}, {"nDamageBase": "0", "nDamageRand": "0", "nCostMana": "0"}, {"nDamageBase": "0", "nDamageRand": "0", "nCostMana": "0"}, {"nDamageBase": "0", "nDamageRand": "0", "nCostMana": "0"}, {"nDamageBase": "0", "nDamageRand": "0", "nCostMana": "0"}, {"nDamageBase": "0", "nDamageRand": "0", "nCostMana": "0"}]	SetPublicCoolDown(938);SetNormalCoolDown(1, 934)	EXECUTE_SCRIPT
装备\挂件相关\表现4号_蝶.lua	装备	plain	{"nMinRadius": "0 * LENGTH_BASE", "nMaxRadius": "4 * LENGTH_BASE", "nAngleRange": "256"}	[{"nDamageBase": "0", "nDamageRand": "0", "nCostMana": "0"}, {"nDamageBase": "0", "nDamageRand": "0", "nCostMana": "0"}, {"nDamageBase": "0", "nDamageRand": "0", "nCostMana": "0"}, {"nDamageBase": "0", "nDamageRand": "0", "nCostMana": "0"}, {"nDamageBase": "0", "nDamageRand": "0", "nCostMana": "0"}, {"nDamageBase": "0", "nDamageRand": "0", "nCostMana": "0"}, {"nDamageBase": "0", "nDamageRand": "0", "nCostMana": "0"}, {"nDamageBase": "0", "nDamageRand": "0", "nCostMana": "0"}, {"nDamageBase": "0", "nDamageRand": "0", "nCostMana": "0"}, {"nDamageBase": "0", "nDamageRand": "0", "nCostMana": "0"}]	SetPublicCoolDown(938);SetNormalCoolDown(1, 935)	EXECUTE_SCRIPT
装备\挂件相关\表现5号_金.lua	装备	plain	{"nMinRadius": "0 * LENGTH_BASE", "nMaxRadius": "4 * LENGTH_BASE", "nAngleRange": "256"}	[{"nDamageBase": "0", "nDamageRand": "0", "nCostMana": "0"}, {"nDamageBase": "0", "nDamageRand": "0", "nCostMana": "0"}, {"nDamageBase": "0", "nDamageRand": "0", "nCostMana": "0"}, {"nDamageBase": "0", "nDamageRand": "0", "nCostMana": "0"}, {"nDamageBase": "0", "nDamageRand": "0", "nCostMana": "0"}, {"nDamageBase": "0", "nDamageRand": "0", "nCostMana": "0"}, {"nDamageBase": "0", "nDamageRand": "0", "nCostMana": "0"}, {"nDamageBase": "0", "nDamageRand": "0", "nCostMana": "0"}, {"nDamageBase": "0", "nDamageRand": "0", "nCostMana": "0"}, {"nDamageBase": "0", "nDamageRand": "0", "nCostMana": "0"}]	SetPublicCoolDown(938);SetNormalCoolDown(1, 936)	EXECUTE_SCRIPT
装备\挂件相关\表现6号_玄.lua	装备	plain	{"nMinRadius": "0 * LENGTH_BASE", "nMaxRadius": "4 * LENGTH_BASE", "nAngleRange": "256"}	[{"nDamageBase": "0", "nDamageRand": "0", "nCostMana": "0"}, {"nDamageBase": "0", "nDamageRand": "0", "nCostMana": "0"}, {"nDamageBase": "0", "nDamageRand": "0", "nCostMana": "0"}, {"nDamageBase": "0", "nDamageRand": "0", "nCostMana": "0"}, {"nDamageBase": "0", "nDamageRand": "0", "nCostMana": "0"}, {"nDamageBase": "0", "nDamageRand": "0", "nCostMana": "0"}, {"nDamageBase": "0", "nDamageRand": "0", "nCostMana": "0"}, {"nDamageBase": "0", "nDamageRand": "0", "nCostMana": "0"}, {"nDamageBase": "0", "nDamageRand": "0", "nCostMana": "0"}, {"nDamageBase": "0", "nDamageRand": "0", "nCostMana": "0"}]	SetPublicCoolDown(938);SetNormalCoolDown(1, 937)	EXECUTE_SCRIPT
装备\挂件相关\表现_外10号.lua	装备	bytecode	{}	[]	SetPublicCoolDown;SetNormalCoolDown	nCostMana;nMinRadius;nMaxRadius;nAngleRange
装备\挂件相关\表现_披风_蝶梦终霄.lua	装备	plain	{"nMinRadius": "0 * LENGTH_BASE", "nMaxRadius": "4 * LENGTH_BASE", "nAngleRange": "256"}	[{"nDamageBase": "0", "nDamageRand": "0", "nCostMana": "0"}, {"nDamageBase": "0", "nDamageRand": "0", "nCostMana": "0"}, {"nDamageBase": "0", "nDamageRand": "0", "nCostMana": "0"}, {"nDamageBase": "0", "nDamageRand": "0", "nCostMana": "0"}, {"nDamageBase": "0", "nDamageRand": "0", "nCostMana": "0"}, {"nDamageBase": "0", "nDamageRand": "0", "nCostMana": "0"}, {"nDamageBase": "0", "nDamageRand": "0", "nCostMana": "0"}, {"nDamageBase": "0", "nDamageRand": "0", "nCostMana": "0"}, {"nDamageBase": "0", "nDamageRand": "0", "nCostMana": "0"}, {"nDamageBase": "0", "nDamageRand": "0", "nCostMana": "0"}]	SetPublicCoolDown(938);SetNormalCoolDown(1, 1229)	EXECUTE_SCRIPT
装备\挂件相关\表现_比翼相思.lua	装备	plain	{"nMinRadius": "0 * LENGTH_BASE", "nMaxRadius": "4 * LENGTH_BASE", "nAngleRange": "256"}	[{"nDamageBase": "0", "nDamageRand": "0", "nCostMana": "0"}, {"nDamageBase": "0", "nDamageRand": "0", "nCostMana": "0"}, {"nDamageBase": "0", "nDamageRand": "0", "nCostMana": "0"}, {"nDamageBase": "0", "nDamageRand": "0", "nCostMana": "0"}, {"nDamageBase": "0", "nDamageRand": "0", "nCostMana": "0"}, {"nDamageBase": "0", "nDamageRand": "0", "nCostMana": "0"}, {"nDamageBase": "0", "nDamageRand": "0", "nCostMana": "0"}, {"nDamageBase": "0", "nDamageRand": "0", "nCostMana": "0"}, {"nDamageBase": "0", "nDamageRand": "0", "nCostMana": "0"}, {"nDamageBase": "0", "nDamageRand": "0", "nCostMana": "0"}]	SetPublicCoolDown(938);SetNormalCoolDown(1, 940)	EXECUTE_SCRIPT
装备\挂件相关\马饰特效010.lua	装备	bytecode	{}	[]	SetNormalCoolDown	nCostMana;nMinRadius;nMaxRadius;nAngleRange
轻功\八大派\少林\少林水冲刺C执行.lua	轻功	plain	{"nMaxRadius": "4 * LENGTH_BASE"}	[{"nDamageBase": "0", "nDamageRand": "0", "nCostMana": "0"}, {"nDamageBase": "0", "nDamageRand": "0", "nCostMana": "0"}, {"nDamageBase": "0", "nDamageRand": "0", "nCostMana": "0"}, {"nDamageBase": "0", "nDamageRand": "0", "nCostMana": "0"}, {"nDamageBase": "0", "nDamageRand": "0", "nCostMana": "0"}, {"nDamageBase": "0", "nDamageRand": "0", "nCostMana": "0"}, {"nDamageBase": "0", "nDamageRand": "0", "nCostMana": "0"}, {"nDamageBase": "0", "nDamageRand": "0", "nCostMana": "0"}, {"nDamageBase": "0", "nDamageRand": "0", "nCostMana": "0"}, {"nDamageBase": "0", "nDamageRand": "0", "nCostMana": "0"}]		SET_JUMP_COUNT;SKILL_MOVE
轻功\轻功通用\近战通用冲刺.lua	轻功	plain	{"nMinRadius": "4 * LENGTH_BASE", "nMaxRadius": "50 * LENGTH_BASE", "nAngleRange": "128"}	[]		DASH
长歌\套路及子技能\爻辰剑宫加三尺.lua	长歌	plain	{"nMinRadius": "0 * LENGTH_BASE", "nMaxRadius": "4 * LENGTH_BASE", "nAngleRange": "256"}	[{"nDamageBase": "0", "nDamageRand": "0", "nCostMana": "0"}, {"nDamageBase": "0", "nDamageRand": "0", "nCostMana": "0"}, {"nDamageBase": "0", "nDamageRand": "0", "nCostMana": "0"}, {"nDamageBase": "0", "nDamageRand": "0", "nCostMana": "0"}, {"nDamageBase": "0", "nDamageRand": "0", "nCostMana": "0"}, {"nDamageBase": "0", "nDamageRand": "0", "nCostMana": "0"}, {"nDamageBase": "0", "nDamageRand": "0", "nCostMana": "0"}, {"nDamageBase": "0", "nDamageRand": "0", "nCostMana": "0"}, {"nDamageBase": "0", "nDamageRand": "0", "nCostMana": "0"}, {"nDamageBase": "0", "nDamageRand": "0", "nCostMana": "0"}]		SET_TALENT_RECIPE
长歌\套路及子技能\长歌_删除影子效果.lua	长歌	plain	{"bIgnorePrepareState": "true", "nMinRadius": "0 * LENGTH_BASE", "nMaxRadius": "4 * LENGTH_BASE", "nAngleRange": "256"}	[{"nDamageBase": "0", "nDamageRand": "0", "nCostMana": "0"}, {"nDamageBase": "0", "nDamageRand": "0", "nCostMana": "0"}, {"nDamageBase": "0", "nDamageRand": "0", "nCostMana": "0"}, {"nDamageBase": "0", "nDamageRand": "0", "nCostMana": "0"}, {"nDamageBase": "0", "nDamageRand": "0", "nCostMana": "0"}, {"nDamageBase": "0", "nDamageRand": "0", "nCostMana": "0"}, {"nDamageBase": "0", "nDamageRand": "0", "nCostMana": "0"}, {"nDamageBase": "0", "nDamageRand": "0", "nCostMana": "0"}, {"nDamageBase": "0", "nDamageRand": "0", "nCostMana": "0"}, {"nDamageBase": "0", "nDamageRand": "0", "nCostMana": "0"}]		DASH_FORWARD
长歌\套路及子技能\长歌_影_孤影化双.lua	长歌	bytecode	{}	[]	SetNormalCoolDown;SetCheckCoolDown	nCostMana;nMinRadius;nMaxRadius;nAngleRange
长歌\套路及子技能\长歌_曲_平沙落雁.lua	长歌	bytecode	{}	[]	SetNormalCoolDown;SetCheckCoolDown	nCostMana;nMinRadius;nMaxRadius;nAngleRange
长歌\套路及子技能\长歌_气_琴音共鸣.lua	长歌	bytecode	{}	[]	SetPublicCoolDown;SetNormalCoolDown;SetCheckCoolDown	nCostMana;nMinRadius;nMaxRadius;nAngleRange
长歌\套路及子技能\青霄化羽选择buff子技能3.lua	长歌	plain	{"nMaxRadius": "6 * LENGTH_BASE", "nAngleRange": "256", "nAreaRadius": "20 * LENGTH_BASE"}	[{"nDamageBase": "0", "nDamageRand": "0", "nCostMana": "0"}, {"nDamageBase": "0", "nDamageRand": "0", "nCostMana": "0"}, {"nDamageBase": "0", "nDamageRand": "0", "nCostMana": "0"}, {"nDamageBase": "0", "nDamageRand": "0", "nCostMana": "0"}, {"nDamageBase": "0", "nDamageRand": "0", "nCostMana": "0"}, {"nDamageBase": "0", "nDamageRand": "0", "nCostMana": "0"}, {"nDamageBase": "0", "nDamageRand": "0", "nCostMana": "0"}, {"nDamageBase": "0", "nDamageRand": "0", "nCostMana": "0"}, {"nDamageBase": "0", "nDamageRand": "0", "nCostMana": "0"}, {"nDamageBase": "0", "nDamageRand": "0", "nCostMana": "0"}]	SetNormalCoolDown(1, 2500)	EXECUTE_SCRIPT
长歌\套路及子技能\青霄化羽选择buff子技能4.lua	长歌	bytecode	{}	[]		nCostMana;nMaxRadius;nAreaRadius;nAngleRange
阵法\唐门内功阵法第五重_小队加闪避.lua	阵法	plain	{"nMinRadius": "0 * LENGTH_BASE", "nMaxRadius": "30 * LENGTH_BASE", "nAngleRange": "256", "nAreaRadius": "30 * LENGTH_BASE"}	[{"nDamageBase": "0", "nDamageRand": "0", "nCostMana": "0"}, {"nDamageBase": "0", "nDamageRand": "0", "nCostMana": "0"}, {"nDamageBase": "0", "nDamageRand": "0", "nCostMana": "0"}, {"nDamageBase": "0", "nDamageRand": "0", "nCostMana": "0"}, {"nDamageBase": "0", "nDamageRand": "0", "nCostMana": "0"}, {"nDamageBase": "0", "nDamageRand": "0", "nCostMana": "0"}, {"nDamageBase": "0", "nDamageRand": "0", "nCostMana": "0"}, {"nDamageBase": "0", "nDamageRand": "0", "nCostMana": "0"}, {"nDamageBase": "0", "nDamageRand": "0", "nCostMana": "0"}, {"nDamageBase": "0", "nDamageRand": "0", "nCostMana": "0"}]		
阵法\少林攻击阵法第五重.lua	阵法	plain	{"nMaxRadius": "30 * LENGTH_BASE", "nAngleRange": "256", "nAreaRadius": "30 * LENGTH_BASE", "bIsFormationSkill": "true"}	[]		
霸刀\套路及子技能\霸刀_大刀_雪絮金屏主动技能.lua	霸刀	bytecode	{}	[]	SetNormalCoolDown;SetCheckCoolDown	nCostMana;nCostSunEnergy;nMinRadius;nMaxRadius;nAngleRange
霸刀\套路及子技能\霸刀_大刀_鸣震九霄.lua	霸刀	plain	{"bIgnorePrepareState": "true", "nMinRadius": "0 * LENGTH_BASE", "nMaxRadius": "20 * LENGTH_BASE", "nAngleRange": "256", "nAreaRadius": "10 * LENGTH_BASE"}	[{"nDamageBase": "0", "nDamageRand": "0", "nCostMana": "0"}, {"nDamageBase": "0", "nDamageRand": "0", "nCostMana": "0"}, {"nDamageBase": "0", "nDamageRand": "0", "nCostMana": "0"}, {"nDamageBase": "0", "nDamageRand": "0", "nCostMana": "0"}, {"nDamageBase": "0", "nDamageRand": "0", "nCostMana": "0"}, {"nDamageBase": "0", "nDamageRand": "0", "nCostMana": "0"}, {"nDamageBase": "0", "nDamageRand": "0", "nCostMana": "0"}, {"nDamageBase": "0", "nDamageRand": "0", "nCostMana": "0"}, {"nDamageBase": "0", "nDamageRand": "0", "nCostMana": "0"}, {"nDamageBase": "0", "nDamageRand": "0", "nCostMana": "0"}]	SetNormalCoolDown(1, 2113);SetNormalCoolDown(2, 2114);SetCheckCoolDown(1, 444)	EXECUTE_SCRIPT
霸刀\套路及子技能\霸刀_大刀_鸣震九霄_子技能.lua	霸刀	bytecode	{}	[]	OverDraft	bIgnorePrepareState;nCostMana;nCostSprintPower;nMinRadius;nMaxRadius;nAreaRadius;nAngleRange
霸刀\套路及子技能\霸刀_大刀_鸣震九霄调息处理.lua	霸刀	bytecode	{}	[]	OverDraft;AddCDTime	nCostMana
霸刀\套路及子技能\霸刀_横断山河40-60伤害.lua	霸刀	plain	{"bIgnorePrepareState": "true", "nMinRadius": "0 * LENGTH_BASE", "nMaxRadius": "50 * LENGTH_BASE", "nAngleRange": "256", "nChannelInterval": "100 * 1.3 * 1.3*1.15"}	[{"nDamageBase": "55", "nDamageRand": "5", "nCostMana": "0"}, {"nDamageBase": "70", "nDamageRand": "5", "nCostMana": "0"}, {"nDamageBase": "85", "nDamageRand": "5", "nCostMana": "0"}, {"nDamageBase": "100", "nDamageRand": "5", "nCostMana": "0"}, {"nDamageBase": "115", "nDamageRand": "5", "nCostMana": "0"}, {"nDamageBase": "130", "nDamageRand": "10", "nCostMana": "0"}, {"nDamageBase": "145", "nDamageRand": "10", "nCostMana": "0"}, {"nDamageBase": "160", "nDamageRand": "10", "nCostMana": "0"}, {"nDamageBase": "175", "nDamageRand": "10", "nCostMana": "0"}, {"nDamageBase": "190", "nDamageRand": "15", "nCostMana": "0"}, {"nDamageBase": "205", "nDamageRand": "15", "nCostMana": "0"}, {"nDamageBase": "220", "nDamageRand": "15", "nCostMana": "0"}, {"nDamageBase": "235", "nDamageRand": "20", "nCostMana": "0"}, {"nDamageBase": "240", "nDamageRand": "20", "nCostMana": "0"}, {"nDamageBase": "250", "nDamageRand": "20", "nCostMana": "0"}]		CALL_PHYSICS_DAMAGE;SKILL_PHYSICS_DAMAGE;SKILL_PHYSICS_DAMAGE_RAND
