22:38:32.085 start mapPath=data\source\maps\龙门寻宝\龙门寻宝.jsonmap async=False fullload=False editor=True
22:38:34.530 InitPath=0 InitMemory=0 InitPak=0
22:38:58.615 Init3DEngine=1 err=1
22:38:58.652 editor.Init result=0
22:39:00.046 LoadMap result=0 in 1391 ms
22:39:00.046 SetActiveEnvironment=0
22:39:00.047 GetSceneRect=0 x=-1024 y=-1024 w=4096 h=4096
22:39:00.328 winId=7344436
22:39:00.329 TerrainSampler: size=512 regions=8x8 cell=100 origin=(-102400,-102400)
22:39:00.640 FoliageCollision loaded: instances=5351 meshes=699
22:39:01.221 player AddDummyModel("C:\SeasunGame\MovieEditor\source\花萝无动作.actor") -> 1930192104
22:39:01.222 follow camera at (28962,769,23500) dist=800 dir=(0.00,1.00)
22:39:01.222 player start=(28962,709,24300) gravity=-1289 jump=703 speed=200 firstPerson=False
22:39:01.510 spawn camera dir=(0.00,1.00)
22:39:01.771 player pos=(28962,709,24300) ground=709 vy=0 grounded=True blocked=False cam=(28962,763,23500) camDistXZ=800
22:39:02.048 shot t=500ms -> C:\SeasunGame\MovieEditor\bin64\map_spike_out\map_t00500ms.png exists=True
22:39:02.073 player pos=(28962,709,24300) ground=709 vy=0 grounded=True blocked=False cam=(28962,763,23500) camDistXZ=800
22:39:02.324 player pos=(28962,709,24300) ground=709 vy=0 grounded=True blocked=False cam=(28962,763,23500) camDistXZ=800
22:39:02.561 shot t=1000ms -> C:\SeasunGame\MovieEditor\bin64\map_spike_out\map_t01000ms.png exists=True
22:39:02.586 player pos=(28962,709,24300) ground=709 vy=0 grounded=True blocked=False cam=(28962,763,23500) camDistXZ=800
22:39:02.839 player pos=(28962,709,24300) ground=709 vy=0 grounded=True blocked=False cam=(28962,763,23500) camDistXZ=800
22:39:03.115 player pos=(28962,709,24300) ground=709 vy=0 grounded=True blocked=False cam=(28962,763,23500) camDistXZ=800
22:39:03.383 player pos=(28962,709,24300) ground=709 vy=0 grounded=True blocked=False cam=(28962,763,23500) camDistXZ=800
22:39:03.513 loading 1.000 cam=(28962,763,23500) t=2002ms
22:39:03.542 shot t=2000ms -> C:\SeasunGame\MovieEditor\bin64\map_spike_out\map_t02000ms.png exists=True
22:39:03.638 player pos=(28962,709,24300) ground=709 vy=0 grounded=True blocked=False cam=(28962,763,23500) camDistXZ=800
22:39:03.905 player pos=(28962,709,24300) ground=709 vy=0 grounded=True blocked=False cam=(28962,763,23500) camDistXZ=800
22:39:04.167 player pos=(28962,709,24300) ground=709 vy=0 grounded=True blocked=False cam=(28962,763,23500) camDistXZ=800
22:39:04.420 player pos=(28962,709,24300) ground=709 vy=0 grounded=True blocked=False cam=(28962,763,23500) camDistXZ=800
22:39:04.681 player pos=(28962,709,24300) ground=709 vy=0 grounded=True blocked=False cam=(28962,763,23500) camDistXZ=800
22:39:04.942 player pos=(28962,709,24300) ground=709 vy=0 grounded=True blocked=False cam=(28962,763,23500) camDistXZ=800
22:39:05.201 player pos=(28962,709,24300) ground=709 vy=0 grounded=True blocked=False cam=(28962,763,23500) camDistXZ=800
22:39:05.451 player pos=(28962,709,24300) ground=709 vy=0 grounded=True blocked=False cam=(28962,763,23500) camDistXZ=800
22:39:05.528 loading 1.000 cam=(28962,763,23500) t=4018ms
22:39:05.556 shot t=4000ms -> C:\SeasunGame\MovieEditor\bin64\map_spike_out\map_t04000ms.png exists=True
22:39:05.707 player pos=(28962,709,24300) ground=709 vy=0 grounded=True blocked=False cam=(28962,763,23500) camDistXZ=800
22:39:05.958 player pos=(28962,709,24300) ground=709 vy=0 grounded=True blocked=False cam=(28962,763,23500) camDistXZ=800
22:39:06.219 player pos=(28962,709,24300) ground=709 vy=0 grounded=True blocked=False cam=(28962,763,23500) camDistXZ=800
22:39:06.469 player pos=(28962,709,24300) ground=709 vy=0 grounded=True blocked=False cam=(28962,763,23500) camDistXZ=800
22:39:06.727 player pos=(28962,709,24300) ground=709 vy=0 grounded=True blocked=False cam=(28962,763,23500) camDistXZ=800
22:39:06.980 player pos=(28962,709,24300) ground=709 vy=0 grounded=True blocked=False cam=(28962,763,23500) camDistXZ=800
22:39:07.239 player pos=(28962,709,24300) ground=709 vy=0 grounded=True blocked=False cam=(28962,763,23500) camDistXZ=800
22:39:07.489 player pos=(28962,709,24300) ground=709 vy=0 grounded=True blocked=False cam=(28962,763,23500) camDistXZ=800
22:39:07.546 loading 1.000 cam=(28962,763,23500) t=6035ms
22:39:07.749 player pos=(28962,709,24300) ground=709 vy=0 grounded=True blocked=False cam=(28962,763,23500) camDistXZ=800
22:39:08.004 player pos=(28962,709,24300) ground=709 vy=0 grounded=True blocked=False cam=(28962,763,23500) camDistXZ=800
22:39:08.262 player pos=(28962,709,24300) ground=709 vy=0 grounded=True blocked=False cam=(28962,763,23500) camDistXZ=800
22:39:08.515 player pos=(28962,709,24300) ground=709 vy=0 grounded=True blocked=False cam=(28962,763,23500) camDistXZ=800
22:39:08.773 player pos=(28962,709,24300) ground=709 vy=0 grounded=True blocked=False cam=(28962,763,23500) camDistXZ=800
22:39:09.025 player pos=(28962,709,24300) ground=709 vy=0 grounded=True blocked=False cam=(28962,763,23500) camDistXZ=800
22:39:09.281 player pos=(28962,709,24300) ground=709 vy=0 grounded=True blocked=False cam=(28962,763,23500) camDistXZ=800
22:39:09.557 shot t=8000ms -> C:\SeasunGame\MovieEditor\bin64\map_spike_out\map_t08000ms.png exists=True
22:39:09.572 player pos=(28962,709,24300) ground=709 vy=0 grounded=True blocked=False cam=(28962,763,23500) camDistXZ=800
22:39:09.576 loading 1.000 cam=(28962,763,23500) t=8065ms
22:39:09.831 player pos=(28962,709,24300) ground=709 vy=0 grounded=True blocked=False cam=(28962,763,23500) camDistXZ=800
22:39:10.082 player pos=(28962,709,24300) ground=709 vy=0 grounded=True blocked=False cam=(28962,763,23500) camDistXZ=800
22:39:10.343 player pos=(28962,709,24300) ground=709 vy=0 grounded=True blocked=False cam=(28962,763,23500) camDistXZ=800
22:39:10.610 player pos=(28962,709,24300) ground=709 vy=0 grounded=True blocked=False cam=(28962,763,23500) camDistXZ=800
22:39:10.866 player pos=(28962,709,24300) ground=709 vy=0 grounded=True blocked=False cam=(28962,763,23500) camDistXZ=800
22:39:11.117 player pos=(28962,709,24300) ground=709 vy=0 grounded=True blocked=False cam=(28962,763,23500) camDistXZ=800
22:39:11.375 player pos=(28962,709,24300) ground=709 vy=0 grounded=True blocked=False cam=(28962,763,23500) camDistXZ=800
22:39:11.596 loading 1.000 cam=(28962,763,23500) t=10085ms
22:39:11.630 player pos=(28962,709,24300) ground=709 vy=0 grounded=True blocked=False cam=(28962,763,23500) camDistXZ=800
22:39:11.888 player pos=(28962,709,24300) ground=709 vy=0 grounded=True blocked=False cam=(28962,763,23500) camDistXZ=800
22:39:12.139 player pos=(28962,709,24300) ground=709 vy=0 grounded=True blocked=False cam=(28962,763,23500) camDistXZ=800
22:39:12.396 player pos=(28962,709,24300) ground=709 vy=0 grounded=True blocked=False cam=(28962,763,23500) camDistXZ=800
22:39:12.649 player pos=(28962,709,24300) ground=709 vy=0 grounded=True blocked=False cam=(28962,763,23500) camDistXZ=800
22:39:12.909 player pos=(28962,709,24300) ground=709 vy=0 grounded=True blocked=False cam=(28962,763,23500) camDistXZ=800
22:39:13.162 player pos=(28962,709,24300) ground=709 vy=0 grounded=True blocked=False cam=(28962,763,23500) camDistXZ=800
22:39:13.419 player pos=(28962,709,24300) ground=709 vy=0 grounded=True blocked=False cam=(28962,763,23500) camDistXZ=800
22:39:13.602 loading 1.000 cam=(28962,763,23500) t=12092ms
22:39:13.669 player pos=(28962,709,24300) ground=709 vy=0 grounded=True blocked=False cam=(28962,763,23500) camDistXZ=800
22:39:13.921 player pos=(28962,709,24300) ground=709 vy=0 grounded=True blocked=False cam=(28962,763,23500) camDistXZ=800
22:39:14.187 player pos=(28962,709,24300) ground=709 vy=0 grounded=True blocked=False cam=(28962,763,23500) camDistXZ=800
22:39:14.444 player pos=(28962,709,24300) ground=709 vy=0 grounded=True blocked=False cam=(28962,763,23500) camDistXZ=800
22:39:14.705 player pos=(28962,709,24300) ground=709 vy=0 grounded=True blocked=False cam=(28962,763,23500) camDistXZ=800
22:39:14.965 player pos=(28962,709,24300) ground=709 vy=0 grounded=True blocked=False cam=(28962,763,23500) camDistXZ=800
22:39:15.231 player pos=(28962,709,24300) ground=709 vy=0 grounded=True blocked=False cam=(28962,763,23500) camDistXZ=800
22:39:15.490 player pos=(28962,709,24300) ground=709 vy=0 grounded=True blocked=False cam=(28962,763,23500) camDistXZ=800
22:39:15.618 loading 1.000 cam=(28962,763,23500) t=14107ms
22:39:15.741 player pos=(28962,709,24300) ground=709 vy=0 grounded=True blocked=False cam=(28962,763,23500) camDistXZ=800
22:39:15.998 player pos=(28962,709,24300) ground=709 vy=0 grounded=True blocked=False cam=(28962,763,23500) camDistXZ=800
22:39:16.266 player pos=(28962,709,24300) ground=709 vy=0 grounded=True blocked=False cam=(28962,763,23500) camDistXZ=800
22:39:16.524 player pos=(28962,709,24300) ground=709 vy=0 grounded=True blocked=False cam=(28962,763,23500) camDistXZ=800
22:39:16.556 shot t=15000ms -> C:\SeasunGame\MovieEditor\bin64\map_spike_out\map_t15000ms.png exists=True
22:39:16.783 player pos=(28962,709,24300) ground=709 vy=0 grounded=True blocked=False cam=(28962,763,23500) camDistXZ=800
22:39:17.045 player pos=(28962,709,24300) ground=709 vy=0 grounded=True blocked=False cam=(28962,763,23500) camDistXZ=800
22:39:17.309 player pos=(28962,709,24300) ground=709 vy=0 grounded=True blocked=False cam=(28962,763,23500) camDistXZ=800
22:39:17.563 player pos=(28962,709,24300) ground=709 vy=0 grounded=True blocked=False cam=(28962,763,23500) camDistXZ=800
22:39:17.621 loading 1.000 cam=(28962,763,23500) t=16110ms
22:39:17.828 player pos=(28962,709,24300) ground=709 vy=0 grounded=True blocked=False cam=(28962,763,23500) camDistXZ=800
22:39:18.085 player pos=(28962,709,24300) ground=709 vy=0 grounded=True blocked=False cam=(28962,763,23500) camDistXZ=800
22:39:18.339 player pos=(28962,709,24300) ground=709 vy=0 grounded=True blocked=False cam=(28962,763,23500) camDistXZ=800
22:39:18.594 player pos=(28962,709,24300) ground=709 vy=0 grounded=True blocked=False cam=(28962,763,23500) camDistXZ=800
22:39:18.844 player pos=(28962,709,24300) ground=709 vy=0 grounded=True blocked=False cam=(28962,763,23500) camDistXZ=800
22:39:19.106 player pos=(28962,709,24300) ground=709 vy=0 grounded=True blocked=False cam=(28962,763,23500) camDistXZ=800
22:39:19.381 player pos=(28962,709,24300) ground=709 vy=0 grounded=True blocked=False cam=(28962,763,23500) camDistXZ=800
22:39:19.626 player pos=(28962,709,24300) ground=709 vy=0 grounded=True blocked=False cam=(28962,763,23500) camDistXZ=800
22:39:19.630 loading 1.000 cam=(28962,763,23500) t=18120ms
22:39:19.884 player pos=(28962,709,24300) ground=709 vy=0 grounded=True blocked=False cam=(28962,763,23500) camDistXZ=800
22:39:20.134 player pos=(28962,709,24300) ground=709 vy=0 grounded=True blocked=False cam=(28962,763,23500) camDistXZ=800
22:39:20.409 player pos=(28962,709,24300) ground=709 vy=0 grounded=True blocked=False cam=(28962,763,23500) camDistXZ=800
22:39:20.669 player pos=(28962,709,24300) ground=709 vy=0 grounded=True blocked=False cam=(28962,763,23500) camDistXZ=800
22:39:20.921 player pos=(28962,709,24300) ground=709 vy=0 grounded=True blocked=False cam=(28962,763,23500) camDistXZ=800
22:39:21.183 player pos=(28962,709,24300) ground=709 vy=0 grounded=True blocked=False cam=(28962,763,23500) camDistXZ=800
22:39:21.442 player pos=(28962,709,24300) ground=709 vy=0 grounded=True blocked=False cam=(28962,763,23500) camDistXZ=800
22:39:21.641 loading 1.000 cam=(28962,763,23500) t=20130ms
22:39:21.708 player pos=(28962,709,24300) ground=709 vy=0 grounded=True blocked=False cam=(28962,763,23500) camDistXZ=800
22:39:21.964 player pos=(28962,709,24300) ground=709 vy=0 grounded=True blocked=False cam=(28962,763,23500) camDistXZ=800
22:39:22.231 player pos=(28962,709,24300) ground=709 vy=0 grounded=True blocked=False cam=(28962,763,23500) camDistXZ=800
22:39:22.487 player pos=(28962,709,24300) ground=709 vy=0 grounded=True blocked=False cam=(28962,763,23500) camDistXZ=800
22:39:22.753 player pos=(28962,709,24300) ground=709 vy=0 grounded=True blocked=False cam=(28962,763,23500) camDistXZ=800
22:39:23.011 player pos=(28962,709,24300) ground=709 vy=0 grounded=True blocked=False cam=(28962,763,23500) camDistXZ=800
22:39:23.275 player pos=(28962,709,24300) ground=709 vy=0 grounded=True blocked=False cam=(28962,763,23500) camDistXZ=800
22:39:23.534 player pos=(28962,709,24300) ground=709 vy=0 grounded=True blocked=False cam=(28962,763,23500) camDistXZ=800
22:39:23.641 loading 1.000 cam=(28962,763,23500) t=22131ms
22:39:23.795 player pos=(28962,709,24300) ground=709 vy=0 grounded=True blocked=False cam=(28962,763,23500) camDistXZ=800
22:39:24.051 player pos=(28962,709,24300) ground=709 vy=0 grounded=True blocked=False cam=(28962,763,23500) camDistXZ=800
22:39:24.302 player pos=(28962,709,24300) ground=709 vy=0 grounded=True blocked=False cam=(28962,763,23500) camDistXZ=800
22:39:24.556 player pos=(28962,709,24300) ground=709 vy=0 grounded=True blocked=False cam=(28962,763,23500) camDistXZ=800
22:39:24.807 player pos=(28962,709,24300) ground=709 vy=0 grounded=True blocked=False cam=(28962,763,23500) camDistXZ=800
22:39:25.067 player pos=(28962,709,24300) ground=709 vy=0 grounded=True blocked=False cam=(28962,763,23500) camDistXZ=800
22:39:25.317 player pos=(28962,709,24300) ground=709 vy=0 grounded=True blocked=False cam=(28962,763,23500) camDistXZ=800
22:39:25.570 player pos=(28962,709,24300) ground=709 vy=0 grounded=True blocked=False cam=(28962,763,23500) camDistXZ=800
22:39:25.644 loading 1.000 cam=(28962,763,23500) t=24133ms
22:39:25.836 player pos=(28962,709,24300) ground=709 vy=0 grounded=True blocked=False cam=(28962,763,23500) camDistXZ=800
22:39:26.091 player pos=(28962,709,24300) ground=709 vy=0 grounded=True blocked=False cam=(28962,763,23500) camDistXZ=800
22:39:26.356 player pos=(28962,709,24300) ground=709 vy=0 grounded=True blocked=False cam=(28962,763,23500) camDistXZ=800
22:39:26.543 shot t=25000ms -> C:\SeasunGame\MovieEditor\bin64\map_spike_out\map_t25000ms.png exists=True
22:39:26.611 player pos=(28962,709,24300) ground=709 vy=0 grounded=True blocked=False cam=(28962,763,23500) camDistXZ=800
22:39:26.877 player pos=(28962,709,24300) ground=709 vy=0 grounded=True blocked=False cam=(28962,763,23500) camDistXZ=800
22:39:27.131 player pos=(28962,709,24300) ground=709 vy=0 grounded=True blocked=False cam=(28962,763,23500) camDistXZ=800
22:39:27.394 player pos=(28962,709,24300) ground=709 vy=0 grounded=True blocked=False cam=(28962,763,23500) camDistXZ=800
22:39:27.650 player pos=(28962,709,24300) ground=709 vy=0 grounded=True blocked=False cam=(28962,763,23500) camDistXZ=800
22:39:27.654 loading 1.000 cam=(28962,763,23500) t=26143ms
22:39:27.915 player pos=(28962,709,24300) ground=709 vy=0 grounded=True blocked=False cam=(28962,763,23500) camDistXZ=800
22:39:28.181 player pos=(28962,709,24300) ground=709 vy=0 grounded=True blocked=False cam=(28962,763,23500) camDistXZ=800
22:39:28.445 player pos=(28962,709,24300) ground=709 vy=0 grounded=True blocked=False cam=(28962,763,23500) camDistXZ=800
22:39:28.698 player pos=(28962,709,24300) ground=709 vy=0 grounded=True blocked=False cam=(28962,763,23500) camDistXZ=800
22:39:28.972 player pos=(28962,709,24300) ground=709 vy=0 grounded=True blocked=False cam=(28962,763,23500) camDistXZ=800
22:39:29.221 player pos=(28962,709,24300) ground=709 vy=0 grounded=True blocked=False cam=(28962,763,23500) camDistXZ=800
22:39:29.496 player pos=(28962,709,24300) ground=709 vy=0 grounded=True blocked=False cam=(28962,763,23500) camDistXZ=800
22:39:29.658 loading 1.000 cam=(28962,763,23500) t=28147ms
22:39:29.759 player pos=(28962,709,24300) ground=709 vy=0 grounded=True blocked=False cam=(28962,763,23500) camDistXZ=800
22:39:30.015 player pos=(28962,709,24300) ground=709 vy=0 grounded=True blocked=False cam=(28962,763,23500) camDistXZ=800
22:39:30.279 player pos=(28962,709,24300) ground=709 vy=0 grounded=True blocked=False cam=(28962,763,23500) camDistXZ=800
22:39:30.534 player pos=(28962,709,24300) ground=709 vy=0 grounded=True blocked=False cam=(28962,763,23500) camDistXZ=800
22:39:30.795 player pos=(28962,709,24300) ground=709 vy=0 grounded=True blocked=False cam=(28962,763,23500) camDistXZ=800
22:39:31.060 player pos=(28962,709,24300) ground=709 vy=0 grounded=True blocked=False cam=(28962,763,23500) camDistXZ=800
22:39:31.324 player pos=(28962,709,24300) ground=709 vy=0 grounded=True blocked=False cam=(28962,763,23500) camDistXZ=800
22:39:31.578 player pos=(28962,709,24300) ground=709 vy=0 grounded=True blocked=False cam=(28962,763,23500) camDistXZ=800
22:39:31.670 loading 1.000 cam=(28962,763,23500) t=30160ms
22:39:31.829 player pos=(28962,709,24300) ground=709 vy=0 grounded=True blocked=False cam=(28962,763,23500) camDistXZ=800
22:39:32.088 player pos=(28962,709,24300) ground=709 vy=0 grounded=True blocked=False cam=(28962,763,23500) camDistXZ=800
22:39:32.354 player pos=(28962,709,24300) ground=709 vy=0 grounded=True blocked=False cam=(28962,763,23500) camDistXZ=800
22:39:32.613 player pos=(28962,709,24300) ground=709 vy=0 grounded=True blocked=False cam=(28962,763,23500) camDistXZ=800
22:39:32.863 player pos=(28962,709,24300) ground=709 vy=0 grounded=True blocked=False cam=(28962,763,23500) camDistXZ=800
22:39:33.119 player pos=(28962,709,24300) ground=709 vy=0 grounded=True blocked=False cam=(28962,763,23500) camDistXZ=800
22:39:33.380 player pos=(28962,709,24300) ground=709 vy=0 grounded=True blocked=False cam=(28962,763,23500) camDistXZ=800
22:39:33.635 player pos=(28962,709,24300) ground=709 vy=0 grounded=True blocked=False cam=(28962,763,23500) camDistXZ=800
22:39:33.674 loading 1.000 cam=(28962,763,23500) t=32163ms
22:39:33.900 player pos=(28962,709,24300) ground=709 vy=0 grounded=True blocked=False cam=(28962,763,23500) camDistXZ=800
22:39:34.158 player pos=(28962,709,24300) ground=709 vy=0 grounded=True blocked=False cam=(28962,763,23500) camDistXZ=800
22:39:34.420 player pos=(28962,709,24300) ground=709 vy=0 grounded=True blocked=False cam=(28962,763,23500) camDistXZ=800
22:39:34.675 player pos=(28962,709,24300) ground=709 vy=0 grounded=True blocked=False cam=(28962,763,23500) camDistXZ=800
22:39:34.925 player pos=(28962,709,24300) ground=709 vy=0 grounded=True blocked=False cam=(28962,763,23500) camDistXZ=800
22:39:35.180 player pos=(28962,709,24300) ground=709 vy=0 grounded=True blocked=False cam=(28962,763,23500) camDistXZ=800
22:39:35.446 player pos=(28962,709,24300) ground=709 vy=0 grounded=True blocked=False cam=(28962,763,23500) camDistXZ=800
22:39:35.688 loading 1.000 cam=(28962,763,23500) t=34177ms
22:39:35.702 player pos=(28962,709,24300) ground=709 vy=0 grounded=True blocked=False cam=(28962,763,23500) camDistXZ=800
22:39:35.965 player pos=(28962,709,24300) ground=709 vy=0 grounded=True blocked=False cam=(28962,763,23500) camDistXZ=800
22:39:36.221 player pos=(28962,709,24300) ground=709 vy=0 grounded=True blocked=False cam=(28962,763,23500) camDistXZ=800
22:39:36.485 player pos=(28962,709,24300) ground=709 vy=0 grounded=True blocked=False cam=(28962,763,23500) camDistXZ=800
22:39:36.742 player pos=(28962,709,24300) ground=709 vy=0 grounded=True blocked=False cam=(28962,763,23500) camDistXZ=800
22:39:37.005 player pos=(28962,709,24300) ground=709 vy=0 grounded=True blocked=False cam=(28962,763,23500) camDistXZ=800
22:39:37.264 player pos=(28962,709,24300) ground=709 vy=0 grounded=True blocked=False cam=(28962,763,23500) camDistXZ=800
22:39:37.538 player pos=(28962,709,24300) ground=709 vy=0 grounded=True blocked=False cam=(28962,763,23500) camDistXZ=800
22:39:37.701 loading 1.000 cam=(28962,763,23500) t=36190ms
22:39:37.786 player pos=(28962,709,24300) ground=709 vy=0 grounded=True blocked=False cam=(28962,763,23500) camDistXZ=800
22:39:38.061 player pos=(28962,709,24300) ground=709 vy=0 grounded=True blocked=False cam=(28962,763,23500) camDistXZ=800
22:39:38.312 player pos=(28962,709,24300) ground=709 vy=0 grounded=True blocked=False cam=(28962,763,23500) camDistXZ=800
22:39:38.573 player pos=(28962,709,24300) ground=709 vy=0 grounded=True blocked=False cam=(28962,763,23500) camDistXZ=800
22:39:38.838 player pos=(28962,709,24300) ground=709 vy=0 grounded=True blocked=False cam=(28962,763,23500) camDistXZ=800
22:39:39.092 player pos=(28962,709,24300) ground=709 vy=0 grounded=True blocked=False cam=(28962,763,23500) camDistXZ=800
22:39:39.349 player pos=(28962,709,24300) ground=709 vy=0 grounded=True blocked=False cam=(28962,763,23500) camDistXZ=800
22:39:39.602 player pos=(28962,709,24300) ground=709 vy=0 grounded=True blocked=False cam=(28962,763,23500) camDistXZ=800
22:39:39.712 loading 1.000 cam=(28962,763,23500) t=38201ms
22:39:39.866 player pos=(28962,709,24300) ground=709 vy=0 grounded=True blocked=False cam=(28962,763,23500) camDistXZ=800
22:39:40.122 player pos=(28962,709,24300) ground=709 vy=0 grounded=True blocked=False cam=(28962,763,23500) camDistXZ=800
22:39:40.386 player pos=(28962,709,24300) ground=709 vy=0 grounded=True blocked=False cam=(28962,763,23500) camDistXZ=800
22:39:40.644 player pos=(28962,709,24300) ground=709 vy=0 grounded=True blocked=False cam=(28962,763,23500) camDistXZ=800
22:39:40.909 player pos=(28962,709,24300) ground=709 vy=0 grounded=True blocked=False cam=(28962,763,23500) camDistXZ=800
22:39:41.164 player pos=(28962,709,24300) ground=709 vy=0 grounded=True blocked=False cam=(28962,763,23500) camDistXZ=800
22:39:41.418 player pos=(28962,709,24300) ground=709 vy=0 grounded=True blocked=False cam=(28962,763,23500) camDistXZ=800
22:39:41.543 shot t=40000ms -> C:\SeasunGame\MovieEditor\bin64\map_spike_out\map_t40000ms.png exists=True
22:39:41.670 player pos=(28962,709,24300) ground=709 vy=0 grounded=True blocked=False cam=(28962,763,23500) camDistXZ=800
22:39:41.727 loading 1.000 cam=(28962,763,23500) t=40217ms
22:39:41.936 player pos=(28962,709,24300) ground=709 vy=0 grounded=True blocked=False cam=(28962,763,23500) camDistXZ=800
22:39:42.191 player pos=(28962,709,24300) ground=709 vy=0 grounded=True blocked=False cam=(28962,763,23500) camDistXZ=800
22:39:42.453 player pos=(28962,709,24300) ground=709 vy=0 grounded=True blocked=False cam=(28962,763,23500) camDistXZ=800
22:39:42.709 player pos=(28962,709,24300) ground=709 vy=0 grounded=True blocked=False cam=(28962,763,23500) camDistXZ=800
22:39:42.960 player pos=(28962,709,24300) ground=709 vy=0 grounded=True blocked=False cam=(28962,763,23500) camDistXZ=800
22:39:43.217 player pos=(28962,709,24300) ground=709 vy=0 grounded=True blocked=False cam=(28962,763,23500) camDistXZ=800
22:39:43.483 player pos=(28962,709,24300) ground=709 vy=0 grounded=True blocked=False cam=(28962,763,23500) camDistXZ=800
22:39:43.734 loading 1.000 cam=(28962,763,23500) t=42223ms
22:39:43.748 player pos=(28962,709,24300) ground=709 vy=0 grounded=True blocked=False cam=(28962,763,23500) camDistXZ=800
22:39:44.014 player pos=(28962,709,24300) ground=709 vy=0 grounded=True blocked=False cam=(28962,763,23500) camDistXZ=800
22:39:44.270 player pos=(28962,709,24300) ground=709 vy=0 grounded=True blocked=False cam=(28962,763,23500) camDistXZ=800
22:39:44.525 player pos=(28962,709,24300) ground=709 vy=0 grounded=True blocked=False cam=(28962,763,23500) camDistXZ=800
22:39:44.783 player pos=(28962,709,24300) ground=709 vy=0 grounded=True blocked=False cam=(28962,763,23500) camDistXZ=800
22:39:45.049 player pos=(28962,709,24300) ground=709 vy=0 grounded=True blocked=False cam=(28962,763,23500) camDistXZ=800
22:39:45.306 player pos=(28962,709,24300) ground=709 vy=0 grounded=True blocked=False cam=(28962,763,23500) camDistXZ=800
22:39:45.569 player pos=(28962,709,24300) ground=709 vy=0 grounded=True blocked=False cam=(28962,763,23500) camDistXZ=800
22:39:45.739 loading 1.000 cam=(28962,763,23500) t=44229ms
22:39:45.823 player pos=(28962,709,24300) ground=709 vy=0 grounded=True blocked=False cam=(28962,763,23500) camDistXZ=800
22:39:46.076 player pos=(28962,709,24300) ground=709 vy=0 grounded=True blocked=False cam=(28962,763,23500) camDistXZ=800
22:39:46.332 player pos=(28962,709,24300) ground=709 vy=0 grounded=True blocked=False cam=(28962,763,23500) camDistXZ=800
22:39:46.594 player pos=(28962,709,24300) ground=709 vy=0 grounded=True blocked=False cam=(28962,763,23500) camDistXZ=800
22:39:46.849 player pos=(28962,709,24300) ground=709 vy=0 grounded=True blocked=False cam=(28962,763,23500) camDistXZ=800
22:39:47.101 player pos=(28962,709,24300) ground=709 vy=0 grounded=True blocked=False cam=(28962,763,23500) camDistXZ=800
22:39:47.354 player pos=(28962,709,24300) ground=709 vy=0 grounded=True blocked=False cam=(28962,763,23500) camDistXZ=800
22:39:47.619 player pos=(28962,709,24300) ground=709 vy=0 grounded=True blocked=False cam=(28962,763,23500) camDistXZ=800
22:39:47.754 loading 1.000 cam=(28962,763,23500) t=46244ms
22:39:47.874 player pos=(28962,709,24300) ground=709 vy=0 grounded=True blocked=False cam=(28962,763,23500) camDistXZ=800
22:39:48.139 player pos=(28962,709,24300) ground=709 vy=0 grounded=True blocked=False cam=(28962,763,23500) camDistXZ=800
22:39:48.395 player pos=(28962,709,24300) ground=709 vy=0 grounded=True blocked=False cam=(28962,763,23500) camDistXZ=800
22:39:48.668 player pos=(28962,709,24300) ground=709 vy=0 grounded=True blocked=False cam=(28962,763,23500) camDistXZ=800
22:39:48.919 player pos=(28962,709,24300) ground=709 vy=0 grounded=True blocked=False cam=(28962,763,23500) camDistXZ=800
22:39:49.178 player pos=(28962,709,24300) ground=709 vy=0 grounded=True blocked=False cam=(28962,763,23500) camDistXZ=800
22:39:49.424 player pos=(28962,709,24300) ground=709 vy=0 grounded=True blocked=False cam=(28962,763,23500) camDistXZ=800
22:39:49.695 player pos=(28962,709,24300) ground=709 vy=0 grounded=True blocked=False cam=(28962,763,23500) camDistXZ=800
22:39:49.772 loading 1.000 cam=(28962,763,23500) t=48261ms
22:39:49.962 player pos=(28962,709,24300) ground=709 vy=0 grounded=True blocked=False cam=(28962,763,23500) camDistXZ=800
22:39:50.219 player pos=(28962,709,24300) ground=709 vy=0 grounded=True blocked=False cam=(28962,763,23500) camDistXZ=800
22:39:50.481 player pos=(28962,709,24300) ground=709 vy=0 grounded=True blocked=False cam=(28962,763,23500) camDistXZ=800
22:39:50.739 player pos=(28962,709,24300) ground=709 vy=0 grounded=True blocked=False cam=(28962,763,23500) camDistXZ=800
22:39:51.003 player pos=(28962,709,24300) ground=709 vy=0 grounded=True blocked=False cam=(28962,763,23500) camDistXZ=800
22:39:51.265 player pos=(28962,709,24300) ground=709 vy=0 grounded=True blocked=False cam=(28962,763,23500) camDistXZ=800
22:39:51.517 player pos=(28962,709,24300) ground=709 vy=0 grounded=True blocked=False cam=(28962,763,23500) camDistXZ=800
22:39:51.769 player pos=(28962,709,24300) ground=709 vy=0 grounded=True blocked=False cam=(28962,763,23500) camDistXZ=800
22:39:51.773 loading 1.000 cam=(28962,763,23500) t=50263ms
22:39:52.036 player pos=(28962,709,24300) ground=709 vy=0 grounded=True blocked=False cam=(28962,763,23500) camDistXZ=800
22:39:52.290 player pos=(28962,709,24300) ground=709 vy=0 grounded=True blocked=False cam=(28962,763,23500) camDistXZ=800
22:39:52.556 player pos=(28962,709,24300) ground=709 vy=0 grounded=True blocked=False cam=(28962,763,23500) camDistXZ=800
22:39:52.818 player pos=(28962,709,24300) ground=709 vy=0 grounded=True blocked=False cam=(28962,763,23500) camDistXZ=800
22:39:53.080 player pos=(28962,709,24300) ground=709 vy=0 grounded=True blocked=False cam=(28962,763,23500) camDistXZ=800
22:39:53.342 player pos=(28962,709,24300) ground=709 vy=0 grounded=True blocked=False cam=(28962,763,23500) camDistXZ=800
22:39:53.591 player pos=(28962,709,24300) ground=709 vy=0 grounded=True blocked=False cam=(28962,763,23500) camDistXZ=800
22:39:53.779 loading 1.000 cam=(28962,763,23500) t=52268ms
22:39:53.845 player pos=(28962,709,24300) ground=709 vy=0 grounded=True blocked=False cam=(28962,763,23500) camDistXZ=800
22:39:54.109 player pos=(28962,709,24300) ground=709 vy=0 grounded=True blocked=False cam=(28962,763,23500) camDistXZ=800
22:39:54.364 player pos=(28962,709,24300) ground=709 vy=0 grounded=True blocked=False cam=(28962,763,23500) camDistXZ=800
22:39:54.630 player pos=(28962,709,24300) ground=709 vy=0 grounded=True blocked=False cam=(28962,763,23500) camDistXZ=800
22:39:54.885 player pos=(28962,709,24300) ground=709 vy=0 grounded=True blocked=False cam=(28962,763,23500) camDistXZ=800
22:39:55.151 player pos=(28962,709,24300) ground=709 vy=0 grounded=True blocked=False cam=(28962,763,23500) camDistXZ=800
22:39:55.406 player pos=(28962,709,24300) ground=709 vy=0 grounded=True blocked=False cam=(28962,763,23500) camDistXZ=800
22:39:55.669 player pos=(28962,709,24300) ground=709 vy=0 grounded=True blocked=False cam=(28962,763,23500) camDistXZ=800
22:39:55.785 loading 1.000 cam=(28962,763,23500) t=54275ms
22:39:55.922 player pos=(28962,709,24300) ground=709 vy=0 grounded=True blocked=False cam=(28962,763,23500) camDistXZ=800
22:39:56.182 player pos=(28962,709,24300) ground=709 vy=0 grounded=True blocked=False cam=(28962,763,23500) camDistXZ=800
22:39:56.436 player pos=(28962,709,24300) ground=709 vy=0 grounded=True blocked=False cam=(28962,763,23500) camDistXZ=800
22:39:56.703 player pos=(28962,709,24300) ground=709 vy=0 grounded=True blocked=False cam=(28962,763,23500) camDistXZ=800
22:39:56.956 player pos=(28962,709,24300) ground=709 vy=0 grounded=True blocked=False cam=(28962,763,23500) camDistXZ=800
22:39:57.206 player pos=(28962,709,24300) ground=709 vy=0 grounded=True blocked=False cam=(28962,763,23500) camDistXZ=800
22:39:57.458 player pos=(28962,709,24300) ground=709 vy=0 grounded=True blocked=False cam=(28962,763,23500) camDistXZ=800
22:39:57.720 player pos=(28962,709,24300) ground=709 vy=0 grounded=True blocked=False cam=(28962,763,23500) camDistXZ=800
22:39:57.786 loading 1.000 cam=(28962,763,23500) t=56275ms
22:39:57.975 player pos=(28962,709,24300) ground=709 vy=0 grounded=True blocked=False cam=(28962,763,23500) camDistXZ=800
22:39:58.237 player pos=(28962,709,24300) ground=709 vy=0 grounded=True blocked=False cam=(28962,763,23500) camDistXZ=800
22:39:58.491 player pos=(28962,709,24300) ground=709 vy=0 grounded=True blocked=False cam=(28962,763,23500) camDistXZ=800
22:39:58.755 player pos=(28962,709,24300) ground=709 vy=0 grounded=True blocked=False cam=(28962,763,23500) camDistXZ=800
22:39:59.010 player pos=(28962,709,24300) ground=709 vy=0 grounded=True blocked=False cam=(28962,763,23500) camDistXZ=800
22:39:59.287 player pos=(28962,709,24300) ground=709 vy=0 grounded=True blocked=False cam=(28962,763,23500) camDistXZ=800
22:39:59.532 player pos=(28962,709,24300) ground=709 vy=0 grounded=True blocked=False cam=(28962,763,23500) camDistXZ=800
22:39:59.793 loading 1.000 cam=(28962,763,23500) t=58282ms
22:39:59.807 player pos=(28962,709,24300) ground=709 vy=0 grounded=True blocked=False cam=(28962,763,23500) camDistXZ=800
22:40:00.059 player pos=(28962,709,24300) ground=709 vy=0 grounded=True blocked=False cam=(28962,763,23500) camDistXZ=800
22:40:00.317 player pos=(28962,709,24300) ground=709 vy=0 grounded=True blocked=False cam=(28962,763,23500) camDistXZ=800
22:40:00.578 player pos=(28962,709,24300) ground=709 vy=0 grounded=True blocked=False cam=(28962,763,23500) camDistXZ=800
22:40:00.843 player pos=(28962,709,24300) ground=709 vy=0 grounded=True blocked=False cam=(28962,763,23500) camDistXZ=800
22:40:01.091 player pos=(28962,709,24300) ground=709 vy=0 grounded=True blocked=False cam=(28962,763,23500) camDistXZ=800
22:40:01.346 player pos=(28962,709,24300) ground=709 vy=0 grounded=True blocked=False cam=(28962,763,23500) camDistXZ=800
22:40:01.555 shot t=60000ms -> C:\SeasunGame\MovieEditor\bin64\map_spike_out\map_t60000ms.png exists=True
22:40:01.607 player pos=(28962,709,24300) ground=709 vy=0 grounded=True blocked=False cam=(28962,763,23500) camDistXZ=800
22:40:01.804 loading 1.000 cam=(28962,763,23500) t=60293ms
22:40:01.861 player pos=(28962,709,24300) ground=709 vy=0 grounded=True blocked=False cam=(28962,763,23500) camDistXZ=800
22:40:02.127 player pos=(28962,709,24300) ground=709 vy=0 grounded=True blocked=False cam=(28962,763,23500) camDistXZ=800
22:40:02.381 player pos=(28962,709,24300) ground=709 vy=0 grounded=True blocked=False cam=(28962,763,23500) camDistXZ=800
22:40:02.647 player pos=(28962,709,24300) ground=709 vy=0 grounded=True blocked=False cam=(28962,763,23500) camDistXZ=800
22:40:02.902 player pos=(28962,709,24300) ground=709 vy=0 grounded=True blocked=False cam=(28962,763,23500) camDistXZ=800
22:40:03.166 player pos=(28962,709,24300) ground=709 vy=0 grounded=True blocked=False cam=(28962,763,23500) camDistXZ=800
22:40:03.421 player pos=(28962,709,24300) ground=709 vy=0 grounded=True blocked=False cam=(28962,763,23500) camDistXZ=800
22:40:03.685 player pos=(28962,709,24300) ground=709 vy=0 grounded=True blocked=False cam=(28962,763,23500) camDistXZ=800
22:40:03.812 loading 1.000 cam=(28962,763,23500) t=62301ms
22:40:03.937 player pos=(28962,709,24300) ground=709 vy=0 grounded=True blocked=False cam=(28962,763,23500) camDistXZ=800
22:40:04.189 player pos=(28962,709,24300) ground=709 vy=0 grounded=True blocked=False cam=(28962,763,23500) camDistXZ=800
22:40:04.444 player pos=(28962,709,24300) ground=709 vy=0 grounded=True blocked=False cam=(28962,763,23500) camDistXZ=800
22:40:04.698 player pos=(28962,709,24300) ground=709 vy=0 grounded=True blocked=False cam=(28962,763,23500) camDistXZ=800
22:40:04.952 player pos=(28962,709,24300) ground=709 vy=0 grounded=True blocked=False cam=(28962,763,23500) camDistXZ=800
22:40:05.216 player pos=(28962,709,24300) ground=709 vy=0 grounded=True blocked=False cam=(28962,763,23500) camDistXZ=800
22:40:05.473 player pos=(28962,709,24300) ground=709 vy=0 grounded=True blocked=False cam=(28962,763,23500) camDistXZ=800
22:40:05.736 player pos=(28962,709,24300) ground=709 vy=0 grounded=True blocked=False cam=(28962,763,23500) camDistXZ=800
22:40:05.828 loading 1.000 cam=(28962,763,23500) t=64318ms
22:40:05.992 player pos=(28962,709,24300) ground=709 vy=0 grounded=True blocked=False cam=(28962,763,23500) camDistXZ=800
22:40:06.246 player pos=(28962,709,24300) ground=709 vy=0 grounded=True blocked=False cam=(28962,763,23500) camDistXZ=800
22:40:06.505 player pos=(28962,709,24300) ground=709 vy=0 grounded=True blocked=False cam=(28962,763,23500) camDistXZ=800
22:40:06.771 player pos=(28962,709,24300) ground=709 vy=0 grounded=True blocked=False cam=(28962,763,23500) camDistXZ=800
22:40:07.034 player pos=(28962,709,24300) ground=709 vy=0 grounded=True blocked=False cam=(28962,763,23500) camDistXZ=800
22:40:07.301 player pos=(28962,709,24300) ground=709 vy=0 grounded=True blocked=False cam=(28962,763,23500) camDistXZ=800
22:40:07.558 player pos=(28962,709,24300) ground=709 vy=0 grounded=True blocked=False cam=(28962,763,23500) camDistXZ=800
22:40:07.821 player pos=(28962,709,24300) ground=709 vy=0 grounded=True blocked=False cam=(28962,763,23500) camDistXZ=800
22:40:07.842 loading 1.000 cam=(28962,763,23500) t=66332ms
22:40:08.078 player pos=(28962,709,24300) ground=709 vy=0 grounded=True blocked=False cam=(28962,763,23500) camDistXZ=800
22:40:08.340 player pos=(28962,709,24300) ground=709 vy=0 grounded=True blocked=False cam=(28962,763,23500) camDistXZ=800
22:40:08.596 player pos=(28962,709,24300) ground=709 vy=0 grounded=True blocked=False cam=(28962,763,23500) camDistXZ=800
22:40:08.859 player pos=(28962,709,24300) ground=709 vy=0 grounded=True blocked=False cam=(28962,763,23500) camDistXZ=800
22:40:09.121 player pos=(28962,709,24300) ground=709 vy=0 grounded=True blocked=False cam=(28962,763,23500) camDistXZ=800
22:40:09.385 player pos=(28962,709,24300) ground=709 vy=0 grounded=True blocked=False cam=(28962,763,23500) camDistXZ=800
22:40:09.642 player pos=(28962,709,24300) ground=709 vy=0 grounded=True blocked=False cam=(28962,763,23500) camDistXZ=800
22:40:09.855 loading 1.000 cam=(28962,763,23500) t=68345ms
22:40:09.914 player pos=(28962,709,24300) ground=709 vy=0 grounded=True blocked=False cam=(28962,763,23500) camDistXZ=800
22:40:10.158 player pos=(28962,709,24300) ground=709 vy=0 grounded=True blocked=False cam=(28962,763,23500) camDistXZ=800
22:40:10.430 player pos=(28962,709,24300) ground=709 vy=0 grounded=True blocked=False cam=(28962,763,23500) camDistXZ=800
22:40:10.677 player pos=(28962,709,24300) ground=709 vy=0 grounded=True blocked=False cam=(28962,763,23500) camDistXZ=800
22:40:10.951 player pos=(28962,709,24300) ground=709 vy=0 grounded=True blocked=False cam=(28962,763,23500) camDistXZ=800
22:40:11.215 player pos=(28962,709,24300) ground=709 vy=0 grounded=True blocked=False cam=(28962,763,23500) camDistXZ=800
22:40:11.471 player pos=(28962,709,24300) ground=709 vy=0 grounded=True blocked=False cam=(28962,763,23500) camDistXZ=800
22:40:11.722 player pos=(28962,709,24300) ground=709 vy=0 grounded=True blocked=False cam=(28962,763,23500) camDistXZ=800
22:40:11.866 loading 1.000 cam=(28962,763,23500) t=70355ms
22:40:11.976 player pos=(28962,709,24300) ground=709 vy=0 grounded=True blocked=False cam=(28962,763,23500) camDistXZ=800
22:40:12.227 player pos=(28962,709,24300) ground=709 vy=0 grounded=True blocked=False cam=(28962,763,23500) camDistXZ=800
22:40:12.481 player pos=(28962,709,24300) ground=709 vy=0 grounded=True blocked=False cam=(28962,763,23500) camDistXZ=800
22:40:12.746 player pos=(28962,709,24300) ground=709 vy=0 grounded=True blocked=False cam=(28962,763,23500) camDistXZ=800
22:40:13.003 player pos=(28962,709,24300) ground=709 vy=0 grounded=True blocked=False cam=(28962,763,23500) camDistXZ=800
22:40:13.266 player pos=(28962,709,24300) ground=709 vy=0 grounded=True blocked=False cam=(28962,763,23500) camDistXZ=800
22:40:13.522 player pos=(28962,709,24300) ground=709 vy=0 grounded=True blocked=False cam=(28962,763,23500) camDistXZ=800
22:40:13.784 player pos=(28962,709,24300) ground=709 vy=0 grounded=True blocked=False cam=(28962,763,23500) camDistXZ=800
22:40:13.875 loading 1.000 cam=(28962,763,23500) t=72364ms
22:40:14.038 player pos=(28962,709,24300) ground=709 vy=0 grounded=True blocked=False cam=(28962,763,23500) camDistXZ=800
22:40:14.305 player pos=(28962,709,24300) ground=709 vy=0 grounded=True blocked=False cam=(28962,763,23500) camDistXZ=800
22:40:14.561 player pos=(28962,709,24300) ground=709 vy=0 grounded=True blocked=False cam=(28962,763,23500) camDistXZ=800
22:40:14.823 player pos=(28962,709,24300) ground=709 vy=0 grounded=True blocked=False cam=(28962,763,23500) camDistXZ=800
22:40:15.088 player pos=(28962,709,24300) ground=709 vy=0 grounded=True blocked=False cam=(28962,763,23500) camDistXZ=800
22:40:15.351 player pos=(28962,709,24300) ground=709 vy=0 grounded=True blocked=False cam=(28962,763,23500) camDistXZ=800
22:40:15.607 player pos=(28962,709,24300) ground=709 vy=0 grounded=True blocked=False cam=(28962,763,23500) camDistXZ=800
22:40:15.872 player pos=(28962,709,24300) ground=709 vy=0 grounded=True blocked=False cam=(28962,763,23500) camDistXZ=800
22:40:15.876 loading 1.000 cam=(28962,763,23500) t=74366ms
22:40:16.129 player pos=(28962,709,24300) ground=709 vy=0 grounded=True blocked=False cam=(28962,763,23500) camDistXZ=800
22:40:16.395 player pos=(28962,709,24300) ground=709 vy=0 grounded=True blocked=False cam=(28962,763,23500) camDistXZ=800
22:40:16.655 player pos=(28962,709,24300) ground=709 vy=0 grounded=True blocked=False cam=(28962,763,23500) camDistXZ=800
22:40:16.924 player pos=(28962,709,24300) ground=709 vy=0 grounded=True blocked=False cam=(28962,763,23500) camDistXZ=800
22:40:17.183 player pos=(28962,709,24300) ground=709 vy=0 grounded=True blocked=False cam=(28962,763,23500) camDistXZ=800
22:40:17.433 player pos=(28962,709,24300) ground=709 vy=0 grounded=True blocked=False cam=(28962,763,23500) camDistXZ=800
22:40:17.687 player pos=(28962,709,24300) ground=709 vy=0 grounded=True blocked=False cam=(28962,763,23500) camDistXZ=800
22:40:17.885 loading 1.000 cam=(28962,763,23500) t=76374ms
22:40:17.953 player pos=(28962,709,24300) ground=709 vy=0 grounded=True blocked=False cam=(28962,763,23500) camDistXZ=800
22:40:18.208 player pos=(28962,709,24300) ground=709 vy=0 grounded=True blocked=False cam=(28962,763,23500) camDistXZ=800
22:40:18.473 player pos=(28962,709,24300) ground=709 vy=0 grounded=True blocked=False cam=(28962,763,23500) camDistXZ=800
22:40:18.731 player pos=(28962,709,24300) ground=709 vy=0 grounded=True blocked=False cam=(28962,763,23500) camDistXZ=800
22:40:18.979 player pos=(28962,709,24300) ground=709 vy=0 grounded=True blocked=False cam=(28962,763,23500) camDistXZ=800
22:40:19.235 player pos=(28962,709,24300) ground=709 vy=0 grounded=True blocked=False cam=(28962,763,23500) camDistXZ=800
22:40:19.508 player pos=(28962,709,24300) ground=709 vy=0 grounded=True blocked=False cam=(28962,763,23500) camDistXZ=800
22:40:19.753 player pos=(28962,709,24300) ground=709 vy=0 grounded=True blocked=False cam=(28962,763,23500) camDistXZ=800
22:40:19.896 loading 1.000 cam=(28962,763,23500) t=78385ms
22:40:20.024 player pos=(28962,709,24300) ground=709 vy=0 grounded=True blocked=False cam=(28962,763,23500) camDistXZ=800
22:40:20.271 player pos=(28962,709,24300) ground=709 vy=0 grounded=True blocked=False cam=(28962,763,23500) camDistXZ=800
22:40:20.543 player pos=(28962,709,24300) ground=709 vy=0 grounded=True blocked=False cam=(28962,763,23500) camDistXZ=800
22:40:20.808 player pos=(28962,709,24300) ground=709 vy=0 grounded=True blocked=False cam=(28962,763,23500) camDistXZ=800
22:40:21.065 player pos=(28962,709,24300) ground=709 vy=0 grounded=True blocked=False cam=(28962,763,23500) camDistXZ=800
22:40:21.329 player pos=(28962,709,24300) ground=709 vy=0 grounded=True blocked=False cam=(28962,763,23500) camDistXZ=800
22:40:21.582 player pos=(28962,709,24300) ground=709 vy=0 grounded=True blocked=False cam=(28962,763,23500) camDistXZ=800
22:40:21.838 player pos=(28962,709,24300) ground=709 vy=0 grounded=True blocked=False cam=(28962,763,23500) camDistXZ=800
22:40:21.912 loading 1.000 cam=(28962,763,23500) t=80402ms
22:40:22.096 player pos=(28962,709,24300) ground=709 vy=0 grounded=True blocked=False cam=(28962,763,23500) camDistXZ=800
22:40:22.360 player pos=(28962,709,24300) ground=709 vy=0 grounded=True blocked=False cam=(28962,763,23500) camDistXZ=800
22:40:22.615 player pos=(28962,709,24300) ground=709 vy=0 grounded=True blocked=False cam=(28962,763,23500) camDistXZ=800
22:40:22.876 player pos=(28962,709,24300) ground=709 vy=0 grounded=True blocked=False cam=(28962,763,23500) camDistXZ=800
22:40:23.131 player pos=(28962,709,24300) ground=709 vy=0 grounded=True blocked=False cam=(28962,763,23500) camDistXZ=800
22:40:23.385 player pos=(28962,709,24300) ground=709 vy=0 grounded=True blocked=False cam=(28962,763,23500) camDistXZ=800
22:40:23.643 player pos=(28962,709,24300) ground=709 vy=0 grounded=True blocked=False cam=(28962,763,23500) camDistXZ=800
22:40:23.905 player pos=(28962,709,24300) ground=709 vy=0 grounded=True blocked=False cam=(28962,763,23500) camDistXZ=800
22:40:23.927 loading 1.000 cam=(28962,763,23500) t=82416ms
22:40:24.162 player pos=(28962,709,24300) ground=709 vy=0 grounded=True blocked=False cam=(28962,763,23500) camDistXZ=800
22:40:24.428 player pos=(28962,709,24300) ground=709 vy=0 grounded=True blocked=False cam=(28962,763,23500) camDistXZ=800
22:40:24.685 player pos=(28962,709,24300) ground=709 vy=0 grounded=True blocked=False cam=(28962,763,23500) camDistXZ=800
22:40:24.950 player pos=(28962,709,24300) ground=709 vy=0 grounded=True blocked=False cam=(28962,763,23500) camDistXZ=800
22:40:25.205 player pos=(28962,709,24300) ground=709 vy=0 grounded=True blocked=False cam=(28962,763,23500) camDistXZ=800
22:40:25.468 player pos=(28962,709,24300) ground=709 vy=0 grounded=True blocked=False cam=(28962,763,23500) camDistXZ=800
22:40:25.721 player pos=(28962,709,24300) ground=709 vy=0 grounded=True blocked=False cam=(28962,763,23500) camDistXZ=800
22:40:25.936 loading 1.000 cam=(28962,763,23500) t=84425ms
22:40:25.985 player pos=(28962,709,24300) ground=709 vy=0 grounded=True blocked=False cam=(28962,763,23500) camDistXZ=800
22:40:26.244 player pos=(28962,709,24300) ground=709 vy=0 grounded=True blocked=False cam=(28962,763,23500) camDistXZ=800
22:40:26.512 player pos=(28962,709,24300) ground=709 vy=0 grounded=True blocked=False cam=(28962,763,23500) camDistXZ=800
22:40:26.772 player pos=(28962,709,24300) ground=709 vy=0 grounded=True blocked=False cam=(28962,763,23500) camDistXZ=800
22:40:27.037 player pos=(28962,709,24300) ground=709 vy=0 grounded=True blocked=False cam=(28962,763,23500) camDistXZ=800
22:40:27.290 player pos=(28962,709,24300) ground=709 vy=0 grounded=True blocked=False cam=(28962,763,23500) camDistXZ=800
22:40:27.554 player pos=(28962,709,24300) ground=709 vy=0 grounded=True blocked=False cam=(28962,763,23500) camDistXZ=800
22:40:27.809 player pos=(28962,709,24300) ground=709 vy=0 grounded=True blocked=False cam=(28962,763,23500) camDistXZ=800
22:40:27.936 loading 1.000 cam=(28962,763,23500) t=86425ms
22:40:28.074 player pos=(28962,709,24300) ground=709 vy=0 grounded=True blocked=False cam=(28962,763,23500) camDistXZ=800
22:40:28.331 player pos=(28962,709,24300) ground=709 vy=0 grounded=True blocked=False cam=(28962,763,23500) camDistXZ=800
22:40:28.594 player pos=(28962,709,24300) ground=709 vy=0 grounded=True blocked=False cam=(28962,763,23500) camDistXZ=800
22:40:28.849 player pos=(28962,709,24300) ground=709 vy=0 grounded=True blocked=False cam=(28962,763,23500) camDistXZ=800
22:40:29.109 player pos=(28962,709,24300) ground=709 vy=0 grounded=True blocked=False cam=(28962,763,23500) camDistXZ=800
22:40:29.373 player pos=(28962,709,24300) ground=709 vy=0 grounded=True blocked=False cam=(28962,763,23500) camDistXZ=800
22:40:29.648 player pos=(28962,709,24300) ground=709 vy=0 grounded=True blocked=False cam=(28962,763,23500) camDistXZ=800
22:40:29.901 player pos=(28962,709,24300) ground=709 vy=0 grounded=True blocked=False cam=(28962,763,23500) camDistXZ=800
22:40:29.940 loading 1.000 cam=(28962,763,23500) t=88430ms
22:40:30.172 player pos=(28962,709,24300) ground=709 vy=0 grounded=True blocked=False cam=(28962,763,23500) camDistXZ=800
22:40:30.434 player pos=(28962,709,24300) ground=709 vy=0 grounded=True blocked=False cam=(28962,763,23500) camDistXZ=800
22:40:30.690 player pos=(28962,709,24300) ground=709 vy=0 grounded=True blocked=False cam=(28962,763,23500) camDistXZ=800
22:40:30.956 player pos=(28962,709,24300) ground=709 vy=0 grounded=True blocked=False cam=(28962,763,23500) camDistXZ=800
22:40:31.212 player pos=(28962,709,24300) ground=709 vy=0 grounded=True blocked=False cam=(28962,763,23500) camDistXZ=800
22:40:31.465 player pos=(28962,709,24300) ground=709 vy=0 grounded=True blocked=False cam=(28962,763,23500) camDistXZ=800
22:40:31.722 player pos=(28962,709,24300) ground=709 vy=0 grounded=True blocked=False cam=(28962,763,23500) camDistXZ=800
22:40:31.955 loading 1.000 cam=(28962,763,23500) t=90444ms
22:40:31.986 player pos=(28962,709,24300) ground=709 vy=0 grounded=True blocked=False cam=(28962,763,23500) camDistXZ=800
22:40:32.242 player pos=(28962,709,24300) ground=709 vy=0 grounded=True blocked=False cam=(28962,763,23500) camDistXZ=800
22:40:32.492 player pos=(28962,709,24300) ground=709 vy=0 grounded=True blocked=False cam=(28962,763,23500) camDistXZ=800
22:40:32.747 player pos=(28962,709,24300) ground=709 vy=0 grounded=True blocked=False cam=(28962,763,23500) camDistXZ=800
22:40:33.013 player pos=(28962,709,24300) ground=709 vy=0 grounded=True blocked=False cam=(28962,763,23500) camDistXZ=800
22:40:33.273 player pos=(28962,709,24300) ground=709 vy=0 grounded=True blocked=False cam=(28962,763,23500) camDistXZ=800
22:40:33.537 player pos=(28962,709,24300) ground=709 vy=0 grounded=True blocked=False cam=(28962,763,23500) camDistXZ=800
22:40:33.799 player pos=(28962,709,24300) ground=709 vy=0 grounded=True blocked=False cam=(28962,763,23500) camDistXZ=800
22:40:33.959 loading 1.000 cam=(28962,763,23500) t=92449ms
22:40:34.061 player pos=(28962,709,24300) ground=709 vy=0 grounded=True blocked=False cam=(28962,763,23500) camDistXZ=800
22:40:34.316 player pos=(28962,709,24300) ground=709 vy=0 grounded=True blocked=False cam=(28962,763,23500) camDistXZ=800
22:40:34.569 player pos=(28962,709,24300) ground=709 vy=0 grounded=True blocked=False cam=(28962,763,23500) camDistXZ=800
22:40:34.827 player pos=(28962,709,24300) ground=709 vy=0 grounded=True blocked=False cam=(28962,763,23500) camDistXZ=800
22:40:35.093 player pos=(28962,709,24300) ground=709 vy=0 grounded=True blocked=False cam=(28962,763,23500) camDistXZ=800
22:40:35.345 player pos=(28962,709,24300) ground=709 vy=0 grounded=True blocked=False cam=(28962,763,23500) camDistXZ=800
22:40:35.612 player pos=(28962,709,24300) ground=709 vy=0 grounded=True blocked=False cam=(28962,763,23500) camDistXZ=800
22:40:35.869 player pos=(28962,709,24300) ground=709 vy=0 grounded=True blocked=False cam=(28962,763,23500) camDistXZ=800
22:40:35.960 loading 1.000 cam=(28962,763,23500) t=94450ms
22:40:36.134 player pos=(28962,709,24300) ground=709 vy=0 grounded=True blocked=False cam=(28962,763,23500) camDistXZ=800
22:40:36.389 player pos=(28962,709,24300) ground=709 vy=0 grounded=True blocked=False cam=(28962,763,23500) camDistXZ=800
22:40:36.655 player pos=(28962,709,24300) ground=709 vy=0 grounded=True blocked=False cam=(28962,763,23500) camDistXZ=800
22:40:36.913 player pos=(28962,709,24300) ground=709 vy=0 grounded=True blocked=False cam=(28962,763,23500) camDistXZ=800
22:40:37.177 player pos=(28962,709,24300) ground=709 vy=0 grounded=True blocked=False cam=(28962,763,23500) camDistXZ=800
22:40:37.433 player pos=(28962,709,24300) ground=709 vy=0 grounded=True blocked=False cam=(28962,763,23500) camDistXZ=800
22:40:37.699 player pos=(28962,709,24300) ground=709 vy=0 grounded=True blocked=False cam=(28962,763,23500) camDistXZ=800
22:40:37.952 player pos=(28962,709,24300) ground=709 vy=0 grounded=True blocked=False cam=(28962,763,23500) camDistXZ=800
22:40:37.974 loading 1.000 cam=(28962,763,23500) t=96463ms
22:40:38.217 player pos=(28962,709,24300) ground=709 vy=0 grounded=True blocked=False cam=(28962,763,23500) camDistXZ=800
22:40:38.474 player pos=(28962,709,24300) ground=709 vy=0 grounded=True blocked=False cam=(28962,763,23500) camDistXZ=800
22:40:38.739 player pos=(28962,709,24300) ground=709 vy=0 grounded=True blocked=False cam=(28962,763,23500) camDistXZ=800
22:40:38.997 player pos=(28962,709,24300) ground=709 vy=0 grounded=True blocked=False cam=(28962,763,23500) camDistXZ=800
22:40:39.263 player pos=(28962,709,24300) ground=709 vy=0 grounded=True blocked=False cam=(28962,763,23500) camDistXZ=800
22:40:39.522 player pos=(28962,709,24300) ground=709 vy=0 grounded=True blocked=False cam=(28962,763,23500) camDistXZ=800
22:40:39.772 player pos=(28962,709,24300) ground=709 vy=0 grounded=True blocked=False cam=(28962,763,23500) camDistXZ=800
22:40:39.976 loading 1.000 cam=(28962,763,23500) t=98466ms
22:40:40.026 player pos=(28962,709,24300) ground=709 vy=0 grounded=True blocked=False cam=(28962,763,23500) camDistXZ=800
22:40:40.288 player pos=(28962,709,24300) ground=709 vy=0 grounded=True blocked=False cam=(28962,763,23500) camDistXZ=800
22:40:40.543 player pos=(28962,709,24300) ground=709 vy=0 grounded=True blocked=False cam=(28962,763,23500) camDistXZ=800
22:40:40.817 player pos=(28962,709,24300) ground=709 vy=0 grounded=True blocked=False cam=(28962,763,23500) camDistXZ=800
22:40:41.065 player pos=(28962,709,24300) ground=709 vy=0 grounded=True blocked=False cam=(28962,763,23500) camDistXZ=800
22:40:41.338 player pos=(28962,709,24300) ground=709 vy=0 grounded=True blocked=False cam=(28962,763,23500) camDistXZ=800
22:40:41.603 player pos=(28962,709,24300) ground=709 vy=0 grounded=True blocked=False cam=(28962,763,23500) camDistXZ=800
22:40:41.860 player pos=(28962,709,24300) ground=709 vy=0 grounded=True blocked=False cam=(28962,763,23500) camDistXZ=800
22:40:41.987 loading 1.000 cam=(28962,763,23500) t=100476ms
22:40:42.123 player pos=(28962,709,24300) ground=709 vy=0 grounded=True blocked=False cam=(28962,763,23500) camDistXZ=800
22:40:42.377 player pos=(28962,709,24300) ground=709 vy=0 grounded=True blocked=False cam=(28962,763,23500) camDistXZ=800
22:40:42.641 player pos=(28962,709,24300) ground=709 vy=0 grounded=True blocked=False cam=(28962,763,23500) camDistXZ=800
22:40:42.899 player pos=(28962,709,24300) ground=709 vy=0 grounded=True blocked=False cam=(28962,763,23500) camDistXZ=800
22:40:43.162 player pos=(28962,709,24300) ground=709 vy=0 grounded=True blocked=False cam=(28962,763,23500) camDistXZ=800
22:40:43.421 player pos=(28962,709,24300) ground=709 vy=0 grounded=True blocked=False cam=(28962,763,23500) camDistXZ=800
22:40:43.686 player pos=(28962,709,24300) ground=709 vy=0 grounded=True blocked=False cam=(28962,763,23500) camDistXZ=800
22:40:43.943 player pos=(28962,709,24300) ground=709 vy=0 grounded=True blocked=False cam=(28962,763,23500) camDistXZ=800
22:40:44.000 loading 1.000 cam=(28962,763,23500) t=102489ms
22:40:44.206 player pos=(28962,709,24300) ground=709 vy=0 grounded=True blocked=False cam=(28962,763,23500) camDistXZ=800
22:40:44.461 player pos=(28962,709,24300) ground=709 vy=0 grounded=True blocked=False cam=(28962,763,23500) camDistXZ=800
22:40:44.725 player pos=(28962,709,24300) ground=709 vy=0 grounded=True blocked=False cam=(28962,763,23500) camDistXZ=800
22:40:44.986 player pos=(28962,709,24300) ground=709 vy=0 grounded=True blocked=False cam=(28962,763,23500) camDistXZ=800
22:40:45.250 player pos=(28962,709,24300) ground=709 vy=0 grounded=True blocked=False cam=(28962,763,23500) camDistXZ=800
22:40:45.502 player pos=(28962,709,24300) ground=709 vy=0 grounded=True blocked=False cam=(28962,763,23500) camDistXZ=800
22:40:45.768 player pos=(28962,709,24300) ground=709 vy=0 grounded=True blocked=False cam=(28962,763,23500) camDistXZ=800
22:40:46.011 loading 1.000 cam=(28962,763,23500) t=104500ms
22:40:46.025 player pos=(28962,709,24300) ground=709 vy=0 grounded=True blocked=False cam=(28962,763,23500) camDistXZ=800
22:40:46.288 player pos=(28962,709,24300) ground=709 vy=0 grounded=True blocked=False cam=(28962,763,23500) camDistXZ=800
22:40:46.546 player pos=(28962,709,24300) ground=709 vy=0 grounded=True blocked=False cam=(28962,763,23500) camDistXZ=800
22:40:46.809 player pos=(28962,709,24300) ground=709 vy=0 grounded=True blocked=False cam=(28962,763,23500) camDistXZ=800
22:40:47.065 player pos=(28962,709,24300) ground=709 vy=0 grounded=True blocked=False cam=(28962,763,23500) camDistXZ=800
22:40:47.329 player pos=(28962,709,24300) ground=709 vy=0 grounded=True blocked=False cam=(28962,763,23500) camDistXZ=800
22:40:47.583 player pos=(28962,709,24300) ground=709 vy=0 grounded=True blocked=False cam=(28962,763,23500) camDistXZ=800
22:40:47.856 player pos=(28962,709,24300) ground=709 vy=0 grounded=True blocked=False cam=(28962,763,23500) camDistXZ=800
22:40:48.017 loading 1.000 cam=(28962,763,23500) t=106506ms
22:40:48.102 player pos=(28962,709,24300) ground=709 vy=0 grounded=True blocked=False cam=(28962,763,23500) camDistXZ=800
22:40:48.373 player pos=(28962,709,24300) ground=709 vy=0 grounded=True blocked=False cam=(28962,763,23500) camDistXZ=800
22:40:48.624 player pos=(28962,709,24300) ground=709 vy=0 grounded=True blocked=False cam=(28962,763,23500) camDistXZ=800
22:40:48.878 player pos=(28962,709,24300) ground=709 vy=0 grounded=True blocked=False cam=(28962,763,23500) camDistXZ=800
22:40:49.144 player pos=(28962,709,24300) ground=709 vy=0 grounded=True blocked=False cam=(28962,763,23500) camDistXZ=800
22:40:49.396 player pos=(28962,709,24300) ground=709 vy=0 grounded=True blocked=False cam=(28962,763,23500) camDistXZ=800
22:40:49.657 player pos=(28962,709,24300) ground=709 vy=0 grounded=True blocked=False cam=(28962,763,23500) camDistXZ=800
22:40:49.917 player pos=(28962,709,24300) ground=709 vy=0 grounded=True blocked=False cam=(28962,763,23500) camDistXZ=800
22:40:50.027 loading 1.000 cam=(28962,763,23500) t=108516ms
22:40:50.169 player pos=(28962,709,24300) ground=709 vy=0 grounded=True blocked=False cam=(28962,763,23500) camDistXZ=800
22:40:50.432 player pos=(28962,709,24300) ground=709 vy=0 grounded=True blocked=False cam=(28962,763,23500) camDistXZ=800
22:40:50.698 player pos=(28962,709,24300) ground=709 vy=0 grounded=True blocked=False cam=(28962,763,23500) camDistXZ=800
22:40:50.956 player pos=(28962,709,24300) ground=709 vy=0 grounded=True blocked=False cam=(28962,763,23500) camDistXZ=800
22:40:51.220 player pos=(28962,709,24300) ground=709 vy=0 grounded=True blocked=False cam=(28962,763,23500) camDistXZ=800
22:40:51.473 player pos=(28962,709,24300) ground=709 vy=0 grounded=True blocked=False cam=(28962,763,23500) camDistXZ=800
22:40:51.728 player pos=(28962,709,24300) ground=709 vy=0 grounded=True blocked=False cam=(28962,763,23500) camDistXZ=800
22:40:51.988 player pos=(28962,709,24300) ground=709 vy=0 grounded=True blocked=False cam=(28962,763,23500) camDistXZ=800
22:40:52.028 loading 1.000 cam=(28962,763,23500) t=110517ms
22:40:52.254 player pos=(28962,709,24300) ground=709 vy=0 grounded=True blocked=False cam=(28962,763,23500) camDistXZ=800
22:40:52.509 player pos=(28962,709,24300) ground=709 vy=0 grounded=True blocked=False cam=(28962,763,23500) camDistXZ=800
22:40:52.772 player pos=(28962,709,24300) ground=709 vy=0 grounded=True blocked=False cam=(28962,763,23500) camDistXZ=800
22:40:53.026 player pos=(28962,709,24300) ground=709 vy=0 grounded=True blocked=False cam=(28962,763,23500) camDistXZ=800
22:40:53.279 player pos=(28962,709,24300) ground=709 vy=0 grounded=True blocked=False cam=(28962,763,23500) camDistXZ=800
22:40:53.534 player pos=(28962,709,24300) ground=709 vy=0 grounded=True blocked=False cam=(28962,763,23500) camDistXZ=800
22:40:53.800 player pos=(28962,709,24300) ground=709 vy=0 grounded=True blocked=False cam=(28962,763,23500) camDistXZ=800
22:40:54.045 loading 1.000 cam=(28962,763,23500) t=112534ms
22:40:54.059 player pos=(28962,709,24300) ground=709 vy=0 grounded=True blocked=False cam=(28962,763,23500) camDistXZ=800
22:40:54.325 player pos=(28962,709,24300) ground=709 vy=0 grounded=True blocked=False cam=(28962,763,23500) camDistXZ=800
22:40:54.581 player pos=(28962,709,24300) ground=709 vy=0 grounded=True blocked=False cam=(28962,763,23500) camDistXZ=800
22:40:54.845 player pos=(28962,709,24300) ground=709 vy=0 grounded=True blocked=False cam=(28962,763,23500) camDistXZ=800
22:40:55.103 player pos=(28962,709,24300) ground=709 vy=0 grounded=True blocked=False cam=(28962,763,23500) camDistXZ=800
22:40:55.357 player pos=(28962,709,24300) ground=709 vy=0 grounded=True blocked=False cam=(28962,763,23500) camDistXZ=800
22:40:55.616 player pos=(28962,709,24300) ground=709 vy=0 grounded=True blocked=False cam=(28962,763,23500) camDistXZ=800
22:40:55.867 player pos=(28962,709,24300) ground=709 vy=0 grounded=True blocked=False cam=(28962,763,23500) camDistXZ=800
22:40:56.057 loading 1.000 cam=(28962,763,23500) t=114546ms
22:40:56.123 player pos=(28962,709,24300) ground=709 vy=0 grounded=True blocked=False cam=(28962,763,23500) camDistXZ=800
22:40:56.386 player pos=(28962,709,24300) ground=709 vy=0 grounded=True blocked=False cam=(28962,763,23500) camDistXZ=800
22:40:56.645 player pos=(28962,709,24300) ground=709 vy=0 grounded=True blocked=False cam=(28962,763,23500) camDistXZ=800
22:40:56.909 player pos=(28962,709,24300) ground=709 vy=0 grounded=True blocked=False cam=(28962,763,23500) camDistXZ=800
22:40:57.164 player pos=(28962,709,24300) ground=709 vy=0 grounded=True blocked=False cam=(28962,763,23500) camDistXZ=800
22:40:57.429 player pos=(28962,709,24300) ground=709 vy=0 grounded=True blocked=False cam=(28962,763,23500) camDistXZ=800
22:40:57.689 player pos=(28962,709,24300) ground=709 vy=0 grounded=True blocked=False cam=(28962,763,23500) camDistXZ=800
22:40:57.963 player pos=(28962,709,24300) ground=709 vy=0 grounded=True blocked=False cam=(28962,763,23500) camDistXZ=800
22:40:58.073 loading 1.000 cam=(28962,763,23500) t=116562ms
22:40:58.211 player pos=(28962,709,24300) ground=709 vy=0 grounded=True blocked=False cam=(28962,763,23500) camDistXZ=800
22:40:58.479 player pos=(28962,709,24300) ground=709 vy=0 grounded=True blocked=False cam=(28962,763,23500) camDistXZ=800
22:40:58.726 player pos=(28962,709,24300) ground=709 vy=0 grounded=True blocked=False cam=(28962,763,23500) camDistXZ=800
22:40:59.000 player pos=(28962,709,24300) ground=709 vy=0 grounded=True blocked=False cam=(28962,763,23500) camDistXZ=800
22:40:59.266 player pos=(28962,709,24300) ground=709 vy=0 grounded=True blocked=False cam=(28962,763,23500) camDistXZ=800
22:40:59.521 player pos=(28962,709,24300) ground=709 vy=0 grounded=True blocked=False cam=(28962,763,23500) camDistXZ=800
22:40:59.777 player pos=(28962,709,24300) ground=709 vy=0 grounded=True blocked=False cam=(28962,763,23500) camDistXZ=800
22:41:00.035 player pos=(28962,709,24300) ground=709 vy=0 grounded=True blocked=False cam=(28962,763,23500) camDistXZ=800
22:41:00.075 loading 1.000 cam=(28962,763,23500) t=118564ms
22:41:00.286 player pos=(28962,709,24300) ground=709 vy=0 grounded=True blocked=False cam=(28962,763,23500) camDistXZ=800
22:41:00.544 player pos=(28962,709,24300) ground=709 vy=0 grounded=True blocked=False cam=(28962,763,23500) camDistXZ=800
22:41:00.795 player pos=(28962,709,24300) ground=709 vy=0 grounded=True blocked=False cam=(28962,763,23500) camDistXZ=800
22:41:01.055 player pos=(28962,709,24300) ground=709 vy=0 grounded=True blocked=False cam=(28962,763,23500) camDistXZ=800
22:41:01.306 player pos=(28962,709,24300) ground=709 vy=0 grounded=True blocked=False cam=(28962,763,23500) camDistXZ=800
22:41:01.566 player pos=(28962,709,24300) ground=709 vy=0 grounded=True blocked=False cam=(28962,763,23500) camDistXZ=800
22:41:01.816 player pos=(28962,709,24300) ground=709 vy=0 grounded=True blocked=False cam=(28962,763,23500) camDistXZ=800
22:41:02.077 player pos=(28962,709,24300) ground=709 vy=0 grounded=True blocked=False cam=(28962,763,23500) camDistXZ=800
22:41:02.080 loading 1.000 cam=(28962,763,23500) t=120570ms
22:41:02.339 player pos=(28962,709,24300) ground=709 vy=0 grounded=True blocked=False cam=(28962,763,23500) camDistXZ=800
22:41:02.599 player pos=(28962,709,24300) ground=709 vy=0 grounded=True blocked=False cam=(28962,763,23500) camDistXZ=800
22:41:02.865 player pos=(28962,709,24300) ground=709 vy=0 grounded=True blocked=False cam=(28962,763,23500) camDistXZ=800
22:41:03.120 player pos=(28962,709,24300) ground=709 vy=0 grounded=True blocked=False cam=(28962,763,23500) camDistXZ=800
22:41:03.385 player pos=(28962,709,24300) ground=709 vy=0 grounded=True blocked=False cam=(28962,763,23500) camDistXZ=800
22:41:03.638 player pos=(28962,709,24300) ground=709 vy=0 grounded=True blocked=False cam=(28962,763,23500) camDistXZ=800
22:41:03.902 player pos=(28962,709,24300) ground=709 vy=0 grounded=True blocked=False cam=(28962,763,23500) camDistXZ=800
22:41:04.091 loading 1.000 cam=(28962,763,23500) t=122581ms
22:41:04.158 player pos=(28962,709,24300) ground=709 vy=0 grounded=True blocked=False cam=(28962,763,23500) camDistXZ=800
22:41:04.412 player pos=(28962,709,24300) ground=709 vy=0 grounded=True blocked=False cam=(28962,763,23500) camDistXZ=800
22:41:04.668 player pos=(28962,709,24300) ground=709 vy=0 grounded=True blocked=False cam=(28962,763,23500) camDistXZ=800
22:41:04.933 player pos=(28962,709,24300) ground=709 vy=0 grounded=True blocked=False cam=(28962,763,23500) camDistXZ=800
22:41:05.191 player pos=(28962,709,24300) ground=709 vy=0 grounded=True blocked=False cam=(28962,763,23500) camDistXZ=800
22:41:05.441 player pos=(28962,709,24300) ground=709 vy=0 grounded=True blocked=False cam=(28962,763,23500) camDistXZ=800
22:41:05.700 player pos=(28962,709,24300) ground=709 vy=0 grounded=True blocked=False cam=(28962,763,23500) camDistXZ=800
22:41:05.951 player pos=(28962,709,24300) ground=709 vy=0 grounded=True blocked=False cam=(28962,763,23500) camDistXZ=800
22:41:06.105 loading 1.000 cam=(28962,763,23500) t=124595ms
22:41:06.209 player pos=(28962,709,24300) ground=709 vy=0 grounded=True blocked=False cam=(28962,763,23500) camDistXZ=800
22:41:06.466 player pos=(28962,709,24300) ground=709 vy=0 grounded=True blocked=False cam=(28962,763,23500) camDistXZ=800
22:41:06.724 player pos=(28962,709,24300) ground=709 vy=0 grounded=True blocked=False cam=(28962,763,23500) camDistXZ=800
22:41:06.989 player pos=(28962,709,24300) ground=709 vy=0 grounded=True blocked=False cam=(28962,763,23500) camDistXZ=800
22:41:07.248 player pos=(28962,709,24300) ground=709 vy=0 grounded=True blocked=False cam=(28962,763,23500) camDistXZ=800
22:41:07.515 player pos=(28962,709,24300) ground=709 vy=0 grounded=True blocked=False cam=(28962,763,23500) camDistXZ=800
22:41:07.769 player pos=(28962,709,24300) ground=709 vy=0 grounded=True blocked=False cam=(28962,763,23500) camDistXZ=800
22:41:08.019 player pos=(28962,709,24300) ground=709 vy=0 grounded=True blocked=False cam=(28962,763,23500) camDistXZ=800
22:41:08.121 loading 1.000 cam=(28962,763,23500) t=126610ms
22:41:08.277 player pos=(28962,709,24300) ground=709 vy=0 grounded=True blocked=False cam=(28962,763,23500) camDistXZ=800
22:41:08.527 player pos=(28962,709,24300) ground=709 vy=0 grounded=True blocked=False cam=(28962,763,23500) camDistXZ=800
22:41:08.792 player pos=(28962,709,24300) ground=709 vy=0 grounded=True blocked=False cam=(28962,763,23500) camDistXZ=800
22:41:09.042 player pos=(28962,709,24300) ground=709 vy=0 grounded=True blocked=False cam=(28962,763,23500) camDistXZ=800
22:41:09.299 player pos=(28962,709,24300) ground=709 vy=0 grounded=True blocked=False cam=(28962,763,23500) camDistXZ=800
22:41:09.565 player pos=(28962,709,24300) ground=709 vy=0 grounded=True blocked=False cam=(28962,763,23500) camDistXZ=800
22:41:09.820 player pos=(28962,709,24300) ground=709 vy=0 grounded=True blocked=False cam=(28962,763,23500) camDistXZ=800
22:41:10.084 player pos=(28962,709,24300) ground=709 vy=0 grounded=True blocked=False cam=(28962,763,23500) camDistXZ=800
22:41:10.133 loading 1.000 cam=(28962,763,23500) t=128622ms
22:41:10.342 player pos=(28962,709,24300) ground=709 vy=0 grounded=True blocked=False cam=(28962,763,23500) camDistXZ=800
22:41:10.592 player pos=(28962,709,24300) ground=709 vy=0 grounded=True blocked=False cam=(28962,763,23500) camDistXZ=800
22:41:10.847 player pos=(28962,709,24300) ground=709 vy=0 grounded=True blocked=False cam=(28962,763,23500) camDistXZ=800
22:41:11.100 player pos=(28962,709,24300) ground=709 vy=0 grounded=True blocked=False cam=(28962,763,23500) camDistXZ=800
22:41:11.353 player pos=(28962,709,24300) ground=709 vy=0 grounded=True blocked=False cam=(28962,763,23500) camDistXZ=800
22:41:11.619 player pos=(28962,709,24300) ground=709 vy=0 grounded=True blocked=False cam=(28962,763,23500) camDistXZ=800
22:41:11.885 player pos=(28962,709,24300) ground=709 vy=0 grounded=True blocked=False cam=(28962,763,23500) camDistXZ=800
22:41:12.137 loading 1.000 cam=(28962,763,23500) t=130627ms
22:41:12.160 player pos=(28962,709,24300) ground=709 vy=0 grounded=True blocked=False cam=(28962,763,23500) camDistXZ=800
22:41:12.412 player pos=(28962,709,24300) ground=709 vy=0 grounded=True blocked=False cam=(28962,763,23500) camDistXZ=800
22:41:12.672 player pos=(28962,709,24300) ground=709 vy=0 grounded=True blocked=False cam=(28962,763,23500) camDistXZ=800
22:41:12.916 player pos=(28962,709,24300) ground=709 vy=0 grounded=True blocked=False cam=(28962,763,23500) camDistXZ=800
22:41:13.184 player pos=(28962,709,24300) ground=709 vy=0 grounded=True blocked=False cam=(28962,763,23500) camDistXZ=800
22:41:13.427 player pos=(28962,709,24300) ground=709 vy=0 grounded=True blocked=False cam=(28962,763,23500) camDistXZ=800
22:41:13.696 player pos=(28962,709,24300) ground=709 vy=0 grounded=True blocked=False cam=(28962,763,23500) camDistXZ=800
22:41:13.946 player pos=(28962,709,24300) ground=709 vy=0 grounded=True blocked=False cam=(28962,763,23500) camDistXZ=800
22:41:14.140 loading 1.000 cam=(28962,763,23500) t=132630ms
22:41:14.217 player pos=(28962,709,24300) ground=709 vy=0 grounded=True blocked=False cam=(28962,763,23500) camDistXZ=800
22:41:14.479 player pos=(28962,709,24300) ground=709 vy=0 grounded=True blocked=False cam=(28962,763,23500) camDistXZ=800
22:41:14.730 player pos=(28962,709,24300) ground=709 vy=0 grounded=True blocked=False cam=(28962,763,23500) camDistXZ=800
22:41:14.991 player pos=(28962,709,24300) ground=709 vy=0 grounded=True blocked=False cam=(28962,763,23500) camDistXZ=800
22:41:15.244 player pos=(28962,709,24300) ground=709 vy=0 grounded=True blocked=False cam=(28962,763,23500) camDistXZ=800
22:41:15.508 player pos=(28962,709,24300) ground=709 vy=0 grounded=True blocked=False cam=(28962,763,23500) camDistXZ=800
22:41:15.763 player pos=(28962,709,24300) ground=709 vy=0 grounded=True blocked=False cam=(28962,763,23500) camDistXZ=800
22:41:16.024 player pos=(28962,709,24300) ground=709 vy=0 grounded=True blocked=False cam=(28962,763,23500) camDistXZ=800
22:41:16.151 loading 1.000 cam=(28962,763,23500) t=134640ms
22:41:16.281 player pos=(28962,709,24300) ground=709 vy=0 grounded=True blocked=False cam=(28962,763,23500) camDistXZ=800
22:41:16.545 player pos=(28962,709,24300) ground=709 vy=0 grounded=True blocked=False cam=(28962,763,23500) camDistXZ=800
22:41:16.797 player pos=(28962,709,24300) ground=709 vy=0 grounded=True blocked=False cam=(28962,763,23500) camDistXZ=800
22:41:17.058 player pos=(28962,709,24300) ground=709 vy=0 grounded=True blocked=False cam=(28962,763,23500) camDistXZ=800
22:41:17.308 player pos=(28962,709,24300) ground=709 vy=0 grounded=True blocked=False cam=(28962,763,23500) camDistXZ=800
22:41:17.570 player pos=(28962,709,24300) ground=709 vy=0 grounded=True blocked=False cam=(28962,763,23500) camDistXZ=800
22:41:17.826 player pos=(28962,709,24300) ground=709 vy=0 grounded=True blocked=False cam=(28962,763,23500) camDistXZ=800
22:41:18.089 player pos=(28962,709,24300) ground=709 vy=0 grounded=True blocked=False cam=(28962,763,23500) camDistXZ=800
22:41:18.161 loading 1.000 cam=(28962,763,23500) t=136650ms
22:41:18.341 player pos=(28962,709,24300) ground=709 vy=0 grounded=True blocked=False cam=(28962,763,23500) camDistXZ=800
22:41:18.603 player pos=(28962,709,24300) ground=709 vy=0 grounded=True blocked=False cam=(28962,763,23500) camDistXZ=800
22:41:18.855 player pos=(28962,709,24300) ground=709 vy=0 grounded=True blocked=False cam=(28962,763,23500) camDistXZ=800
22:41:19.122 player pos=(28962,709,24300) ground=709 vy=0 grounded=True blocked=False cam=(28962,763,23500) camDistXZ=800
22:41:19.376 player pos=(28962,709,24300) ground=709 vy=0 grounded=True blocked=False cam=(28962,763,23500) camDistXZ=800
22:41:19.637 player pos=(28962,709,24300) ground=709 vy=0 grounded=True blocked=False cam=(28962,763,23500) camDistXZ=800
22:41:19.899 player pos=(28962,709,24300) ground=709 vy=0 grounded=True blocked=False cam=(28962,763,23500) camDistXZ=800
22:41:20.146 player pos=(28962,709,24300) ground=709 vy=0 grounded=True blocked=False cam=(28962,763,23500) camDistXZ=800
22:41:20.166 loading 1.000 cam=(28962,763,23500) t=138656ms
22:41:20.397 player pos=(28962,709,24300) ground=709 vy=0 grounded=True blocked=False cam=(28962,763,23500) camDistXZ=800
22:41:20.662 player pos=(28962,709,24300) ground=709 vy=0 grounded=True blocked=False cam=(28962,763,23500) camDistXZ=800
22:41:20.915 player pos=(28962,709,24300) ground=709 vy=0 grounded=True blocked=False cam=(28962,763,23500) camDistXZ=800
22:41:21.178 player pos=(28962,709,24300) ground=709 vy=0 grounded=True blocked=False cam=(28962,763,23500) camDistXZ=800
22:41:21.443 player pos=(28962,709,24300) ground=709 vy=0 grounded=True blocked=False cam=(28962,763,23500) camDistXZ=800
22:41:21.706 player pos=(28962,709,24300) ground=709 vy=0 grounded=True blocked=False cam=(28962,763,23500) camDistXZ=800
22:41:21.956 player pos=(28962,709,24300) ground=709 vy=0 grounded=True blocked=False cam=(28962,763,23500) camDistXZ=800
22:41:22.176 loading 1.000 cam=(28962,763,23500) t=140665ms
22:41:22.208 player pos=(28962,709,24300) ground=709 vy=0 grounded=True blocked=False cam=(28962,763,23500) camDistXZ=800
22:41:22.461 player pos=(28962,709,24300) ground=709 vy=0 grounded=True blocked=False cam=(28962,763,23500) camDistXZ=800
22:41:22.722 player pos=(28962,709,24300) ground=709 vy=0 grounded=True blocked=False cam=(28962,763,23500) camDistXZ=800
22:41:22.973 player pos=(28962,709,24300) ground=709 vy=0 grounded=True blocked=False cam=(28962,763,23500) camDistXZ=800
22:41:23.233 player pos=(28962,709,24300) ground=709 vy=0 grounded=True blocked=False cam=(28962,763,23500) camDistXZ=800
22:41:23.486 player pos=(28962,709,24300) ground=709 vy=0 grounded=True blocked=False cam=(28962,763,23500) camDistXZ=800
22:41:23.747 player pos=(28962,709,24300) ground=709 vy=0 grounded=True blocked=False cam=(28962,763,23500) camDistXZ=800
22:41:23.998 player pos=(28962,709,24300) ground=709 vy=0 grounded=True blocked=False cam=(28962,763,23500) camDistXZ=800
22:41:24.177 loading 1.000 cam=(28962,763,23500) t=142666ms
22:41:24.260 player pos=(28962,709,24300) ground=709 vy=0 grounded=True blocked=False cam=(28962,763,23500) camDistXZ=800
22:41:24.516 player pos=(28962,709,24300) ground=709 vy=0 grounded=True blocked=False cam=(28962,763,23500) camDistXZ=800
22:41:24.776 player pos=(28962,709,24300) ground=709 vy=0 grounded=True blocked=False cam=(28962,763,23500) camDistXZ=800
22:41:25.029 player pos=(28962,709,24300) ground=709 vy=0 grounded=True blocked=False cam=(28962,763,23500) camDistXZ=800
22:41:25.295 player pos=(28962,709,24300) ground=709 vy=0 grounded=True blocked=False cam=(28962,763,23500) camDistXZ=800
22:41:25.548 player pos=(28962,709,24300) ground=709 vy=0 grounded=True blocked=False cam=(28962,763,23500) camDistXZ=800
22:41:25.811 player pos=(28962,709,24300) ground=709 vy=0 grounded=True blocked=False cam=(28962,763,23500) camDistXZ=800
22:41:26.067 player pos=(28962,709,24300) ground=709 vy=0 grounded=True blocked=False cam=(28962,763,23500) camDistXZ=800
22:41:26.192 loading 1.000 cam=(28962,763,23500) t=144681ms
22:41:26.328 player pos=(28962,709,24300) ground=709 vy=0 grounded=True blocked=False cam=(28962,763,23500) camDistXZ=800
22:41:26.582 player pos=(28962,709,24300) ground=709 vy=0 grounded=True blocked=False cam=(28962,763,23500) camDistXZ=800
22:41:26.842 player pos=(28962,709,24300) ground=709 vy=0 grounded=True blocked=False cam=(28962,763,23500) camDistXZ=800
22:41:27.093 player pos=(28962,709,24300) ground=709 vy=0 grounded=True blocked=False cam=(28962,763,23500) camDistXZ=800
22:41:27.356 player pos=(28962,709,24300) ground=709 vy=0 grounded=True blocked=False cam=(28962,763,23500) camDistXZ=800
22:41:27.615 player pos=(28962,709,24300) ground=709 vy=0 grounded=True blocked=False cam=(28962,763,23500) camDistXZ=800
22:41:27.878 player pos=(28962,709,24300) ground=709 vy=0 grounded=True blocked=False cam=(28962,763,23500) camDistXZ=800
22:41:28.133 player pos=(28962,709,24300) ground=709 vy=0 grounded=True blocked=False cam=(28962,763,23500) camDistXZ=800
22:41:28.207 loading 1.000 cam=(28962,763,23500) t=146696ms
22:41:28.397 player pos=(28962,709,24300) ground=709 vy=0 grounded=True blocked=False cam=(28962,763,23500) camDistXZ=800
22:41:28.648 player pos=(28962,709,24300) ground=709 vy=0 grounded=True blocked=False cam=(28962,763,23500) camDistXZ=800
22:41:28.913 player pos=(28962,709,24300) ground=709 vy=0 grounded=True blocked=False cam=(28962,763,23500) camDistXZ=800
22:41:29.164 player pos=(28962,709,24300) ground=709 vy=0 grounded=True blocked=False cam=(28962,763,23500) camDistXZ=800
22:41:29.426 player pos=(28962,709,24300) ground=709 vy=0 grounded=True blocked=False cam=(28962,763,23500) camDistXZ=800
22:41:29.681 player pos=(28962,709,24300) ground=709 vy=0 grounded=True blocked=False cam=(28962,763,23500) camDistXZ=800
22:41:29.940 player pos=(28962,709,24300) ground=709 vy=0 grounded=True blocked=False cam=(28962,763,23500) camDistXZ=800
22:41:30.191 player pos=(28962,709,24300) ground=709 vy=0 grounded=True blocked=False cam=(28962,763,23500) camDistXZ=800
22:41:30.213 loading 1.000 cam=(28962,763,23500) t=148702ms
22:41:30.442 player pos=(28962,709,24300) ground=709 vy=0 grounded=True blocked=False cam=(28962,763,23500) camDistXZ=800
22:41:30.709 player pos=(28962,709,24300) ground=709 vy=0 grounded=True blocked=False cam=(28962,763,23500) camDistXZ=800
22:41:30.972 player pos=(28962,709,24300) ground=709 vy=0 grounded=True blocked=False cam=(28962,763,23500) camDistXZ=800
22:41:31.223 player pos=(28962,709,24300) ground=709 vy=0 grounded=True blocked=False cam=(28962,763,23500) camDistXZ=800
22:41:31.486 player pos=(28962,709,24300) ground=709 vy=0 grounded=True blocked=False cam=(28962,763,23500) camDistXZ=800
22:41:31.753 player pos=(28962,709,24300) ground=709 vy=0 grounded=True blocked=False cam=(28962,763,23500) camDistXZ=800
22:41:32.006 player pos=(28962,709,24300) ground=709 vy=0 grounded=True blocked=False cam=(28962,763,23500) camDistXZ=800
22:41:32.225 loading 1.000 cam=(28962,763,23500) t=150714ms
22:41:32.256 player pos=(28962,709,24300) ground=709 vy=0 grounded=True blocked=False cam=(28962,763,23500) camDistXZ=800
22:41:32.518 player pos=(28962,709,24300) ground=709 vy=0 grounded=True blocked=False cam=(28962,763,23500) camDistXZ=800
22:41:32.771 player pos=(28962,709,24300) ground=709 vy=0 grounded=True blocked=False cam=(28962,763,23500) camDistXZ=800
22:41:33.032 player pos=(28962,709,24300) ground=709 vy=0 grounded=True blocked=False cam=(28962,763,23500) camDistXZ=800
22:41:33.282 player pos=(28962,709,24300) ground=709 vy=0 grounded=True blocked=False cam=(28962,763,23500) camDistXZ=800
22:41:33.534 player pos=(28962,709,24300) ground=709 vy=0 grounded=True blocked=False cam=(28962,763,23500) camDistXZ=800
22:41:33.785 player pos=(28962,709,24300) ground=709 vy=0 grounded=True blocked=False cam=(28962,763,23500) camDistXZ=800
22:41:34.053 player pos=(28962,709,24300) ground=709 vy=0 grounded=True blocked=False cam=(28962,763,23500) camDistXZ=800
22:41:34.238 loading 1.000 cam=(28962,763,23500) t=152728ms
22:41:34.305 player pos=(28962,709,24300) ground=709 vy=0 grounded=True blocked=False cam=(28962,763,23500) camDistXZ=800
22:41:34.568 player pos=(28962,709,24300) ground=709 vy=0 grounded=True blocked=False cam=(28962,763,23500) camDistXZ=800
22:41:34.820 player pos=(28962,709,24300) ground=709 vy=0 grounded=True blocked=False cam=(28962,763,23500) camDistXZ=800
22:41:35.095 player pos=(28962,709,24300) ground=709 vy=0 grounded=True blocked=False cam=(28962,763,23500) camDistXZ=800
22:41:35.338 player pos=(28962,709,24300) ground=709 vy=0 grounded=True blocked=False cam=(28962,763,23500) camDistXZ=800
22:41:35.611 player pos=(28962,709,24300) ground=709 vy=0 grounded=True blocked=False cam=(28962,763,23500) camDistXZ=800
22:41:35.857 player pos=(28962,709,24300) ground=709 vy=0 grounded=True blocked=False cam=(28962,763,23500) camDistXZ=800
22:41:36.128 player pos=(28962,709,24300) ground=709 vy=0 grounded=True blocked=False cam=(28962,763,23500) camDistXZ=800
22:41:36.253 loading 1.000 cam=(28962,763,23500) t=154742ms
22:41:36.383 player pos=(28962,709,24300) ground=709 vy=0 grounded=True blocked=False cam=(28962,763,23500) camDistXZ=800
22:41:36.654 player pos=(28962,709,24300) ground=709 vy=0 grounded=True blocked=False cam=(28962,763,23500) camDistXZ=800
22:41:36.917 player pos=(28962,709,24300) ground=709 vy=0 grounded=True blocked=False cam=(28962,763,23500) camDistXZ=800
22:41:37.172 player pos=(28962,709,24300) ground=709 vy=0 grounded=True blocked=False cam=(28962,763,23500) camDistXZ=800
22:41:37.432 player pos=(28962,709,24300) ground=709 vy=0 grounded=True blocked=False cam=(28962,763,23500) camDistXZ=800
22:41:37.685 player pos=(28962,709,24300) ground=709 vy=0 grounded=True blocked=False cam=(28962,763,23500) camDistXZ=800
22:41:37.944 player pos=(28962,709,24300) ground=709 vy=0 grounded=True blocked=False cam=(28962,763,23500) camDistXZ=800
22:41:38.197 player pos=(28962,709,24300) ground=709 vy=0 grounded=True blocked=False cam=(28962,763,23500) camDistXZ=800
22:41:38.253 loading 1.000 cam=(28962,763,23500) t=156742ms
22:41:38.458 player pos=(28962,709,24300) ground=709 vy=0 grounded=True blocked=False cam=(28962,763,23500) camDistXZ=800
22:41:38.716 player pos=(28962,709,24300) ground=709 vy=0 grounded=True blocked=False cam=(28962,763,23500) camDistXZ=800
22:41:38.982 player pos=(28962,709,24300) ground=709 vy=0 grounded=True blocked=False cam=(28962,763,23500) camDistXZ=800
22:41:39.233 player pos=(28962,709,24300) ground=709 vy=0 grounded=True blocked=False cam=(28962,763,23500) camDistXZ=800
22:41:39.499 player pos=(28962,709,24300) ground=709 vy=0 grounded=True blocked=False cam=(28962,763,23500) camDistXZ=800
22:41:39.748 player pos=(28962,709,24300) ground=709 vy=0 grounded=True blocked=False cam=(28962,763,23500) camDistXZ=800
22:41:40.010 player pos=(28962,709,24300) ground=709 vy=0 grounded=True blocked=False cam=(28962,763,23500) camDistXZ=800
22:41:40.260 player pos=(28962,709,24300) ground=709 vy=0 grounded=True blocked=False cam=(28962,763,23500) camDistXZ=800
22:41:40.264 loading 1.000 cam=(28962,763,23500) t=158754ms
22:41:40.524 player pos=(28962,709,24300) ground=709 vy=0 grounded=True blocked=False cam=(28962,763,23500) camDistXZ=800
22:41:40.777 player pos=(28962,709,24300) ground=709 vy=0 grounded=True blocked=False cam=(28962,763,23500) camDistXZ=800
22:41:41.037 player pos=(28962,709,24300) ground=709 vy=0 grounded=True blocked=False cam=(28962,763,23500) camDistXZ=800
22:41:41.288 player pos=(28962,709,24300) ground=709 vy=0 grounded=True blocked=False cam=(28962,763,23500) camDistXZ=800
22:41:41.552 player pos=(28962,709,24300) ground=709 vy=0 grounded=True blocked=False cam=(28962,763,23500) camDistXZ=800
22:41:41.802 player pos=(28962,709,24300) ground=709 vy=0 grounded=True blocked=False cam=(28962,763,23500) camDistXZ=800
22:41:42.063 player pos=(28962,709,24300) ground=709 vy=0 grounded=True blocked=False cam=(28962,763,23500) camDistXZ=800
22:41:42.281 loading 1.000 cam=(28962,763,23500) t=160770ms
22:41:42.313 player pos=(28962,709,24300) ground=709 vy=0 grounded=True blocked=False cam=(28962,763,23500) camDistXZ=800
22:41:42.577 player pos=(28962,709,24300) ground=709 vy=0 grounded=True blocked=False cam=(28962,763,23500) camDistXZ=800
22:41:42.831 player pos=(28962,709,24300) ground=709 vy=0 grounded=True blocked=False cam=(28962,763,23500) camDistXZ=800
22:41:43.095 player pos=(28962,709,24300) ground=709 vy=0 grounded=True blocked=False cam=(28962,763,23500) camDistXZ=800
22:41:43.348 player pos=(28962,709,24300) ground=709 vy=0 grounded=True blocked=False cam=(28962,763,23500) camDistXZ=800
22:41:43.611 player pos=(28962,709,24300) ground=709 vy=0 grounded=True blocked=False cam=(28962,763,23500) camDistXZ=800
22:41:43.863 player pos=(28962,709,24300) ground=709 vy=0 grounded=True blocked=False cam=(28962,763,23500) camDistXZ=800
22:41:44.123 player pos=(28962,709,24300) ground=709 vy=0 grounded=True blocked=False cam=(28962,763,23500) camDistXZ=800
22:41:44.282 loading 1.000 cam=(28962,763,23500) t=162771ms
22:41:44.374 player pos=(28962,709,24300) ground=709 vy=0 grounded=True blocked=False cam=(28962,763,23500) camDistXZ=800
22:41:44.637 player pos=(28962,709,24300) ground=709 vy=0 grounded=True blocked=False cam=(28962,763,23500) camDistXZ=800
22:41:44.888 player pos=(28962,709,24300) ground=709 vy=0 grounded=True blocked=False cam=(28962,763,23500) camDistXZ=800
22:41:45.151 player pos=(28962,709,24300) ground=709 vy=0 grounded=True blocked=False cam=(28962,763,23500) camDistXZ=800
22:41:45.406 player pos=(28962,709,24300) ground=709 vy=0 grounded=True blocked=False cam=(28962,763,23500) camDistXZ=800
22:41:45.670 player pos=(28962,709,24300) ground=709 vy=0 grounded=True blocked=False cam=(28962,763,23500) camDistXZ=800
22:41:45.922 player pos=(28962,709,24300) ground=709 vy=0 grounded=True blocked=False cam=(28962,763,23500) camDistXZ=800
22:41:46.185 player pos=(28962,709,24300) ground=709 vy=0 grounded=True blocked=False cam=(28962,763,23500) camDistXZ=800
22:41:46.291 loading 1.000 cam=(28962,763,23500) t=164780ms
22:41:46.436 player pos=(28962,709,24300) ground=709 vy=0 grounded=True blocked=False cam=(28962,763,23500) camDistXZ=800
22:41:46.699 player pos=(28962,709,24300) ground=709 vy=0 grounded=True blocked=False cam=(28962,763,23500) camDistXZ=800
22:41:46.952 player pos=(28962,709,24300) ground=709 vy=0 grounded=True blocked=False cam=(28962,763,23500) camDistXZ=800
22:41:47.213 player pos=(28962,709,24300) ground=709 vy=0 grounded=True blocked=False cam=(28962,763,23500) camDistXZ=800
22:41:47.466 player pos=(28962,709,24300) ground=709 vy=0 grounded=True blocked=False cam=(28962,763,23500) camDistXZ=800
22:41:47.732 player pos=(28962,709,24300) ground=709 vy=0 grounded=True blocked=False cam=(28962,763,23500) camDistXZ=800
22:41:47.984 player pos=(28962,709,24300) ground=709 vy=0 grounded=True blocked=False cam=(28962,763,23500) camDistXZ=800
22:41:48.248 player pos=(28962,709,24300) ground=709 vy=0 grounded=True blocked=False cam=(28962,763,23500) camDistXZ=800
22:41:48.305 loading 1.000 cam=(28962,763,23500) t=166795ms
22:41:48.502 player pos=(28962,709,24300) ground=709 vy=0 grounded=True blocked=False cam=(28962,763,23500) camDistXZ=800
22:41:48.764 player pos=(28962,709,24300) ground=709 vy=0 grounded=True blocked=False cam=(28962,763,23500) camDistXZ=800
22:41:49.026 player pos=(28962,709,24300) ground=709 vy=0 grounded=True blocked=False cam=(28962,763,23500) camDistXZ=800
22:41:49.288 player pos=(28962,709,24300) ground=709 vy=0 grounded=True blocked=False cam=(28962,763,23500) camDistXZ=800
22:41:49.539 player pos=(28962,709,24300) ground=709 vy=0 grounded=True blocked=False cam=(28962,763,23500) camDistXZ=800
22:41:49.790 player pos=(28962,709,24300) ground=709 vy=0 grounded=True blocked=False cam=(28962,763,23500) camDistXZ=800
22:41:50.042 player pos=(28962,709,24300) ground=709 vy=0 grounded=True blocked=False cam=(28962,763,23500) camDistXZ=800
22:41:50.301 player pos=(28962,709,24300) ground=709 vy=0 grounded=True blocked=False cam=(28962,763,23500) camDistXZ=800
22:41:50.323 loading 1.000 cam=(28962,763,23500) t=168812ms
22:41:50.556 player pos=(28962,709,24300) ground=709 vy=0 grounded=True blocked=False cam=(28962,763,23500) camDistXZ=800
22:41:50.818 player pos=(28962,709,24300) ground=709 vy=0 grounded=True blocked=False cam=(28962,763,23500) camDistXZ=800
22:41:51.071 player pos=(28962,709,24300) ground=709 vy=0 grounded=True blocked=False cam=(28962,763,23500) camDistXZ=800
22:41:51.335 player pos=(28962,709,24300) ground=709 vy=0 grounded=True blocked=False cam=(28962,763,23500) camDistXZ=800
22:41:51.587 player pos=(28962,709,24300) ground=709 vy=0 grounded=True blocked=False cam=(28962,763,23500) camDistXZ=800
22:41:51.849 player pos=(28962,709,24300) ground=709 vy=0 grounded=True blocked=False cam=(28962,763,23500) camDistXZ=800
22:41:52.108 player pos=(28962,709,24300) ground=709 vy=0 grounded=True blocked=False cam=(28962,763,23500) camDistXZ=800
22:41:52.339 loading 1.000 cam=(28962,763,23500) t=170828ms
22:41:52.371 player pos=(28962,709,24300) ground=709 vy=0 grounded=True blocked=False cam=(28962,763,23500) camDistXZ=800
22:41:52.624 player pos=(28962,709,24300) ground=709 vy=0 grounded=True blocked=False cam=(28962,763,23500) camDistXZ=800
22:41:52.885 player pos=(28962,709,24300) ground=709 vy=0 grounded=True blocked=False cam=(28962,763,23500) camDistXZ=800
22:41:53.135 player pos=(28962,709,24300) ground=709 vy=0 grounded=True blocked=False cam=(28962,763,23500) camDistXZ=800
22:41:53.399 player pos=(28962,709,24300) ground=709 vy=0 grounded=True blocked=False cam=(28962,763,23500) camDistXZ=800
22:41:53.651 player pos=(28962,709,24300) ground=709 vy=0 grounded=True blocked=False cam=(28962,763,23500) camDistXZ=800
22:41:53.911 player pos=(28962,709,24300) ground=709 vy=0 grounded=True blocked=False cam=(28962,763,23500) camDistXZ=800
22:41:54.164 player pos=(28962,709,24300) ground=709 vy=0 grounded=True blocked=False cam=(28962,763,23500) camDistXZ=800
22:41:54.341 loading 1.000 cam=(28962,763,23500) t=172830ms
22:41:54.425 player pos=(28962,709,24300) ground=709 vy=0 grounded=True blocked=False cam=(28962,763,23500) camDistXZ=800
22:41:54.681 player pos=(28962,709,24300) ground=709 vy=0 grounded=True blocked=False cam=(28962,763,23500) camDistXZ=800
22:41:54.940 player pos=(28962,709,24300) ground=709 vy=0 grounded=True blocked=False cam=(28962,763,23500) camDistXZ=800
22:41:55.194 player pos=(28962,709,24300) ground=709 vy=0 grounded=True blocked=False cam=(28962,763,23500) camDistXZ=800
22:41:55.455 player pos=(28962,709,24300) ground=709 vy=0 grounded=True blocked=False cam=(28962,763,23500) camDistXZ=800
22:41:55.707 player pos=(28962,709,24300) ground=709 vy=0 grounded=True blocked=False cam=(28962,763,23500) camDistXZ=800
22:41:55.967 player pos=(28962,709,24300) ground=709 vy=0 grounded=True blocked=False cam=(28962,763,23500) camDistXZ=800
22:41:56.217 player pos=(28962,709,24300) ground=709 vy=0 grounded=True blocked=False cam=(28962,763,23500) camDistXZ=800
22:41:56.344 loading 1.000 cam=(28962,763,23500) t=174834ms
22:41:56.488 player pos=(28962,709,24300) ground=709 vy=0 grounded=True blocked=False cam=(28962,763,23500) camDistXZ=800
22:41:56.744 player pos=(28962,709,24300) ground=709 vy=0 grounded=True blocked=False cam=(28962,763,23500) camDistXZ=800
22:41:57.008 player pos=(28962,709,24300) ground=709 vy=0 grounded=True blocked=False cam=(28962,763,23500) camDistXZ=800
22:41:57.269 player pos=(28962,709,24300) ground=709 vy=0 grounded=True blocked=False cam=(28962,763,23500) camDistXZ=800
22:41:57.538 player pos=(28962,709,24300) ground=709 vy=0 grounded=True blocked=False cam=(28962,763,23500) camDistXZ=800
22:41:57.783 player pos=(28962,709,24300) ground=709 vy=0 grounded=True blocked=False cam=(28962,763,23500) camDistXZ=800
22:41:58.057 player pos=(28962,709,24300) ground=709 vy=0 grounded=True blocked=False cam=(28962,763,23500) camDistXZ=800
22:41:58.319 player pos=(28962,709,24300) ground=709 vy=0 grounded=True blocked=False cam=(28962,763,23500) camDistXZ=800
22:41:58.357 loading 1.000 cam=(28962,763,23500) t=176847ms
22:41:58.571 player pos=(28962,709,24300) ground=709 vy=0 grounded=True blocked=False cam=(28962,763,23500) camDistXZ=800
22:41:58.835 player pos=(28962,709,24300) ground=709 vy=0 grounded=True blocked=False cam=(28962,763,23500) camDistXZ=800
22:41:59.085 player pos=(28962,709,24300) ground=709 vy=0 grounded=True blocked=False cam=(28962,763,23500) camDistXZ=800
22:41:59.348 player pos=(28962,709,24300) ground=709 vy=0 grounded=True blocked=False cam=(28962,763,23500) camDistXZ=800
22:41:59.602 player pos=(28962,709,24300) ground=709 vy=0 grounded=True blocked=False cam=(28962,763,23500) camDistXZ=800
22:41:59.864 player pos=(28962,709,24300) ground=709 vy=0 grounded=True blocked=False cam=(28962,763,23500) camDistXZ=800
22:42:00.117 player pos=(28962,709,24300) ground=709 vy=0 grounded=True blocked=False cam=(28962,763,23500) camDistXZ=800
22:42:00.369 loading 1.000 cam=(28962,763,23500) t=178859ms
22:42:00.383 player pos=(28962,709,24300) ground=709 vy=0 grounded=True blocked=False cam=(28962,763,23500) camDistXZ=800
22:42:00.635 player pos=(28962,709,24300) ground=709 vy=0 grounded=True blocked=False cam=(28962,763,23500) camDistXZ=800
22:42:00.896 player pos=(28962,709,24300) ground=709 vy=0 grounded=True blocked=False cam=(28962,763,23500) camDistXZ=800
22:42:01.148 player pos=(28962,709,24300) ground=709 vy=0 grounded=True blocked=False cam=(28962,763,23500) camDistXZ=800
22:42:01.409 player pos=(28962,709,24300) ground=709 vy=0 grounded=True blocked=False cam=(28962,763,23500) camDistXZ=800
22:42:01.661 player pos=(28962,709,24300) ground=709 vy=0 grounded=True blocked=False cam=(28962,763,23500) camDistXZ=800
22:42:01.923 player pos=(28962,709,24300) ground=709 vy=0 grounded=True blocked=False cam=(28962,763,23500) camDistXZ=800
22:42:02.176 player pos=(28962,709,24300) ground=709 vy=0 grounded=True blocked=False cam=(28962,763,23500) camDistXZ=800
22:42:02.385 loading 1.000 cam=(28962,763,23500) t=180874ms
22:42:02.436 player pos=(28962,709,24300) ground=709 vy=0 grounded=True blocked=False cam=(28962,763,23500) camDistXZ=800
22:42:02.689 player pos=(28962,709,24300) ground=709 vy=0 grounded=True blocked=False cam=(28962,763,23500) camDistXZ=800
22:42:02.949 player pos=(28962,709,24300) ground=709 vy=0 grounded=True blocked=False cam=(28962,763,23500) camDistXZ=800
22:42:03.204 player pos=(28962,709,24300) ground=709 vy=0 grounded=True blocked=False cam=(28962,763,23500) camDistXZ=800
22:42:03.465 player pos=(28962,709,24300) ground=709 vy=0 grounded=True blocked=False cam=(28962,763,23500) camDistXZ=800
22:42:03.716 player pos=(28962,709,24300) ground=709 vy=0 grounded=True blocked=False cam=(28962,763,23500) camDistXZ=800
22:42:03.983 player pos=(28962,709,24300) ground=709 vy=0 grounded=True blocked=False cam=(28962,763,23500) camDistXZ=800
22:42:04.236 player pos=(28962,709,24300) ground=709 vy=0 grounded=True blocked=False cam=(28962,763,23500) camDistXZ=800
22:42:04.395 loading 1.000 cam=(28962,763,23500) t=182884ms
22:42:04.495 player pos=(28962,709,24300) ground=709 vy=0 grounded=True blocked=False cam=(28962,763,23500) camDistXZ=800
22:42:04.752 player pos=(28962,709,24300) ground=709 vy=0 grounded=True blocked=False cam=(28962,763,23500) camDistXZ=800
22:42:05.015 player pos=(28962,709,24300) ground=709 vy=0 grounded=True blocked=False cam=(28962,763,23500) camDistXZ=800
22:42:05.267 player pos=(28962,709,24300) ground=709 vy=0 grounded=True blocked=False cam=(28962,763,23500) camDistXZ=800
22:42:05.528 player pos=(28962,709,24300) ground=709 vy=0 grounded=True blocked=False cam=(28962,763,23500) camDistXZ=800
22:42:05.784 player pos=(28962,709,24300) ground=709 vy=0 grounded=True blocked=False cam=(28962,763,23500) camDistXZ=800
22:42:06.042 player pos=(28962,709,24300) ground=709 vy=0 grounded=True blocked=False cam=(28962,763,23500) camDistXZ=800
22:42:06.302 player pos=(28962,709,24300) ground=709 vy=0 grounded=True blocked=False cam=(28962,763,23500) camDistXZ=800
22:42:06.410 loading 1.000 cam=(28962,763,23500) t=184900ms
22:42:06.564 player pos=(28962,709,24300) ground=709 vy=0 grounded=True blocked=False cam=(28962,763,23500) camDistXZ=800
22:42:06.816 player pos=(28962,709,24300) ground=709 vy=0 grounded=True blocked=False cam=(28962,763,23500) camDistXZ=800
22:42:07.073 player pos=(28962,709,24300) ground=709 vy=0 grounded=True blocked=False cam=(28962,763,23500) camDistXZ=800
22:42:07.327 player pos=(28962,709,24300) ground=709 vy=0 grounded=True blocked=False cam=(28962,763,23500) camDistXZ=800
22:42:07.593 player pos=(28962,709,24300) ground=709 vy=0 grounded=True blocked=False cam=(28962,763,23500) camDistXZ=800
22:42:07.846 player pos=(28962,709,24300) ground=709 vy=0 grounded=True blocked=False cam=(28962,763,23500) camDistXZ=800
22:42:08.107 player pos=(28962,709,24300) ground=709 vy=0 grounded=True blocked=False cam=(28962,763,23500) camDistXZ=800
22:42:08.361 player pos=(28962,709,24300) ground=709 vy=0 grounded=True blocked=False cam=(28962,763,23500) camDistXZ=800
22:42:08.417 loading 1.000 cam=(28962,763,23500) t=186906ms
22:42:08.621 player pos=(28962,709,24300) ground=709 vy=0 grounded=True blocked=False cam=(28962,763,23500) camDistXZ=800
22:42:08.872 player pos=(28962,709,24300) ground=709 vy=0 grounded=True blocked=False cam=(28962,763,23500) camDistXZ=800
22:42:09.132 player pos=(28962,709,24300) ground=709 vy=0 grounded=True blocked=False cam=(28962,763,23500) camDistXZ=800
22:42:09.383 player pos=(28962,709,24300) ground=709 vy=0 grounded=True blocked=False cam=(28962,763,23500) camDistXZ=800
22:42:09.644 player pos=(28962,709,24300) ground=709 vy=0 grounded=True blocked=False cam=(28962,763,23500) camDistXZ=800
22:42:09.900 player pos=(28962,709,24300) ground=709 vy=0 grounded=True blocked=False cam=(28962,763,23500) camDistXZ=800
22:42:10.161 player pos=(28962,709,24300) ground=709 vy=0 grounded=True blocked=False cam=(28962,763,23500) camDistXZ=800
22:42:10.427 player pos=(28962,709,24300) ground=709 vy=0 grounded=True blocked=False cam=(28962,763,23500) camDistXZ=800
22:42:10.431 loading 1.000 cam=(28962,763,23500) t=188920ms
22:42:10.684 player pos=(28962,709,24300) ground=709 vy=0 grounded=True blocked=False cam=(28962,763,23500) camDistXZ=800
22:42:10.934 player pos=(28962,709,24300) ground=709 vy=0 grounded=True blocked=False cam=(28962,763,23500) camDistXZ=800
22:42:11.196 player pos=(28962,709,24300) ground=709 vy=0 grounded=True blocked=False cam=(28962,763,23500) camDistXZ=800
22:42:11.449 player pos=(28962,709,24300) ground=709 vy=0 grounded=True blocked=False cam=(28962,763,23500) camDistXZ=800
22:42:11.709 player pos=(28962,709,24300) ground=709 vy=0 grounded=True blocked=False cam=(28962,763,23500) camDistXZ=800
22:42:11.960 player pos=(28962,709,24300) ground=709 vy=0 grounded=True blocked=False cam=(28962,763,23500) camDistXZ=800
22:42:12.221 player pos=(28962,709,24300) ground=709 vy=0 grounded=True blocked=False cam=(28962,763,23500) camDistXZ=800
22:42:12.439 loading 1.000 cam=(28962,763,23500) t=190929ms
22:42:12.471 player pos=(28962,709,24300) ground=709 vy=0 grounded=True blocked=False cam=(28962,763,23500) camDistXZ=800
22:42:12.733 player pos=(28962,709,24300) ground=709 vy=0 grounded=True blocked=False cam=(28962,763,23500) camDistXZ=800
22:42:12.984 player pos=(28962,709,24300) ground=709 vy=0 grounded=True blocked=False cam=(28962,763,23500) camDistXZ=800
22:42:13.246 player pos=(28962,709,24300) ground=709 vy=0 grounded=True blocked=False cam=(28962,763,23500) camDistXZ=800
22:42:13.498 player pos=(28962,709,24300) ground=709 vy=0 grounded=True blocked=False cam=(28962,763,23500) camDistXZ=800
22:42:13.763 player pos=(28962,709,24300) ground=709 vy=0 grounded=True blocked=False cam=(28962,763,23500) camDistXZ=800
22:42:14.013 player pos=(28962,709,24300) ground=709 vy=0 grounded=True blocked=False cam=(28962,763,23500) camDistXZ=800
22:42:14.274 player pos=(28962,709,24300) ground=709 vy=0 grounded=True blocked=False cam=(28962,763,23500) camDistXZ=800
22:42:14.446 loading 1.000 cam=(28962,763,23500) t=192935ms
22:42:14.532 player pos=(28962,709,24300) ground=709 vy=0 grounded=True blocked=False cam=(28962,763,23500) camDistXZ=800
22:42:14.796 player pos=(28962,709,24300) ground=709 vy=0 grounded=True blocked=False cam=(28962,763,23500) camDistXZ=800
22:42:15.049 player pos=(28962,709,24300) ground=709 vy=0 grounded=True blocked=False cam=(28962,763,23500) camDistXZ=800
22:42:15.316 player pos=(28962,709,24300) ground=709 vy=0 grounded=True blocked=False cam=(28962,763,23500) camDistXZ=800
22:42:15.567 player pos=(28962,709,24300) ground=709 vy=0 grounded=True blocked=False cam=(28962,763,23500) camDistXZ=800
22:42:15.828 player pos=(28962,709,24300) ground=709 vy=0 grounded=True blocked=False cam=(28962,763,23500) camDistXZ=800
22:42:16.088 player pos=(28962,709,24300) ground=709 vy=0 grounded=True blocked=False cam=(28962,763,23500) camDistXZ=800
22:42:16.347 player pos=(28962,709,24300) ground=709 vy=0 grounded=True blocked=False cam=(28962,763,23500) camDistXZ=800
22:42:16.463 loading 1.000 cam=(28962,763,23500) t=194952ms
22:42:16.599 player pos=(28962,709,24300) ground=709 vy=0 grounded=True blocked=False cam=(28962,763,23500) camDistXZ=800
22:42:16.861 player pos=(28962,709,24300) ground=709 vy=0 grounded=True blocked=False cam=(28962,763,23500) camDistXZ=800
22:42:17.113 player pos=(28962,709,24300) ground=709 vy=0 grounded=True blocked=False cam=(28962,763,23500) camDistXZ=800
22:42:17.373 player pos=(28962,709,24300) ground=709 vy=0 grounded=True blocked=False cam=(28962,763,23500) camDistXZ=800
22:42:17.624 player pos=(28962,709,24300) ground=709 vy=0 grounded=True blocked=False cam=(28962,763,23500) camDistXZ=800
22:42:17.889 player pos=(28962,709,24300) ground=709 vy=0 grounded=True blocked=False cam=(28962,763,23500) camDistXZ=800
22:42:18.148 player pos=(28962,709,24300) ground=709 vy=0 grounded=True blocked=False cam=(28962,763,23500) camDistXZ=800
22:42:18.407 player pos=(28962,709,24300) ground=709 vy=0 grounded=True blocked=False cam=(28962,763,23500) camDistXZ=800
22:42:18.469 loading 1.000 cam=(28962,763,23500) t=196958ms
22:42:18.657 player pos=(28962,709,24300) ground=709 vy=0 grounded=True blocked=False cam=(28962,763,23500) camDistXZ=800
22:42:18.922 player pos=(28962,709,24300) ground=709 vy=0 grounded=True blocked=False cam=(28962,763,23500) camDistXZ=800
22:42:19.177 player pos=(28962,709,24300) ground=709 vy=0 grounded=True blocked=False cam=(28962,763,23500) camDistXZ=800
22:42:19.436 player pos=(28962,709,24300) ground=709 vy=0 grounded=True blocked=False cam=(28962,763,23500) camDistXZ=800
22:42:19.694 player pos=(28962,709,24300) ground=709 vy=0 grounded=True blocked=False cam=(28962,763,23500) camDistXZ=800
22:42:19.954 player pos=(28962,709,24300) ground=709 vy=0 grounded=True blocked=False cam=(28962,763,23500) camDistXZ=800
22:42:20.205 player pos=(28962,709,24300) ground=709 vy=0 grounded=True blocked=False cam=(28962,763,23500) camDistXZ=800
22:42:20.467 player pos=(28962,709,24300) ground=709 vy=0 grounded=True blocked=False cam=(28962,763,23500) camDistXZ=800
22:42:20.471 loading 1.000 cam=(28962,763,23500) t=198960ms
22:42:20.721 player pos=(28962,709,24300) ground=709 vy=0 grounded=True blocked=False cam=(28962,763,23500) camDistXZ=800
22:42:20.980 player pos=(28962,709,24300) ground=709 vy=0 grounded=True blocked=False cam=(28962,763,23500) camDistXZ=800
22:42:21.241 player pos=(28962,709,24300) ground=709 vy=0 grounded=True blocked=False cam=(28962,763,23500) camDistXZ=800
22:42:21.504 player pos=(28962,709,24300) ground=709 vy=0 grounded=True blocked=False cam=(28962,763,23500) camDistXZ=800
22:42:21.770 player pos=(28962,709,24300) ground=709 vy=0 grounded=True blocked=False cam=(28962,763,23500) camDistXZ=800
22:42:22.036 player pos=(28962,709,24300) ground=709 vy=0 grounded=True blocked=False cam=(28962,763,23500) camDistXZ=800
22:42:22.283 player pos=(28962,709,24300) ground=709 vy=0 grounded=True blocked=False cam=(28962,763,23500) camDistXZ=800
22:42:22.480 loading 1.000 cam=(28962,763,23500) t=200970ms
22:42:22.554 player pos=(28962,709,24300) ground=709 vy=0 grounded=True blocked=False cam=(28962,763,23500) camDistXZ=800
22:42:22.819 player pos=(28962,709,24300) ground=709 vy=0 grounded=True blocked=False cam=(28962,763,23500) camDistXZ=800
22:42:23.070 player pos=(28962,709,24300) ground=709 vy=0 grounded=True blocked=False cam=(28962,763,23500) camDistXZ=800
22:42:23.337 player pos=(28962,709,24300) ground=709 vy=0 grounded=True blocked=False cam=(28962,763,23500) camDistXZ=800
22:42:23.593 player pos=(28962,709,24300) ground=709 vy=0 grounded=True blocked=False cam=(28962,763,23500) camDistXZ=800
22:42:23.853 player pos=(28962,709,24300) ground=709 vy=0 grounded=True blocked=False cam=(28962,763,23500) camDistXZ=800
22:42:24.106 player pos=(28962,709,24300) ground=709 vy=0 grounded=True blocked=False cam=(28962,763,23500) camDistXZ=800
22:42:24.366 player pos=(28962,709,24300) ground=709 vy=0 grounded=True blocked=False cam=(28962,763,23500) camDistXZ=800
22:42:24.494 loading 1.000 cam=(28962,763,23500) t=202983ms
22:42:24.620 player pos=(28962,709,24300) ground=709 vy=0 grounded=True blocked=False cam=(28962,763,23500) camDistXZ=800
22:42:24.886 player pos=(28962,709,24300) ground=709 vy=0 grounded=True blocked=False cam=(28962,763,23500) camDistXZ=800
22:42:25.138 player pos=(28962,709,24300) ground=709 vy=0 grounded=True blocked=False cam=(28962,763,23500) camDistXZ=800
22:42:25.401 player pos=(28962,709,24300) ground=709 vy=0 grounded=True blocked=False cam=(28962,763,23500) camDistXZ=800
22:42:25.653 player pos=(28962,709,24300) ground=709 vy=0 grounded=True blocked=False cam=(28962,763,23500) camDistXZ=800
22:42:25.913 player pos=(28962,709,24300) ground=709 vy=0 grounded=True blocked=False cam=(28962,763,23500) camDistXZ=800
22:42:26.164 player pos=(28962,709,24300) ground=709 vy=0 grounded=True blocked=False cam=(28962,763,23500) camDistXZ=800
22:42:26.430 player pos=(28962,709,24300) ground=709 vy=0 grounded=True blocked=False cam=(28962,763,23500) camDistXZ=800
22:42:26.503 loading 1.000 cam=(28962,763,23500) t=204993ms
22:42:26.683 player pos=(28962,709,24300) ground=709 vy=0 grounded=True blocked=False cam=(28962,763,23500) camDistXZ=800
22:42:26.945 player pos=(28962,709,24300) ground=709 vy=0 grounded=True blocked=False cam=(28962,763,23500) camDistXZ=800
22:42:27.205 player pos=(28962,709,24300) ground=709 vy=0 grounded=True blocked=False cam=(28962,763,23500) camDistXZ=800
22:42:27.465 player pos=(28962,709,24300) ground=709 vy=0 grounded=True blocked=False cam=(28962,763,23500) camDistXZ=800
22:42:27.717 player pos=(28962,709,24300) ground=709 vy=0 grounded=True blocked=False cam=(28962,763,23500) camDistXZ=800
22:42:27.980 player pos=(28962,709,24300) ground=709 vy=0 grounded=True blocked=False cam=(28962,763,23500) camDistXZ=800
22:42:28.230 player pos=(28962,709,24300) ground=709 vy=0 grounded=True blocked=False cam=(28962,763,23500) camDistXZ=800
22:42:28.494 player pos=(28962,709,24300) ground=709 vy=0 grounded=True blocked=False cam=(28962,763,23500) camDistXZ=800
22:42:28.514 loading 1.000 cam=(28962,763,23500) t=207004ms
22:42:28.754 player pos=(28962,709,24300) ground=709 vy=0 grounded=True blocked=False cam=(28962,763,23500) camDistXZ=800
22:42:29.016 player pos=(28962,709,24300) ground=709 vy=0 grounded=True blocked=False cam=(28962,763,23500) camDistXZ=800
22:42:29.268 player pos=(28962,709,24300) ground=709 vy=0 grounded=True blocked=False cam=(28962,763,23500) camDistXZ=800
22:42:29.528 player pos=(28962,709,24300) ground=709 vy=0 grounded=True blocked=False cam=(28962,763,23500) camDistXZ=800
22:42:29.784 player pos=(28962,709,24300) ground=709 vy=0 grounded=True blocked=False cam=(28962,763,23500) camDistXZ=800
22:42:30.046 player pos=(28962,709,24300) ground=709 vy=0 grounded=True blocked=False cam=(28962,763,23500) camDistXZ=800
22:42:30.301 player pos=(28962,709,24300) ground=709 vy=0 grounded=True blocked=False cam=(28962,763,23500) camDistXZ=800
22:42:30.532 loading 1.000 cam=(28962,763,23500) t=209021ms
22:42:30.563 player pos=(28962,709,24300) ground=709 vy=0 grounded=True blocked=False cam=(28962,763,23500) camDistXZ=800
22:42:30.816 player pos=(28962,709,24300) ground=709 vy=0 grounded=True blocked=False cam=(28962,763,23500) camDistXZ=800
22:42:31.078 player pos=(28962,709,24300) ground=709 vy=0 grounded=True blocked=False cam=(28962,763,23500) camDistXZ=800
22:42:31.334 player pos=(28962,709,24300) ground=709 vy=0 grounded=True blocked=False cam=(28962,763,23500) camDistXZ=800
22:42:31.595 player pos=(28962,709,24300) ground=709 vy=0 grounded=True blocked=False cam=(28962,763,23500) camDistXZ=800
22:42:31.849 player pos=(28962,709,24300) ground=709 vy=0 grounded=True blocked=False cam=(28962,763,23500) camDistXZ=800
22:42:32.113 player pos=(28962,709,24300) ground=709 vy=0 grounded=True blocked=False cam=(28962,763,23500) camDistXZ=800
22:42:32.365 player pos=(28962,709,24300) ground=709 vy=0 grounded=True blocked=False cam=(28962,763,23500) camDistXZ=800
22:42:32.546 loading 1.000 cam=(28962,763,23500) t=211036ms
22:42:32.631 player pos=(28962,709,24300) ground=709 vy=0 grounded=True blocked=False cam=(28962,763,23500) camDistXZ=800
22:42:32.884 player pos=(28962,709,24300) ground=709 vy=0 grounded=True blocked=False cam=(28962,763,23500) camDistXZ=800
22:42:33.139 player pos=(28962,709,24300) ground=709 vy=0 grounded=True blocked=False cam=(28962,763,23500) camDistXZ=800
22:42:33.389 player pos=(28962,709,24300) ground=709 vy=0 grounded=True blocked=False cam=(28962,763,23500) camDistXZ=800
22:42:33.649 player pos=(28962,709,24300) ground=709 vy=0 grounded=True blocked=False cam=(28962,763,23500) camDistXZ=800
22:42:33.902 player pos=(28962,709,24300) ground=709 vy=0 grounded=True blocked=False cam=(28962,763,23500) camDistXZ=800
22:42:34.166 player pos=(28962,709,24300) ground=709 vy=0 grounded=True blocked=False cam=(28962,763,23500) camDistXZ=800
22:42:34.420 player pos=(28962,709,24300) ground=709 vy=0 grounded=True blocked=False cam=(28962,763,23500) camDistXZ=800
22:42:34.562 loading 1.000 cam=(28962,763,23500) t=213051ms
22:42:34.680 player pos=(28962,709,24300) ground=709 vy=0 grounded=True blocked=False cam=(28962,763,23500) camDistXZ=800
22:42:34.930 player pos=(28962,709,24300) ground=709 vy=0 grounded=True blocked=False cam=(28962,763,23500) camDistXZ=800
22:42:35.193 player pos=(28962,709,24300) ground=709 vy=0 grounded=True blocked=False cam=(28962,763,23500) camDistXZ=800
22:42:35.453 player pos=(28962,709,24300) ground=709 vy=0 grounded=True blocked=False cam=(28962,763,23500) camDistXZ=800
22:42:35.717 player pos=(28962,709,24300) ground=709 vy=0 grounded=True blocked=False cam=(28962,763,23500) camDistXZ=800
22:42:35.970 player pos=(28962,709,24300) ground=709 vy=0 grounded=True blocked=False cam=(28962,763,23500) camDistXZ=800
22:42:36.233 player pos=(28962,709,24300) ground=709 vy=0 grounded=True blocked=False cam=(28962,763,23500) camDistXZ=800
22:42:36.489 player pos=(28962,709,24300) ground=709 vy=0 grounded=True blocked=False cam=(28962,763,23500) camDistXZ=800
22:42:36.579 loading 1.000 cam=(28962,763,23500) t=215068ms
22:42:36.751 player pos=(28962,709,24300) ground=709 vy=0 grounded=True blocked=False cam=(28962,763,23500) camDistXZ=800
22:42:37.003 player pos=(28962,709,24300) ground=709 vy=0 grounded=True blocked=False cam=(28962,763,23500) camDistXZ=800
22:42:37.266 player pos=(28962,709,24300) ground=709 vy=0 grounded=True blocked=False cam=(28962,763,23500) camDistXZ=800
22:42:37.521 player pos=(28962,709,24300) ground=709 vy=0 grounded=True blocked=False cam=(28962,763,23500) camDistXZ=800
22:42:37.781 player pos=(28962,709,24300) ground=709 vy=0 grounded=True blocked=False cam=(28962,763,23500) camDistXZ=800
22:42:38.032 player pos=(28962,709,24300) ground=709 vy=0 grounded=True blocked=False cam=(28962,763,23500) camDistXZ=800
22:42:38.291 player pos=(28962,709,24300) ground=709 vy=0 grounded=True blocked=False cam=(28962,763,23500) camDistXZ=800
22:42:38.545 player pos=(28962,709,24300) ground=709 vy=0 grounded=True blocked=False cam=(28962,763,23500) camDistXZ=800
22:42:38.584 loading 1.000 cam=(28962,763,23500) t=217074ms
22:42:38.806 player pos=(28962,709,24300) ground=709 vy=0 grounded=True blocked=False cam=(28962,763,23500) camDistXZ=800
22:42:39.063 player pos=(28962,709,24300) ground=709 vy=0 grounded=True blocked=False cam=(28962,763,23500) camDistXZ=800
22:42:39.333 player pos=(28962,709,24300) ground=709 vy=0 grounded=True blocked=False cam=(28962,763,23500) camDistXZ=800
22:42:39.583 player pos=(28962,709,24300) ground=709 vy=0 grounded=True blocked=False cam=(28962,763,23500) camDistXZ=800
22:42:39.853 player pos=(28962,709,24300) ground=709 vy=0 grounded=True blocked=False cam=(28962,763,23500) camDistXZ=800
22:42:40.115 player pos=(28962,709,24300) ground=709 vy=0 grounded=True blocked=False cam=(28962,763,23500) camDistXZ=800
22:42:40.365 player pos=(28962,709,24300) ground=709 vy=0 grounded=True blocked=False cam=(28962,763,23500) camDistXZ=800
22:42:40.595 loading 1.000 cam=(28962,763,23500) t=219084ms
22:42:40.627 player pos=(28962,709,24300) ground=709 vy=0 grounded=True blocked=False cam=(28962,763,23500) camDistXZ=800
22:42:40.879 player pos=(28962,709,24300) ground=709 vy=0 grounded=True blocked=False cam=(28962,763,23500) camDistXZ=800
22:42:41.141 player pos=(28962,709,24300) ground=709 vy=0 grounded=True blocked=False cam=(28962,763,23500) camDistXZ=800
22:42:41.396 player pos=(28962,709,24300) ground=709 vy=0 grounded=True blocked=False cam=(28962,763,23500) camDistXZ=800
22:42:41.661 player pos=(28962,709,24300) ground=709 vy=0 grounded=True blocked=False cam=(28962,763,23500) camDistXZ=800
22:42:41.915 player pos=(28962,709,24300) ground=709 vy=0 grounded=True blocked=False cam=(28962,763,23500) camDistXZ=800
22:42:42.181 player pos=(28962,709,24300) ground=709 vy=0 grounded=True blocked=False cam=(28962,763,23500) camDistXZ=800
22:42:42.431 player pos=(28962,709,24300) ground=709 vy=0 grounded=True blocked=False cam=(28962,763,23500) camDistXZ=800
22:42:42.609 loading 1.000 cam=(28962,763,23500) t=221098ms
22:42:42.692 player pos=(28962,709,24300) ground=709 vy=0 grounded=True blocked=False cam=(28962,763,23500) camDistXZ=800
22:42:42.946 player pos=(28962,709,24300) ground=709 vy=0 grounded=True blocked=False cam=(28962,763,23500) camDistXZ=800
22:42:43.206 player pos=(28962,709,24300) ground=709 vy=0 grounded=True blocked=False cam=(28962,763,23500) camDistXZ=800
22:42:43.458 player pos=(28962,709,24300) ground=709 vy=0 grounded=True blocked=False cam=(28962,763,23500) camDistXZ=800
22:42:43.719 player pos=(28962,709,24300) ground=709 vy=0 grounded=True blocked=False cam=(28962,763,23500) camDistXZ=800
22:42:43.971 player pos=(28962,709,24300) ground=709 vy=0 grounded=True blocked=False cam=(28962,763,23500) camDistXZ=800
22:42:44.233 player pos=(28962,709,24300) ground=709 vy=0 grounded=True blocked=False cam=(28962,763,23500) camDistXZ=800
22:42:44.484 player pos=(28962,709,24300) ground=709 vy=0 grounded=True blocked=False cam=(28962,763,23500) camDistXZ=800
22:42:44.625 loading 1.000 cam=(28962,763,23500) t=223114ms
22:42:44.744 player pos=(28962,709,24300) ground=709 vy=0 grounded=True blocked=False cam=(28962,763,23500) camDistXZ=800
22:42:44.999 player pos=(28962,709,24300) ground=709 vy=0 grounded=True blocked=False cam=(28962,763,23500) camDistXZ=800
22:42:45.261 player pos=(28962,709,24300) ground=709 vy=0 grounded=True blocked=False cam=(28962,763,23500) camDistXZ=800
22:42:45.511 player pos=(28962,709,24300) ground=709 vy=0 grounded=True blocked=False cam=(28962,763,23500) camDistXZ=800
22:42:45.761 player pos=(28962,709,24300) ground=709 vy=0 grounded=True blocked=False cam=(28962,763,23500) camDistXZ=800
22:42:46.017 player pos=(28962,709,24300) ground=709 vy=0 grounded=True blocked=False cam=(28962,763,23500) camDistXZ=800
22:42:46.281 player pos=(28962,709,24300) ground=709 vy=0 grounded=True blocked=False cam=(28962,763,23500) camDistXZ=800
22:42:46.531 player pos=(28962,709,24300) ground=709 vy=0 grounded=True blocked=False cam=(28962,763,23500) camDistXZ=800
22:42:46.638 loading 1.000 cam=(28962,763,23500) t=225129ms
22:42:46.793 player pos=(28962,709,24300) ground=709 vy=0 grounded=True blocked=False cam=(28962,763,23500) camDistXZ=800
22:42:47.044 player pos=(28962,709,24300) ground=709 vy=0 grounded=True blocked=False cam=(28962,763,23500) camDistXZ=800
22:42:47.304 player pos=(28962,709,24300) ground=709 vy=0 grounded=True blocked=False cam=(28962,763,23500) camDistXZ=800
22:42:47.556 player pos=(28962,709,24300) ground=709 vy=0 grounded=True blocked=False cam=(28962,763,23500) camDistXZ=800
22:42:47.816 player pos=(28962,709,24300) ground=709 vy=0 grounded=True blocked=False cam=(28962,763,23500) camDistXZ=800
22:42:48.069 player pos=(28962,709,24300) ground=709 vy=0 grounded=True blocked=False cam=(28962,763,23500) camDistXZ=800
22:42:48.331 player pos=(28962,709,24300) ground=709 vy=0 grounded=True blocked=False cam=(28962,763,23500) camDistXZ=800
22:42:48.597 player pos=(28962,709,24300) ground=709 vy=0 grounded=True blocked=False cam=(28962,763,23500) camDistXZ=800
22:42:48.653 loading 1.000 cam=(28962,763,23500) t=227142ms
22:42:48.859 player pos=(28962,709,24300) ground=709 vy=0 grounded=True blocked=False cam=(28962,763,23500) camDistXZ=800
22:42:49.113 player pos=(28962,709,24300) ground=709 vy=0 grounded=True blocked=False cam=(28962,763,23500) camDistXZ=800
22:42:49.375 player pos=(28962,709,24300) ground=709 vy=0 grounded=True blocked=False cam=(28962,763,23500) camDistXZ=800
22:42:49.636 player pos=(28962,709,24300) ground=709 vy=0 grounded=True blocked=False cam=(28962,763,23500) camDistXZ=800
22:42:49.899 player pos=(28962,709,24300) ground=709 vy=0 grounded=True blocked=False cam=(28962,763,23500) camDistXZ=800
22:42:50.148 player pos=(28962,709,24300) ground=709 vy=0 grounded=True blocked=False cam=(28962,763,23500) camDistXZ=800
22:42:50.415 player pos=(28962,709,24300) ground=709 vy=0 grounded=True blocked=False cam=(28962,763,23500) camDistXZ=800
22:42:50.654 loading 1.000 cam=(28962,763,23500) t=229144ms
22:42:50.669 player pos=(28962,709,24300) ground=709 vy=0 grounded=True blocked=False cam=(28962,763,23500) camDistXZ=800
22:42:50.930 player pos=(28962,709,24300) ground=709 vy=0 grounded=True blocked=False cam=(28962,763,23500) camDistXZ=800
22:42:51.182 player pos=(28962,709,24300) ground=709 vy=0 grounded=True blocked=False cam=(28962,763,23500) camDistXZ=800
22:42:51.444 player pos=(28962,709,24300) ground=709 vy=0 grounded=True blocked=False cam=(28962,763,23500) camDistXZ=800
22:42:51.695 player pos=(28962,709,24300) ground=709 vy=0 grounded=True blocked=False cam=(28962,763,23500) camDistXZ=800
22:42:51.956 player pos=(28962,709,24300) ground=709 vy=0 grounded=True blocked=False cam=(28962,763,23500) camDistXZ=800
22:42:52.209 player pos=(28962,709,24300) ground=709 vy=0 grounded=True blocked=False cam=(28962,763,23500) camDistXZ=800
22:42:52.458 player pos=(28962,709,24300) ground=709 vy=0 grounded=True blocked=False cam=(28962,763,23500) camDistXZ=800
22:42:52.662 loading 1.000 cam=(28962,763,23500) t=231151ms
22:42:52.710 player pos=(28962,709,24300) ground=709 vy=0 grounded=True blocked=False cam=(28962,763,23500) camDistXZ=800
22:42:52.971 player pos=(28962,709,24300) ground=709 vy=0 grounded=True blocked=False cam=(28962,763,23500) camDistXZ=800
22:42:53.221 player pos=(28962,709,24300) ground=709 vy=0 grounded=True blocked=False cam=(28962,763,23500) camDistXZ=800
22:42:53.485 player pos=(28962,709,24300) ground=709 vy=0 grounded=True blocked=False cam=(28962,763,23500) camDistXZ=800
22:42:53.737 player pos=(28962,709,24300) ground=709 vy=0 grounded=True blocked=False cam=(28962,763,23500) camDistXZ=800
22:42:54.002 player pos=(28962,709,24300) ground=709 vy=0 grounded=True blocked=False cam=(28962,763,23500) camDistXZ=800
22:42:54.268 player pos=(28962,709,24300) ground=709 vy=0 grounded=True blocked=False cam=(28962,763,23500) camDistXZ=800
22:42:54.526 player pos=(28962,709,24300) ground=709 vy=0 grounded=True blocked=False cam=(28962,763,23500) camDistXZ=800
22:42:54.662 loading 1.000 cam=(28962,763,23500) t=233151ms
22:42:54.781 player pos=(28962,709,24300) ground=709 vy=0 grounded=True blocked=False cam=(28962,763,23500) camDistXZ=800
22:42:55.042 player pos=(28962,709,24300) ground=709 vy=0 grounded=True blocked=False cam=(28962,763,23500) camDistXZ=800
22:42:55.296 player pos=(28962,709,24300) ground=709 vy=0 grounded=True blocked=False cam=(28962,763,23500) camDistXZ=800
22:42:55.549 player pos=(28962,709,24300) ground=709 vy=0 grounded=True blocked=False cam=(28962,763,23500) camDistXZ=800
22:42:55.802 player pos=(28962,709,24300) ground=709 vy=0 grounded=True blocked=False cam=(28962,763,23500) camDistXZ=800
22:42:56.065 player pos=(28962,709,24300) ground=709 vy=0 grounded=True blocked=False cam=(28962,763,23500) camDistXZ=800
22:42:56.316 player pos=(28962,709,24300) ground=709 vy=0 grounded=True blocked=False cam=(28962,763,23500) camDistXZ=800
22:42:56.580 player pos=(28962,709,24300) ground=709 vy=0 grounded=True blocked=False cam=(28962,763,23500) camDistXZ=800
22:42:56.680 loading 1.000 cam=(28962,763,23500) t=235170ms
22:42:56.834 player pos=(28962,709,24300) ground=709 vy=0 grounded=True blocked=False cam=(28962,763,23500) camDistXZ=800
22:42:57.093 player pos=(28962,709,24300) ground=709 vy=0 grounded=True blocked=False cam=(28962,763,23500) camDistXZ=800
22:42:57.346 player pos=(28962,709,24300) ground=709 vy=0 grounded=True blocked=False cam=(28962,763,23500) camDistXZ=800
22:42:57.607 player pos=(28962,709,24300) ground=709 vy=0 grounded=True blocked=False cam=(28962,763,23500) camDistXZ=800
22:42:57.858 player pos=(28962,709,24300) ground=709 vy=0 grounded=True blocked=False cam=(28962,763,23500) camDistXZ=800
22:42:58.122 player pos=(28962,709,24300) ground=709 vy=0 grounded=True blocked=False cam=(28962,763,23500) camDistXZ=800
22:42:58.376 player pos=(28962,709,24300) ground=709 vy=0 grounded=True blocked=False cam=(28962,763,23500) camDistXZ=800
22:42:58.639 player pos=(28962,709,24300) ground=709 vy=0 grounded=True blocked=False cam=(28962,763,23500) camDistXZ=800
22:42:58.694 loading 1.000 cam=(28962,763,23500) t=237184ms
22:42:58.891 player pos=(28962,709,24300) ground=709 vy=0 grounded=True blocked=False cam=(28962,763,23500) camDistXZ=800
22:42:59.153 player pos=(28962,709,24300) ground=709 vy=0 grounded=True blocked=False cam=(28962,763,23500) camDistXZ=800
22:42:59.404 player pos=(28962,709,24300) ground=709 vy=0 grounded=True blocked=False cam=(28962,763,23500) camDistXZ=800
22:42:59.665 player pos=(28962,709,24300) ground=709 vy=0 grounded=True blocked=False cam=(28962,763,23500) camDistXZ=800
22:42:59.918 player pos=(28962,709,24300) ground=709 vy=0 grounded=True blocked=False cam=(28962,763,23500) camDistXZ=800
22:43:00.181 player pos=(28962,709,24300) ground=709 vy=0 grounded=True blocked=False cam=(28962,763,23500) camDistXZ=800
22:43:00.432 player pos=(28962,709,24300) ground=709 vy=0 grounded=True blocked=False cam=(28962,763,23500) camDistXZ=800
22:43:00.697 player pos=(28962,709,24300) ground=709 vy=0 grounded=True blocked=False cam=(28962,763,23500) camDistXZ=800
22:43:00.701 loading 1.000 cam=(28962,763,23500) t=239191ms
22:43:00.950 player pos=(28962,709,24300) ground=709 vy=0 grounded=True blocked=False cam=(28962,763,23500) camDistXZ=800
22:43:01.212 player pos=(28962,709,24300) ground=709 vy=0 grounded=True blocked=False cam=(28962,763,23500) camDistXZ=800
22:43:01.463 player pos=(28962,709,24300) ground=709 vy=0 grounded=True blocked=False cam=(28962,763,23500) camDistXZ=800
22:43:01.724 player pos=(28962,709,24300) ground=709 vy=0 grounded=True blocked=False cam=(28962,763,23500) camDistXZ=800
22:43:01.975 player pos=(28962,709,24300) ground=709 vy=0 grounded=True blocked=False cam=(28962,763,23500) camDistXZ=800
22:43:02.239 player pos=(28962,709,24300) ground=709 vy=0 grounded=True blocked=False cam=(28962,763,23500) camDistXZ=800
22:43:02.505 player pos=(28962,709,24300) ground=709 vy=0 grounded=True blocked=False cam=(28962,763,23500) camDistXZ=800
22:43:02.716 loading 1.000 cam=(28962,763,23500) t=241206ms
22:43:02.765 player pos=(28962,709,24300) ground=709 vy=0 grounded=True blocked=False cam=(28962,763,23500) camDistXZ=800
22:43:03.025 player pos=(28962,709,24300) ground=709 vy=0 grounded=True blocked=False cam=(28962,763,23500) camDistXZ=800
22:43:03.286 player pos=(28962,709,24300) ground=709 vy=0 grounded=True blocked=False cam=(28962,763,23500) camDistXZ=800
22:43:03.539 player pos=(28962,709,24300) ground=709 vy=0 grounded=True blocked=False cam=(28962,763,23500) camDistXZ=800
22:43:03.788 player pos=(28962,709,24300) ground=709 vy=0 grounded=True blocked=False cam=(28962,763,23500) camDistXZ=800
22:43:04.041 player pos=(28962,709,24300) ground=709 vy=0 grounded=True blocked=False cam=(28962,763,23500) camDistXZ=800
22:43:04.302 player pos=(28962,709,24300) ground=709 vy=0 grounded=True blocked=False cam=(28962,763,23500) camDistXZ=800
22:43:04.553 player pos=(28962,709,24300) ground=709 vy=0 grounded=True blocked=False cam=(28962,763,23500) camDistXZ=800
22:43:04.729 loading 1.000 cam=(28962,763,23500) t=243219ms
22:43:04.813 player pos=(28962,709,24300) ground=709 vy=0 grounded=True blocked=False cam=(28962,763,23500) camDistXZ=800
22:43:05.064 player pos=(28962,709,24300) ground=709 vy=0 grounded=True blocked=False cam=(28962,763,23500) camDistXZ=800
22:43:05.328 player pos=(28962,709,24300) ground=709 vy=0 grounded=True blocked=False cam=(28962,763,23500) camDistXZ=800
22:43:05.580 player pos=(28962,709,24300) ground=709 vy=0 grounded=True blocked=False cam=(28962,763,23500) camDistXZ=800
22:43:05.840 player pos=(28962,709,24300) ground=709 vy=0 grounded=True blocked=False cam=(28962,763,23500) camDistXZ=800
22:43:06.090 player pos=(28962,709,24300) ground=709 vy=0 grounded=True blocked=False cam=(28962,763,23500) camDistXZ=800
22:43:06.351 player pos=(28962,709,24300) ground=709 vy=0 grounded=True blocked=False cam=(28962,763,23500) camDistXZ=800
22:43:06.608 player pos=(28962,709,24300) ground=709 vy=0 grounded=True blocked=False cam=(28962,763,23500) camDistXZ=800
22:43:06.734 loading 1.000 cam=(28962,763,23500) t=245223ms
22:43:06.873 player pos=(28962,709,24300) ground=709 vy=0 grounded=True blocked=False cam=(28962,763,23500) camDistXZ=800
22:43:07.123 player pos=(28962,709,24300) ground=709 vy=0 grounded=True blocked=False cam=(28962,763,23500) camDistXZ=800
22:43:07.388 player pos=(28962,709,24300) ground=709 vy=0 grounded=True blocked=False cam=(28962,763,23500) camDistXZ=800
22:43:07.640 player pos=(28962,709,24300) ground=709 vy=0 grounded=True blocked=False cam=(28962,763,23500) camDistXZ=800
22:43:07.900 player pos=(28962,709,24300) ground=709 vy=0 grounded=True blocked=False cam=(28962,763,23500) camDistXZ=800
22:43:08.153 player pos=(28962,709,24300) ground=709 vy=0 grounded=True blocked=False cam=(28962,763,23500) camDistXZ=800
22:43:08.414 player pos=(28962,709,24300) ground=709 vy=0 grounded=True blocked=False cam=(28962,763,23500) camDistXZ=800
22:43:08.666 player pos=(28962,709,24300) ground=709 vy=0 grounded=True blocked=False cam=(28962,763,23500) camDistXZ=800
22:43:08.739 loading 1.000 cam=(28962,763,23500) t=247228ms
22:43:08.928 player pos=(28962,709,24300) ground=709 vy=0 grounded=True blocked=False cam=(28962,763,23500) camDistXZ=800
22:43:09.182 player pos=(28962,709,24300) ground=709 vy=0 grounded=True blocked=False cam=(28962,763,23500) camDistXZ=800
22:43:09.443 player pos=(28962,709,24300) ground=709 vy=0 grounded=True blocked=False cam=(28962,763,23500) camDistXZ=800
22:43:09.697 player pos=(28962,709,24300) ground=709 vy=0 grounded=True blocked=False cam=(28962,763,23500) camDistXZ=800
22:43:09.969 player pos=(28962,709,24300) ground=709 vy=0 grounded=True blocked=False cam=(28962,763,23500) camDistXZ=800
22:43:10.210 player pos=(28962,709,24300) ground=709 vy=0 grounded=True blocked=False cam=(28962,763,23500) camDistXZ=800
22:43:10.485 player pos=(28962,709,24300) ground=709 vy=0 grounded=True blocked=False cam=(28962,763,23500) camDistXZ=800
22:43:10.728 player pos=(28962,709,24300) ground=709 vy=0 grounded=True blocked=False cam=(28962,763,23500) camDistXZ=800
22:43:10.748 loading 1.000 cam=(28962,763,23500) t=249237ms
22:43:10.996 player pos=(28962,709,24300) ground=709 vy=0 grounded=True blocked=False cam=(28962,763,23500) camDistXZ=800
22:43:11.238 player pos=(28962,709,24300) ground=709 vy=0 grounded=True blocked=False cam=(28962,763,23500) camDistXZ=800
22:43:11.509 player pos=(28962,709,24300) ground=709 vy=0 grounded=True blocked=False cam=(28962,763,23500) camDistXZ=800
22:43:11.755 player pos=(28962,709,24300) ground=709 vy=0 grounded=True blocked=False cam=(28962,763,23500) camDistXZ=800
22:43:12.025 player pos=(28962,709,24300) ground=709 vy=0 grounded=True blocked=False cam=(28962,763,23500) camDistXZ=800
22:43:12.267 player pos=(28962,709,24300) ground=709 vy=0 grounded=True blocked=False cam=(28962,763,23500) camDistXZ=800
22:43:12.537 player pos=(28962,709,24300) ground=709 vy=0 grounded=True blocked=False cam=(28962,763,23500) camDistXZ=800
22:43:12.752 loading 1.000 cam=(28962,763,23500) t=251241ms
22:43:12.784 player pos=(28962,709,24300) ground=709 vy=0 grounded=True blocked=False cam=(28962,763,23500) camDistXZ=800
22:43:13.043 player pos=(28962,709,24300) ground=709 vy=0 grounded=True blocked=False cam=(28962,763,23500) camDistXZ=800
22:43:13.286 player pos=(28962,709,24300) ground=709 vy=0 grounded=True blocked=False cam=(28962,763,23500) camDistXZ=800
22:43:13.557 player pos=(28962,709,24300) ground=709 vy=0 grounded=True blocked=False cam=(28962,763,23500) camDistXZ=800
22:43:13.801 player pos=(28962,709,24300) ground=709 vy=0 grounded=True blocked=False cam=(28962,763,23500) camDistXZ=800
22:43:14.070 player pos=(28962,709,24300) ground=709 vy=0 grounded=True blocked=False cam=(28962,763,23500) camDistXZ=800
22:43:14.313 player pos=(28962,709,24300) ground=709 vy=0 grounded=True blocked=False cam=(28962,763,23500) camDistXZ=800
22:43:14.586 player pos=(28962,709,24300) ground=709 vy=0 grounded=True blocked=False cam=(28962,763,23500) camDistXZ=800
22:43:14.762 loading 1.000 cam=(28962,763,23500) t=253252ms
22:43:14.829 player pos=(28962,709,24300) ground=709 vy=0 grounded=True blocked=False cam=(28962,763,23500) camDistXZ=800
22:43:15.103 player pos=(28962,709,24300) ground=709 vy=0 grounded=True blocked=False cam=(28962,763,23500) camDistXZ=800
22:43:15.346 player pos=(28962,709,24300) ground=709 vy=0 grounded=True blocked=False cam=(28962,763,23500) camDistXZ=800
22:43:15.617 player pos=(28962,709,24300) ground=709 vy=0 grounded=True blocked=False cam=(28962,763,23500) camDistXZ=800
22:43:15.861 player pos=(28962,709,24300) ground=709 vy=0 grounded=True blocked=False cam=(28962,763,23500) camDistXZ=800
22:43:16.132 player pos=(28962,709,24300) ground=709 vy=0 grounded=True blocked=False cam=(28962,763,23500) camDistXZ=800
22:43:16.385 player pos=(28962,709,24300) ground=709 vy=0 grounded=True blocked=False cam=(28962,763,23500) camDistXZ=800
22:43:16.656 player pos=(28962,709,24300) ground=709 vy=0 grounded=True blocked=False cam=(28962,763,23500) camDistXZ=800
22:43:16.763 loading 1.000 cam=(28962,763,23500) t=255252ms
22:43:16.914 player pos=(28962,709,24300) ground=709 vy=0 grounded=True blocked=False cam=(28962,763,23500) camDistXZ=800
22:43:17.171 player pos=(28962,709,24300) ground=709 vy=0 grounded=True blocked=False cam=(28962,763,23500) camDistXZ=800
22:43:17.431 player pos=(28962,709,24300) ground=709 vy=0 grounded=True blocked=False cam=(28962,763,23500) camDistXZ=800
22:43:17.685 player pos=(28962,709,24300) ground=709 vy=0 grounded=True blocked=False cam=(28962,763,23500) camDistXZ=800
22:43:17.949 player pos=(28962,709,24300) ground=709 vy=0 grounded=True blocked=False cam=(28962,763,23500) camDistXZ=800
22:43:18.203 player pos=(28962,709,24300) ground=709 vy=0 grounded=True blocked=False cam=(28962,763,23500) camDistXZ=800
22:43:18.469 player pos=(28962,709,24300) ground=709 vy=0 grounded=True blocked=False cam=(28962,763,23500) camDistXZ=800
22:43:18.720 player pos=(28962,709,24300) ground=709 vy=0 grounded=True blocked=False cam=(28962,763,23500) camDistXZ=800
22:43:18.777 loading 1.000 cam=(28962,763,23500) t=257266ms
22:43:18.985 player pos=(28962,709,24300) ground=709 vy=0 grounded=True blocked=False cam=(28962,763,23500) camDistXZ=800
22:43:19.243 player pos=(28962,709,24300) ground=709 vy=0 grounded=True blocked=False cam=(28962,763,23500) camDistXZ=800
22:43:19.503 player pos=(28962,709,24300) ground=709 vy=0 grounded=True blocked=False cam=(28962,763,23500) camDistXZ=800
22:43:19.769 player pos=(28962,709,24300) ground=709 vy=0 grounded=True blocked=False cam=(28962,763,23500) camDistXZ=800
22:43:20.027 player pos=(28962,709,24300) ground=709 vy=0 grounded=True blocked=False cam=(28962,763,23500) camDistXZ=800
22:43:20.281 player pos=(28962,709,24300) ground=709 vy=0 grounded=True blocked=False cam=(28962,763,23500) camDistXZ=800
22:43:20.545 player pos=(28962,709,24300) ground=709 vy=0 grounded=True blocked=False cam=(28962,763,23500) camDistXZ=800
22:43:20.788 loading 1.000 cam=(28962,763,23500) t=259278ms
22:43:20.803 player pos=(28962,709,24300) ground=709 vy=0 grounded=True blocked=False cam=(28962,763,23500) camDistXZ=800
22:43:21.065 player pos=(28962,709,24300) ground=709 vy=0 grounded=True blocked=False cam=(28962,763,23500) camDistXZ=800
22:43:21.316 player pos=(28962,709,24300) ground=709 vy=0 grounded=True blocked=False cam=(28962,763,23500) camDistXZ=800
22:43:21.573 player pos=(28962,709,24300) ground=709 vy=0 grounded=True blocked=False cam=(28962,763,23500) camDistXZ=800
22:43:21.826 player pos=(28962,709,24300) ground=709 vy=0 grounded=True blocked=False cam=(28962,763,23500) camDistXZ=800
22:43:22.092 player pos=(28962,709,24300) ground=709 vy=0 grounded=True blocked=False cam=(28962,763,23500) camDistXZ=800
22:43:22.347 player pos=(28962,709,24300) ground=709 vy=0 grounded=True blocked=False cam=(28962,763,23500) camDistXZ=800
22:43:22.609 player pos=(28962,709,24300) ground=709 vy=0 grounded=True blocked=False cam=(28962,763,23500) camDistXZ=800
22:43:22.796 loading 1.000 cam=(28962,763,23500) t=261285ms
22:43:22.861 player pos=(28962,709,24300) ground=709 vy=0 grounded=True blocked=False cam=(28962,763,23500) camDistXZ=800
22:43:23.123 player pos=(28962,709,24300) ground=709 vy=0 grounded=True blocked=False cam=(28962,763,23500) camDistXZ=800
22:43:23.375 player pos=(28962,709,24300) ground=709 vy=0 grounded=True blocked=False cam=(28962,763,23500) camDistXZ=800
22:43:23.640 player pos=(28962,709,24300) ground=709 vy=0 grounded=True blocked=False cam=(28962,763,23500) camDistXZ=800
22:43:23.893 player pos=(28962,709,24300) ground=709 vy=0 grounded=True blocked=False cam=(28962,763,23500) camDistXZ=800
22:43:24.154 player pos=(28962,709,24300) ground=709 vy=0 grounded=True blocked=False cam=(28962,763,23500) camDistXZ=800
22:43:24.418 player pos=(28962,709,24300) ground=709 vy=0 grounded=True blocked=False cam=(28962,763,23500) camDistXZ=800
22:43:24.683 player pos=(28962,709,24300) ground=709 vy=0 grounded=True blocked=False cam=(28962,763,23500) camDistXZ=800
22:43:24.799 loading 1.000 cam=(28962,763,23500) t=263288ms
22:43:24.933 player pos=(28962,709,24300) ground=709 vy=0 grounded=True blocked=False cam=(28962,763,23500) camDistXZ=800
22:43:25.197 player pos=(28962,709,24300) ground=709 vy=0 grounded=True blocked=False cam=(28962,763,23500) camDistXZ=800
22:43:25.450 player pos=(28962,709,24300) ground=709 vy=0 grounded=True blocked=False cam=(28962,763,23500) camDistXZ=800
22:43:25.712 player pos=(28962,709,24300) ground=709 vy=0 grounded=True blocked=False cam=(28962,763,23500) camDistXZ=800
22:43:25.968 player pos=(28962,709,24300) ground=709 vy=0 grounded=True blocked=False cam=(28962,763,23500) camDistXZ=800
22:43:26.233 player pos=(28962,709,24300) ground=709 vy=0 grounded=True blocked=False cam=(28962,763,23500) camDistXZ=800
22:43:26.483 player pos=(28962,709,24300) ground=709 vy=0 grounded=True blocked=False cam=(28962,763,23500) camDistXZ=800
22:43:26.747 player pos=(28962,709,24300) ground=709 vy=0 grounded=True blocked=False cam=(28962,763,23500) camDistXZ=800
22:43:26.803 loading 1.000 cam=(28962,763,23500) t=265292ms
22:43:27.001 player pos=(28962,709,24300) ground=709 vy=0 grounded=True blocked=False cam=(28962,763,23500) camDistXZ=800
22:43:27.262 player pos=(28962,709,24300) ground=709 vy=0 grounded=True blocked=False cam=(28962,763,23500) camDistXZ=800
22:43:27.516 player pos=(28962,709,24300) ground=709 vy=0 grounded=True blocked=False cam=(28962,763,23500) camDistXZ=800
22:43:27.779 player pos=(28962,709,24300) ground=709 vy=0 grounded=True blocked=False cam=(28962,763,23500) camDistXZ=800
22:43:28.033 player pos=(28962,709,24300) ground=709 vy=0 grounded=True blocked=False cam=(28962,763,23500) camDistXZ=800
22:43:28.297 player pos=(28962,709,24300) ground=709 vy=0 grounded=True blocked=False cam=(28962,763,23500) camDistXZ=800
22:43:28.548 player pos=(28962,709,24300) ground=709 vy=0 grounded=True blocked=False cam=(28962,763,23500) camDistXZ=800
22:43:28.810 player pos=(28962,709,24300) ground=709 vy=0 grounded=True blocked=False cam=(28962,763,23500) camDistXZ=800
22:43:28.814 loading 1.000 cam=(28962,763,23500) t=267303ms
22:43:29.070 player pos=(28962,709,24300) ground=709 vy=0 grounded=True blocked=False cam=(28962,763,23500) camDistXZ=800
22:43:29.330 player pos=(28962,709,24300) ground=709 vy=0 grounded=True blocked=False cam=(28962,763,23500) camDistXZ=800
22:43:29.581 player pos=(28962,709,24300) ground=709 vy=0 grounded=True blocked=False cam=(28962,763,23500) camDistXZ=800
22:43:29.843 player pos=(28962,709,24300) ground=709 vy=0 grounded=True blocked=False cam=(28962,763,23500) camDistXZ=800
22:43:30.096 player pos=(28962,709,24300) ground=709 vy=0 grounded=True blocked=False cam=(28962,763,23500) camDistXZ=800
22:43:30.358 player pos=(28962,709,24300) ground=709 vy=0 grounded=True blocked=False cam=(28962,763,23500) camDistXZ=800
22:43:30.618 player pos=(28962,709,24300) ground=709 vy=0 grounded=True blocked=False cam=(28962,763,23500) camDistXZ=800
22:43:30.830 loading 1.000 cam=(28962,763,23500) t=269320ms
22:43:30.880 player pos=(28962,709,24300) ground=709 vy=0 grounded=True blocked=False cam=(28962,763,23500) camDistXZ=800
22:43:31.136 player pos=(28962,709,24300) ground=709 vy=0 grounded=True blocked=False cam=(28962,763,23500) camDistXZ=800
22:43:31.405 player pos=(28962,709,24300) ground=709 vy=0 grounded=True blocked=False cam=(28962,763,23500) camDistXZ=800
22:43:31.648 player pos=(28962,709,24300) ground=709 vy=0 grounded=True blocked=False cam=(28962,763,23500) camDistXZ=800
22:43:31.918 player pos=(28962,709,24300) ground=709 vy=0 grounded=True blocked=False cam=(28962,763,23500) camDistXZ=800
22:43:32.162 player pos=(28962,709,24300) ground=709 vy=0 grounded=True blocked=False cam=(28962,763,23500) camDistXZ=800
22:43:32.434 player pos=(28962,709,24300) ground=709 vy=0 grounded=True blocked=False cam=(28962,763,23500) camDistXZ=800
22:43:32.677 player pos=(28962,709,24300) ground=709 vy=0 grounded=True blocked=False cam=(28962,763,23500) camDistXZ=800
22:43:32.842 loading 1.000 cam=(28962,763,23500) t=271331ms
22:43:32.950 player pos=(28962,709,24300) ground=709 vy=0 grounded=True blocked=False cam=(28962,763,23500) camDistXZ=800
22:43:33.191 player pos=(28962,709,24300) ground=709 vy=0 grounded=True blocked=False cam=(28962,763,23500) camDistXZ=800
22:43:33.453 player pos=(28962,709,24300) ground=709 vy=0 grounded=True blocked=False cam=(28962,763,23500) camDistXZ=800
22:43:33.698 player pos=(28962,709,24300) ground=709 vy=0 grounded=True blocked=False cam=(28962,763,23500) camDistXZ=800
22:43:33.970 player pos=(28962,709,24300) ground=709 vy=0 grounded=True blocked=False cam=(28962,763,23500) camDistXZ=800
22:43:34.225 player pos=(28962,709,24300) ground=709 vy=0 grounded=True blocked=False cam=(28962,763,23500) camDistXZ=800
22:43:34.494 player pos=(28962,709,24300) ground=709 vy=0 grounded=True blocked=False cam=(28962,763,23500) camDistXZ=800
22:43:34.754 player pos=(28962,709,24300) ground=709 vy=0 grounded=True blocked=False cam=(28962,763,23500) camDistXZ=800
22:43:34.844 loading 1.000 cam=(28962,763,23500) t=273333ms
22:43:35.021 player pos=(28962,709,24300) ground=709 vy=0 grounded=True blocked=False cam=(28962,763,23500) camDistXZ=800
22:43:35.286 player pos=(28962,709,24300) ground=709 vy=0 grounded=True blocked=False cam=(28962,763,23500) camDistXZ=800
22:43:35.540 player pos=(28962,709,24300) ground=709 vy=0 grounded=True blocked=False cam=(28962,763,23500) camDistXZ=800
22:43:35.803 player pos=(28962,709,24300) ground=709 vy=0 grounded=True blocked=False cam=(28962,763,23500) camDistXZ=800
22:43:36.053 player pos=(28962,709,24300) ground=709 vy=0 grounded=True blocked=False cam=(28962,763,23500) camDistXZ=800
22:43:36.316 player pos=(28962,709,24300) ground=709 vy=0 grounded=True blocked=False cam=(28962,763,23500) camDistXZ=800
22:43:36.578 player pos=(28962,709,24300) ground=709 vy=0 grounded=True blocked=False cam=(28962,763,23500) camDistXZ=800
22:43:36.838 player pos=(28962,709,24300) ground=709 vy=0 grounded=True blocked=False cam=(28962,763,23500) camDistXZ=800
22:43:36.860 loading 1.000 cam=(28962,763,23500) t=275350ms
22:43:37.092 player pos=(28962,709,24300) ground=709 vy=0 grounded=True blocked=False cam=(28962,763,23500) camDistXZ=800
22:43:37.356 player pos=(28962,709,24300) ground=709 vy=0 grounded=True blocked=False cam=(28962,763,23500) camDistXZ=800
22:43:37.609 player pos=(28962,709,24300) ground=709 vy=0 grounded=True blocked=False cam=(28962,763,23500) camDistXZ=800
22:43:37.870 player pos=(28962,709,24300) ground=709 vy=0 grounded=True blocked=False cam=(28962,763,23500) camDistXZ=800
22:43:38.121 player pos=(28962,709,24300) ground=709 vy=0 grounded=True blocked=False cam=(28962,763,23500) camDistXZ=800
22:43:38.380 player pos=(28962,709,24300) ground=709 vy=0 grounded=True blocked=False cam=(28962,763,23500) camDistXZ=800
22:43:38.633 player pos=(28962,709,24300) ground=709 vy=0 grounded=True blocked=False cam=(28962,763,23500) camDistXZ=800
22:43:38.878 loading 1.000 cam=(28962,763,23500) t=277367ms
22:43:38.891 player pos=(28962,709,24300) ground=709 vy=0 grounded=True blocked=False cam=(28962,763,23500) camDistXZ=800
22:43:39.144 player pos=(28962,709,24300) ground=709 vy=0 grounded=True blocked=False cam=(28962,763,23500) camDistXZ=800
22:43:39.411 player pos=(28962,709,24300) ground=709 vy=0 grounded=True blocked=False cam=(28962,763,23500) camDistXZ=800
22:43:39.666 player pos=(28962,709,24300) ground=709 vy=0 grounded=True blocked=False cam=(28962,763,23500) camDistXZ=800
22:43:39.928 player pos=(28962,709,24300) ground=709 vy=0 grounded=True blocked=False cam=(28962,763,23500) camDistXZ=800
22:43:40.185 player pos=(28962,709,24300) ground=709 vy=0 grounded=True blocked=False cam=(28962,763,23500) camDistXZ=800
22:43:40.448 player pos=(28962,709,24300) ground=709 vy=0 grounded=True blocked=False cam=(28962,763,23500) camDistXZ=800
22:43:40.703 player pos=(28962,709,24300) ground=709 vy=0 grounded=True blocked=False cam=(28962,763,23500) camDistXZ=800
22:43:40.880 loading 1.000 cam=(28962,763,23500) t=279370ms
22:43:40.964 player pos=(28962,709,24300) ground=709 vy=0 grounded=True blocked=False cam=(28962,763,23500) camDistXZ=800
22:43:41.214 player pos=(28962,709,24300) ground=709 vy=0 grounded=True blocked=False cam=(28962,763,23500) camDistXZ=800
22:43:41.474 player pos=(28962,709,24300) ground=709 vy=0 grounded=True blocked=False cam=(28962,763,23500) camDistXZ=800
22:43:41.726 player pos=(28962,709,24300) ground=709 vy=0 grounded=True blocked=False cam=(28962,763,23500) camDistXZ=800
22:43:41.987 player pos=(28962,709,24300) ground=709 vy=0 grounded=True blocked=False cam=(28962,763,23500) camDistXZ=800
22:43:42.237 player pos=(28962,709,24300) ground=709 vy=0 grounded=True blocked=False cam=(28962,763,23500) camDistXZ=800
22:43:42.503 player pos=(28962,709,24300) ground=709 vy=0 grounded=True blocked=False cam=(28962,763,23500) camDistXZ=800
22:43:42.753 player pos=(28962,709,24300) ground=709 vy=0 grounded=True blocked=False cam=(28962,763,23500) camDistXZ=800
22:43:42.897 loading 1.000 cam=(28962,763,23500) t=281387ms
22:43:43.017 player pos=(28962,709,24300) ground=709 vy=0 grounded=True blocked=False cam=(28962,763,23500) camDistXZ=800
22:43:43.271 player pos=(28962,709,24300) ground=709 vy=0 grounded=True blocked=False cam=(28962,763,23500) camDistXZ=800
22:43:43.534 player pos=(28962,709,24300) ground=709 vy=0 grounded=True blocked=False cam=(28962,763,23500) camDistXZ=800
22:43:43.786 player pos=(28962,709,24300) ground=709 vy=0 grounded=True blocked=False cam=(28962,763,23500) camDistXZ=800
22:43:44.048 player pos=(28962,709,24300) ground=709 vy=0 grounded=True blocked=False cam=(28962,763,23500) camDistXZ=800
22:43:44.298 player pos=(28962,709,24300) ground=709 vy=0 grounded=True blocked=False cam=(28962,763,23500) camDistXZ=800
22:43:44.560 player pos=(28962,709,24300) ground=709 vy=0 grounded=True blocked=False cam=(28962,763,23500) camDistXZ=800
22:43:44.813 player pos=(28962,709,24300) ground=709 vy=0 grounded=True blocked=False cam=(28962,763,23500) camDistXZ=800
22:43:44.905 loading 1.000 cam=(28962,763,23500) t=283395ms
22:43:45.077 player pos=(28962,709,24300) ground=709 vy=0 grounded=True blocked=False cam=(28962,763,23500) camDistXZ=800
22:43:45.331 player pos=(28962,709,24300) ground=709 vy=0 grounded=True blocked=False cam=(28962,763,23500) camDistXZ=800
22:43:45.588 player pos=(28962,709,24300) ground=709 vy=0 grounded=True blocked=False cam=(28962,763,23500) camDistXZ=800
22:43:45.841 player pos=(28962,709,24300) ground=709 vy=0 grounded=True blocked=False cam=(28962,763,23500) camDistXZ=800
22:43:46.108 player pos=(28962,709,24300) ground=709 vy=0 grounded=True blocked=False cam=(28962,763,23500) camDistXZ=800
22:43:46.360 player pos=(28962,709,24300) ground=709 vy=0 grounded=True blocked=False cam=(28962,763,23500) camDistXZ=800
22:43:46.621 player pos=(28962,709,24300) ground=709 vy=0 grounded=True blocked=False cam=(28962,763,23500) camDistXZ=800
22:43:46.874 player pos=(28962,709,24300) ground=709 vy=0 grounded=True blocked=False cam=(28962,763,23500) camDistXZ=800
22:43:46.912 loading 1.000 cam=(28962,763,23500) t=285402ms
22:43:47.135 player pos=(28962,709,24300) ground=709 vy=0 grounded=True blocked=False cam=(28962,763,23500) camDistXZ=800
22:43:47.391 player pos=(28962,709,24300) ground=709 vy=0 grounded=True blocked=False cam=(28962,763,23500) camDistXZ=800
22:43:47.657 player pos=(28962,709,24300) ground=709 vy=0 grounded=True blocked=False cam=(28962,763,23500) camDistXZ=800
22:43:47.923 player pos=(28962,709,24300) ground=709 vy=0 grounded=True blocked=False cam=(28962,763,23500) camDistXZ=800
22:43:48.185 player pos=(28962,709,24300) ground=709 vy=0 grounded=True blocked=False cam=(28962,763,23500) camDistXZ=800
22:43:48.438 player pos=(28962,709,24300) ground=709 vy=0 grounded=True blocked=False cam=(28962,763,23500) camDistXZ=800
22:43:48.698 player pos=(28962,709,24300) ground=709 vy=0 grounded=True blocked=False cam=(28962,763,23500) camDistXZ=800
22:43:48.922 loading 1.000 cam=(28962,763,23500) t=287411ms
22:43:48.954 player pos=(28962,709,24300) ground=709 vy=0 grounded=True blocked=False cam=(28962,763,23500) camDistXZ=800
22:43:49.207 player pos=(28962,709,24300) ground=709 vy=0 grounded=True blocked=False cam=(28962,763,23500) camDistXZ=800
22:43:49.458 player pos=(28962,709,24300) ground=709 vy=0 grounded=True blocked=False cam=(28962,763,23500) camDistXZ=800
22:43:49.720 player pos=(28962,709,24300) ground=709 vy=0 grounded=True blocked=False cam=(28962,763,23500) camDistXZ=800
22:43:49.972 player pos=(28962,709,24300) ground=709 vy=0 grounded=True blocked=False cam=(28962,763,23500) camDistXZ=800
22:43:50.235 player pos=(28962,709,24300) ground=709 vy=0 grounded=True blocked=False cam=(28962,763,23500) camDistXZ=800
22:43:50.492 player pos=(28962,709,24300) ground=709 vy=0 grounded=True blocked=False cam=(28962,763,23500) camDistXZ=800
22:43:50.753 player pos=(28962,709,24300) ground=709 vy=0 grounded=True blocked=False cam=(28962,763,23500) camDistXZ=800
22:43:50.938 loading 1.000 cam=(28962,763,23500) t=289427ms
22:43:51.003 player pos=(28962,709,24300) ground=709 vy=0 grounded=True blocked=False cam=(28962,763,23500) camDistXZ=800
22:43:51.264 player pos=(28962,709,24300) ground=709 vy=0 grounded=True blocked=False cam=(28962,763,23500) camDistXZ=800
22:43:51.519 player pos=(28962,709,24300) ground=709 vy=0 grounded=True blocked=False cam=(28962,763,23500) camDistXZ=800
22:43:51.781 player pos=(28962,709,24300) ground=709 vy=0 grounded=True blocked=False cam=(28962,763,23500) camDistXZ=800
22:43:52.034 player pos=(28962,709,24300) ground=709 vy=0 grounded=True blocked=False cam=(28962,763,23500) camDistXZ=800
22:43:52.296 player pos=(28962,709,24300) ground=709 vy=0 grounded=True blocked=False cam=(28962,763,23500) camDistXZ=800
22:43:52.550 player pos=(28962,709,24300) ground=709 vy=0 grounded=True blocked=False cam=(28962,763,23500) camDistXZ=800
22:43:52.812 player pos=(28962,709,24300) ground=709 vy=0 grounded=True blocked=False cam=(28962,763,23500) camDistXZ=800
22:43:52.947 loading 1.000 cam=(28962,763,23500) t=291436ms
22:43:53.066 player pos=(28962,709,24300) ground=709 vy=0 grounded=True blocked=False cam=(28962,763,23500) camDistXZ=800
22:43:53.328 player pos=(28962,709,24300) ground=709 vy=0 grounded=True blocked=False cam=(28962,763,23500) camDistXZ=800
22:43:53.590 player pos=(28962,709,24300) ground=709 vy=0 grounded=True blocked=False cam=(28962,763,23500) camDistXZ=800
22:43:53.852 player pos=(28962,709,24300) ground=709 vy=0 grounded=True blocked=False cam=(28962,763,23500) camDistXZ=800
22:43:54.103 player pos=(28962,709,24300) ground=709 vy=0 grounded=True blocked=False cam=(28962,763,23500) camDistXZ=800
22:43:54.364 player pos=(28962,709,24300) ground=709 vy=0 grounded=True blocked=False cam=(28962,763,23500) camDistXZ=800
22:43:54.619 player pos=(28962,709,24300) ground=709 vy=0 grounded=True blocked=False cam=(28962,763,23500) camDistXZ=800
22:43:54.880 player pos=(28962,709,24300) ground=709 vy=0 grounded=True blocked=False cam=(28962,763,23500) camDistXZ=800
22:43:54.961 loading 1.000 cam=(28962,763,23500) t=293451ms
22:43:55.143 player pos=(28962,709,24300) ground=709 vy=0 grounded=True blocked=False cam=(28962,763,23500) camDistXZ=800
22:43:55.412 player pos=(28962,709,24300) ground=709 vy=0 grounded=True blocked=False cam=(28962,763,23500) camDistXZ=800
22:43:55.656 player pos=(28962,709,24300) ground=709 vy=0 grounded=True blocked=False cam=(28962,763,23500) camDistXZ=800
22:43:55.915 player pos=(28962,709,24300) ground=709 vy=0 grounded=True blocked=False cam=(28962,763,23500) camDistXZ=800
22:43:56.160 player pos=(28962,709,24300) ground=709 vy=0 grounded=True blocked=False cam=(28962,763,23500) camDistXZ=800
22:43:56.431 player pos=(28962,709,24300) ground=709 vy=0 grounded=True blocked=False cam=(28962,763,23500) camDistXZ=800
22:43:56.684 player pos=(28962,709,24300) ground=709 vy=0 grounded=True blocked=False cam=(28962,763,23500) camDistXZ=800
22:43:56.939 player pos=(28962,709,24300) ground=709 vy=0 grounded=True blocked=False cam=(28962,763,23500) camDistXZ=800
22:43:56.978 loading 1.000 cam=(28962,763,23500) t=295468ms
22:43:57.201 player pos=(28962,709,24300) ground=709 vy=0 grounded=True blocked=False cam=(28962,763,23500) camDistXZ=800
22:43:57.467 player pos=(28962,709,24300) ground=709 vy=0 grounded=True blocked=False cam=(28962,763,23500) camDistXZ=800
22:43:57.730 player pos=(28962,709,24300) ground=709 vy=0 grounded=True blocked=False cam=(28962,763,23500) camDistXZ=800
22:43:57.983 player pos=(28962,709,24300) ground=709 vy=0 grounded=True blocked=False cam=(28962,763,23500) camDistXZ=800
22:43:58.249 player pos=(28962,709,24300) ground=709 vy=0 grounded=True blocked=False cam=(28962,763,23500) camDistXZ=800
22:43:58.498 player pos=(28962,709,24300) ground=709 vy=0 grounded=True blocked=False cam=(28962,763,23500) camDistXZ=800
22:43:58.761 player pos=(28962,709,24300) ground=709 vy=0 grounded=True blocked=False cam=(28962,763,23500) camDistXZ=800
22:43:58.984 loading 1.000 cam=(28962,763,23500) t=297473ms
22:43:59.015 player pos=(28962,709,24300) ground=709 vy=0 grounded=True blocked=False cam=(28962,763,23500) camDistXZ=800
22:43:59.275 player pos=(28962,709,24300) ground=709 vy=0 grounded=True blocked=False cam=(28962,763,23500) camDistXZ=800
22:43:59.530 player pos=(28962,709,24300) ground=709 vy=0 grounded=True blocked=False cam=(28962,763,23500) camDistXZ=800
22:43:59.795 player pos=(28962,709,24300) ground=709 vy=0 grounded=True blocked=False cam=(28962,763,23500) camDistXZ=800
22:44:00.048 player pos=(28962,709,24300) ground=709 vy=0 grounded=True blocked=False cam=(28962,763,23500) camDistXZ=800
22:44:00.313 player pos=(28962,709,24300) ground=709 vy=0 grounded=True blocked=False cam=(28962,763,23500) camDistXZ=800
22:44:00.564 player pos=(28962,709,24300) ground=709 vy=0 grounded=True blocked=False cam=(28962,763,23500) camDistXZ=800
22:44:00.824 player pos=(28962,709,24300) ground=709 vy=0 grounded=True blocked=False cam=(28962,763,23500) camDistXZ=800
22:44:00.986 loading 1.000 cam=(28962,763,23500) t=299475ms
22:44:01.078 player pos=(28962,709,24300) ground=709 vy=0 grounded=True blocked=False cam=(28962,763,23500) camDistXZ=800
22:44:01.341 player pos=(28962,709,24300) ground=709 vy=0 grounded=True blocked=False cam=(28962,763,23500) camDistXZ=800
22:44:01.595 player pos=(28962,709,24300) ground=709 vy=0 grounded=True blocked=False cam=(28962,763,23500) camDistXZ=800
22:44:01.844 player pos=(28962,709,24300) ground=709 vy=0 grounded=True blocked=False cam=(28962,763,23500) camDistXZ=800
22:44:02.099 player pos=(28962,709,24300) ground=709 vy=0 grounded=True blocked=False cam=(28962,763,23500) camDistXZ=800
22:44:02.362 player pos=(28962,709,24300) ground=709 vy=0 grounded=True blocked=False cam=(28962,763,23500) camDistXZ=800
22:44:02.618 player pos=(28962,709,24300) ground=709 vy=0 grounded=True blocked=False cam=(28962,763,23500) camDistXZ=800
22:44:02.878 player pos=(28962,709,24300) ground=709 vy=0 grounded=True blocked=False cam=(28962,763,23500) camDistXZ=800
22:44:03.002 loading 1.000 cam=(28962,763,23500) t=301492ms
22:44:03.130 player pos=(28962,709,24300) ground=709 vy=0 grounded=True blocked=False cam=(28962,763,23500) camDistXZ=800
22:44:03.392 player pos=(28962,709,24300) ground=709 vy=0 grounded=True blocked=False cam=(28962,763,23500) camDistXZ=800
22:44:03.645 player pos=(28962,709,24300) ground=709 vy=0 grounded=True blocked=False cam=(28962,763,23500) camDistXZ=800
22:44:03.904 player pos=(28962,709,24300) ground=709 vy=0 grounded=True blocked=False cam=(28962,763,23500) camDistXZ=800
22:44:04.159 player pos=(28962,709,24300) ground=709 vy=0 grounded=True blocked=False cam=(28962,763,23500) camDistXZ=800
22:44:04.422 player pos=(28962,709,24300) ground=709 vy=0 grounded=True blocked=False cam=(28962,763,23500) camDistXZ=800
22:44:04.675 player pos=(28962,709,24300) ground=709 vy=0 grounded=True blocked=False cam=(28962,763,23500) camDistXZ=800
22:44:04.938 player pos=(28962,709,24300) ground=709 vy=0 grounded=True blocked=False cam=(28962,763,23500) camDistXZ=800
22:44:05.011 loading 1.000 cam=(28962,763,23500) t=303500ms
22:44:05.188 player pos=(28962,709,24300) ground=709 vy=0 grounded=True blocked=False cam=(28962,763,23500) camDistXZ=800
22:44:05.447 player pos=(28962,709,24300) ground=709 vy=0 grounded=True blocked=False cam=(28962,763,23500) camDistXZ=800
22:44:05.704 player pos=(28962,709,24300) ground=709 vy=0 grounded=True blocked=False cam=(28962,763,23500) camDistXZ=800
22:44:05.962 player pos=(28962,709,24300) ground=709 vy=0 grounded=True blocked=False cam=(28962,763,23500) camDistXZ=800
22:44:06.213 player pos=(28962,709,24300) ground=709 vy=0 grounded=True blocked=False cam=(28962,763,23500) camDistXZ=800
22:44:06.476 player pos=(28962,709,24300) ground=709 vy=0 grounded=True blocked=False cam=(28962,763,23500) camDistXZ=800
22:44:06.729 player pos=(28962,709,24300) ground=709 vy=0 grounded=True blocked=False cam=(28962,763,23500) camDistXZ=800
22:44:06.991 player pos=(28962,709,24300) ground=709 vy=0 grounded=True blocked=False cam=(28962,763,23500) camDistXZ=800
22:44:07.012 loading 1.000 cam=(28962,763,23500) t=305502ms
22:44:07.246 player pos=(28962,709,24300) ground=709 vy=0 grounded=True blocked=False cam=(28962,763,23500) camDistXZ=800
22:44:07.507 player pos=(28962,709,24300) ground=709 vy=0 grounded=True blocked=False cam=(28962,763,23500) camDistXZ=800
22:44:07.758 player pos=(28962,709,24300) ground=709 vy=0 grounded=True blocked=False cam=(28962,763,23500) camDistXZ=800
22:44:08.021 player pos=(28962,709,24300) ground=709 vy=0 grounded=True blocked=False cam=(28962,763,23500) camDistXZ=800
22:44:08.273 player pos=(28962,709,24300) ground=709 vy=0 grounded=True blocked=False cam=(28962,763,23500) camDistXZ=800
22:44:08.536 player pos=(28962,709,24300) ground=709 vy=0 grounded=True blocked=False cam=(28962,763,23500) camDistXZ=800
22:44:08.788 player pos=(28962,709,24300) ground=709 vy=0 grounded=True blocked=False cam=(28962,763,23500) camDistXZ=800
22:44:09.018 loading 1.000 cam=(28962,763,23500) t=307507ms
22:44:09.049 player pos=(28962,709,24300) ground=709 vy=0 grounded=True blocked=False cam=(28962,763,23500) camDistXZ=800
22:44:09.303 player pos=(28962,709,24300) ground=709 vy=0 grounded=True blocked=False cam=(28962,763,23500) camDistXZ=800
22:44:09.565 player pos=(28962,709,24300) ground=709 vy=0 grounded=True blocked=False cam=(28962,763,23500) camDistXZ=800
22:44:09.817 player pos=(28962,709,24300) ground=709 vy=0 grounded=True blocked=False cam=(28962,763,23500) camDistXZ=800
22:44:10.070 player pos=(28962,709,24300) ground=709 vy=0 grounded=True blocked=False cam=(28962,763,23500) camDistXZ=800
22:44:10.321 player pos=(28962,709,24300) ground=709 vy=0 grounded=True blocked=False cam=(28962,763,23500) camDistXZ=800
22:44:10.583 player pos=(28962,709,24300) ground=709 vy=0 grounded=True blocked=False cam=(28962,763,23500) camDistXZ=800
22:44:10.834 player pos=(28962,709,24300) ground=709 vy=0 grounded=True blocked=False cam=(28962,763,23500) camDistXZ=800
22:44:11.028 loading 1.000 cam=(28962,763,23500) t=309518ms
22:44:11.095 player pos=(28962,709,24300) ground=709 vy=0 grounded=True blocked=False cam=(28962,763,23500) camDistXZ=800
22:44:11.346 player pos=(28962,709,24300) ground=709 vy=0 grounded=True blocked=False cam=(28962,763,23500) camDistXZ=800
22:44:11.596 player pos=(28962,709,24300) ground=709 vy=0 grounded=True blocked=False cam=(28962,763,23500) camDistXZ=800
22:44:11.852 player pos=(28962,709,24300) ground=709 vy=0 grounded=True blocked=False cam=(28962,763,23500) camDistXZ=800
22:44:12.114 player pos=(28962,709,24300) ground=709 vy=0 grounded=True blocked=False cam=(28962,763,23500) camDistXZ=800
22:44:12.365 player pos=(28962,709,24300) ground=709 vy=0 grounded=True blocked=False cam=(28962,763,23500) camDistXZ=800
22:44:12.623 player pos=(28962,709,24300) ground=709 vy=0 grounded=True blocked=False cam=(28962,763,23500) camDistXZ=800
22:44:12.878 player pos=(28962,709,24300) ground=709 vy=0 grounded=True blocked=False cam=(28962,763,23500) camDistXZ=800
22:44:13.038 loading 1.000 cam=(28962,763,23500) t=311527ms
22:44:13.141 player pos=(28962,709,24300) ground=709 vy=0 grounded=True blocked=False cam=(28962,763,23500) camDistXZ=800
22:44:13.393 player pos=(28962,709,24300) ground=709 vy=0 grounded=True blocked=False cam=(28962,763,23500) camDistXZ=800
22:44:13.655 player pos=(28962,709,24300) ground=709 vy=0 grounded=True blocked=False cam=(28962,763,23500) camDistXZ=800
22:44:13.909 player pos=(28962,709,24300) ground=709 vy=0 grounded=True blocked=False cam=(28962,763,23500) camDistXZ=800
22:44:14.171 player pos=(28962,709,24300) ground=709 vy=0 grounded=True blocked=False cam=(28962,763,23500) camDistXZ=800
22:44:14.437 player pos=(28962,709,24300) ground=709 vy=0 grounded=True blocked=False cam=(28962,763,23500) camDistXZ=800
22:44:14.700 player pos=(28962,709,24300) ground=709 vy=0 grounded=True blocked=False cam=(28962,763,23500) camDistXZ=800
22:44:14.951 player pos=(28962,709,24300) ground=709 vy=0 grounded=True blocked=False cam=(28962,763,23500) camDistXZ=800
22:44:15.042 loading 1.000 cam=(28962,763,23500) t=313531ms
22:44:15.217 player pos=(28962,709,24300) ground=709 vy=0 grounded=True blocked=False cam=(28962,763,23500) camDistXZ=800
22:44:15.472 player pos=(28962,709,24300) ground=709 vy=0 grounded=True blocked=False cam=(28962,763,23500) camDistXZ=800
22:44:15.733 player pos=(28962,709,24300) ground=709 vy=0 grounded=True blocked=False cam=(28962,763,23500) camDistXZ=800
22:44:16.001 player pos=(28962,709,24300) ground=709 vy=0 grounded=True blocked=False cam=(28962,763,23500) camDistXZ=800
22:44:16.264 player pos=(28962,709,24300) ground=709 vy=0 grounded=True blocked=False cam=(28962,763,23500) camDistXZ=800
22:44:16.518 player pos=(28962,709,24300) ground=709 vy=0 grounded=True blocked=False cam=(28962,763,23500) camDistXZ=800
22:44:16.780 player pos=(28962,709,24300) ground=709 vy=0 grounded=True blocked=False cam=(28962,763,23500) camDistXZ=800
22:44:17.034 player pos=(28962,709,24300) ground=709 vy=0 grounded=True blocked=False cam=(28962,763,23500) camDistXZ=800
22:44:17.055 loading 1.000 cam=(28962,763,23500) t=315545ms
22:44:17.297 player pos=(28962,709,24300) ground=709 vy=0 grounded=True blocked=False cam=(28962,763,23500) camDistXZ=800
22:44:17.550 player pos=(28962,709,24300) ground=709 vy=0 grounded=True blocked=False cam=(28962,763,23500) camDistXZ=800
22:44:17.811 player pos=(28962,709,24300) ground=709 vy=0 grounded=True blocked=False cam=(28962,763,23500) camDistXZ=800
22:44:18.061 player pos=(28962,709,24300) ground=709 vy=0 grounded=True blocked=False cam=(28962,763,23500) camDistXZ=800
22:44:18.325 player pos=(28962,709,24300) ground=709 vy=0 grounded=True blocked=False cam=(28962,763,23500) camDistXZ=800
22:44:18.576 player pos=(28962,709,24300) ground=709 vy=0 grounded=True blocked=False cam=(28962,763,23500) camDistXZ=800
22:44:18.837 player pos=(28962,709,24300) ground=709 vy=0 grounded=True blocked=False cam=(28962,763,23500) camDistXZ=800
22:44:19.061 loading 1.000 cam=(28962,763,23500) t=317550ms
22:44:19.093 player pos=(28962,709,24300) ground=709 vy=0 grounded=True blocked=False cam=(28962,763,23500) camDistXZ=800
22:44:19.358 player pos=(28962,709,24300) ground=709 vy=0 grounded=True blocked=False cam=(28962,763,23500) camDistXZ=800
22:44:19.608 player pos=(28962,709,24300) ground=709 vy=0 grounded=True blocked=False cam=(28962,763,23500) camDistXZ=800
22:44:19.870 player pos=(28962,709,24300) ground=709 vy=0 grounded=True blocked=False cam=(28962,763,23500) camDistXZ=800
22:44:20.121 player pos=(28962,709,24300) ground=709 vy=0 grounded=True blocked=False cam=(28962,763,23500) camDistXZ=800
22:44:20.384 player pos=(28962,709,24300) ground=709 vy=0 grounded=True blocked=False cam=(28962,763,23500) camDistXZ=800
22:44:20.636 player pos=(28962,709,24300) ground=709 vy=0 grounded=True blocked=False cam=(28962,763,23500) camDistXZ=800
22:44:20.895 player pos=(28962,709,24300) ground=709 vy=0 grounded=True blocked=False cam=(28962,763,23500) camDistXZ=800
22:44:21.067 loading 1.000 cam=(28962,763,23500) t=319556ms
22:44:21.149 player pos=(28962,709,24300) ground=709 vy=0 grounded=True blocked=False cam=(28962,763,23500) camDistXZ=800
22:44:21.412 player pos=(28962,709,24300) ground=709 vy=0 grounded=True blocked=False cam=(28962,763,23500) camDistXZ=800
22:44:21.666 player pos=(28962,709,24300) ground=709 vy=0 grounded=True blocked=False cam=(28962,763,23500) camDistXZ=800
22:44:21.932 player pos=(28962,709,24300) ground=709 vy=0 grounded=True blocked=False cam=(28962,763,23500) camDistXZ=800
22:44:22.186 player pos=(28962,709,24300) ground=709 vy=0 grounded=True blocked=False cam=(28962,763,23500) camDistXZ=800
22:44:22.447 player pos=(28962,709,24300) ground=709 vy=0 grounded=True blocked=False cam=(28962,763,23500) camDistXZ=800
22:44:22.713 player pos=(28962,709,24300) ground=709 vy=0 grounded=True blocked=False cam=(28962,763,23500) camDistXZ=800
22:44:22.975 player pos=(28962,709,24300) ground=709 vy=0 grounded=True blocked=False cam=(28962,763,23500) camDistXZ=800
22:44:23.074 loading 1.000 cam=(28962,763,23500) t=321563ms
22:44:23.228 player pos=(28962,709,24300) ground=709 vy=0 grounded=True blocked=False cam=(28962,763,23500) camDistXZ=800
22:44:23.503 player pos=(28962,709,24300) ground=709 vy=0 grounded=True blocked=False cam=(28962,763,23500) camDistXZ=800
22:44:23.745 player pos=(28962,709,24300) ground=709 vy=0 grounded=True blocked=False cam=(28962,763,23500) camDistXZ=800
22:44:24.011 player pos=(28962,709,24300) ground=709 vy=0 grounded=True blocked=False cam=(28962,763,23500) camDistXZ=800
22:44:24.257 player pos=(28962,709,24300) ground=709 vy=0 grounded=True blocked=False cam=(28962,763,23500) camDistXZ=800
22:44:24.528 player pos=(28962,709,24300) ground=709 vy=0 grounded=True blocked=False cam=(28962,763,23500) camDistXZ=800
22:44:24.772 player pos=(28962,709,24300) ground=709 vy=0 grounded=True blocked=False cam=(28962,763,23500) camDistXZ=800
22:44:25.047 player pos=(28962,709,24300) ground=709 vy=0 grounded=True blocked=False cam=(28962,763,23500) camDistXZ=800
22:44:25.085 loading 1.000 cam=(28962,763,23500) t=323574ms
22:44:25.306 player pos=(28962,709,24300) ground=709 vy=0 grounded=True blocked=False cam=(28962,763,23500) camDistXZ=800
22:44:25.558 player pos=(28962,709,24300) ground=709 vy=0 grounded=True blocked=False cam=(28962,763,23500) camDistXZ=800
22:44:25.820 player pos=(28962,709,24300) ground=709 vy=0 grounded=True blocked=False cam=(28962,763,23500) camDistXZ=800
22:44:26.071 player pos=(28962,709,24300) ground=709 vy=0 grounded=True blocked=False cam=(28962,763,23500) camDistXZ=800
22:44:26.332 player pos=(28962,709,24300) ground=709 vy=0 grounded=True blocked=False cam=(28962,763,23500) camDistXZ=800
22:44:26.586 player pos=(28962,709,24300) ground=709 vy=0 grounded=True blocked=False cam=(28962,763,23500) camDistXZ=800
22:44:26.846 player pos=(28962,709,24300) ground=709 vy=0 grounded=True blocked=False cam=(28962,763,23500) camDistXZ=800
22:44:27.098 player pos=(28962,709,24300) ground=709 vy=0 grounded=True blocked=False cam=(28962,763,23500) camDistXZ=800
22:44:27.103 loading 1.000 cam=(28962,763,23500) t=325592ms
22:44:27.362 player pos=(28962,709,24300) ground=709 vy=0 grounded=True blocked=False cam=(28962,763,23500) camDistXZ=800
22:44:27.611 player pos=(28962,709,24300) ground=709 vy=0 grounded=True blocked=False cam=(28962,763,23500) camDistXZ=800
22:44:27.873 player pos=(28962,709,24300) ground=709 vy=0 grounded=True blocked=False cam=(28962,763,23500) camDistXZ=800
22:44:28.127 player pos=(28962,709,24300) ground=709 vy=0 grounded=True blocked=False cam=(28962,763,23500) camDistXZ=800
22:44:28.388 player pos=(28962,709,24300) ground=709 vy=0 grounded=True blocked=False cam=(28962,763,23500) camDistXZ=800
22:44:28.638 player pos=(28962,709,24300) ground=709 vy=0 grounded=True blocked=False cam=(28962,763,23500) camDistXZ=800
22:44:28.900 player pos=(28962,709,24300) ground=709 vy=0 grounded=True blocked=False cam=(28962,763,23500) camDistXZ=800
22:44:29.114 loading 1.000 cam=(28962,763,23500) t=327603ms
22:44:29.153 player pos=(28962,709,24300) ground=709 vy=0 grounded=True blocked=False cam=(28962,763,23500) camDistXZ=800
22:44:29.420 player pos=(28962,709,24300) ground=709 vy=0 grounded=True blocked=False cam=(28962,763,23500) camDistXZ=800
22:44:29.675 player pos=(28962,709,24300) ground=709 vy=0 grounded=True blocked=False cam=(28962,763,23500) camDistXZ=800
22:44:29.938 player pos=(28962,709,24300) ground=709 vy=0 grounded=True blocked=False cam=(28962,763,23500) camDistXZ=800
22:44:30.196 player pos=(28962,709,24300) ground=709 vy=0 grounded=True blocked=False cam=(28962,763,23500) camDistXZ=800
22:44:30.458 player pos=(28962,709,24300) ground=709 vy=0 grounded=True blocked=False cam=(28962,763,23500) camDistXZ=800
22:44:30.711 player pos=(28962,709,24300) ground=709 vy=0 grounded=True blocked=False cam=(28962,763,23500) camDistXZ=800
22:44:30.974 player pos=(28962,709,24300) ground=709 vy=0 grounded=True blocked=False cam=(28962,763,23500) camDistXZ=800
22:44:31.119 loading 1.000 cam=(28962,763,23500) t=329608ms
22:44:31.230 player pos=(28962,709,24300) ground=709 vy=0 grounded=True blocked=False cam=(28962,763,23500) camDistXZ=800
22:44:31.491 player pos=(28962,709,24300) ground=709 vy=0 grounded=True blocked=False cam=(28962,763,23500) camDistXZ=800
22:44:31.743 player pos=(28962,709,24300) ground=709 vy=0 grounded=True blocked=False cam=(28962,763,23500) camDistXZ=800
22:44:32.005 player pos=(28962,709,24300) ground=709 vy=0 grounded=True blocked=False cam=(28962,763,23500) camDistXZ=800
22:44:32.257 player pos=(28962,709,24300) ground=709 vy=0 grounded=True blocked=False cam=(28962,763,23500) camDistXZ=800
22:44:32.523 player pos=(28962,709,24300) ground=709 vy=0 grounded=True blocked=False cam=(28962,763,23500) camDistXZ=800
22:44:32.776 player pos=(28962,709,24300) ground=709 vy=0 grounded=True blocked=False cam=(28962,763,23500) camDistXZ=800
22:44:33.036 player pos=(28962,709,24300) ground=709 vy=0 grounded=True blocked=False cam=(28962,763,23500) camDistXZ=800
22:44:33.120 loading 1.000 cam=(28962,763,23500) t=331609ms
22:44:33.286 player pos=(28962,709,24300) ground=709 vy=0 grounded=True blocked=False cam=(28962,763,23500) camDistXZ=800
22:44:33.545 player pos=(28962,709,24300) ground=709 vy=0 grounded=True blocked=False cam=(28962,763,23500) camDistXZ=800
22:44:33.798 player pos=(28962,709,24300) ground=709 vy=0 grounded=True blocked=False cam=(28962,763,23500) camDistXZ=800
22:44:34.064 player pos=(28962,709,24300) ground=709 vy=0 grounded=True blocked=False cam=(28962,763,23500) camDistXZ=800
22:44:34.318 player pos=(28962,709,24300) ground=709 vy=0 grounded=True blocked=False cam=(28962,763,23500) camDistXZ=800
22:44:34.580 player pos=(28962,709,24300) ground=709 vy=0 grounded=True blocked=False cam=(28962,763,23500) camDistXZ=800
22:44:34.832 player pos=(28962,709,24300) ground=709 vy=0 grounded=True blocked=False cam=(28962,763,23500) camDistXZ=800
22:44:35.091 player pos=(28962,709,24300) ground=709 vy=0 grounded=True blocked=False cam=(28962,763,23500) camDistXZ=800
22:44:35.129 loading 1.000 cam=(28962,763,23500) t=333619ms
22:44:35.344 player pos=(28962,709,24300) ground=709 vy=0 grounded=True blocked=False cam=(28962,763,23500) camDistXZ=800
22:44:35.604 player pos=(28962,709,24300) ground=709 vy=0 grounded=True blocked=False cam=(28962,763,23500) camDistXZ=800
22:44:35.869 player pos=(28962,709,24300) ground=709 vy=0 grounded=True blocked=False cam=(28962,763,23500) camDistXZ=800
22:44:36.136 player pos=(28962,709,24300) ground=709 vy=0 grounded=True blocked=False cam=(28962,763,23500) camDistXZ=800
22:44:36.387 player pos=(28962,709,24300) ground=709 vy=0 grounded=True blocked=False cam=(28962,763,23500) camDistXZ=800
22:44:36.651 player pos=(28962,709,24300) ground=709 vy=0 grounded=True blocked=False cam=(28962,763,23500) camDistXZ=800
22:44:36.917 player pos=(28962,709,24300) ground=709 vy=0 grounded=True blocked=False cam=(28962,763,23500) camDistXZ=800
22:44:37.145 loading 1.000 cam=(28962,763,23500) t=335634ms
22:44:37.177 player pos=(28962,709,24300) ground=709 vy=0 grounded=True blocked=False cam=(28962,763,23500) camDistXZ=800
22:44:37.432 player pos=(28962,709,24300) ground=709 vy=0 grounded=True blocked=False cam=(28962,763,23500) camDistXZ=800
22:44:37.689 player pos=(28962,709,24300) ground=709 vy=0 grounded=True blocked=False cam=(28962,763,23500) camDistXZ=800
22:44:37.942 player pos=(28962,709,24300) ground=709 vy=0 grounded=True blocked=False cam=(28962,763,23500) camDistXZ=800
22:44:38.205 player pos=(28962,709,24300) ground=709 vy=0 grounded=True blocked=False cam=(28962,763,23500) camDistXZ=800
22:44:38.462 player pos=(28962,709,24300) ground=709 vy=0 grounded=True blocked=False cam=(28962,763,23500) camDistXZ=800
22:44:38.725 player pos=(28962,709,24300) ground=709 vy=0 grounded=True blocked=False cam=(28962,763,23500) camDistXZ=800
22:44:38.979 player pos=(28962,709,24300) ground=709 vy=0 grounded=True blocked=False cam=(28962,763,23500) camDistXZ=800
22:44:39.159 loading 1.000 cam=(28962,763,23500) t=337649ms
22:44:39.243 player pos=(28962,709,24300) ground=709 vy=0 grounded=True blocked=False cam=(28962,763,23500) camDistXZ=800
22:44:39.493 player pos=(28962,709,24300) ground=709 vy=0 grounded=True blocked=False cam=(28962,763,23500) camDistXZ=800
22:44:39.755 player pos=(28962,709,24300) ground=709 vy=0 grounded=True blocked=False cam=(28962,763,23500) camDistXZ=800
22:44:40.010 player pos=(28962,709,24300) ground=709 vy=0 grounded=True blocked=False cam=(28962,763,23500) camDistXZ=800
22:44:40.276 player pos=(28962,709,24300) ground=709 vy=0 grounded=True blocked=False cam=(28962,763,23500) camDistXZ=800
22:44:40.528 player pos=(28962,709,24300) ground=709 vy=0 grounded=True blocked=False cam=(28962,763,23500) camDistXZ=800
22:44:40.790 player pos=(28962,709,24300) ground=709 vy=0 grounded=True blocked=False cam=(28962,763,23500) camDistXZ=800
22:44:41.041 player pos=(28962,709,24300) ground=709 vy=0 grounded=True blocked=False cam=(28962,763,23500) camDistXZ=800
22:44:41.166 loading 1.000 cam=(28962,763,23500) t=339656ms
22:44:41.305 player pos=(28962,709,24300) ground=709 vy=0 grounded=True blocked=False cam=(28962,763,23500) camDistXZ=800
22:44:41.557 player pos=(28962,709,24300) ground=709 vy=0 grounded=True blocked=False cam=(28962,763,23500) camDistXZ=800
22:44:41.820 player pos=(28962,709,24300) ground=709 vy=0 grounded=True blocked=False cam=(28962,763,23500) camDistXZ=800
22:44:42.073 player pos=(28962,709,24300) ground=709 vy=0 grounded=True blocked=False cam=(28962,763,23500) camDistXZ=800
22:44:42.333 player pos=(28962,709,24300) ground=709 vy=0 grounded=True blocked=False cam=(28962,763,23500) camDistXZ=800
22:44:42.584 player pos=(28962,709,24300) ground=709 vy=0 grounded=True blocked=False cam=(28962,763,23500) camDistXZ=800
22:44:42.850 player pos=(28962,709,24300) ground=709 vy=0 grounded=True blocked=False cam=(28962,763,23500) camDistXZ=800
22:44:43.104 player pos=(28962,709,24300) ground=709 vy=0 grounded=True blocked=False cam=(28962,763,23500) camDistXZ=800
22:44:43.177 loading 1.000 cam=(28962,763,23500) t=341666ms
22:44:43.368 player pos=(28962,709,24300) ground=709 vy=0 grounded=True blocked=False cam=(28962,763,23500) camDistXZ=800
22:44:43.619 player pos=(28962,709,24300) ground=709 vy=0 grounded=True blocked=False cam=(28962,763,23500) camDistXZ=800
22:44:43.882 player pos=(28962,709,24300) ground=709 vy=0 grounded=True blocked=False cam=(28962,763,23500) camDistXZ=800
22:44:44.136 player pos=(28962,709,24300) ground=709 vy=0 grounded=True blocked=False cam=(28962,763,23500) camDistXZ=800
22:44:44.398 player pos=(28962,709,24300) ground=709 vy=0 grounded=True blocked=False cam=(28962,763,23500) camDistXZ=800
22:44:44.654 player pos=(28962,709,24300) ground=709 vy=0 grounded=True blocked=False cam=(28962,763,23500) camDistXZ=800
22:44:44.915 player pos=(28962,709,24300) ground=709 vy=0 grounded=True blocked=False cam=(28962,763,23500) camDistXZ=800
22:44:45.169 player pos=(28962,709,24300) ground=709 vy=0 grounded=True blocked=False cam=(28962,763,23500) camDistXZ=800
22:44:45.189 loading 1.000 cam=(28962,763,23500) t=343679ms
22:44:45.427 player pos=(28962,709,24300) ground=709 vy=0 grounded=True blocked=False cam=(28962,763,23500) camDistXZ=800
22:44:45.681 player pos=(28962,709,24300) ground=709 vy=0 grounded=True blocked=False cam=(28962,763,23500) camDistXZ=800
22:44:45.939 player pos=(28962,709,24300) ground=709 vy=0 grounded=True blocked=False cam=(28962,763,23500) camDistXZ=800
22:44:46.193 player pos=(28962,709,24300) ground=709 vy=0 grounded=True blocked=False cam=(28962,763,23500) camDistXZ=800
22:44:46.455 player pos=(28962,709,24300) ground=709 vy=0 grounded=True blocked=False cam=(28962,763,23500) camDistXZ=800
22:44:46.705 player pos=(28962,709,24300) ground=709 vy=0 grounded=True blocked=False cam=(28962,763,23500) camDistXZ=800
22:44:46.967 player pos=(28962,709,24300) ground=709 vy=0 grounded=True blocked=False cam=(28962,763,23500) camDistXZ=800
22:44:47.207 loading 1.000 cam=(28962,763,23500) t=345697ms
22:44:47.222 player pos=(28962,709,24300) ground=709 vy=0 grounded=True blocked=False cam=(28962,763,23500) camDistXZ=800
22:44:47.483 player pos=(28962,709,24300) ground=709 vy=0 grounded=True blocked=False cam=(28962,763,23500) camDistXZ=800
22:44:47.737 player pos=(28962,709,24300) ground=709 vy=0 grounded=True blocked=False cam=(28962,763,23500) camDistXZ=800
22:44:48.000 player pos=(28962,709,24300) ground=709 vy=0 grounded=True blocked=False cam=(28962,763,23500) camDistXZ=800
22:44:48.255 player pos=(28962,709,24300) ground=709 vy=0 grounded=True blocked=False cam=(28962,763,23500) camDistXZ=800
22:44:48.516 player pos=(28962,709,24300) ground=709 vy=0 grounded=True blocked=False cam=(28962,763,23500) camDistXZ=800
22:44:48.769 player pos=(28962,709,24300) ground=709 vy=0 grounded=True blocked=False cam=(28962,763,23500) camDistXZ=800
22:44:49.030 player pos=(28962,709,24300) ground=709 vy=0 grounded=True blocked=False cam=(28962,763,23500) camDistXZ=800
22:44:49.218 loading 1.000 cam=(28962,763,23500) t=347707ms
22:44:49.284 player pos=(28962,709,24300) ground=709 vy=0 grounded=True blocked=False cam=(28962,763,23500) camDistXZ=800
22:44:49.549 player pos=(28962,709,24300) ground=709 vy=0 grounded=True blocked=False cam=(28962,763,23500) camDistXZ=800
22:44:49.803 player pos=(28962,709,24300) ground=709 vy=0 grounded=True blocked=False cam=(28962,763,23500) camDistXZ=800
22:44:50.066 player pos=(28962,709,24300) ground=709 vy=0 grounded=True blocked=False cam=(28962,763,23500) camDistXZ=800
22:44:50.324 player pos=(28962,709,24300) ground=709 vy=0 grounded=True blocked=False cam=(28962,763,23500) camDistXZ=800
22:44:50.596 player pos=(28962,709,24300) ground=709 vy=0 grounded=True blocked=False cam=(28962,763,23500) camDistXZ=800
22:44:50.843 player pos=(28962,709,24300) ground=709 vy=0 grounded=True blocked=False cam=(28962,763,23500) camDistXZ=800
22:44:51.114 player pos=(28962,709,24300) ground=709 vy=0 grounded=True blocked=False cam=(28962,763,23500) camDistXZ=800
22:44:51.223 loading 1.000 cam=(28962,763,23500) t=349712ms
22:44:51.376 player pos=(28962,709,24300) ground=709 vy=0 grounded=True blocked=False cam=(28962,763,23500) camDistXZ=800
22:44:51.632 player pos=(28962,709,24300) ground=709 vy=0 grounded=True blocked=False cam=(28962,763,23500) camDistXZ=800
22:44:51.894 player pos=(28962,709,24300) ground=709 vy=0 grounded=True blocked=False cam=(28962,763,23500) camDistXZ=800
22:44:52.147 player pos=(28962,709,24300) ground=709 vy=0 grounded=True blocked=False cam=(28962,763,23500) camDistXZ=800
22:44:52.408 player pos=(28962,709,24300) ground=709 vy=0 grounded=True blocked=False cam=(28962,763,23500) camDistXZ=800
22:44:52.662 player pos=(28962,709,24300) ground=709 vy=0 grounded=True blocked=False cam=(28962,763,23500) camDistXZ=800
22:44:52.925 player pos=(28962,709,24300) ground=709 vy=0 grounded=True blocked=False cam=(28962,763,23500) camDistXZ=800
22:44:53.191 player pos=(28962,709,24300) ground=709 vy=0 grounded=True blocked=False cam=(28962,763,23500) camDistXZ=800
22:44:53.228 loading 1.000 cam=(28962,763,23500) t=351719ms
22:44:53.454 player pos=(28962,709,24300) ground=709 vy=0 grounded=True blocked=False cam=(28962,763,23500) camDistXZ=800
22:44:53.707 player pos=(28962,709,24300) ground=709 vy=0 grounded=True blocked=False cam=(28962,763,23500) camDistXZ=800
22:44:53.966 player pos=(28962,709,24300) ground=709 vy=0 grounded=True blocked=False cam=(28962,763,23500) camDistXZ=800
22:44:54.229 player pos=(28962,709,24300) ground=709 vy=0 grounded=True blocked=False cam=(28962,763,23500) camDistXZ=800
22:44:54.488 player pos=(28962,709,24300) ground=709 vy=0 grounded=True blocked=False cam=(28962,763,23500) camDistXZ=800
22:44:54.740 player pos=(28962,709,24300) ground=709 vy=0 grounded=True blocked=False cam=(28962,763,23500) camDistXZ=800
22:44:55.004 player pos=(28962,709,24300) ground=709 vy=0 grounded=True blocked=False cam=(28962,763,23500) camDistXZ=800
22:44:55.243 loading 1.000 cam=(28962,763,23500) t=353732ms
22:44:55.257 player pos=(28962,709,24300) ground=709 vy=0 grounded=True blocked=False cam=(28962,763,23500) camDistXZ=800
22:44:55.518 player pos=(28962,709,24300) ground=709 vy=0 grounded=True blocked=False cam=(28962,763,23500) camDistXZ=800
22:44:55.773 player pos=(28962,709,24300) ground=709 vy=0 grounded=True blocked=False cam=(28962,763,23500) camDistXZ=800
22:44:56.035 player pos=(28962,709,24300) ground=709 vy=0 grounded=True blocked=False cam=(28962,763,23500) camDistXZ=800
22:44:56.300 player pos=(28962,709,24300) ground=709 vy=0 grounded=True blocked=False cam=(28962,763,23500) camDistXZ=800
22:44:56.562 player pos=(28962,709,24300) ground=709 vy=0 grounded=True blocked=False cam=(28962,763,23500) camDistXZ=800
22:44:56.816 player pos=(28962,709,24300) ground=709 vy=0 grounded=True blocked=False cam=(28962,763,23500) camDistXZ=800
22:44:57.080 player pos=(28962,709,24300) ground=709 vy=0 grounded=True blocked=False cam=(28962,763,23500) camDistXZ=800
22:44:57.249 loading 1.000 cam=(28962,763,23500) t=355739ms
22:44:57.334 player pos=(28962,709,24300) ground=709 vy=0 grounded=True blocked=False cam=(28962,763,23500) camDistXZ=800
22:44:57.594 player pos=(28962,709,24300) ground=709 vy=0 grounded=True blocked=False cam=(28962,763,23500) camDistXZ=800
22:44:57.848 player pos=(28962,709,24300) ground=709 vy=0 grounded=True blocked=False cam=(28962,763,23500) camDistXZ=800
22:44:58.110 player pos=(28962,709,24300) ground=709 vy=0 grounded=True blocked=False cam=(28962,763,23500) camDistXZ=800
22:44:58.363 player pos=(28962,709,24300) ground=709 vy=0 grounded=True blocked=False cam=(28962,763,23500) camDistXZ=800
22:44:58.624 player pos=(28962,709,24300) ground=709 vy=0 grounded=True blocked=False cam=(28962,763,23500) camDistXZ=800
22:44:58.881 player pos=(28962,709,24300) ground=709 vy=0 grounded=True blocked=False cam=(28962,763,23500) camDistXZ=800
22:44:59.145 player pos=(28962,709,24300) ground=709 vy=0 grounded=True blocked=False cam=(28962,763,23500) camDistXZ=800
22:44:59.254 loading 1.000 cam=(28962,763,23500) t=357743ms
22:44:59.398 player pos=(28962,709,24300) ground=709 vy=0 grounded=True blocked=False cam=(28962,763,23500) camDistXZ=800
22:44:59.661 player pos=(28962,709,24300) ground=709 vy=0 grounded=True blocked=False cam=(28962,763,23500) camDistXZ=800
22:44:59.913 player pos=(28962,709,24300) ground=709 vy=0 grounded=True blocked=False cam=(28962,763,23500) camDistXZ=800
22:45:00.168 player pos=(28962,709,24300) ground=709 vy=0 grounded=True blocked=False cam=(28962,763,23500) camDistXZ=800
22:45:00.418 player pos=(28962,709,24300) ground=709 vy=0 grounded=True blocked=False cam=(28962,763,23500) camDistXZ=800
22:45:00.679 player pos=(28962,709,24300) ground=709 vy=0 grounded=True blocked=False cam=(28962,763,23500) camDistXZ=800
22:45:00.937 player pos=(28962,709,24300) ground=709 vy=0 grounded=True blocked=False cam=(28962,763,23500) camDistXZ=800
22:45:01.200 player pos=(28962,709,24300) ground=709 vy=0 grounded=True blocked=False cam=(28962,763,23500) camDistXZ=800
22:45:01.256 loading 1.000 cam=(28962,763,23500) t=359746ms
22:45:01.453 player pos=(28962,709,24300) ground=709 vy=0 grounded=True blocked=False cam=(28962,763,23500) camDistXZ=800
22:45:01.713 player pos=(28962,709,24300) ground=709 vy=0 grounded=True blocked=False cam=(28962,763,23500) camDistXZ=800
22:45:01.964 player pos=(28962,709,24300) ground=709 vy=0 grounded=True blocked=False cam=(28962,763,23500) camDistXZ=800
22:45:02.233 player pos=(28962,709,24300) ground=709 vy=0 grounded=True blocked=False cam=(28962,763,23500) camDistXZ=800
22:45:02.485 player pos=(28962,709,24300) ground=709 vy=0 grounded=True blocked=False cam=(28962,763,23500) camDistXZ=800
22:45:02.749 player pos=(28962,709,24300) ground=709 vy=0 grounded=True blocked=False cam=(28962,763,23500) camDistXZ=800
22:45:02.999 player pos=(28962,709,24300) ground=709 vy=0 grounded=True blocked=False cam=(28962,763,23500) camDistXZ=800
22:45:03.260 player pos=(28962,709,24300) ground=709 vy=0 grounded=True blocked=False cam=(28962,763,23500) camDistXZ=800
22:45:03.264 loading 1.000 cam=(28962,763,23500) t=361753ms
22:45:03.512 player pos=(28962,709,24300) ground=709 vy=0 grounded=True blocked=False cam=(28962,763,23500) camDistXZ=800
22:45:03.764 player pos=(28962,709,24300) ground=709 vy=0 grounded=True blocked=False cam=(28962,763,23500) camDistXZ=800
22:45:04.016 player pos=(28962,709,24300) ground=709 vy=0 grounded=True blocked=False cam=(28962,763,23500) camDistXZ=800
22:45:04.282 player pos=(28962,709,24300) ground=709 vy=0 grounded=True blocked=False cam=(28962,763,23500) camDistXZ=800
22:45:04.533 player pos=(28962,709,24300) ground=709 vy=0 grounded=True blocked=False cam=(28962,763,23500) camDistXZ=800
22:45:04.791 player pos=(28962,709,24300) ground=709 vy=0 grounded=True blocked=False cam=(28962,763,23500) camDistXZ=800
22:45:05.057 player pos=(28962,709,24300) ground=709 vy=0 grounded=True blocked=False cam=(28962,763,23500) camDistXZ=800
22:45:05.276 loading 1.000 cam=(28962,763,23500) t=363765ms
22:45:05.324 player pos=(28962,709,24300) ground=709 vy=0 grounded=True blocked=False cam=(28962,763,23500) camDistXZ=800
22:45:05.577 player pos=(28962,709,24300) ground=709 vy=0 grounded=True blocked=False cam=(28962,763,23500) camDistXZ=800
22:45:05.837 player pos=(28962,709,24300) ground=709 vy=0 grounded=True blocked=False cam=(28962,763,23500) camDistXZ=800
22:45:06.090 player pos=(28962,709,24300) ground=709 vy=0 grounded=True blocked=False cam=(28962,763,23500) camDistXZ=800
22:45:06.356 player pos=(28962,709,24300) ground=709 vy=0 grounded=True blocked=False cam=(28962,763,23500) camDistXZ=800
22:45:06.608 player pos=(28962,709,24300) ground=709 vy=0 grounded=True blocked=False cam=(28962,763,23500) camDistXZ=800
22:45:06.868 player pos=(28962,709,24300) ground=709 vy=0 grounded=True blocked=False cam=(28962,763,23500) camDistXZ=800
22:45:07.120 player pos=(28962,709,24300) ground=709 vy=0 grounded=True blocked=False cam=(28962,763,23500) camDistXZ=800
22:45:07.281 loading 1.000 cam=(28962,763,23500) t=365770ms
22:45:07.383 player pos=(28962,709,24300) ground=709 vy=0 grounded=True blocked=False cam=(28962,763,23500) camDistXZ=800
22:45:07.638 player pos=(28962,709,24300) ground=709 vy=0 grounded=True blocked=False cam=(28962,763,23500) camDistXZ=800
22:45:07.901 player pos=(28962,709,24300) ground=709 vy=0 grounded=True blocked=False cam=(28962,763,23500) camDistXZ=800
22:45:08.167 player pos=(28962,709,24300) ground=709 vy=0 grounded=True blocked=False cam=(28962,763,23500) camDistXZ=800
22:45:08.431 player pos=(28962,709,24300) ground=709 vy=0 grounded=True blocked=False cam=(28962,763,23500) camDistXZ=800
22:45:08.683 player pos=(28962,709,24300) ground=709 vy=0 grounded=True blocked=False cam=(28962,763,23500) camDistXZ=800
22:45:08.945 player pos=(28962,709,24300) ground=709 vy=0 grounded=True blocked=False cam=(28962,763,23500) camDistXZ=800
22:45:09.195 player pos=(28962,709,24300) ground=709 vy=0 grounded=True blocked=False cam=(28962,763,23500) camDistXZ=800
22:45:09.287 loading 1.000 cam=(28962,763,23500) t=367777ms
22:45:09.456 player pos=(28962,709,24300) ground=709 vy=0 grounded=True blocked=False cam=(28962,763,23500) camDistXZ=800
22:45:09.711 player pos=(28962,709,24300) ground=709 vy=0 grounded=True blocked=False cam=(28962,763,23500) camDistXZ=800
22:45:09.970 player pos=(28962,709,24300) ground=709 vy=0 grounded=True blocked=False cam=(28962,763,23500) camDistXZ=800
22:45:10.221 player pos=(28962,709,24300) ground=709 vy=0 grounded=True blocked=False cam=(28962,763,23500) camDistXZ=800
22:45:10.473 player pos=(28962,709,24300) ground=709 vy=0 grounded=True blocked=False cam=(28962,763,23500) camDistXZ=800
22:45:10.725 player pos=(28962,709,24300) ground=709 vy=0 grounded=True blocked=False cam=(28962,763,23500) camDistXZ=800
22:45:10.986 player pos=(28962,709,24300) ground=709 vy=0 grounded=True blocked=False cam=(28962,763,23500) camDistXZ=800
22:45:11.238 player pos=(28962,709,24300) ground=709 vy=0 grounded=True blocked=False cam=(28962,763,23500) camDistXZ=800
22:45:11.294 loading 1.000 cam=(28962,763,23500) t=369783ms
22:45:11.498 player pos=(28962,709,24300) ground=709 vy=0 grounded=True blocked=False cam=(28962,763,23500) camDistXZ=800
22:45:11.753 player pos=(28962,709,24300) ground=709 vy=0 grounded=True blocked=False cam=(28962,763,23500) camDistXZ=800
22:45:12.013 player pos=(28962,709,24300) ground=709 vy=0 grounded=True blocked=False cam=(28962,763,23500) camDistXZ=800
22:45:12.266 player pos=(28962,709,24300) ground=709 vy=0 grounded=True blocked=False cam=(28962,763,23500) camDistXZ=800
22:45:12.529 player pos=(28962,709,24300) ground=709 vy=0 grounded=True blocked=False cam=(28962,763,23500) camDistXZ=800
22:45:12.783 player pos=(28962,709,24300) ground=709 vy=0 grounded=True blocked=False cam=(28962,763,23500) camDistXZ=800
22:45:13.043 player pos=(28962,709,24300) ground=709 vy=0 grounded=True blocked=False cam=(28962,763,23500) camDistXZ=800
22:45:13.294 player pos=(28962,709,24300) ground=709 vy=0 grounded=True blocked=False cam=(28962,763,23500) camDistXZ=800
22:45:13.297 loading 1.000 cam=(28962,763,23500) t=371787ms
22:45:13.545 player pos=(28962,709,24300) ground=709 vy=0 grounded=True blocked=False cam=(28962,763,23500) camDistXZ=800
22:45:13.796 player pos=(28962,709,24300) ground=709 vy=0 grounded=True blocked=False cam=(28962,763,23500) camDistXZ=800
22:45:14.059 player pos=(28962,709,24300) ground=709 vy=0 grounded=True blocked=False cam=(28962,763,23500) camDistXZ=800
22:45:14.310 player pos=(28962,709,24300) ground=709 vy=0 grounded=True blocked=False cam=(28962,763,23500) camDistXZ=800
22:45:14.574 player pos=(28962,709,24300) ground=709 vy=0 grounded=True blocked=False cam=(28962,763,23500) camDistXZ=800
22:45:14.828 player pos=(28962,709,24300) ground=709 vy=0 grounded=True blocked=False cam=(28962,763,23500) camDistXZ=800
22:45:15.101 player pos=(28962,709,24300) ground=709 vy=0 grounded=True blocked=False cam=(28962,763,23500) camDistXZ=800
22:45:15.311 loading 1.000 cam=(28962,763,23500) t=373800ms
22:45:15.343 player pos=(28962,709,24300) ground=709 vy=0 grounded=True blocked=False cam=(28962,763,23500) camDistXZ=800
22:45:15.614 player pos=(28962,709,24300) ground=709 vy=0 grounded=True blocked=False cam=(28962,763,23500) camDistXZ=800
22:45:15.858 player pos=(28962,709,24300) ground=709 vy=0 grounded=True blocked=False cam=(28962,763,23500) camDistXZ=800
22:45:16.130 player pos=(28962,709,24300) ground=709 vy=0 grounded=True blocked=False cam=(28962,763,23500) camDistXZ=800
22:45:16.373 player pos=(28962,709,24300) ground=709 vy=0 grounded=True blocked=False cam=(28962,763,23500) camDistXZ=800
22:45:16.646 player pos=(28962,709,24300) ground=709 vy=0 grounded=True blocked=False cam=(28962,763,23500) camDistXZ=800
22:45:16.904 player pos=(28962,709,24300) ground=709 vy=0 grounded=True blocked=False cam=(28962,763,23500) camDistXZ=800
22:45:17.174 player pos=(28962,709,24300) ground=709 vy=0 grounded=True blocked=False cam=(28962,763,23500) camDistXZ=800
22:45:17.316 loading 1.000 cam=(28962,763,23500) t=375805ms
22:45:17.435 player pos=(28962,709,24300) ground=709 vy=0 grounded=True blocked=False cam=(28962,763,23500) camDistXZ=800
22:45:17.686 player pos=(28962,709,24300) ground=709 vy=0 grounded=True blocked=False cam=(28962,763,23500) camDistXZ=800
22:45:17.940 player pos=(28962,709,24300) ground=709 vy=0 grounded=True blocked=False cam=(28962,763,23500) camDistXZ=800
22:45:18.193 player pos=(28962,709,24300) ground=709 vy=0 grounded=True blocked=False cam=(28962,763,23500) camDistXZ=800
22:45:18.456 player pos=(28962,709,24300) ground=709 vy=0 grounded=True blocked=False cam=(28962,763,23500) camDistXZ=800
22:45:18.711 player pos=(28962,709,24300) ground=709 vy=0 grounded=True blocked=False cam=(28962,763,23500) camDistXZ=800
22:45:18.973 player pos=(28962,709,24300) ground=709 vy=0 grounded=True blocked=False cam=(28962,763,23500) camDistXZ=800
22:45:19.226 player pos=(28962,709,24300) ground=709 vy=0 grounded=True blocked=False cam=(28962,763,23500) camDistXZ=800
22:45:19.317 loading 1.000 cam=(28962,763,23500) t=377806ms
22:45:19.487 player pos=(28962,709,24300) ground=709 vy=0 grounded=True blocked=False cam=(28962,763,23500) camDistXZ=800
22:45:19.737 player pos=(28962,709,24300) ground=709 vy=0 grounded=True blocked=False cam=(28962,763,23500) camDistXZ=800
22:45:19.998 player pos=(28962,709,24300) ground=709 vy=0 grounded=True blocked=False cam=(28962,763,23500) camDistXZ=800
22:45:20.253 player pos=(28962,709,24300) ground=709 vy=0 grounded=True blocked=False cam=(28962,763,23500) camDistXZ=800
22:45:20.513 player pos=(28962,709,24300) ground=709 vy=0 grounded=True blocked=False cam=(28962,763,23500) camDistXZ=800
22:45:20.766 player pos=(28962,709,24300) ground=709 vy=0 grounded=True blocked=False cam=(28962,763,23500) camDistXZ=800
22:45:21.030 player pos=(28962,709,24300) ground=709 vy=0 grounded=True blocked=False cam=(28962,763,23500) camDistXZ=800
22:45:21.282 player pos=(28962,709,24300) ground=709 vy=0 grounded=True blocked=False cam=(28962,763,23500) camDistXZ=800
22:45:21.320 loading 1.000 cam=(28962,763,23500) t=379810ms
22:45:21.544 player pos=(28962,709,24300) ground=709 vy=0 grounded=True blocked=False cam=(28962,763,23500) camDistXZ=800
22:45:21.800 player pos=(28962,709,24300) ground=709 vy=0 grounded=True blocked=False cam=(28962,763,23500) camDistXZ=800
22:45:22.063 player pos=(28962,709,24300) ground=709 vy=0 grounded=True blocked=False cam=(28962,763,23500) camDistXZ=800
22:45:22.314 player pos=(28962,709,24300) ground=709 vy=0 grounded=True blocked=False cam=(28962,763,23500) camDistXZ=800
22:45:22.573 player pos=(28962,709,24300) ground=709 vy=0 grounded=True blocked=False cam=(28962,763,23500) camDistXZ=800
22:45:22.825 player pos=(28962,709,24300) ground=709 vy=0 grounded=True blocked=False cam=(28962,763,23500) camDistXZ=800
22:45:23.090 player pos=(28962,709,24300) ground=709 vy=0 grounded=True blocked=False cam=(28962,763,23500) camDistXZ=800
22:45:23.334 loading 1.000 cam=(28962,763,23500) t=381823ms
22:45:23.348 player pos=(28962,709,24300) ground=709 vy=0 grounded=True blocked=False cam=(28962,763,23500) camDistXZ=800
22:45:23.613 player pos=(28962,709,24300) ground=709 vy=0 grounded=True blocked=False cam=(28962,763,23500) camDistXZ=800
22:45:23.872 player pos=(28962,709,24300) ground=709 vy=0 grounded=True blocked=False cam=(28962,763,23500) camDistXZ=800
22:45:24.131 player pos=(28962,709,24300) ground=709 vy=0 grounded=True blocked=False cam=(28962,763,23500) camDistXZ=800
22:45:24.382 player pos=(28962,709,24300) ground=709 vy=0 grounded=True blocked=False cam=(28962,763,23500) camDistXZ=800
22:45:24.644 player pos=(28962,709,24300) ground=709 vy=0 grounded=True blocked=False cam=(28962,763,23500) camDistXZ=800
22:45:24.895 player pos=(28962,709,24300) ground=709 vy=0 grounded=True blocked=False cam=(28962,763,23500) camDistXZ=800
22:45:25.156 player pos=(28962,709,24300) ground=709 vy=0 grounded=True blocked=False cam=(28962,763,23500) camDistXZ=800
22:45:25.340 loading 1.000 cam=(28962,763,23500) t=383829ms
22:45:25.406 player pos=(28962,709,24300) ground=709 vy=0 grounded=True blocked=False cam=(28962,763,23500) camDistXZ=800
22:45:25.667 player pos=(28962,709,24300) ground=709 vy=0 grounded=True blocked=False cam=(28962,763,23500) camDistXZ=800
22:45:25.921 player pos=(28962,709,24300) ground=709 vy=0 grounded=True blocked=False cam=(28962,763,23500) camDistXZ=800
22:45:26.186 player pos=(28962,709,24300) ground=709 vy=0 grounded=True blocked=False cam=(28962,763,23500) camDistXZ=800
22:45:26.438 player pos=(28962,709,24300) ground=709 vy=0 grounded=True blocked=False cam=(28962,763,23500) camDistXZ=800
22:45:26.698 player pos=(28962,709,24300) ground=709 vy=0 grounded=True blocked=False cam=(28962,763,23500) camDistXZ=800
22:45:26.950 player pos=(28962,709,24300) ground=709 vy=0 grounded=True blocked=False cam=(28962,763,23500) camDistXZ=800
22:45:27.208 player pos=(28962,709,24300) ground=709 vy=0 grounded=True blocked=False cam=(28962,763,23500) camDistXZ=800
22:45:27.351 loading 1.000 cam=(28962,763,23500) t=385840ms
22:45:27.461 player pos=(28962,709,24300) ground=709 vy=0 grounded=True blocked=False cam=(28962,763,23500) camDistXZ=800
22:45:27.712 player pos=(28962,709,24300) ground=709 vy=0 grounded=True blocked=False cam=(28962,763,23500) camDistXZ=800
22:45:27.963 player pos=(28962,709,24300) ground=709 vy=0 grounded=True blocked=False cam=(28962,763,23500) camDistXZ=800
22:45:28.228 player pos=(28962,709,24300) ground=709 vy=0 grounded=True blocked=False cam=(28962,763,23500) camDistXZ=800
22:45:28.483 player pos=(28962,709,24300) ground=709 vy=0 grounded=True blocked=False cam=(28962,763,23500) camDistXZ=800
22:45:28.745 player pos=(28962,709,24300) ground=709 vy=0 grounded=True blocked=False cam=(28962,763,23500) camDistXZ=800
22:45:28.999 player pos=(28962,709,24300) ground=709 vy=0 grounded=True blocked=False cam=(28962,763,23500) camDistXZ=800
22:45:29.259 player pos=(28962,709,24300) ground=709 vy=0 grounded=True blocked=False cam=(28962,763,23500) camDistXZ=800
22:45:29.368 loading 1.000 cam=(28962,763,23500) t=387857ms
22:45:29.514 player pos=(28962,709,24300) ground=709 vy=0 grounded=True blocked=False cam=(28962,763,23500) camDistXZ=800
22:45:29.774 player pos=(28962,709,24300) ground=709 vy=0 grounded=True blocked=False cam=(28962,763,23500) camDistXZ=800
22:45:30.025 player pos=(28962,709,24300) ground=709 vy=0 grounded=True blocked=False cam=(28962,763,23500) camDistXZ=800
22:45:30.288 player pos=(28962,709,24300) ground=709 vy=0 grounded=True blocked=False cam=(28962,763,23500) camDistXZ=800
22:45:30.540 player pos=(28962,709,24300) ground=709 vy=0 grounded=True blocked=False cam=(28962,763,23500) camDistXZ=800
22:45:30.802 player pos=(28962,709,24300) ground=709 vy=0 grounded=True blocked=False cam=(28962,763,23500) camDistXZ=800
22:45:31.052 player pos=(28962,709,24300) ground=709 vy=0 grounded=True blocked=False cam=(28962,763,23500) camDistXZ=800
22:45:31.318 player pos=(28962,709,24300) ground=709 vy=0 grounded=True blocked=False cam=(28962,763,23500) camDistXZ=800
22:45:31.376 loading 1.000 cam=(28962,763,23500) t=389866ms
22:45:31.572 player pos=(28962,709,24300) ground=709 vy=0 grounded=True blocked=False cam=(28962,763,23500) camDistXZ=800
22:45:31.832 player pos=(28962,709,24300) ground=709 vy=0 grounded=True blocked=False cam=(28962,763,23500) camDistXZ=800
22:45:32.086 player pos=(28962,709,24300) ground=709 vy=0 grounded=True blocked=False cam=(28962,763,23500) camDistXZ=800
22:45:32.349 player pos=(28962,709,24300) ground=709 vy=0 grounded=True blocked=False cam=(28962,763,23500) camDistXZ=800
22:45:32.603 player pos=(28962,709,24300) ground=709 vy=0 grounded=True blocked=False cam=(28962,763,23500) camDistXZ=800
22:45:32.864 player pos=(28962,709,24300) ground=709 vy=0 grounded=True blocked=False cam=(28962,763,23500) camDistXZ=800
22:45:33.115 player pos=(28962,709,24300) ground=709 vy=0 grounded=True blocked=False cam=(28962,763,23500) camDistXZ=800
22:45:33.376 player pos=(28962,709,24300) ground=709 vy=0 grounded=True blocked=False cam=(28962,763,23500) camDistXZ=800
22:45:33.380 loading 1.000 cam=(28962,763,23500) t=391870ms
22:45:33.631 player pos=(28962,709,24300) ground=709 vy=0 grounded=True blocked=False cam=(28962,763,23500) camDistXZ=800
22:45:33.893 player pos=(28962,709,24300) ground=709 vy=0 grounded=True blocked=False cam=(28962,763,23500) camDistXZ=800
22:45:34.145 player pos=(28962,709,24300) ground=709 vy=0 grounded=True blocked=False cam=(28962,763,23500) camDistXZ=800
22:45:34.406 player pos=(28962,709,24300) ground=709 vy=0 grounded=True blocked=False cam=(28962,763,23500) camDistXZ=800
22:45:34.658 player pos=(28962,709,24300) ground=709 vy=0 grounded=True blocked=False cam=(28962,763,23500) camDistXZ=800
22:45:34.918 player pos=(28962,709,24300) ground=709 vy=0 grounded=True blocked=False cam=(28962,763,23500) camDistXZ=800
22:45:35.169 player pos=(28962,709,24300) ground=709 vy=0 grounded=True blocked=False cam=(28962,763,23500) camDistXZ=800
22:45:35.397 loading 1.000 cam=(28962,763,23500) t=393886ms
22:45:35.427 player pos=(28962,709,24300) ground=709 vy=0 grounded=True blocked=False cam=(28962,763,23500) camDistXZ=800
22:45:35.681 player pos=(28962,709,24300) ground=709 vy=0 grounded=True blocked=False cam=(28962,763,23500) camDistXZ=800
22:45:35.945 player pos=(28962,709,24300) ground=709 vy=0 grounded=True blocked=False cam=(28962,763,23500) camDistXZ=800
22:45:36.196 player pos=(28962,709,24300) ground=709 vy=0 grounded=True blocked=False cam=(28962,763,23500) camDistXZ=800
22:45:36.458 player pos=(28962,709,24300) ground=709 vy=0 grounded=True blocked=False cam=(28962,763,23500) camDistXZ=800
22:45:36.711 player pos=(28962,709,24300) ground=709 vy=0 grounded=True blocked=False cam=(28962,763,23500) camDistXZ=800
22:45:36.971 player pos=(28962,709,24300) ground=709 vy=0 grounded=True blocked=False cam=(28962,763,23500) camDistXZ=800
22:45:37.226 player pos=(28962,709,24300) ground=709 vy=0 grounded=True blocked=False cam=(28962,763,23500) camDistXZ=800
22:45:37.406 loading 1.000 cam=(28962,763,23500) t=395895ms
22:45:37.488 player pos=(28962,709,24300) ground=709 vy=0 grounded=True blocked=False cam=(28962,763,23500) camDistXZ=800
22:45:37.743 player pos=(28962,709,24300) ground=709 vy=0 grounded=True blocked=False cam=(28962,763,23500) camDistXZ=800
22:45:38.004 player pos=(28962,709,24300) ground=709 vy=0 grounded=True blocked=False cam=(28962,763,23500) camDistXZ=800
22:45:38.255 player pos=(28962,709,24300) ground=709 vy=0 grounded=True blocked=False cam=(28962,763,23500) camDistXZ=800
22:45:38.517 player pos=(28962,709,24300) ground=709 vy=0 grounded=True blocked=False cam=(28962,763,23500) camDistXZ=800
22:45:38.777 player pos=(28962,709,24300) ground=709 vy=0 grounded=True blocked=False cam=(28962,763,23500) camDistXZ=800
22:45:39.027 player pos=(28962,709,24300) ground=709 vy=0 grounded=True blocked=False cam=(28962,763,23500) camDistXZ=800
22:45:39.278 player pos=(28962,709,24300) ground=709 vy=0 grounded=True blocked=False cam=(28962,763,23500) camDistXZ=800
22:45:39.418 loading 1.000 cam=(28962,763,23500) t=397908ms
22:45:39.545 player pos=(28962,709,24300) ground=709 vy=0 grounded=True blocked=False cam=(28962,763,23500) camDistXZ=800
22:45:39.797 player pos=(28962,709,24300) ground=709 vy=0 grounded=True blocked=False cam=(28962,763,23500) camDistXZ=800
22:45:40.061 player pos=(28962,709,24300) ground=709 vy=0 grounded=True blocked=False cam=(28962,763,23500) camDistXZ=800
22:45:40.326 player pos=(28962,709,24300) ground=709 vy=0 grounded=True blocked=False cam=(28962,763,23500) camDistXZ=800
22:45:40.589 player pos=(28962,709,24300) ground=709 vy=0 grounded=True blocked=False cam=(28962,763,23500) camDistXZ=800
22:45:40.839 player pos=(28962,709,24300) ground=709 vy=0 grounded=True blocked=False cam=(28962,763,23500) camDistXZ=800
22:45:41.089 player pos=(28962,709,24300) ground=709 vy=0 grounded=True blocked=False cam=(28962,763,23500) camDistXZ=800
22:45:41.339 player pos=(28962,709,24300) ground=709 vy=0 grounded=True blocked=False cam=(28962,763,23500) camDistXZ=800
22:45:41.428 loading 1.000 cam=(28962,763,23500) t=399919ms
22:45:41.601 player pos=(28962,709,24300) ground=709 vy=0 grounded=True blocked=False cam=(28962,763,23500) camDistXZ=800
22:45:41.855 player pos=(28962,709,24300) ground=709 vy=0 grounded=True blocked=False cam=(28962,763,23500) camDistXZ=800
22:45:42.118 player pos=(28962,709,24300) ground=709 vy=0 grounded=True blocked=False cam=(28962,763,23500) camDistXZ=800
22:45:42.369 player pos=(28962,709,24300) ground=709 vy=0 grounded=True blocked=False cam=(28962,763,23500) camDistXZ=800
22:45:42.630 player pos=(28962,709,24300) ground=709 vy=0 grounded=True blocked=False cam=(28962,763,23500) camDistXZ=800
22:45:42.881 player pos=(28962,709,24300) ground=709 vy=0 grounded=True blocked=False cam=(28962,763,23500) camDistXZ=800
22:45:43.145 player pos=(28962,709,24300) ground=709 vy=0 grounded=True blocked=False cam=(28962,763,23500) camDistXZ=800
22:45:43.397 player pos=(28962,709,24300) ground=709 vy=0 grounded=True blocked=False cam=(28962,763,23500) camDistXZ=800
22:45:43.436 loading 1.000 cam=(28962,763,23500) t=401925ms
22:45:43.657 player pos=(28962,709,24300) ground=709 vy=0 grounded=True blocked=False cam=(28962,763,23500) camDistXZ=800
22:45:43.910 player pos=(28962,709,24300) ground=709 vy=0 grounded=True blocked=False cam=(28962,763,23500) camDistXZ=800
22:45:44.163 player pos=(28962,709,24300) ground=709 vy=0 grounded=True blocked=False cam=(28962,763,23500) camDistXZ=800
22:45:44.417 player pos=(28962,709,24300) ground=709 vy=0 grounded=True blocked=False cam=(28962,763,23500) camDistXZ=800
22:45:44.683 player pos=(28962,709,24300) ground=709 vy=0 grounded=True blocked=False cam=(28962,763,23500) camDistXZ=800
22:45:44.950 player pos=(28962,709,24300) ground=709 vy=0 grounded=True blocked=False cam=(28962,763,23500) camDistXZ=800
22:45:45.213 player pos=(28962,709,24300) ground=709 vy=0 grounded=True blocked=False cam=(28962,763,23500) camDistXZ=800
22:45:45.448 loading 1.000 cam=(28962,763,23500) t=403938ms
22:45:45.480 player pos=(28962,709,24300) ground=709 vy=0 grounded=True blocked=False cam=(28962,763,23500) camDistXZ=800
22:45:45.741 player pos=(28962,709,24300) ground=709 vy=0 grounded=True blocked=False cam=(28962,763,23500) camDistXZ=800
22:45:45.992 player pos=(28962,709,24300) ground=709 vy=0 grounded=True blocked=False cam=(28962,763,23500) camDistXZ=800
22:45:46.258 player pos=(28962,709,24300) ground=709 vy=0 grounded=True blocked=False cam=(28962,763,23500) camDistXZ=800
22:45:46.508 player pos=(28962,709,24300) ground=709 vy=0 grounded=True blocked=False cam=(28962,763,23500) camDistXZ=800
22:45:46.771 player pos=(28962,709,24300) ground=709 vy=0 grounded=True blocked=False cam=(28962,763,23500) camDistXZ=800
22:45:47.025 player pos=(28962,709,24300) ground=709 vy=0 grounded=True blocked=False cam=(28962,763,23500) camDistXZ=800
22:45:47.285 player pos=(28962,709,24300) ground=709 vy=0 grounded=True blocked=False cam=(28962,763,23500) camDistXZ=800
22:45:47.455 loading 1.000 cam=(28962,763,23500) t=405945ms
22:45:47.538 player pos=(28962,709,24300) ground=709 vy=0 grounded=True blocked=False cam=(28962,763,23500) camDistXZ=800
22:45:47.801 player pos=(28962,709,24300) ground=709 vy=0 grounded=True blocked=False cam=(28962,763,23500) camDistXZ=800
22:45:48.055 player pos=(28962,709,24300) ground=709 vy=0 grounded=True blocked=False cam=(28962,763,23500) camDistXZ=800
22:45:48.316 player pos=(28962,709,24300) ground=709 vy=0 grounded=True blocked=False cam=(28962,763,23500) camDistXZ=800
22:45:48.581 player pos=(28962,709,24300) ground=709 vy=0 grounded=True blocked=False cam=(28962,763,23500) camDistXZ=800
22:45:48.852 player pos=(28962,709,24300) ground=709 vy=0 grounded=True blocked=False cam=(28962,763,23500) camDistXZ=800
22:45:49.096 player pos=(28962,709,24300) ground=709 vy=0 grounded=True blocked=False cam=(28962,763,23500) camDistXZ=800
22:45:49.370 player pos=(28962,709,24300) ground=709 vy=0 grounded=True blocked=False cam=(28962,763,23500) camDistXZ=800
22:45:49.463 loading 1.000 cam=(28962,763,23500) t=407952ms
22:45:49.635 player pos=(28962,709,24300) ground=709 vy=0 grounded=True blocked=False cam=(28962,763,23500) camDistXZ=800
22:45:49.886 player pos=(28962,709,24300) ground=709 vy=0 grounded=True blocked=False cam=(28962,763,23500) camDistXZ=800
22:45:50.151 player pos=(28962,709,24300) ground=709 vy=0 grounded=True blocked=False cam=(28962,763,23500) camDistXZ=800
22:45:50.409 player pos=(28962,709,24300) ground=709 vy=0 grounded=True blocked=False cam=(28962,763,23500) camDistXZ=800
22:45:50.676 player pos=(28962,709,24300) ground=709 vy=0 grounded=True blocked=False cam=(28962,763,23500) camDistXZ=800
22:45:50.934 player pos=(28962,709,24300) ground=709 vy=0 grounded=True blocked=False cam=(28962,763,23500) camDistXZ=800
22:45:51.191 player pos=(28962,709,24300) ground=709 vy=0 grounded=True blocked=False cam=(28962,763,23500) camDistXZ=800
22:45:51.445 player pos=(28962,709,24300) ground=709 vy=0 grounded=True blocked=False cam=(28962,763,23500) camDistXZ=800
22:45:51.466 loading 1.000 cam=(28962,763,23500) t=409956ms
22:45:51.707 player pos=(28962,709,24300) ground=709 vy=0 grounded=True blocked=False cam=(28962,763,23500) camDistXZ=800
22:45:51.961 player pos=(28962,709,24300) ground=709 vy=0 grounded=True blocked=False cam=(28962,763,23500) camDistXZ=800
22:45:52.228 player pos=(28962,709,24300) ground=709 vy=0 grounded=True blocked=False cam=(28962,763,23500) camDistXZ=800
22:45:52.480 player pos=(28962,709,24300) ground=709 vy=0 grounded=True blocked=False cam=(28962,763,23500) camDistXZ=800
22:45:52.742 player pos=(28962,709,24300) ground=709 vy=0 grounded=True blocked=False cam=(28962,763,23500) camDistXZ=800
22:45:52.994 player pos=(28962,709,24300) ground=709 vy=0 grounded=True blocked=False cam=(28962,763,23500) camDistXZ=800
22:45:53.258 player pos=(28962,709,24300) ground=709 vy=0 grounded=True blocked=False cam=(28962,763,23500) camDistXZ=800
22:45:53.480 loading 1.000 cam=(28962,763,23500) t=411969ms
22:45:53.512 player pos=(28962,709,24300) ground=709 vy=0 grounded=True blocked=False cam=(28962,763,23500) camDistXZ=800
22:45:53.777 player pos=(28962,709,24300) ground=709 vy=0 grounded=True blocked=False cam=(28962,763,23500) camDistXZ=800
22:45:54.030 player pos=(28962,709,24300) ground=709 vy=0 grounded=True blocked=False cam=(28962,763,23500) camDistXZ=800
22:45:54.292 player pos=(28962,709,24300) ground=709 vy=0 grounded=True blocked=False cam=(28962,763,23500) camDistXZ=800
22:45:54.542 player pos=(28962,709,24300) ground=709 vy=0 grounded=True blocked=False cam=(28962,763,23500) camDistXZ=800
22:45:54.802 player pos=(28962,709,24300) ground=709 vy=0 grounded=True blocked=False cam=(28962,763,23500) camDistXZ=800
22:45:55.056 player pos=(28962,709,24300) ground=709 vy=0 grounded=True blocked=False cam=(28962,763,23500) camDistXZ=800
22:45:55.320 player pos=(28962,709,24300) ground=709 vy=0 grounded=True blocked=False cam=(28962,763,23500) camDistXZ=800
22:45:55.487 loading 1.000 cam=(28962,763,23500) t=413976ms
22:45:55.570 player pos=(28962,709,24300) ground=709 vy=0 grounded=True blocked=False cam=(28962,763,23500) camDistXZ=800
22:45:55.832 player pos=(28962,709,24300) ground=709 vy=0 grounded=True blocked=False cam=(28962,763,23500) camDistXZ=800
22:45:56.086 player pos=(28962,709,24300) ground=709 vy=0 grounded=True blocked=False cam=(28962,763,23500) camDistXZ=800
22:45:56.347 player pos=(28962,709,24300) ground=709 vy=0 grounded=True blocked=False cam=(28962,763,23500) camDistXZ=800
22:45:56.602 player pos=(28962,709,24300) ground=709 vy=0 grounded=True blocked=False cam=(28962,763,23500) camDistXZ=800
22:45:56.863 player pos=(28962,709,24300) ground=709 vy=0 grounded=True blocked=False cam=(28962,763,23500) camDistXZ=800
22:45:57.118 player pos=(28962,709,24300) ground=709 vy=0 grounded=True blocked=False cam=(28962,763,23500) camDistXZ=800
22:45:57.378 player pos=(28962,709,24300) ground=709 vy=0 grounded=True blocked=False cam=(28962,763,23500) camDistXZ=800
22:45:57.488 loading 1.000 cam=(28962,763,23500) t=415978ms
22:45:57.631 player pos=(28962,709,24300) ground=709 vy=0 grounded=True blocked=False cam=(28962,763,23500) camDistXZ=800
22:45:57.891 player pos=(28962,709,24300) ground=709 vy=0 grounded=True blocked=False cam=(28962,763,23500) camDistXZ=800
22:45:58.143 player pos=(28962,709,24300) ground=709 vy=0 grounded=True blocked=False cam=(28962,763,23500) camDistXZ=800
22:45:58.408 player pos=(28962,709,24300) ground=709 vy=0 grounded=True blocked=False cam=(28962,763,23500) camDistXZ=800
22:45:58.661 player pos=(28962,709,24300) ground=709 vy=0 grounded=True blocked=False cam=(28962,763,23500) camDistXZ=800
22:45:58.921 player pos=(28962,709,24300) ground=709 vy=0 grounded=True blocked=False cam=(28962,763,23500) camDistXZ=800
22:45:59.183 player pos=(28962,709,24300) ground=709 vy=0 grounded=True blocked=False cam=(28962,763,23500) camDistXZ=800
22:45:59.444 player pos=(28962,709,24300) ground=709 vy=0 grounded=True blocked=False cam=(28962,763,23500) camDistXZ=800
22:45:59.499 loading 1.000 cam=(28962,763,23500) t=417988ms
22:45:59.704 player pos=(28962,709,24300) ground=709 vy=0 grounded=True blocked=False cam=(28962,763,23500) camDistXZ=800
22:45:59.968 player pos=(28962,709,24300) ground=709 vy=0 grounded=True blocked=False cam=(28962,763,23500) camDistXZ=800
22:46:00.223 player pos=(28962,709,24300) ground=709 vy=0 grounded=True blocked=False cam=(28962,763,23500) camDistXZ=800
22:46:00.487 player pos=(28962,709,24300) ground=709 vy=0 grounded=True blocked=False cam=(28962,763,23500) camDistXZ=800
22:46:00.742 player pos=(28962,709,24300) ground=709 vy=0 grounded=True blocked=False cam=(28962,763,23500) camDistXZ=800
22:46:01.006 player pos=(28962,709,24300) ground=709 vy=0 grounded=True blocked=False cam=(28962,763,23500) camDistXZ=800
22:46:01.259 player pos=(28962,709,24300) ground=709 vy=0 grounded=True blocked=False cam=(28962,763,23500) camDistXZ=800
22:46:01.507 loading 1.000 cam=(28962,763,23500) t=419996ms
22:46:01.521 player pos=(28962,709,24300) ground=709 vy=0 grounded=True blocked=False cam=(28962,763,23500) camDistXZ=800
22:46:01.771 player pos=(28962,709,24300) ground=709 vy=0 grounded=True blocked=False cam=(28962,763,23500) camDistXZ=800
22:46:02.032 player pos=(28962,709,24300) ground=709 vy=0 grounded=True blocked=False cam=(28962,763,23500) camDistXZ=800
22:46:02.284 player pos=(28962,709,24300) ground=709 vy=0 grounded=True blocked=False cam=(28962,763,23500) camDistXZ=800
22:46:02.537 player pos=(28962,709,24300) ground=709 vy=0 grounded=True blocked=False cam=(28962,763,23500) camDistXZ=800
22:46:02.795 player pos=(28962,709,24300) ground=709 vy=0 grounded=True blocked=False cam=(28962,763,23500) camDistXZ=800
22:46:03.056 player pos=(28962,709,24300) ground=709 vy=0 grounded=True blocked=False cam=(28962,763,23500) camDistXZ=800
22:46:03.307 player pos=(28962,709,24300) ground=709 vy=0 grounded=True blocked=False cam=(28962,763,23500) camDistXZ=800
22:46:03.510 loading 1.000 cam=(28962,763,23500) t=421999ms
22:46:03.559 player pos=(28962,709,24300) ground=709 vy=0 grounded=True blocked=False cam=(28962,763,23500) camDistXZ=800
22:46:03.809 player pos=(28962,709,24300) ground=709 vy=0 grounded=True blocked=False cam=(28962,763,23500) camDistXZ=800
22:46:04.072 player pos=(28962,709,24300) ground=709 vy=0 grounded=True blocked=False cam=(28962,763,23500) camDistXZ=800
22:46:04.323 player pos=(28962,709,24300) ground=709 vy=0 grounded=True blocked=False cam=(28962,763,23500) camDistXZ=800
22:46:04.587 player pos=(28962,709,24300) ground=709 vy=0 grounded=True blocked=False cam=(28962,763,23500) camDistXZ=800
22:46:04.840 player pos=(28962,709,24300) ground=709 vy=0 grounded=True blocked=False cam=(28962,763,23500) camDistXZ=800
22:46:05.099 player pos=(28962,709,24300) ground=709 vy=0 grounded=True blocked=False cam=(28962,763,23500) camDistXZ=800
22:46:05.349 player pos=(28962,709,24300) ground=709 vy=0 grounded=True blocked=False cam=(28962,763,23500) camDistXZ=800
22:46:05.526 loading 1.000 cam=(28962,763,23500) t=424016ms
22:46:05.610 player pos=(28962,709,24300) ground=709 vy=0 grounded=True blocked=False cam=(28962,763,23500) camDistXZ=800
22:46:05.863 player pos=(28962,709,24300) ground=709 vy=0 grounded=True blocked=False cam=(28962,763,23500) camDistXZ=800
22:46:06.126 player pos=(28962,709,24300) ground=709 vy=0 grounded=True blocked=False cam=(28962,763,23500) camDistXZ=800
22:46:06.387 player pos=(28962,709,24300) ground=709 vy=0 grounded=True blocked=False cam=(28962,763,23500) camDistXZ=800
22:46:06.636 player pos=(28962,709,24300) ground=709 vy=0 grounded=True blocked=False cam=(28962,763,23500) camDistXZ=800
22:46:06.888 player pos=(28962,709,24300) ground=709 vy=0 grounded=True blocked=False cam=(28962,763,23500) camDistXZ=800
22:46:07.154 player pos=(28962,709,24300) ground=709 vy=0 grounded=True blocked=False cam=(28962,763,23500) camDistXZ=800
22:46:07.406 player pos=(28962,709,24300) ground=709 vy=0 grounded=True blocked=False cam=(28962,763,23500) camDistXZ=800
22:46:07.532 loading 1.000 cam=(28962,763,23500) t=426021ms
22:46:07.668 player pos=(28962,709,24300) ground=709 vy=0 grounded=True blocked=False cam=(28962,763,23500) camDistXZ=800
22:46:07.924 player pos=(28962,709,24300) ground=709 vy=0 grounded=True blocked=False cam=(28962,763,23500) camDistXZ=800
22:46:08.183 player pos=(28962,709,24300) ground=709 vy=0 grounded=True blocked=False cam=(28962,763,23500) camDistXZ=800
22:46:08.436 player pos=(28962,709,24300) ground=709 vy=0 grounded=True blocked=False cam=(28962,763,23500) camDistXZ=800
22:46:08.698 player pos=(28962,709,24300) ground=709 vy=0 grounded=True blocked=False cam=(28962,763,23500) camDistXZ=800
22:46:08.951 player pos=(28962,709,24300) ground=709 vy=0 grounded=True blocked=False cam=(28962,763,23500) camDistXZ=800
22:46:09.211 player pos=(28962,709,24300) ground=709 vy=0 grounded=True blocked=False cam=(28962,763,23500) camDistXZ=800
22:46:09.477 player pos=(28962,709,24300) ground=709 vy=0 grounded=True blocked=False cam=(28962,763,23500) camDistXZ=800
22:46:09.533 loading 1.000 cam=(28962,763,23500) t=428022ms
22:46:09.745 player pos=(28962,709,24300) ground=709 vy=0 grounded=True blocked=False cam=(28962,763,23500) camDistXZ=800
22:46:09.991 player pos=(28962,709,24300) ground=709 vy=0 grounded=True blocked=False cam=(28962,763,23500) camDistXZ=800
22:46:10.263 player pos=(28962,709,24300) ground=709 vy=0 grounded=True blocked=False cam=(28962,763,23500) camDistXZ=800
22:46:10.525 player pos=(28962,709,24300) ground=709 vy=0 grounded=True blocked=False cam=(28962,763,23500) camDistXZ=800
22:46:10.778 player pos=(28962,709,24300) ground=709 vy=0 grounded=True blocked=False cam=(28962,763,23500) camDistXZ=800
22:46:11.039 player pos=(28962,709,24300) ground=709 vy=0 grounded=True blocked=False cam=(28962,763,23500) camDistXZ=800
22:46:11.290 player pos=(28962,709,24300) ground=709 vy=0 grounded=True blocked=False cam=(28962,763,23500) camDistXZ=800
22:46:11.538 loading 1.000 cam=(28962,763,23500) t=430029ms
22:46:11.554 player pos=(28962,709,24300) ground=709 vy=0 grounded=True blocked=False cam=(28962,763,23500) camDistXZ=800
22:46:11.806 player pos=(28962,709,24300) ground=709 vy=0 grounded=True blocked=False cam=(28962,763,23500) camDistXZ=800
22:46:12.068 player pos=(28962,709,24300) ground=709 vy=0 grounded=True blocked=False cam=(28962,763,23500) camDistXZ=800
22:46:12.318 player pos=(28962,709,24300) ground=709 vy=0 grounded=True blocked=False cam=(28962,763,23500) camDistXZ=800
22:46:12.578 player pos=(28962,709,24300) ground=709 vy=0 grounded=True blocked=False cam=(28962,763,23500) camDistXZ=800
22:46:12.830 player pos=(28962,709,24300) ground=709 vy=0 grounded=True blocked=False cam=(28962,763,23500) camDistXZ=800
22:46:13.099 player pos=(28962,709,24300) ground=709 vy=0 grounded=True blocked=False cam=(28962,763,23500) camDistXZ=800
22:46:13.353 player pos=(28962,709,24300) ground=709 vy=0 grounded=True blocked=False cam=(28962,763,23500) camDistXZ=800
22:46:13.547 loading 1.000 cam=(28962,763,23500) t=432036ms
22:46:13.613 player pos=(28962,709,24300) ground=709 vy=0 grounded=True blocked=False cam=(28962,763,23500) camDistXZ=800
22:46:13.866 player pos=(28962,709,24300) ground=709 vy=0 grounded=True blocked=False cam=(28962,763,23500) camDistXZ=800
22:46:14.125 player pos=(28962,709,24300) ground=709 vy=0 grounded=True blocked=False cam=(28962,763,23500) camDistXZ=800
22:46:14.378 player pos=(28962,709,24300) ground=709 vy=0 grounded=True blocked=False cam=(28962,763,23500) camDistXZ=800
22:46:14.628 player pos=(28962,709,24300) ground=709 vy=0 grounded=True blocked=False cam=(28962,763,23500) camDistXZ=800
22:46:14.884 player pos=(28962,709,24300) ground=709 vy=0 grounded=True blocked=False cam=(28962,763,23500) camDistXZ=800
22:46:15.145 player pos=(28962,709,24300) ground=709 vy=0 grounded=True blocked=False cam=(28962,763,23500) camDistXZ=800
22:46:15.398 player pos=(28962,709,24300) ground=709 vy=0 grounded=True blocked=False cam=(28962,763,23500) camDistXZ=800
22:46:15.558 loading 1.000 cam=(28962,763,23500) t=434048ms
22:46:15.658 player pos=(28962,709,24300) ground=709 vy=0 grounded=True blocked=False cam=(28962,763,23500) camDistXZ=800
22:46:15.910 player pos=(28962,709,24300) ground=709 vy=0 grounded=True blocked=False cam=(28962,763,23500) camDistXZ=800
22:46:16.176 player pos=(28962,709,24300) ground=709 vy=0 grounded=True blocked=False cam=(28962,763,23500) camDistXZ=800
22:46:16.432 player pos=(28962,709,24300) ground=709 vy=0 grounded=True blocked=False cam=(28962,763,23500) camDistXZ=800
22:46:16.696 player pos=(28962,709,24300) ground=709 vy=0 grounded=True blocked=False cam=(28962,763,23500) camDistXZ=800
22:46:16.950 player pos=(28962,709,24300) ground=709 vy=0 grounded=True blocked=False cam=(28962,763,23500) camDistXZ=800
22:46:17.210 player pos=(28962,709,24300) ground=709 vy=0 grounded=True blocked=False cam=(28962,763,23500) camDistXZ=800
22:46:17.461 player pos=(28962,709,24300) ground=709 vy=0 grounded=True blocked=False cam=(28962,763,23500) camDistXZ=800
22:46:17.573 loading 1.000 cam=(28962,763,23500) t=436062ms
22:46:17.726 player pos=(28962,709,24300) ground=709 vy=0 grounded=True blocked=False cam=(28962,763,23500) camDistXZ=800
22:46:17.979 player pos=(28962,709,24300) ground=709 vy=0 grounded=True blocked=False cam=(28962,763,23500) camDistXZ=800
22:46:18.241 player pos=(28962,709,24300) ground=709 vy=0 grounded=True blocked=False cam=(28962,763,23500) camDistXZ=800
22:46:18.494 player pos=(28962,709,24300) ground=709 vy=0 grounded=True blocked=False cam=(28962,763,23500) camDistXZ=800
22:46:18.755 player pos=(28962,709,24300) ground=709 vy=0 grounded=True blocked=False cam=(28962,763,23500) camDistXZ=800
22:46:19.006 player pos=(28962,709,24300) ground=709 vy=0 grounded=True blocked=False cam=(28962,763,23500) camDistXZ=800
22:46:19.265 player pos=(28962,709,24300) ground=709 vy=0 grounded=True blocked=False cam=(28962,763,23500) camDistXZ=800
22:46:19.517 player pos=(28962,709,24300) ground=709 vy=0 grounded=True blocked=False cam=(28962,763,23500) camDistXZ=800
22:46:19.573 loading 1.000 cam=(28962,763,23500) t=438062ms
22:46:19.781 player pos=(28962,709,24300) ground=709 vy=0 grounded=True blocked=False cam=(28962,763,23500) camDistXZ=800
22:46:20.031 player pos=(28962,709,24300) ground=709 vy=0 grounded=True blocked=False cam=(28962,763,23500) camDistXZ=800
22:46:20.292 player pos=(28962,709,24300) ground=709 vy=0 grounded=True blocked=False cam=(28962,763,23500) camDistXZ=800
22:46:20.545 player pos=(28962,709,24300) ground=709 vy=0 grounded=True blocked=False cam=(28962,763,23500) camDistXZ=800
22:46:20.808 player pos=(28962,709,24300) ground=709 vy=0 grounded=True blocked=False cam=(28962,763,23500) camDistXZ=800
22:46:21.058 player pos=(28962,709,24300) ground=709 vy=0 grounded=True blocked=False cam=(28962,763,23500) camDistXZ=800
22:46:21.322 player pos=(28962,709,24300) ground=709 vy=0 grounded=True blocked=False cam=(28962,763,23500) camDistXZ=800
22:46:21.573 player pos=(28962,709,24300) ground=709 vy=0 grounded=True blocked=False cam=(28962,763,23500) camDistXZ=800
22:46:21.576 loading 1.000 cam=(28962,763,23500) t=440066ms
22:46:21.835 player pos=(28962,709,24300) ground=709 vy=0 grounded=True blocked=False cam=(28962,763,23500) camDistXZ=800
22:46:22.087 player pos=(28962,709,24300) ground=709 vy=0 grounded=True blocked=False cam=(28962,763,23500) camDistXZ=800
22:46:22.351 player pos=(28962,709,24300) ground=709 vy=0 grounded=True blocked=False cam=(28962,763,23500) camDistXZ=800
22:46:22.601 player pos=(28962,709,24300) ground=709 vy=0 grounded=True blocked=False cam=(28962,763,23500) camDistXZ=800
22:46:22.853 player pos=(28962,709,24300) ground=709 vy=0 grounded=True blocked=False cam=(28962,763,23500) camDistXZ=800
22:46:23.103 player pos=(28962,709,24300) ground=709 vy=0 grounded=True blocked=False cam=(28962,763,23500) camDistXZ=800
22:46:23.367 player pos=(28962,709,24300) ground=709 vy=0 grounded=True blocked=False cam=(28962,763,23500) camDistXZ=800
22:46:23.587 loading 1.000 cam=(28962,763,23500) t=442077ms
22:46:23.620 player pos=(28962,709,24300) ground=709 vy=0 grounded=True blocked=False cam=(28962,763,23500) camDistXZ=800
22:46:23.885 player pos=(28962,709,24300) ground=709 vy=0 grounded=True blocked=False cam=(28962,763,23500) camDistXZ=800
22:46:24.137 player pos=(28962,709,24300) ground=709 vy=0 grounded=True blocked=False cam=(28962,763,23500) camDistXZ=800
22:46:24.397 player pos=(28962,709,24300) ground=709 vy=0 grounded=True blocked=False cam=(28962,763,23500) camDistXZ=800
22:46:24.655 player pos=(28962,709,24300) ground=709 vy=0 grounded=True blocked=False cam=(28962,763,23500) camDistXZ=800
22:46:24.917 player pos=(28962,709,24300) ground=709 vy=0 grounded=True blocked=False cam=(28962,763,23500) camDistXZ=800
22:46:25.168 player pos=(28962,709,24300) ground=709 vy=0 grounded=True blocked=False cam=(28962,763,23500) camDistXZ=800
22:46:25.428 player pos=(28962,709,24300) ground=709 vy=0 grounded=True blocked=False cam=(28962,763,23500) camDistXZ=800
22:46:25.597 loading 1.000 cam=(28962,763,23500) t=444086ms
22:46:25.680 player pos=(28962,709,24300) ground=709 vy=0 grounded=True blocked=False cam=(28962,763,23500) camDistXZ=800
22:46:25.942 player pos=(28962,709,24300) ground=709 vy=0 grounded=True blocked=False cam=(28962,763,23500) camDistXZ=800
22:46:26.193 player pos=(28962,709,24300) ground=709 vy=0 grounded=True blocked=False cam=(28962,763,23500) camDistXZ=800
22:46:26.455 player pos=(28962,709,24300) ground=709 vy=0 grounded=True blocked=False cam=(28962,763,23500) camDistXZ=800
22:46:26.716 player pos=(28962,709,24300) ground=709 vy=0 grounded=True blocked=False cam=(28962,763,23500) camDistXZ=800
22:46:26.978 player pos=(28962,709,24300) ground=709 vy=0 grounded=True blocked=False cam=(28962,763,23500) camDistXZ=800
22:46:27.234 player pos=(28962,709,24300) ground=709 vy=0 grounded=True blocked=False cam=(28962,763,23500) camDistXZ=800
22:46:27.488 player pos=(28962,709,24300) ground=709 vy=0 grounded=True blocked=False cam=(28962,763,23500) camDistXZ=800
22:46:27.603 loading 1.000 cam=(28962,763,23500) t=446093ms
22:46:27.741 player pos=(28962,709,24300) ground=709 vy=0 grounded=True blocked=False cam=(28962,763,23500) camDistXZ=800
22:46:28.003 player pos=(28962,709,24300) ground=709 vy=0 grounded=True blocked=False cam=(28962,763,23500) camDistXZ=800
22:46:28.260 player pos=(28962,709,24300) ground=709 vy=0 grounded=True blocked=False cam=(28962,763,23500) camDistXZ=800
22:46:28.520 player pos=(28962,709,24300) ground=709 vy=0 grounded=True blocked=False cam=(28962,763,23500) camDistXZ=800
22:46:28.793 player pos=(28962,709,24300) ground=709 vy=0 grounded=True blocked=False cam=(28962,763,23500) camDistXZ=800
22:46:29.055 player pos=(28962,709,24300) ground=709 vy=0 grounded=True blocked=False cam=(28962,763,23500) camDistXZ=800
22:46:29.308 player pos=(28962,709,24300) ground=709 vy=0 grounded=True blocked=False cam=(28962,763,23500) camDistXZ=800
22:46:29.575 player pos=(28962,709,24300) ground=709 vy=0 grounded=True blocked=False cam=(28962,763,23500) camDistXZ=800
22:46:29.605 loading 1.000 cam=(28962,763,23500) t=448094ms
22:46:29.826 player pos=(28962,709,24300) ground=709 vy=0 grounded=True blocked=False cam=(28962,763,23500) camDistXZ=800
22:46:30.088 player pos=(28962,709,24300) ground=709 vy=0 grounded=True blocked=False cam=(28962,763,23500) camDistXZ=800
22:46:30.342 player pos=(28962,709,24300) ground=709 vy=0 grounded=True blocked=False cam=(28962,763,23500) camDistXZ=800
22:46:30.614 player pos=(28962,709,24300) ground=709 vy=0 grounded=True blocked=False cam=(28962,763,23500) camDistXZ=800
22:46:30.862 player pos=(28962,709,24300) ground=709 vy=0 grounded=True blocked=False cam=(28962,763,23500) camDistXZ=800
22:46:31.125 player pos=(28962,709,24300) ground=709 vy=0 grounded=True blocked=False cam=(28962,763,23500) camDistXZ=800
22:46:31.372 player pos=(28962,709,24300) ground=709 vy=0 grounded=True blocked=False cam=(28962,763,23500) camDistXZ=800
22:46:31.605 loading 1.000 cam=(28962,763,23500) t=450094ms
22:46:31.644 player pos=(28962,709,24300) ground=709 vy=0 grounded=True blocked=False cam=(28962,763,23500) camDistXZ=800
22:46:31.901 player pos=(28962,709,24300) ground=709 vy=0 grounded=True blocked=False cam=(28962,763,23500) camDistXZ=800
22:46:32.153 player pos=(28962,709,24300) ground=709 vy=0 grounded=True blocked=False cam=(28962,763,23500) camDistXZ=800
22:46:32.417 player pos=(28962,709,24300) ground=709 vy=0 grounded=True blocked=False cam=(28962,763,23500) camDistXZ=800
22:46:32.671 player pos=(28962,709,24300) ground=709 vy=0 grounded=True blocked=False cam=(28962,763,23500) camDistXZ=800
22:46:32.934 player pos=(28962,709,24300) ground=709 vy=0 grounded=True blocked=False cam=(28962,763,23500) camDistXZ=800
22:46:33.188 player pos=(28962,709,24300) ground=709 vy=0 grounded=True blocked=False cam=(28962,763,23500) camDistXZ=800
22:46:33.438 player pos=(28962,709,24300) ground=709 vy=0 grounded=True blocked=False cam=(28962,763,23500) camDistXZ=800
22:46:33.618 loading 1.000 cam=(28962,763,23500) t=452108ms
22:46:33.694 player pos=(28962,709,24300) ground=709 vy=0 grounded=True blocked=False cam=(28962,763,23500) camDistXZ=800
22:46:33.958 player pos=(28962,709,24300) ground=709 vy=0 grounded=True blocked=False cam=(28962,763,23500) camDistXZ=800
22:46:34.213 player pos=(28962,709,24300) ground=709 vy=0 grounded=True blocked=False cam=(28962,763,23500) camDistXZ=800
22:46:34.473 player pos=(28962,709,24300) ground=709 vy=0 grounded=True blocked=False cam=(28962,763,23500) camDistXZ=800
22:46:34.735 player pos=(28962,709,24300) ground=709 vy=0 grounded=True blocked=False cam=(28962,763,23500) camDistXZ=800
22:46:34.997 player pos=(28962,709,24300) ground=709 vy=0 grounded=True blocked=False cam=(28962,763,23500) camDistXZ=800
22:46:35.250 player pos=(28962,709,24300) ground=709 vy=0 grounded=True blocked=False cam=(28962,763,23500) camDistXZ=800
22:46:35.517 player pos=(28962,709,24300) ground=709 vy=0 grounded=True blocked=False cam=(28962,763,23500) camDistXZ=800
22:46:35.625 loading 1.000 cam=(28962,763,23500) t=454115ms
22:46:35.771 player pos=(28962,709,24300) ground=709 vy=0 grounded=True blocked=False cam=(28962,763,23500) camDistXZ=800
22:46:36.033 player pos=(28962,709,24300) ground=709 vy=0 grounded=True blocked=False cam=(28962,763,23500) camDistXZ=800
22:46:36.287 player pos=(28962,709,24300) ground=709 vy=0 grounded=True blocked=False cam=(28962,763,23500) camDistXZ=800
22:46:36.547 player pos=(28962,709,24300) ground=709 vy=0 grounded=True blocked=False cam=(28962,763,23500) camDistXZ=800
22:46:36.806 player pos=(28962,709,24300) ground=709 vy=0 grounded=True blocked=False cam=(28962,763,23500) camDistXZ=800
22:46:37.060 player pos=(28962,709,24300) ground=709 vy=0 grounded=True blocked=False cam=(28962,763,23500) camDistXZ=800
22:46:37.324 player pos=(28962,709,24300) ground=709 vy=0 grounded=True blocked=False cam=(28962,763,23500) camDistXZ=800
22:46:37.588 player pos=(28962,709,24300) ground=709 vy=0 grounded=True blocked=False cam=(28962,763,23500) camDistXZ=800
22:46:37.626 loading 1.000 cam=(28962,763,23500) t=456116ms
22:46:37.845 player pos=(28962,709,24300) ground=709 vy=0 grounded=True blocked=False cam=(28962,763,23500) camDistXZ=800
22:46:38.111 player pos=(28962,709,24300) ground=709 vy=0 grounded=True blocked=False cam=(28962,763,23500) camDistXZ=800
22:46:38.281 camera mode -> FREE
22:46:38.367 player pos=(28962,709,24300) ground=709 vy=0 grounded=True blocked=False cam=(28962,763,23500) camDistXZ=800
22:46:38.625 player pos=(28962,709,24300) ground=709 vy=0 grounded=True blocked=False cam=(28962,763,23500) camDistXZ=800
22:46:38.891 player pos=(28962,709,24300) ground=709 vy=0 grounded=True blocked=False cam=(28962,63,23500) camDistXZ=800
22:46:39.155 player pos=(28962,709,24300) ground=709 vy=0 grounded=True blocked=False cam=(28962,-1237,23500) camDistXZ=800
22:46:39.416 player pos=(28962,709,24300) ground=709 vy=0 grounded=True blocked=False cam=(28962,-637,23500) camDistXZ=800
22:46:39.627 loading 1.000 cam=(28962,663,23500) t=458117ms
22:46:39.678 player pos=(28962,709,24300) ground=709 vy=0 grounded=True blocked=False cam=(28962,863,23500) camDistXZ=800
22:46:39.932 player pos=(28962,709,24300) ground=709 vy=0 grounded=True blocked=False cam=(28962,2263,23500) camDistXZ=800
22:46:40.184 player pos=(28962,709,24300) ground=709 vy=0 grounded=True blocked=False cam=(28962,2463,23500) camDistXZ=800
22:46:40.448 player pos=(28962,709,24300) ground=709 vy=0 grounded=True blocked=False cam=(28962,2363,23500) camDistXZ=800
22:46:40.714 player pos=(28962,709,24300) ground=709 vy=0 grounded=True blocked=False cam=(28962,1363,23500) camDistXZ=800
22:46:40.976 player pos=(28962,709,24300) ground=709 vy=0 grounded=True blocked=False cam=(28962,1363,23500) camDistXZ=800
22:46:41.241 player pos=(28962,709,24300) ground=709 vy=0 grounded=True blocked=False cam=(28962,1363,23500) camDistXZ=800
22:46:41.492 player pos=(28962,709,24300) ground=709 vy=0 grounded=True blocked=False cam=(28962,1063,23500) camDistXZ=800
22:46:41.640 loading 1.000 cam=(28962,963,23500) t=460130ms
22:46:41.760 player pos=(28962,709,24300) ground=709 vy=0 grounded=True blocked=False cam=(28962,963,23500) camDistXZ=800
22:46:42.010 player pos=(28962,709,24300) ground=709 vy=0 grounded=True blocked=False cam=(28962,1463,23500) camDistXZ=800
22:46:42.277 player pos=(28962,709,24300) ground=709 vy=0 grounded=True blocked=False cam=(28962,1463,23500) camDistXZ=800
22:46:42.540 player pos=(28962,709,24300) ground=709 vy=0 grounded=True blocked=False cam=(28962,1463,23500) camDistXZ=800
22:46:42.789 player pos=(28977,709,24300) ground=709 vy=0 grounded=True blocked=False cam=(28962,1463,23500) camDistXZ=800
22:46:43.038 player pos=(28977,709,24300) ground=709 vy=0 grounded=True blocked=False cam=(28962,1463,23500) camDistXZ=800
22:46:43.291 player pos=(29023,710,24300) ground=710 vy=0 grounded=True blocked=False cam=(28962,1463,23500) camDistXZ=802
22:46:43.554 player pos=(29076,710,24300) ground=710 vy=0 grounded=True blocked=False cam=(28962,1463,23500) camDistXZ=808
22:46:43.648 loading 1.000 cam=(28962,1463,23500) t=462138ms
22:46:43.821 player pos=(29106,710,24323) ground=710 vy=0 grounded=True blocked=False cam=(28962,1463,23500) camDistXZ=836
22:46:44.084 player pos=(29133,710,24349) ground=710 vy=0 grounded=True blocked=False cam=(28962,1463,23500) camDistXZ=866
22:46:44.335 player pos=(29158,709,24374) ground=709 vy=0 grounded=True blocked=False cam=(28962,1463,23500) camDistXZ=896
22:46:44.587 player pos=(29183,709,24400) ground=709 vy=0 grounded=True blocked=False cam=(28962,1463,23500) camDistXZ=926
22:46:44.840 player pos=(29208,709,24425) ground=709 vy=0 grounded=True blocked=False cam=(28962,1463,23500) camDistXZ=957
22:46:45.089 player pos=(29233,708,24450) ground=708 vy=0 grounded=True blocked=False cam=(28962,1463,23500) camDistXZ=988
22:46:45.346 player pos=(29259,708,24476) ground=708 vy=0 grounded=True blocked=False cam=(28962,1463,23500) camDistXZ=1020
22:46:45.613 player pos=(29309,708,24479) ground=708 vy=0 grounded=True blocked=False cam=(28962,1463,23500) camDistXZ=1039
22:46:45.652 loading 1.000 cam=(28962,1463,23500) t=464142ms
22:46:45.878 player pos=(29362,709,24479) ground=709 vy=0 grounded=True blocked=False cam=(28962,1463,23500) camDistXZ=1058
22:46:46.144 player pos=(29415,709,24479) ground=709 vy=0 grounded=True blocked=False cam=(28962,1463,23500) camDistXZ=1079
22:46:46.408 player pos=(29468,709,24479) ground=709 vy=0 grounded=True blocked=False cam=(28962,1463,23500) camDistXZ=1102
22:46:46.676 player pos=(29522,709,24479) ground=709 vy=0 grounded=True blocked=False cam=(28962,1463,23500) camDistXZ=1128
22:46:46.941 player pos=(29571,709,24483) ground=709 vy=0 grounded=True blocked=False cam=(28962,1463,23500) camDistXZ=1156
22:46:47.206 player pos=(29597,708,24509) ground=708 vy=0 grounded=True blocked=False cam=(28962,1463,23500) camDistXZ=1193
22:46:47.457 player pos=(29622,708,24534) ground=708 vy=0 grounded=True blocked=False cam=(28962,1463,23500) camDistXZ=1227
22:46:47.660 loading 1.000 cam=(28962,1463,23500) t=466149ms
22:46:47.711 player pos=(29648,708,24560) ground=708 vy=0 grounded=True blocked=False cam=(28962,1463,23500) camDistXZ=1262
22:46:47.962 player pos=(29673,707,24585) ground=707 vy=0 grounded=True blocked=False cam=(28962,1463,23500) camDistXZ=1297
22:46:48.221 player pos=(29699,707,24611) ground=707 vy=0 grounded=True blocked=False cam=(28962,1463,23500) camDistXZ=1333
22:46:48.473 player pos=(29724,707,24636) ground=707 vy=0 grounded=True blocked=False cam=(28962,1463,23500) camDistXZ=1368
22:46:48.740 player pos=(29751,706,24663) ground=706 vy=0 grounded=True blocked=False cam=(28962,1463,23500) camDistXZ=1405
22:46:49.003 player pos=(29777,706,24689) ground=706 vy=0 grounded=True blocked=False cam=(28962,1463,23500) camDistXZ=1441
22:46:49.255 player pos=(29802,706,24714) ground=706 vy=0 grounded=True blocked=False cam=(28962,1463,23500) camDistXZ=1477
22:46:49.507 player pos=(29827,706,24739) ground=706 vy=0 grounded=True blocked=False cam=(28962,1463,23500) camDistXZ=1512
22:46:49.665 loading 1.000 cam=(28962,1463,23500) t=468154ms
22:46:49.769 player pos=(29852,705,24765) ground=705 vy=0 grounded=True blocked=True cam=(28962,1463,23500) camDistXZ=1547
22:46:50.021 player pos=(29847,705,24779) ground=705 vy=0 grounded=True blocked=True cam=(28962,1463,23500) camDistXZ=1555
22:46:50.271 player pos=(29842,705,24792) ground=705 vy=0 grounded=True blocked=True cam=(28962,1463,23500) camDistXZ=1563
22:46:50.537 player pos=(29836,705,24807) ground=705 vy=0 grounded=True blocked=True cam=(28962,1463,23500) camDistXZ=1572
22:46:50.786 player pos=(29841,705,24832) ground=705 vy=0 grounded=True blocked=True cam=(28962,1463,23500) camDistXZ=1596
22:46:51.053 player pos=(29867,705,24859) ground=705 vy=0 grounded=True blocked=False cam=(28962,1463,23500) camDistXZ=1633
22:46:51.310 player pos=(29898,705,24880) ground=705 vy=0 grounded=True blocked=True cam=(28962,1463,23500) camDistXZ=1667
22:46:51.571 player pos=(29929,705,24905) ground=705 vy=0 grounded=True blocked=True cam=(28962,1463,23500) camDistXZ=1706
22:46:51.681 loading 1.000 cam=(28962,1463,23500) t=470170ms
22:46:51.821 player pos=(29932,705,24907) ground=705 vy=0 grounded=True blocked=True cam=(28962,1463,23500) camDistXZ=1709
22:46:52.087 player pos=(29906,705,24886) ground=705 vy=0 grounded=True blocked=True cam=(28962,1463,23500) camDistXZ=1677
22:46:52.352 player pos=(29880,705,24865) ground=705 vy=0 grounded=True blocked=True cam=(28962,1463,23500) camDistXZ=1645
22:46:52.620 player pos=(29873,705,24859) ground=705 vy=0 grounded=True blocked=True cam=(28962,1463,23500) camDistXZ=1637
22:46:52.866 player pos=(29876,705,24862) ground=705 vy=0 grounded=True blocked=True cam=(28962,1463,23500) camDistXZ=1640
22:46:53.119 player pos=(29863,705,24851) ground=705 vy=0 grounded=True blocked=True cam=(28962,1463,23500) camDistXZ=1624
22:46:53.383 player pos=(29837,705,24826) ground=705 vy=0 grounded=True blocked=True cam=(28962,1463,23500) camDistXZ=1589
22:46:53.635 player pos=(29841,705,24793) ground=705 vy=0 grounded=True blocked=True cam=(28962,1463,23500) camDistXZ=1564
22:46:53.692 loading 1.000 cam=(28962,1463,23500) t=472181ms
22:46:53.899 player pos=(29848,705,24776) ground=705 vy=0 grounded=True blocked=True cam=(28962,1463,23500) camDistXZ=1553
22:46:54.163 player pos=(29854,705,24758) ground=705 vy=0 grounded=True blocked=True cam=(28962,1463,23500) camDistXZ=1543
22:46:54.413 player pos=(29861,706,24742) ground=706 vy=0 grounded=True blocked=True cam=(28962,1463,23500) camDistXZ=1533
22:46:54.681 player pos=(29867,706,24724) ground=706 vy=0 grounded=True blocked=True cam=(28962,1463,23500) camDistXZ=1522
22:46:54.931 player pos=(29874,706,24708) ground=706 vy=0 grounded=True blocked=True cam=(28962,1463,23500) camDistXZ=1513
22:46:55.185 player pos=(29880,706,24691) ground=706 vy=0 grounded=True blocked=True cam=(28962,1463,23500) camDistXZ=1503
22:46:55.438 player pos=(29886,706,24674) ground=706 vy=0 grounded=True blocked=True cam=(28962,1463,23500) camDistXZ=1494
22:46:55.691 player pos=(29892,706,24657) ground=706 vy=0 grounded=True blocked=True cam=(28962,1463,23500) camDistXZ=1485
22:46:55.696 loading 1.000 cam=(28962,1463,23500) t=474185ms
22:46:55.944 player pos=(29922,706,24635) ground=706 vy=0 grounded=True blocked=True cam=(28962,1463,23500) camDistXZ=1487
22:46:56.196 player pos=(29963,706,24616) ground=706 vy=0 grounded=True blocked=True cam=(28962,1463,23500) camDistXZ=1499
22:46:56.446 player pos=(29993,706,24601) ground=706 vy=0 grounded=True blocked=True cam=(28962,1463,23500) camDistXZ=1509
22:46:56.712 player pos=(29979,706,24608) ground=706 vy=0 grounded=True blocked=True cam=(28962,1463,23500) camDistXZ=1504
22:46:56.977 player pos=(29944,706,24620) ground=706 vy=0 grounded=True blocked=False cam=(28962,1463,23500) camDistXZ=1489
22:46:57.233 player pos=(29892,706,24620) ground=706 vy=0 grounded=True blocked=False cam=(28962,1463,23500) camDistXZ=1456
22:46:57.499 player pos=(29839,706,24620) ground=706 vy=0 grounded=True blocked=False cam=(28962,1463,23500) camDistXZ=1423
22:46:57.699 loading 1.000 cam=(28962,1463,23500) t=476188ms
22:46:57.765 player pos=(29797,706,24631) ground=706 vy=0 grounded=True blocked=False cam=(28962,1463,23500) camDistXZ=1405
22:46:58.032 player pos=(29791,706,24679) ground=706 vy=0 grounded=True blocked=False cam=(28962,1463,23500) camDistXZ=1441
22:46:58.297 player pos=(29791,706,24732) ground=706 vy=0 grounded=True blocked=False cam=(28962,1463,23500) camDistXZ=1485
22:46:58.563 player pos=(29791,807,24785) ground=705 vy=476 grounded=False blocked=False cam=(28962,1463,23500) camDistXZ=1529
22:46:58.813 player pos=(29791,883,24835) ground=705 vy=154 grounded=False blocked=False cam=(28962,1463,23500) camDistXZ=1571
22:46:59.074 player pos=(29791,877,24887) ground=705 vy=-183 grounded=False blocked=False cam=(28962,1463,23500) camDistXZ=1616
22:46:59.328 player pos=(29791,786,24938) ground=704 vy=-509 grounded=False blocked=False cam=(28962,1463,23500) camDistXZ=1660
22:46:59.579 player pos=(29800,704,24979) ground=704 vy=0 grounded=True blocked=False cam=(28962,1463,23500) camDistXZ=1700
22:46:59.709 loading 1.000 cam=(28962,1463,23500) t=478198ms
22:46:59.831 player pos=(29815,704,25015) ground=704 vy=0 grounded=True blocked=False cam=(28962,1463,23500) camDistXZ=1738
22:47:00.094 player pos=(29815,704,25068) ground=704 vy=0 grounded=True blocked=False cam=(28962,1463,23500) camDistXZ=1785
22:47:00.362 player pos=(29820,703,25116) ground=703 vy=0 grounded=True blocked=False cam=(28962,1463,23500) camDistXZ=1829
22:47:00.611 player pos=(29845,703,25141) ground=703 vy=0 grounded=True blocked=False cam=(28962,1463,23500) camDistXZ=1863
22:47:00.864 player pos=(29870,703,25166) ground=703 vy=0 grounded=True blocked=False cam=(28962,1463,23500) camDistXZ=1898
22:47:01.119 player pos=(29896,703,25192) ground=703 vy=0 grounded=True blocked=False cam=(28962,1463,23500) camDistXZ=1932
22:47:01.371 player pos=(29921,703,25217) ground=703 vy=0 grounded=True blocked=False cam=(28962,1463,23500) camDistXZ=1966
22:47:01.625 player pos=(29946,703,25242) ground=703 vy=0 grounded=True blocked=False cam=(28962,1463,23500) camDistXZ=2001
22:47:01.720 loading 1.000 cam=(28962,1463,23500) t=480209ms
22:47:01.879 player pos=(29972,703,25268) ground=703 vy=0 grounded=True blocked=False cam=(28962,1463,23500) camDistXZ=2036
22:47:02.128 player pos=(29997,703,25293) ground=703 vy=0 grounded=True blocked=False cam=(28962,1463,23500) camDistXZ=2070
22:47:02.386 player pos=(30023,703,25318) ground=703 vy=0 grounded=True blocked=False cam=(28962,1463,23500) camDistXZ=2105
22:47:02.638 player pos=(30030,704,25361) ground=704 vy=0 grounded=True blocked=False cam=(28962,1463,23500) camDistXZ=2146
22:47:02.902 player pos=(30030,704,25414) ground=704 vy=0 grounded=True blocked=False cam=(28962,1463,23500) camDistXZ=2192
22:47:03.152 player pos=(30022,704,25448) ground=704 vy=0 grounded=True blocked=True cam=(28962,1463,23500) camDistXZ=2218
22:47:03.417 player pos=(30038,759,25473) ground=759 vy=0 grounded=True blocked=False cam=(28962,1463,23500) camDistXZ=2248
22:47:03.668 player pos=(30047,704,25439) ground=704 vy=0 grounded=True blocked=True cam=(28962,1463,23500) camDistXZ=2222
22:47:03.724 loading 1.000 cam=(28962,1463,23500) t=482213ms
22:47:03.933 player pos=(30031,704,25444) ground=704 vy=0 grounded=True blocked=True cam=(28962,1463,23500) camDistXZ=2219
22:47:04.196 player pos=(30007,704,25464) ground=704 vy=0 grounded=True blocked=True cam=(28962,1463,23500) camDistXZ=2224
22:47:04.462 player pos=(29984,704,25488) ground=704 vy=0 grounded=True blocked=True cam=(28962,1463,23500) camDistXZ=2235
22:47:04.713 player pos=(29978,704,25531) ground=704 vy=0 grounded=True blocked=True cam=(28962,1463,23500) camDistXZ=2271
22:47:04.965 player pos=(30025,757,25534) ground=757 vy=0 grounded=True blocked=False cam=(28962,1463,23500) camDistXZ=2295
22:47:05.227 player pos=(30078,789,25534) ground=789 vy=0 grounded=True blocked=False cam=(28962,1463,23500) camDistXZ=2320
22:47:05.480 player pos=(30040,704,25440) ground=704 vy=0 grounded=True blocked=False cam=(28962,1463,23500) camDistXZ=2220
22:47:05.731 loading 1.000 cam=(28962,1463,23500) t=484221ms
22:47:05.746 player pos=(29987,704,25440) ground=704 vy=0 grounded=True blocked=False cam=(28962,1463,23500) camDistXZ=2194
22:47:06.011 player pos=(29983,704,25440) ground=704 vy=0 grounded=True blocked=False cam=(28962,1463,23500) camDistXZ=2193
22:47:06.274 player pos=(30027,704,25432) ground=704 vy=0 grounded=True blocked=False cam=(28962,1463,23500) camDistXZ=2206
22:47:06.538 player pos=(30030,704,25382) ground=704 vy=0 grounded=True blocked=False cam=(28962,1463,23500) camDistXZ=2164
22:47:06.788 player pos=(30030,704,25332) ground=704 vy=0 grounded=True blocked=False cam=(28962,1463,23500) camDistXZ=2121
22:47:07.042 player pos=(30030,703,25281) ground=703 vy=0 grounded=True blocked=False cam=(28962,1463,23500) camDistXZ=2077
22:47:07.308 player pos=(30023,703,25235) ground=703 vy=0 grounded=True blocked=False cam=(28962,1463,23500) camDistXZ=2034
22:47:07.573 player pos=(29976,703,25230) ground=703 vy=0 grounded=True blocked=False cam=(28962,1463,23500) camDistXZ=2005
22:47:07.736 loading 1.000 cam=(28962,1463,23500) t=486225ms
22:47:07.838 player pos=(29974,703,25179) ground=703 vy=0 grounded=True blocked=False cam=(28962,1463,23500) camDistXZ=1960
22:47:08.103 player pos=(29974,704,25126) ground=704 vy=0 grounded=True blocked=False cam=(28962,1463,23500) camDistXZ=1915
22:47:08.371 player pos=(29947,704,25099) ground=704 vy=0 grounded=True blocked=False cam=(28962,1463,23500) camDistXZ=1878
22:47:08.637 player pos=(29935,704,25058) ground=704 vy=0 grounded=True blocked=False cam=(28962,1463,23500) camDistXZ=1837
22:47:08.902 player pos=(29935,704,25005) ground=704 vy=0 grounded=True blocked=False cam=(28962,1463,23500) camDistXZ=1792
22:47:09.168 player pos=(29935,704,24952) ground=704 vy=0 grounded=True blocked=False cam=(28962,1463,23500) camDistXZ=1748
22:47:09.430 player pos=(29930,705,24906) ground=705 vy=0 grounded=True blocked=True cam=(28962,1463,23500) camDistXZ=1707
22:47:09.693 player pos=(29904,705,24885) ground=705 vy=0 grounded=True blocked=True cam=(28962,1463,23500) camDistXZ=1675
22:47:09.754 loading 1.000 cam=(28962,1463,23500) t=488243ms
22:47:09.947 player pos=(29879,705,24864) ground=705 vy=0 grounded=True blocked=True cam=(28962,1463,23500) camDistXZ=1644
22:47:10.201 player pos=(29856,705,24845) ground=705 vy=0 grounded=True blocked=False cam=(28962,1463,23500) camDistXZ=1615
22:47:10.455 player pos=(29856,705,24845) ground=705 vy=0 grounded=True blocked=False cam=(28962,1463,23500) camDistXZ=1615
22:47:10.713 player pos=(29856,705,24845) ground=705 vy=0 grounded=True blocked=False cam=(28962,1463,23500) camDistXZ=1615
22:47:10.963 player pos=(29856,705,24845) ground=705 vy=0 grounded=True blocked=False cam=(28962,1463,23500) camDistXZ=1615
22:47:11.229 player pos=(29856,705,24845) ground=705 vy=0 grounded=True blocked=False cam=(28962,1463,23500) camDistXZ=1615
22:47:11.493 player pos=(29856,705,24845) ground=705 vy=0 grounded=True blocked=False cam=(28962,1463,23500) camDistXZ=1615
22:47:11.745 player pos=(29856,705,24845) ground=705 vy=0 grounded=True blocked=False cam=(28962,1463,23500) camDistXZ=1615
22:47:11.767 loading 1.000 cam=(28962,1463,23500) t=490256ms
22:47:12.012 player pos=(29856,705,24845) ground=705 vy=0 grounded=True blocked=False cam=(28962,1463,23500) camDistXZ=1615
22:47:12.279 player pos=(29856,705,24845) ground=705 vy=0 grounded=True blocked=False cam=(28962,1463,23500) camDistXZ=1615
22:47:12.529 player pos=(29856,705,24845) ground=705 vy=0 grounded=True blocked=False cam=(28962,1463,23500) camDistXZ=1615
22:47:12.778 player pos=(29856,705,24845) ground=705 vy=0 grounded=True blocked=False cam=(28962,1463,23500) camDistXZ=1615
22:47:13.029 player pos=(29856,705,24845) ground=705 vy=0 grounded=True blocked=False cam=(28962,1463,23500) camDistXZ=1615
22:47:13.283 player pos=(29856,705,24845) ground=705 vy=0 grounded=True blocked=False cam=(28962,1463,23500) camDistXZ=1615
22:47:13.535 player pos=(29856,705,24845) ground=705 vy=0 grounded=True blocked=False cam=(28962,1463,23500) camDistXZ=1615
22:47:13.773 loading 1.000 cam=(28962,1463,23500) t=492263ms
22:47:13.788 player pos=(29856,705,24845) ground=705 vy=0 grounded=True blocked=False cam=(28962,1463,23500) camDistXZ=1615
22:47:14.037 player pos=(29856,705,24845) ground=705 vy=0 grounded=True blocked=False cam=(28962,1463,23500) camDistXZ=1615
22:47:14.291 player pos=(29856,705,24845) ground=705 vy=0 grounded=True blocked=False cam=(28962,1463,23500) camDistXZ=1615
22:47:14.541 player pos=(29856,705,24845) ground=705 vy=0 grounded=True blocked=False cam=(28962,1463,23500) camDistXZ=1615
22:47:14.791 player pos=(29856,705,24845) ground=705 vy=0 grounded=True blocked=False cam=(28962,1463,23500) camDistXZ=1615
22:47:15.045 player pos=(29856,705,24845) ground=705 vy=0 grounded=True blocked=False cam=(28962,1463,23500) camDistXZ=1615
22:47:15.300 player pos=(29856,705,24845) ground=705 vy=0 grounded=True blocked=False cam=(28962,1463,23500) camDistXZ=1615
22:47:15.551 player pos=(29856,705,24845) ground=705 vy=0 grounded=True blocked=False cam=(28962,1463,23500) camDistXZ=1615
22:47:15.785 loading 1.000 cam=(28962,1463,23500) t=494274ms
22:47:15.817 player pos=(29856,705,24845) ground=705 vy=0 grounded=True blocked=False cam=(28962,1463,23500) camDistXZ=1615
22:47:16.073 player pos=(29856,705,24845) ground=705 vy=0 grounded=True blocked=False cam=(28962,1463,23500) camDistXZ=1615
22:47:16.328 player pos=(29856,705,24845) ground=705 vy=0 grounded=True blocked=False cam=(28962,1463,23500) camDistXZ=1615
22:47:16.594 player pos=(29856,705,24845) ground=705 vy=0 grounded=True blocked=False cam=(28962,1463,23500) camDistXZ=1615
22:47:16.859 player pos=(29856,705,24845) ground=705 vy=0 grounded=True blocked=False cam=(28962,1463,23500) camDistXZ=1615
22:47:17.125 player pos=(29856,705,24845) ground=705 vy=0 grounded=True blocked=False cam=(28962,1463,23500) camDistXZ=1615
22:47:17.377 player pos=(29856,705,24845) ground=705 vy=0 grounded=True blocked=False cam=(28962,1463,23500) camDistXZ=1615
22:47:17.627 player pos=(29856,705,24845) ground=705 vy=0 grounded=True blocked=False cam=(28962,1463,23500) camDistXZ=1615
22:47:17.794 loading 1.000 cam=(28962,1463,23500) t=496283ms
22:47:17.881 player pos=(29856,705,24845) ground=705 vy=0 grounded=True blocked=False cam=(28962,1463,23500) camDistXZ=1615
22:47:18.145 player pos=(29856,705,24845) ground=705 vy=0 grounded=True blocked=False cam=(28962,1463,23500) camDistXZ=1615
22:47:18.410 player pos=(29856,705,24845) ground=705 vy=0 grounded=True blocked=False cam=(28962,1463,23500) camDistXZ=1615
22:47:18.662 player pos=(29856,705,24845) ground=705 vy=0 grounded=True blocked=False cam=(28962,1463,23500) camDistXZ=1615
22:47:18.921 player pos=(29856,705,24845) ground=705 vy=0 grounded=True blocked=False cam=(28962,1463,23500) camDistXZ=1615
22:47:19.171 player pos=(29856,705,24845) ground=705 vy=0 grounded=True blocked=False cam=(28962,1463,23500) camDistXZ=1615
22:47:19.422 player pos=(29856,705,24845) ground=705 vy=0 grounded=True blocked=False cam=(28962,1463,23500) camDistXZ=1615
22:47:19.672 player pos=(29856,705,24845) ground=705 vy=0 grounded=True blocked=False cam=(28962,1463,23500) camDistXZ=1615
22:47:19.801 loading 1.000 cam=(28962,1463,23500) t=498290ms
22:47:19.928 player pos=(29856,705,24845) ground=705 vy=0 grounded=True blocked=False cam=(28962,1463,23500) camDistXZ=1615
22:47:20.179 player pos=(29856,705,24845) ground=705 vy=0 grounded=True blocked=False cam=(28962,1463,23500) camDistXZ=1615
22:47:20.430 player pos=(29856,705,24845) ground=705 vy=0 grounded=True blocked=False cam=(28962,1463,23500) camDistXZ=1615
22:47:20.681 player pos=(29856,705,24845) ground=705 vy=0 grounded=True blocked=False cam=(28962,1463,23500) camDistXZ=1615
22:47:20.944 player pos=(29856,705,24845) ground=705 vy=0 grounded=True blocked=False cam=(28962,1463,23500) camDistXZ=1615
22:47:21.208 player pos=(29856,705,24845) ground=705 vy=0 grounded=True blocked=False cam=(28962,1463,23500) camDistXZ=1615
22:47:21.473 player pos=(29856,705,24845) ground=705 vy=0 grounded=True blocked=False cam=(28962,1463,23500) camDistXZ=1615
22:47:21.723 player pos=(29856,705,24845) ground=705 vy=0 grounded=True blocked=False cam=(28962,1463,23500) camDistXZ=1615
22:47:21.818 loading 1.000 cam=(28962,1463,23500) t=500307ms
22:47:21.978 player pos=(29856,705,24845) ground=705 vy=0 grounded=True blocked=False cam=(28962,1463,23500) camDistXZ=1615
22:47:22.228 player pos=(29856,705,24845) ground=705 vy=0 grounded=True blocked=False cam=(28962,1463,23500) camDistXZ=1615
22:47:22.487 player pos=(29856,705,24845) ground=705 vy=0 grounded=True blocked=False cam=(28962,1463,23500) camDistXZ=1615
22:47:22.738 player pos=(29856,705,24845) ground=705 vy=0 grounded=True blocked=False cam=(28962,1463,23500) camDistXZ=1615
22:47:22.991 player pos=(29856,705,24845) ground=705 vy=0 grounded=True blocked=False cam=(28962,1463,23500) camDistXZ=1615
22:47:23.257 player pos=(29856,705,24845) ground=705 vy=0 grounded=True blocked=False cam=(28962,1463,23500) camDistXZ=1615
22:47:23.509 player pos=(29856,705,24845) ground=705 vy=0 grounded=True blocked=False cam=(28962,1463,23500) camDistXZ=1615
22:47:23.762 player pos=(29856,705,24845) ground=705 vy=0 grounded=True blocked=False cam=(28962,1463,23500) camDistXZ=1615
22:47:23.836 loading 1.000 cam=(28962,1463,23500) t=502325ms
22:47:24.015 player pos=(29856,705,24845) ground=705 vy=0 grounded=True blocked=False cam=(28962,1463,23500) camDistXZ=1615
22:47:24.267 player pos=(29856,705,24845) ground=705 vy=0 grounded=True blocked=False cam=(28962,1463,23500) camDistXZ=1615
22:47:24.533 player pos=(29856,705,24845) ground=705 vy=0 grounded=True blocked=False cam=(28962,1463,23500) camDistXZ=1615
22:47:24.782 player pos=(29856,705,24845) ground=705 vy=0 grounded=True blocked=False cam=(28962,1463,23500) camDistXZ=1615
22:47:25.034 player pos=(29856,705,24845) ground=705 vy=0 grounded=True blocked=False cam=(28962,1463,23500) camDistXZ=1615
22:47:25.298 player pos=(29856,705,24845) ground=705 vy=0 grounded=True blocked=False cam=(28962,1463,23500) camDistXZ=1615
22:47:25.561 player pos=(29856,705,24845) ground=705 vy=0 grounded=True blocked=False cam=(28962,1463,23500) camDistXZ=1615
22:47:25.810 player pos=(29856,705,24845) ground=705 vy=0 grounded=True blocked=False cam=(28962,1463,23500) camDistXZ=1615
22:47:25.848 loading 1.000 cam=(28962,1463,23500) t=504338ms
22:47:26.073 player pos=(29856,705,24845) ground=705 vy=0 grounded=True blocked=False cam=(28962,1463,23500) camDistXZ=1615
22:47:26.323 player pos=(29856,705,24845) ground=705 vy=0 grounded=True blocked=False cam=(28962,1463,23500) camDistXZ=1615
22:47:26.573 player pos=(29856,705,24845) ground=705 vy=0 grounded=True blocked=False cam=(28962,1463,23500) camDistXZ=1615
22:47:26.838 player pos=(29856,705,24845) ground=705 vy=0 grounded=True blocked=False cam=(28962,1463,23500) camDistXZ=1615
22:47:27.103 player pos=(29856,705,24845) ground=705 vy=0 grounded=True blocked=False cam=(28962,1463,23500) camDistXZ=1615
22:47:27.365 player pos=(29856,705,24845) ground=705 vy=0 grounded=True blocked=False cam=(28962,1463,23500) camDistXZ=1615
22:47:27.628 player pos=(29856,705,24845) ground=705 vy=0 grounded=True blocked=False cam=(28962,1463,23500) camDistXZ=1615
22:47:27.861 loading 1.000 cam=(28962,1463,23500) t=506350ms
22:47:27.893 player pos=(29856,705,24845) ground=705 vy=0 grounded=True blocked=False cam=(28962,1463,23500) camDistXZ=1615
22:47:28.144 player pos=(29856,705,24845) ground=705 vy=0 grounded=True blocked=False cam=(28962,1463,23500) camDistXZ=1615
22:47:28.395 player pos=(29856,705,24845) ground=705 vy=0 grounded=True blocked=False cam=(28962,1463,23500) camDistXZ=1615
22:47:28.648 player pos=(29856,705,24845) ground=705 vy=0 grounded=True blocked=False cam=(28962,1463,23500) camDistXZ=1615
22:47:28.916 player pos=(29856,705,24845) ground=705 vy=0 grounded=True blocked=False cam=(28962,1463,23500) camDistXZ=1615
22:47:29.183 player pos=(29856,705,24845) ground=705 vy=0 grounded=True blocked=False cam=(28962,1463,23500) camDistXZ=1615
22:47:29.434 player pos=(29856,705,24845) ground=705 vy=0 grounded=True blocked=False cam=(28962,1463,23500) camDistXZ=1615
22:47:29.686 player pos=(29856,705,24845) ground=705 vy=0 grounded=True blocked=False cam=(28962,1463,23500) camDistXZ=1615
22:47:29.869 loading 1.000 cam=(28962,1463,23500) t=508359ms
22:47:29.936 player pos=(29856,705,24845) ground=705 vy=0 grounded=True blocked=False cam=(28962,1463,23500) camDistXZ=1615
22:47:30.203 player pos=(29856,705,24845) ground=705 vy=0 grounded=True blocked=False cam=(28962,1463,23500) camDistXZ=1615
22:47:30.470 player pos=(29856,705,24845) ground=705 vy=0 grounded=True blocked=False cam=(28962,1463,23500) camDistXZ=1615
22:47:30.733 player pos=(29856,705,24845) ground=705 vy=0 grounded=True blocked=False cam=(28962,1463,23500) camDistXZ=1615
22:47:30.983 player pos=(29856,705,24845) ground=705 vy=0 grounded=True blocked=False cam=(28962,1463,23500) camDistXZ=1615
22:47:31.249 player pos=(29856,705,24845) ground=705 vy=0 grounded=True blocked=False cam=(28962,1463,23500) camDistXZ=1615
22:47:31.514 player pos=(29856,705,24845) ground=705 vy=0 grounded=True blocked=False cam=(28962,1463,23500) camDistXZ=1615
22:47:31.780 player pos=(29856,705,24845) ground=705 vy=0 grounded=True blocked=False cam=(28962,1463,23500) camDistXZ=1615
22:47:31.872 loading 1.000 cam=(28962,1463,23500) t=510362ms
22:47:32.044 player pos=(29856,705,24845) ground=705 vy=0 grounded=True blocked=False cam=(28962,1463,23500) camDistXZ=1615
22:47:32.311 player pos=(29856,705,24845) ground=705 vy=0 grounded=True blocked=False cam=(28962,1463,23500) camDistXZ=1615
22:47:32.575 player pos=(29856,705,24845) ground=705 vy=0 grounded=True blocked=False cam=(28962,1463,23500) camDistXZ=1615
22:47:32.835 player pos=(29856,705,24845) ground=705 vy=0 grounded=True blocked=False cam=(28962,1463,23500) camDistXZ=1615
22:47:33.098 player pos=(29856,705,24845) ground=705 vy=0 grounded=True blocked=False cam=(28962,1463,23500) camDistXZ=1615
22:47:33.360 player pos=(29856,705,24845) ground=705 vy=0 grounded=True blocked=False cam=(28962,1463,23500) camDistXZ=1615
22:47:33.623 player pos=(29856,705,24845) ground=705 vy=0 grounded=True blocked=False cam=(28962,1463,23500) camDistXZ=1615
22:47:33.874 loading 1.000 cam=(28962,1463,23500) t=512363ms
22:47:33.888 player pos=(29856,705,24845) ground=705 vy=0 grounded=True blocked=False cam=(28962,1463,23500) camDistXZ=1615
22:47:34.154 player pos=(29856,705,24845) ground=705 vy=0 grounded=True blocked=False cam=(28962,1463,23500) camDistXZ=1615
22:47:34.422 player pos=(29856,705,24845) ground=705 vy=0 grounded=True blocked=False cam=(28962,1463,23500) camDistXZ=1615
22:47:34.688 player pos=(29856,705,24845) ground=705 vy=0 grounded=True blocked=False cam=(28962,1463,23500) camDistXZ=1615
22:47:34.952 player pos=(29856,705,24845) ground=705 vy=0 grounded=True blocked=False cam=(28962,1463,23500) camDistXZ=1615
22:47:35.205 player pos=(29856,705,24845) ground=705 vy=0 grounded=True blocked=False cam=(28962,1463,23500) camDistXZ=1615
22:47:35.471 player pos=(29856,705,24845) ground=705 vy=0 grounded=True blocked=False cam=(28962,1463,23500) camDistXZ=1615
22:47:35.736 player pos=(29856,705,24845) ground=705 vy=0 grounded=True blocked=False cam=(28962,1463,23500) camDistXZ=1615
22:47:35.882 loading 1.000 cam=(28962,1463,23500) t=514371ms
22:47:36.003 player pos=(29856,705,24845) ground=705 vy=0 grounded=True blocked=False cam=(28962,1463,23500) camDistXZ=1615
22:47:36.269 player pos=(29856,705,24845) ground=705 vy=0 grounded=True blocked=False cam=(28962,1463,23500) camDistXZ=1615
22:47:36.520 player pos=(29856,705,24845) ground=705 vy=0 grounded=True blocked=False cam=(28962,1463,23500) camDistXZ=1615
22:47:36.785 player pos=(29856,705,24845) ground=705 vy=0 grounded=True blocked=False cam=(28962,1463,23500) camDistXZ=1615
22:47:37.051 player pos=(29856,705,24845) ground=705 vy=0 grounded=True blocked=False cam=(28962,1463,23500) camDistXZ=1615
22:47:37.315 player pos=(29856,705,24845) ground=705 vy=0 grounded=True blocked=False cam=(28962,1463,23500) camDistXZ=1615
22:47:37.579 player pos=(29856,705,24845) ground=705 vy=0 grounded=True blocked=False cam=(28962,1463,23500) camDistXZ=1615
22:47:37.843 player pos=(29856,705,24845) ground=705 vy=0 grounded=True blocked=False cam=(28962,1463,23500) camDistXZ=1615
22:47:37.883 loading 1.000 cam=(28962,1463,23500) t=516372ms
22:47:38.110 player pos=(29856,705,24845) ground=705 vy=0 grounded=True blocked=False cam=(28962,1463,23500) camDistXZ=1615
22:47:38.360 player pos=(29856,705,24845) ground=705 vy=0 grounded=True blocked=False cam=(28962,1463,23500) camDistXZ=1615
22:47:38.614 player pos=(29856,705,24845) ground=705 vy=0 grounded=True blocked=False cam=(28962,1463,23500) camDistXZ=1615
22:47:38.877 player pos=(29856,705,24845) ground=705 vy=0 grounded=True blocked=False cam=(28962,1463,23500) camDistXZ=1615
22:47:39.130 player pos=(29856,705,24845) ground=705 vy=0 grounded=True blocked=False cam=(28962,1463,23500) camDistXZ=1615
22:47:39.385 player pos=(29856,705,24845) ground=705 vy=0 grounded=True blocked=False cam=(28962,1463,23500) camDistXZ=1615
22:47:39.641 player pos=(29856,705,24845) ground=705 vy=0 grounded=True blocked=False cam=(28962,1463,23500) camDistXZ=1615
22:47:39.891 player pos=(29856,705,24845) ground=705 vy=0 grounded=True blocked=False cam=(28962,1463,23500) camDistXZ=1615
22:47:39.895 loading 1.000 cam=(28962,1463,23500) t=518385ms
22:47:40.157 player pos=(29856,705,24845) ground=705 vy=0 grounded=True blocked=False cam=(28962,1463,23500) camDistXZ=1615
22:47:40.412 player pos=(29856,705,24845) ground=705 vy=0 grounded=True blocked=False cam=(28962,1463,23500) camDistXZ=1615
22:47:40.669 player pos=(29856,705,24845) ground=705 vy=0 grounded=True blocked=False cam=(28962,1463,23500) camDistXZ=1615
22:47:40.921 player pos=(29856,705,24845) ground=705 vy=0 grounded=True blocked=False cam=(28962,1463,23500) camDistXZ=1615
22:47:41.183 player pos=(29856,705,24845) ground=705 vy=0 grounded=True blocked=False cam=(28962,1463,23500) camDistXZ=1615
22:47:41.439 player pos=(29856,705,24845) ground=705 vy=0 grounded=True blocked=False cam=(28962,1463,23500) camDistXZ=1615
22:47:41.692 player pos=(29856,705,24845) ground=705 vy=0 grounded=True blocked=False cam=(28962,1463,23500) camDistXZ=1615
22:47:41.897 loading 1.000 cam=(28962,1463,23500) t=520387ms
22:47:41.948 player pos=(29856,705,24845) ground=705 vy=0 grounded=True blocked=False cam=(28962,1463,23500) camDistXZ=1615
22:47:42.202 player pos=(29856,705,24845) ground=705 vy=0 grounded=True blocked=False cam=(28962,1463,23500) camDistXZ=1615
22:47:42.457 player pos=(29856,705,24845) ground=705 vy=0 grounded=True blocked=False cam=(28962,1463,23500) camDistXZ=1615
22:47:42.711 player pos=(29856,705,24845) ground=705 vy=0 grounded=True blocked=False cam=(28962,1463,23500) camDistXZ=1615
22:47:42.965 player pos=(29856,705,24845) ground=705 vy=0 grounded=True blocked=False cam=(28962,1463,23500) camDistXZ=1615
22:47:43.228 player pos=(29856,705,24845) ground=705 vy=0 grounded=True blocked=False cam=(28962,1463,23500) camDistXZ=1615
22:47:43.485 player pos=(29856,705,24845) ground=705 vy=0 grounded=True blocked=False cam=(28962,1463,23500) camDistXZ=1615
22:47:43.740 player pos=(29856,705,24845) ground=705 vy=0 grounded=True blocked=False cam=(28962,1463,23500) camDistXZ=1615
22:47:43.907 loading 1.000 cam=(28962,1463,23500) t=522396ms
22:47:43.993 player pos=(29856,705,24845) ground=705 vy=0 grounded=True blocked=False cam=(28962,1463,23500) camDistXZ=1615
22:47:44.255 player pos=(29856,705,24845) ground=705 vy=0 grounded=True blocked=False cam=(28962,1463,23500) camDistXZ=1615
22:47:44.510 player pos=(29856,705,24845) ground=705 vy=0 grounded=True blocked=False cam=(28962,1463,23500) camDistXZ=1615
22:47:44.760 player pos=(29856,705,24845) ground=705 vy=0 grounded=True blocked=False cam=(28962,1463,23500) camDistXZ=1615
22:47:45.010 player pos=(29856,705,24845) ground=705 vy=0 grounded=True blocked=False cam=(28962,1463,23500) camDistXZ=1615
22:47:45.262 player pos=(29856,705,24845) ground=705 vy=0 grounded=True blocked=False cam=(28962,1463,23500) camDistXZ=1615
22:47:45.512 player pos=(29856,705,24845) ground=705 vy=0 grounded=True blocked=False cam=(28962,1463,23500) camDistXZ=1615
22:47:45.762 player pos=(29856,705,24845) ground=705 vy=0 grounded=True blocked=False cam=(28962,1463,23500) camDistXZ=1615
22:47:45.911 loading 1.000 cam=(28962,1463,23500) t=524400ms
22:47:46.014 player pos=(29856,705,24845) ground=705 vy=0 grounded=True blocked=False cam=(28962,1463,23500) camDistXZ=1615
22:47:46.282 player pos=(29856,705,24845) ground=705 vy=0 grounded=True blocked=False cam=(28962,1463,23500) camDistXZ=1615
22:47:46.535 player pos=(29856,705,24845) ground=705 vy=0 grounded=True blocked=False cam=(28962,1463,23500) camDistXZ=1615
22:47:46.801 player pos=(29856,705,24845) ground=705 vy=0 grounded=True blocked=False cam=(28962,1463,23500) camDistXZ=1615
22:47:47.054 player pos=(29856,705,24845) ground=705 vy=0 grounded=True blocked=False cam=(28962,1463,23500) camDistXZ=1615
22:47:47.303 player pos=(29856,705,24845) ground=705 vy=0 grounded=True blocked=False cam=(28962,1463,23500) camDistXZ=1615
22:47:47.554 player pos=(29856,705,24845) ground=705 vy=0 grounded=True blocked=False cam=(28962,1463,23500) camDistXZ=1615
22:47:47.821 player pos=(29856,705,24845) ground=705 vy=0 grounded=True blocked=False cam=(28962,1463,23500) camDistXZ=1615
22:47:47.914 loading 1.000 cam=(28962,1463,23500) t=526404ms
22:47:48.088 player pos=(29856,705,24845) ground=705 vy=0 grounded=True blocked=False cam=(28962,1463,23500) camDistXZ=1615
22:47:48.353 player pos=(29856,705,24845) ground=705 vy=0 grounded=True blocked=False cam=(28962,1463,23500) camDistXZ=1615
22:47:48.607 player pos=(29856,705,24845) ground=705 vy=0 grounded=True blocked=False cam=(28962,1463,23500) camDistXZ=1615
22:47:48.871 player pos=(29856,705,24845) ground=705 vy=0 grounded=True blocked=False cam=(28962,1463,23500) camDistXZ=1615
22:47:49.137 player pos=(29856,705,24845) ground=705 vy=0 grounded=True blocked=False cam=(28962,1463,23500) camDistXZ=1615
22:47:49.404 player pos=(29856,705,24845) ground=705 vy=0 grounded=True blocked=False cam=(28962,1463,23500) camDistXZ=1615
22:47:49.657 player pos=(29856,705,24845) ground=705 vy=0 grounded=True blocked=False cam=(28962,1463,23500) camDistXZ=1615
22:47:49.908 player pos=(29856,705,24845) ground=705 vy=0 grounded=True blocked=False cam=(28962,1463,23500) camDistXZ=1615
22:47:49.930 loading 1.000 cam=(28962,1463,23500) t=528420ms
22:47:50.174 player pos=(29856,705,24845) ground=705 vy=0 grounded=True blocked=False cam=(28962,1463,23500) camDistXZ=1615
22:47:50.438 player pos=(29856,705,24845) ground=705 vy=0 grounded=True blocked=False cam=(28962,1463,23500) camDistXZ=1615
22:47:50.703 player pos=(29856,705,24845) ground=705 vy=0 grounded=True blocked=False cam=(28962,1463,23500) camDistXZ=1615
22:47:50.970 player pos=(29856,705,24845) ground=705 vy=0 grounded=True blocked=False cam=(28962,1463,23500) camDistXZ=1615
22:47:51.236 player pos=(29856,705,24845) ground=705 vy=0 grounded=True blocked=False cam=(28962,1463,23500) camDistXZ=1615
22:47:51.503 player pos=(29856,705,24845) ground=705 vy=0 grounded=True blocked=False cam=(28962,1463,23500) camDistXZ=1615
22:47:51.769 player pos=(29856,705,24845) ground=705 vy=0 grounded=True blocked=False cam=(28962,1463,23500) camDistXZ=1615
22:47:51.931 loading 1.000 cam=(28962,1463,23500) t=530420ms
22:47:52.034 player pos=(29856,705,24845) ground=705 vy=0 grounded=True blocked=False cam=(28962,1463,23500) camDistXZ=1615
22:47:52.300 player pos=(29856,705,24845) ground=705 vy=0 grounded=True blocked=False cam=(28962,1463,23500) camDistXZ=1615
22:47:52.550 player pos=(29856,705,24845) ground=705 vy=0 grounded=True blocked=False cam=(28962,1463,23500) camDistXZ=1615
22:47:52.801 player pos=(29856,705,24845) ground=705 vy=0 grounded=True blocked=False cam=(28962,1463,23500) camDistXZ=1615
22:47:53.065 player pos=(29856,705,24845) ground=705 vy=0 grounded=True blocked=False cam=(28962,1463,23500) camDistXZ=1615
22:47:53.315 player pos=(29856,705,24845) ground=705 vy=0 grounded=True blocked=False cam=(28962,1463,23500) camDistXZ=1615
22:47:53.581 player pos=(29856,705,24845) ground=705 vy=0 grounded=True blocked=False cam=(28962,1463,23500) camDistXZ=1615
22:47:53.831 player pos=(29856,705,24845) ground=705 vy=0 grounded=True blocked=False cam=(28962,1463,23500) camDistXZ=1615
22:47:53.941 loading 1.000 cam=(28962,1463,23500) t=532431ms
22:47:54.095 player pos=(29856,705,24845) ground=705 vy=0 grounded=True blocked=False cam=(28962,1463,23500) camDistXZ=1615
22:47:54.360 player pos=(29856,705,24845) ground=705 vy=0 grounded=True blocked=False cam=(28962,1463,23500) camDistXZ=1615
22:47:54.614 player pos=(29856,705,24845) ground=705 vy=0 grounded=True blocked=False cam=(28962,1463,23500) camDistXZ=1615
22:47:54.880 player pos=(29856,705,24845) ground=705 vy=0 grounded=True blocked=False cam=(28962,1463,23500) camDistXZ=1615
22:47:55.148 player pos=(29856,705,24845) ground=705 vy=0 grounded=True blocked=False cam=(28962,1463,23500) camDistXZ=1615
22:47:55.414 player pos=(29856,705,24845) ground=705 vy=0 grounded=True blocked=False cam=(28962,1463,23500) camDistXZ=1615
22:47:55.679 player pos=(29856,705,24845) ground=705 vy=0 grounded=True blocked=False cam=(28962,1463,23500) camDistXZ=1615
22:47:55.943 player pos=(29856,705,24845) ground=705 vy=0 grounded=True blocked=False cam=(28962,1463,23500) camDistXZ=1615
22:47:55.947 loading 1.000 cam=(28962,1463,23500) t=534437ms
22:47:56.197 player pos=(29856,705,24845) ground=705 vy=0 grounded=True blocked=False cam=(28962,1463,23500) camDistXZ=1615
22:47:56.463 player pos=(29856,705,24845) ground=705 vy=0 grounded=True blocked=False cam=(28962,1463,23500) camDistXZ=1615
22:47:56.730 player pos=(29856,705,24845) ground=705 vy=0 grounded=True blocked=False cam=(28962,1463,23500) camDistXZ=1615
22:47:56.995 player pos=(29856,705,24845) ground=705 vy=0 grounded=True blocked=False cam=(28962,1463,23500) camDistXZ=1615
22:47:57.243 player pos=(29856,705,24845) ground=705 vy=0 grounded=True blocked=False cam=(28962,1463,23500) camDistXZ=1615
22:47:57.495 player pos=(29856,705,24845) ground=705 vy=0 grounded=True blocked=False cam=(28962,1463,23500) camDistXZ=1615
22:47:57.745 player pos=(29856,705,24845) ground=705 vy=0 grounded=True blocked=False cam=(28962,1463,23500) camDistXZ=1615
22:47:57.965 loading 1.000 cam=(28962,1463,23500) t=536455ms
22:47:57.997 player pos=(29856,705,24845) ground=705 vy=0 grounded=True blocked=False cam=(28962,1463,23500) camDistXZ=1615
22:47:58.250 player pos=(29856,705,24845) ground=705 vy=0 grounded=True blocked=False cam=(28962,1463,23500) camDistXZ=1615
22:47:58.503 player pos=(29856,705,24845) ground=705 vy=0 grounded=True blocked=False cam=(28962,1463,23500) camDistXZ=1615
22:47:58.771 player pos=(29856,705,24845) ground=705 vy=0 grounded=True blocked=False cam=(28962,1463,23500) camDistXZ=1615
22:47:59.020 player pos=(29856,705,24845) ground=705 vy=0 grounded=True blocked=False cam=(28962,1463,23500) camDistXZ=1615
22:47:59.287 player pos=(29856,705,24845) ground=705 vy=0 grounded=True blocked=False cam=(28962,1463,23500) camDistXZ=1615
22:47:59.553 player pos=(29856,705,24845) ground=705 vy=0 grounded=True blocked=False cam=(28962,1463,23500) camDistXZ=1615
22:47:59.814 player pos=(29856,705,24845) ground=705 vy=0 grounded=True blocked=False cam=(28962,1463,23500) camDistXZ=1615
22:47:59.980 loading 1.000 cam=(28962,1463,23500) t=538469ms
22:48:00.067 player pos=(29856,705,24845) ground=705 vy=0 grounded=True blocked=False cam=(28962,1463,23500) camDistXZ=1615
22:48:00.318 player pos=(29856,705,24845) ground=705 vy=0 grounded=True blocked=False cam=(28962,1463,23500) camDistXZ=1615
22:48:00.577 player pos=(29856,705,24845) ground=705 vy=0 grounded=True blocked=False cam=(28962,1463,23500) camDistXZ=1615
22:48:00.829 player pos=(29856,705,24845) ground=705 vy=0 grounded=True blocked=False cam=(28962,1463,23500) camDistXZ=1615
22:48:01.079 player pos=(29856,705,24845) ground=705 vy=0 grounded=True blocked=False cam=(28962,1463,23500) camDistXZ=1615
22:48:01.330 player pos=(29856,705,24845) ground=705 vy=0 grounded=True blocked=False cam=(28962,1463,23500) camDistXZ=1615
22:48:01.596 player pos=(29856,705,24845) ground=705 vy=0 grounded=True blocked=False cam=(28962,1463,23500) camDistXZ=1615
22:48:01.864 player pos=(29856,705,24845) ground=705 vy=0 grounded=True blocked=False cam=(28962,1463,23500) camDistXZ=1615
22:48:01.983 loading 1.000 cam=(28962,1463,23500) t=540472ms
22:48:02.123 player pos=(29856,705,24845) ground=705 vy=0 grounded=True blocked=False cam=(28962,1463,23500) camDistXZ=1615
22:48:02.374 player pos=(29856,705,24845) ground=705 vy=0 grounded=True blocked=False cam=(28962,1463,23500) camDistXZ=1615
22:48:02.627 player pos=(29856,705,24845) ground=705 vy=0 grounded=True blocked=False cam=(28962,1463,23500) camDistXZ=1615
22:48:02.879 player pos=(29856,705,24845) ground=705 vy=0 grounded=True blocked=False cam=(28962,1463,23500) camDistXZ=1615
22:48:03.145 player pos=(29856,705,24845) ground=705 vy=0 grounded=True blocked=False cam=(28962,1463,23500) camDistXZ=1615
22:48:03.408 player pos=(29856,705,24845) ground=705 vy=0 grounded=True blocked=False cam=(28962,1463,23500) camDistXZ=1615
22:48:03.667 player pos=(29856,705,24845) ground=705 vy=0 grounded=True blocked=False cam=(28962,1463,23500) camDistXZ=1615
22:48:03.917 player pos=(29856,705,24845) ground=705 vy=0 grounded=True blocked=False cam=(28962,1463,23500) camDistXZ=1615
22:48:03.993 loading 1.000 cam=(28962,1463,23500) t=542482ms
22:48:04.169 player pos=(29856,705,24845) ground=705 vy=0 grounded=True blocked=False cam=(28962,1463,23500) camDistXZ=1615
22:48:04.433 player pos=(29856,705,24845) ground=705 vy=0 grounded=True blocked=False cam=(28962,1463,23500) camDistXZ=1615
22:48:04.683 player pos=(29856,705,24845) ground=705 vy=0 grounded=True blocked=False cam=(28962,1463,23500) camDistXZ=1615
22:48:04.933 player pos=(29856,705,24845) ground=705 vy=0 grounded=True blocked=False cam=(28962,1463,23500) camDistXZ=1615
22:48:05.200 player pos=(29856,705,24845) ground=705 vy=0 grounded=True blocked=False cam=(28962,1463,23500) camDistXZ=1615
22:48:05.463 player pos=(29856,705,24845) ground=705 vy=0 grounded=True blocked=False cam=(28962,1463,23500) camDistXZ=1615
22:48:05.715 player pos=(29856,705,24845) ground=705 vy=0 grounded=True blocked=False cam=(28962,1463,23500) camDistXZ=1615
22:48:05.965 player pos=(29856,705,24845) ground=705 vy=0 grounded=True blocked=False cam=(28962,1463,23500) camDistXZ=1615
22:48:06.006 loading 1.000 cam=(28962,1463,23500) t=544495ms
22:48:06.232 player pos=(29856,705,24845) ground=705 vy=0 grounded=True blocked=False cam=(28962,1463,23500) camDistXZ=1615
22:48:06.488 player pos=(29856,705,24845) ground=705 vy=0 grounded=True blocked=False cam=(28962,1463,23500) camDistXZ=1615
22:48:06.753 player pos=(29856,705,24845) ground=705 vy=0 grounded=True blocked=False cam=(28962,1463,23500) camDistXZ=1615
22:48:07.020 player pos=(29856,705,24845) ground=705 vy=0 grounded=True blocked=False cam=(28962,1463,23500) camDistXZ=1615
22:48:07.272 player pos=(29856,705,24845) ground=705 vy=0 grounded=True blocked=False cam=(28962,1463,23500) camDistXZ=1615
22:48:07.538 player pos=(29856,705,24845) ground=705 vy=0 grounded=True blocked=False cam=(28962,1463,23500) camDistXZ=1615
22:48:07.789 player pos=(29856,705,24845) ground=705 vy=0 grounded=True blocked=False cam=(28962,1463,23500) camDistXZ=1615
22:48:08.009 loading 1.000 cam=(28962,1463,23500) t=546498ms
22:48:08.040 player pos=(29856,705,24845) ground=705 vy=0 grounded=True blocked=False cam=(28962,1463,23500) camDistXZ=1615
22:48:08.306 player pos=(29856,705,24845) ground=705 vy=0 grounded=True blocked=False cam=(28962,1463,23500) camDistXZ=1615
22:48:08.556 player pos=(29856,705,24845) ground=705 vy=0 grounded=True blocked=False cam=(28962,1463,23500) camDistXZ=1615
22:48:08.822 player pos=(29856,705,24845) ground=705 vy=0 grounded=True blocked=False cam=(28962,1463,23500) camDistXZ=1615
22:48:09.074 player pos=(29856,705,24845) ground=705 vy=0 grounded=True blocked=False cam=(28962,1463,23500) camDistXZ=1615
22:48:09.327 player pos=(29856,705,24845) ground=705 vy=0 grounded=True blocked=False cam=(28962,1463,23500) camDistXZ=1615
22:48:09.587 player pos=(29856,705,24845) ground=705 vy=0 grounded=True blocked=False cam=(28962,1463,23500) camDistXZ=1615
22:48:09.842 player pos=(29856,705,24845) ground=705 vy=0 grounded=True blocked=False cam=(28962,1463,23500) camDistXZ=1615
22:48:10.010 loading 1.000 cam=(28962,1463,23500) t=548499ms
22:48:10.098 player pos=(29856,705,24845) ground=705 vy=0 grounded=True blocked=False cam=(28962,1463,23500) camDistXZ=1615
22:48:10.352 player pos=(29856,705,24845) ground=705 vy=0 grounded=True blocked=False cam=(28962,1463,23500) camDistXZ=1615
22:48:10.604 player pos=(29856,705,24845) ground=705 vy=0 grounded=True blocked=False cam=(28962,1463,23500) camDistXZ=1615
22:48:10.858 player pos=(29856,705,24845) ground=705 vy=0 grounded=True blocked=False cam=(28962,1463,23500) camDistXZ=1615
22:48:11.116 player pos=(29856,705,24845) ground=705 vy=0 grounded=True blocked=False cam=(28962,1463,23500) camDistXZ=1615
22:48:11.368 player pos=(29856,705,24845) ground=705 vy=0 grounded=True blocked=False cam=(28962,1463,23500) camDistXZ=1615
22:48:11.620 player pos=(29856,705,24845) ground=705 vy=0 grounded=True blocked=False cam=(28962,1463,23500) camDistXZ=1615
22:48:11.878 player pos=(29856,705,24845) ground=705 vy=0 grounded=True blocked=False cam=(28962,1463,23500) camDistXZ=1615
22:48:12.024 loading 1.000 cam=(28962,1463,23500) t=550514ms
22:48:12.128 player pos=(29856,705,24845) ground=705 vy=0 grounded=True blocked=False cam=(28962,1463,23500) camDistXZ=1615
22:48:12.382 player pos=(29856,705,24845) ground=705 vy=0 grounded=True blocked=False cam=(28962,1463,23500) camDistXZ=1615
22:48:12.632 player pos=(29856,705,24845) ground=705 vy=0 grounded=True blocked=False cam=(28962,1463,23500) camDistXZ=1615
22:48:12.886 player pos=(29856,705,24845) ground=705 vy=0 grounded=True blocked=False cam=(28962,1463,23500) camDistXZ=1615
22:48:13.138 player pos=(29856,705,24845) ground=705 vy=0 grounded=True blocked=False cam=(28962,1463,23500) camDistXZ=1615
22:48:13.391 player pos=(29856,705,24845) ground=705 vy=0 grounded=True blocked=False cam=(28962,1463,23500) camDistXZ=1615
22:48:13.643 player pos=(29856,705,24845) ground=705 vy=0 grounded=True blocked=False cam=(28962,1463,23500) camDistXZ=1615
22:48:13.893 player pos=(29856,705,24845) ground=705 vy=0 grounded=True blocked=False cam=(28962,1463,23500) camDistXZ=1615
22:48:14.028 loading 1.000 cam=(28962,1463,23500) t=552517ms
22:48:14.151 player pos=(29856,705,24845) ground=705 vy=0 grounded=True blocked=False cam=(28962,1463,23500) camDistXZ=1615
22:48:14.404 player pos=(29856,705,24845) ground=705 vy=0 grounded=True blocked=False cam=(28962,1463,23500) camDistXZ=1615
22:48:14.658 player pos=(29856,705,24845) ground=705 vy=0 grounded=True blocked=False cam=(28962,1463,23500) camDistXZ=1615
22:48:14.923 player pos=(29856,705,24845) ground=705 vy=0 grounded=True blocked=False cam=(28962,1463,23500) camDistXZ=1615
22:48:15.176 player pos=(29856,705,24845) ground=705 vy=0 grounded=True blocked=False cam=(28962,1463,23500) camDistXZ=1615
22:48:15.426 player pos=(29856,705,24845) ground=705 vy=0 grounded=True blocked=False cam=(28962,1463,23500) camDistXZ=1615
22:48:15.677 player pos=(29856,705,24845) ground=705 vy=0 grounded=True blocked=False cam=(28962,1463,23500) camDistXZ=1615
22:48:15.944 player pos=(29856,705,24845) ground=705 vy=0 grounded=True blocked=False cam=(28962,1463,23500) camDistXZ=1615
22:48:16.038 loading 1.000 cam=(28962,1463,23500) t=554528ms
22:48:16.196 player pos=(29856,705,24845) ground=705 vy=0 grounded=True blocked=False cam=(28962,1463,23500) camDistXZ=1615
22:48:16.448 player pos=(29856,705,24845) ground=705 vy=0 grounded=True blocked=False cam=(28962,1463,23500) camDistXZ=1615
22:48:16.699 player pos=(29856,705,24845) ground=705 vy=0 grounded=True blocked=False cam=(28962,1463,23500) camDistXZ=1615
22:48:16.954 player pos=(29856,705,24845) ground=705 vy=0 grounded=True blocked=False cam=(28962,1463,23500) camDistXZ=1615
22:48:17.203 player pos=(29856,705,24845) ground=705 vy=0 grounded=True blocked=False cam=(28962,1463,23500) camDistXZ=1615
22:48:17.456 player pos=(29856,705,24845) ground=705 vy=0 grounded=True blocked=False cam=(28962,1463,23500) camDistXZ=1615
22:48:17.718 player pos=(29856,705,24845) ground=705 vy=0 grounded=True blocked=False cam=(28962,1463,23500) camDistXZ=1615
22:48:17.972 player pos=(29856,705,24845) ground=705 vy=0 grounded=True blocked=False cam=(28962,1463,23500) camDistXZ=1615
22:48:18.047 loading 1.000 cam=(28962,1463,23500) t=556536ms
22:48:18.223 player pos=(29856,705,24845) ground=705 vy=0 grounded=True blocked=False cam=(28962,1463,23500) camDistXZ=1615
22:48:18.483 player pos=(29856,705,24845) ground=705 vy=0 grounded=True blocked=False cam=(28962,1463,23500) camDistXZ=1615
22:48:18.736 player pos=(29856,705,24845) ground=705 vy=0 grounded=True blocked=False cam=(28962,1463,23500) camDistXZ=1615
22:48:18.986 player pos=(29856,705,24845) ground=705 vy=0 grounded=True blocked=False cam=(28962,1463,23500) camDistXZ=1615
22:48:19.247 player pos=(29856,705,24845) ground=705 vy=0 grounded=True blocked=False cam=(28962,1463,23500) camDistXZ=1615
22:48:19.496 player pos=(29856,705,24845) ground=705 vy=0 grounded=True blocked=False cam=(28962,1463,23500) camDistXZ=1615
22:48:19.748 player pos=(29856,705,24845) ground=705 vy=0 grounded=True blocked=False cam=(28962,1463,23500) camDistXZ=1615
22:48:20.001 player pos=(29856,705,24845) ground=705 vy=0 grounded=True blocked=False cam=(28962,1463,23500) camDistXZ=1615
22:48:20.059 loading 1.000 cam=(28962,1463,23500) t=558548ms
22:48:20.254 player pos=(29856,705,24845) ground=705 vy=0 grounded=True blocked=False cam=(28962,1463,23500) camDistXZ=1615
22:48:20.521 player pos=(29856,705,24845) ground=705 vy=0 grounded=True blocked=False cam=(28962,1463,23500) camDistXZ=1615
22:48:20.773 player pos=(29856,705,24845) ground=705 vy=0 grounded=True blocked=False cam=(28962,1463,23500) camDistXZ=1615
22:48:21.024 player pos=(29856,705,24845) ground=705 vy=0 grounded=True blocked=False cam=(28962,1463,23500) camDistXZ=1615
22:48:21.274 player pos=(29856,705,24845) ground=705 vy=0 grounded=True blocked=False cam=(28962,1463,23500) camDistXZ=1615
22:48:21.541 player pos=(29856,705,24845) ground=705 vy=0 grounded=True blocked=False cam=(28962,1463,23500) camDistXZ=1615
22:48:21.806 player pos=(29856,705,24845) ground=705 vy=0 grounded=True blocked=False cam=(28962,1463,23500) camDistXZ=1615
22:48:22.056 player pos=(29856,705,24845) ground=705 vy=0 grounded=True blocked=False cam=(28962,1463,23500) camDistXZ=1615
22:48:22.061 loading 1.000 cam=(28962,1463,23500) t=560550ms
22:48:22.309 player pos=(29856,705,24845) ground=705 vy=0 grounded=True blocked=False cam=(28962,1463,23500) camDistXZ=1615
22:48:22.559 player pos=(29856,705,24845) ground=705 vy=0 grounded=True blocked=False cam=(28962,1463,23500) camDistXZ=1615
22:48:22.808 player pos=(29856,705,24845) ground=705 vy=0 grounded=True blocked=False cam=(28962,1463,23500) camDistXZ=1615
22:48:23.066 player pos=(29856,705,24845) ground=705 vy=0 grounded=True blocked=False cam=(28962,1463,23500) camDistXZ=1615
22:48:23.330 player pos=(29856,705,24845) ground=705 vy=0 grounded=True blocked=False cam=(28962,1463,23500) camDistXZ=1615
22:48:23.583 player pos=(29856,705,24845) ground=705 vy=0 grounded=True blocked=False cam=(28962,1463,23500) camDistXZ=1615
22:48:23.836 player pos=(29856,705,24845) ground=705 vy=0 grounded=True blocked=False cam=(28962,1463,23500) camDistXZ=1615
22:48:24.075 loading 1.000 cam=(28962,1463,23500) t=562565ms
22:48:24.090 player pos=(29856,705,24845) ground=705 vy=0 grounded=True blocked=False cam=(28962,1463,23500) camDistXZ=1615
22:48:24.342 player pos=(29856,705,24845) ground=705 vy=0 grounded=True blocked=False cam=(28962,1463,23500) camDistXZ=1615
22:48:24.593 player pos=(29856,705,24845) ground=705 vy=0 grounded=True blocked=False cam=(28962,1463,23500) camDistXZ=1615
22:48:24.848 player pos=(29856,705,24845) ground=705 vy=0 grounded=True blocked=False cam=(28962,1463,23500) camDistXZ=1615
22:48:25.102 player pos=(29856,705,24845) ground=705 vy=0 grounded=True blocked=False cam=(28962,1463,23500) camDistXZ=1615
22:48:25.360 player pos=(29856,705,24845) ground=705 vy=0 grounded=True blocked=False cam=(28962,1463,23500) camDistXZ=1615
22:48:25.611 player pos=(29856,705,24845) ground=705 vy=0 grounded=True blocked=False cam=(28962,1463,23500) camDistXZ=1615
22:48:25.866 player pos=(29856,705,24845) ground=705 vy=0 grounded=True blocked=False cam=(28962,1463,23500) camDistXZ=1615
22:48:26.086 loading 1.000 cam=(28962,1463,23500) t=564575ms
22:48:26.117 player pos=(29856,705,24845) ground=705 vy=0 grounded=True blocked=False cam=(28962,1463,23500) camDistXZ=1615
22:48:26.371 player pos=(29856,705,24845) ground=705 vy=0 grounded=True blocked=False cam=(28962,1463,23500) camDistXZ=1615
22:48:26.621 player pos=(29856,705,24845) ground=705 vy=0 grounded=True blocked=False cam=(28962,1463,23500) camDistXZ=1615
22:48:26.871 player pos=(29856,705,24845) ground=705 vy=0 grounded=True blocked=False cam=(28962,1463,23500) camDistXZ=1615
22:48:27.127 player pos=(29856,705,24845) ground=705 vy=0 grounded=True blocked=False cam=(28962,1463,23500) camDistXZ=1615
22:48:27.381 player pos=(29856,705,24845) ground=705 vy=0 grounded=True blocked=False cam=(28962,1463,23500) camDistXZ=1615
22:48:27.632 player pos=(29856,705,24845) ground=705 vy=0 grounded=True blocked=False cam=(28962,1463,23500) camDistXZ=1615
22:48:27.883 player pos=(29856,705,24845) ground=705 vy=0 grounded=True blocked=False cam=(28962,1463,23500) camDistXZ=1615
22:48:28.091 loading 1.000 cam=(28962,1463,23500) t=566580ms
22:48:28.144 player pos=(29856,705,24845) ground=705 vy=0 grounded=True blocked=False cam=(28962,1463,23500) camDistXZ=1615
22:48:28.400 player pos=(29856,705,24845) ground=705 vy=0 grounded=True blocked=False cam=(28962,1463,23500) camDistXZ=1615
22:48:28.657 player pos=(29856,705,24845) ground=705 vy=0 grounded=True blocked=False cam=(28962,1463,23500) camDistXZ=1615
22:48:28.910 player pos=(29856,705,24845) ground=705 vy=0 grounded=True blocked=False cam=(28962,1463,23500) camDistXZ=1615
22:48:29.162 player pos=(29856,705,24845) ground=705 vy=0 grounded=True blocked=False cam=(28962,1463,23500) camDistXZ=1615
22:48:29.416 player pos=(29856,705,24845) ground=705 vy=0 grounded=True blocked=False cam=(28962,1463,23500) camDistXZ=1615
22:48:30.061 player pos=(29856,705,24845) ground=705 vy=0 grounded=True blocked=False cam=(28962,1463,23500) camDistXZ=1615
22:48:30.102 loading 1.000 cam=(28962,1463,23500) t=568592ms
22:48:30.314 player pos=(29856,705,24845) ground=705 vy=0 grounded=True blocked=False cam=(28962,1463,23500) camDistXZ=1615
22:48:30.570 player pos=(29840,705,24832) ground=705 vy=0 grounded=True blocked=True cam=(28962,1463,23500) camDistXZ=1595
22:48:30.823 player pos=(29835,705,24783) ground=705 vy=0 grounded=True blocked=False cam=(28962,1463,23500) camDistXZ=1552
22:48:31.074 player pos=(29806,706,24761) ground=706 vy=0 grounded=True blocked=False cam=(28962,1463,23500) camDistXZ=1518
22:48:31.324 player pos=(29756,706,24761) ground=706 vy=0 grounded=True blocked=False cam=(28962,1463,23500) camDistXZ=1491
22:48:31.582 player pos=(29704,706,24761) ground=706 vy=0 grounded=True blocked=False cam=(28962,1463,23500) camDistXZ=1464
22:48:31.837 player pos=(29653,706,24761) ground=706 vy=0 grounded=True blocked=False cam=(28962,1463,23500) camDistXZ=1439
22:48:32.092 player pos=(29602,706,24761) ground=706 vy=0 grounded=True blocked=False cam=(28962,1463,23500) camDistXZ=1415
22:48:32.115 loading 1.000 cam=(28962,1463,23500) t=570605ms
22:48:32.351 player pos=(29551,706,24761) ground=706 vy=0 grounded=True blocked=False cam=(28962,1463,23500) camDistXZ=1392
22:48:32.608 player pos=(29499,705,24761) ground=705 vy=0 grounded=True blocked=False cam=(28962,1463,23500) camDistXZ=1371
22:48:32.862 player pos=(29449,705,24761) ground=705 vy=0 grounded=True blocked=False cam=(28962,1463,23500) camDistXZ=1352
22:48:33.114 player pos=(29398,705,24761) ground=705 vy=0 grounded=True blocked=False cam=(28962,1463,23500) camDistXZ=1335
22:48:33.368 player pos=(29347,705,24761) ground=705 vy=0 grounded=True blocked=False cam=(28962,1463,23500) camDistXZ=1319
22:48:33.624 player pos=(29296,705,24761) ground=705 vy=0 grounded=True blocked=False cam=(28962,1463,23500) camDistXZ=1305
22:48:33.878 player pos=(29245,704,24761) ground=704 vy=0 grounded=True blocked=False cam=(28962,1463,23500) camDistXZ=1293
22:48:34.120 loading 1.000 cam=(28962,1463,23500) t=572609ms
22:48:34.134 player pos=(29194,704,24761) ground=704 vy=0 grounded=True blocked=False cam=(28962,1463,23500) camDistXZ=1283
22:48:34.391 player pos=(29159,704,24762) ground=704 vy=0 grounded=True blocked=True cam=(28962,1463,23500) camDistXZ=1277
22:48:34.650 player pos=(29159,704,24764) ground=704 vy=0 grounded=True blocked=False cam=(28962,1463,23500) camDistXZ=1279
22:48:34.907 player pos=(29161,704,24720) ground=704 vy=0 grounded=True blocked=True cam=(28962,1463,23500) camDistXZ=1236
22:48:35.162 player pos=(29163,705,24669) ground=705 vy=0 grounded=True blocked=True cam=(28962,1463,23500) camDistXZ=1186
22:48:35.418 player pos=(29165,706,24617) ground=706 vy=0 grounded=True blocked=True cam=(28962,1463,23500) camDistXZ=1136
22:48:35.670 player pos=(29187,706,24589) ground=706 vy=0 grounded=True blocked=False cam=(28962,1463,23500) camDistXZ=1112
22:48:35.923 player pos=(29236,707,24587) ground=707 vy=0 grounded=True blocked=False cam=(28962,1463,23500) camDistXZ=1121
22:48:36.125 loading 1.000 cam=(28962,1463,23500) t=574614ms
22:48:36.176 player pos=(29241,707,24541) ground=707 vy=0 grounded=True blocked=False cam=(28962,1463,23500) camDistXZ=1078
22:48:36.438 player pos=(29241,708,24489) ground=708 vy=0 grounded=True blocked=False cam=(28962,1463,23500) camDistXZ=1028
22:48:36.693 player pos=(29241,709,24438) ground=709 vy=0 grounded=True blocked=False cam=(28962,1463,23500) camDistXZ=979
22:48:36.946 player pos=(29227,709,24402) ground=709 vy=0 grounded=True blocked=False cam=(28962,1463,23500) camDistXZ=940
22:48:37.204 player pos=(29176,709,24402) ground=709 vy=0 grounded=True blocked=False cam=(28962,1463,23500) camDistXZ=927
22:48:37.458 player pos=(29137,709,24386) ground=709 vy=0 grounded=True blocked=True cam=(28962,1463,23500) camDistXZ=903
22:48:37.713 player pos=(29099,709,24380) ground=709 vy=0 grounded=True blocked=True cam=(28962,1463,23500) camDistXZ=890
22:48:37.963 player pos=(29075,709,24379) ground=709 vy=0 grounded=True blocked=True cam=(28962,1463,23500) camDistXZ=886
22:48:38.130 loading 1.000 cam=(28962,1463,23500) t=576620ms
22:48:38.219 player pos=(29051,709,24377) ground=709 vy=0 grounded=True blocked=True cam=(28962,1463,23500) camDistXZ=882
22:48:38.474 player pos=(29027,708,24376) ground=708 vy=0 grounded=True blocked=True cam=(28962,1463,23500) camDistXZ=879
22:48:38.727 player pos=(29023,709,24373) ground=709 vy=0 grounded=True blocked=False cam=(28962,1463,23500) camDistXZ=875
22:48:38.981 player pos=(29023,709,24340) ground=709 vy=0 grounded=True blocked=False cam=(28962,1463,23500) camDistXZ=842
22:48:39.232 player pos=(28984,709,24340) ground=709 vy=0 grounded=True blocked=False cam=(28962,1463,23500) camDistXZ=840
22:48:39.491 player pos=(28945,804,24352) ground=708 vy=494 grounded=False blocked=False cam=(28962,1463,23500) camDistXZ=853
22:48:39.742 player pos=(28920,884,24372) ground=708 vy=169 grounded=False blocked=True cam=(28962,1463,23500) camDistXZ=873
22:48:39.999 player pos=(28901,882,24371) ground=708 vy=-161 grounded=False blocked=True cam=(28962,1463,23500) camDistXZ=873
22:48:40.133 loading 1.000 cam=(28962,1463,23500) t=578622ms
22:48:40.255 player pos=(28903,796,24371) ground=708 vy=-491 grounded=False blocked=True cam=(28962,1463,23500) camDistXZ=873
22:48:40.510 player pos=(28923,708,24371) ground=708 vy=0 grounded=True blocked=False cam=(28962,1463,23500) camDistXZ=872
22:48:40.766 player pos=(28961,708,24374) ground=708 vy=0 grounded=True blocked=True cam=(28962,1463,23500) camDistXZ=874
22:48:41.022 player pos=(28965,766,24374) ground=708 vy=584 grounded=False blocked=True cam=(28962,1463,23500) camDistXZ=874
22:48:41.275 player pos=(28968,869,24374) ground=708 vy=260 grounded=False blocked=True cam=(28962,1463,23500) camDistXZ=874
22:48:41.533 player pos=(28970,891,24374) ground=708 vy=-68 grounded=False blocked=True cam=(28962,1463,23500) camDistXZ=874
22:48:41.783 player pos=(28977,829,24374) ground=708 vy=-395 grounded=False blocked=True cam=(28962,1463,23500) camDistXZ=874
22:48:42.036 player pos=(29026,709,24374) ground=709 vy=0 grounded=True blocked=False cam=(28962,1463,23500) camDistXZ=877
22:48:42.148 loading 1.000 cam=(28962,1463,23500) t=580638ms
22:48:42.294 player pos=(29062,768,24378) ground=709 vy=582 grounded=False blocked=True cam=(28962,1463,23500) camDistXZ=884
22:48:42.548 player pos=(29088,871,24379) ground=709 vy=254 grounded=False blocked=True cam=(28962,1463,23500) camDistXZ=888
22:48:42.801 player pos=(29101,891,24380) ground=709 vy=-72 grounded=False blocked=True cam=(28962,1463,23500) camDistXZ=890
22:48:43.053 player pos=(29103,829,24380) ground=709 vy=-397 grounded=False blocked=True cam=(28962,1463,23500) camDistXZ=891
22:48:43.309 player pos=(29104,709,24380) ground=709 vy=0 grounded=True blocked=False cam=(28962,1463,23500) camDistXZ=891
22:48:43.574 player pos=(29104,709,24380) ground=709 vy=0 grounded=True blocked=False cam=(28962,1463,23500) camDistXZ=891
22:48:43.827 player pos=(29104,709,24380) ground=709 vy=0 grounded=True blocked=False cam=(28962,1463,23500) camDistXZ=891
22:48:44.082 player pos=(29104,709,24380) ground=709 vy=0 grounded=True blocked=False cam=(28962,1463,23500) camDistXZ=891
22:48:44.160 loading 1.000 cam=(28962,1463,23500) t=582649ms
22:48:44.338 player pos=(29104,709,24380) ground=709 vy=0 grounded=True blocked=False cam=(28962,1463,23500) camDistXZ=891
22:48:44.591 player pos=(29104,709,24380) ground=709 vy=0 grounded=True blocked=False cam=(28962,1463,23500) camDistXZ=891
22:48:44.850 player pos=(29104,709,24380) ground=709 vy=0 grounded=True blocked=False cam=(28962,1463,23500) camDistXZ=891
22:48:45.101 player pos=(29104,709,24380) ground=709 vy=0 grounded=True blocked=False cam=(28962,1463,23500) camDistXZ=891
22:48:45.354 player pos=(29104,709,24380) ground=709 vy=0 grounded=True blocked=False cam=(28962,1463,23500) camDistXZ=891
22:48:45.622 player pos=(29104,709,24380) ground=709 vy=0 grounded=True blocked=False cam=(28962,1463,23500) camDistXZ=891
22:48:45.873 player pos=(29104,709,24380) ground=709 vy=0 grounded=True blocked=False cam=(28962,1463,23500) camDistXZ=891
22:48:46.133 player pos=(29104,709,24380) ground=709 vy=0 grounded=True blocked=False cam=(28962,1463,23500) camDistXZ=891
22:48:46.174 loading 1.000 cam=(28962,1463,23500) t=584663ms
22:48:46.387 player pos=(29104,709,24380) ground=709 vy=0 grounded=True blocked=False cam=(28962,1463,23500) camDistXZ=891
22:48:46.641 player pos=(29104,709,24380) ground=709 vy=0 grounded=True blocked=False cam=(28962,1463,23500) camDistXZ=891
22:48:46.893 player pos=(29104,709,24380) ground=709 vy=0 grounded=True blocked=False cam=(28962,1463,23500) camDistXZ=891
22:48:47.146 player pos=(29104,709,24380) ground=709 vy=0 grounded=True blocked=False cam=(28962,1463,23500) camDistXZ=891
22:48:47.163 done
