script	fields	attributes	levels(1-3)
Carrier\神机台_扫射低伤.lua	nBaseThreat=0; nCostMana=tSkillData[dwSkillLevel].nCostMana; nMinRadius=0 * LENGTH_BASE; nMaxRadius=35 * LENGTH_BASE; nAngleRange=64; nAreaRadius=35 * LENGTH_BASE; nTargetCountLimit=20; nPrepareFrames=0; nChannelFrame=0; nWeaponDamagePercent=0	SKILL_ADAPTIVE_DAMAGE(1,0.8); SKILL_ADAPTIVE_DAMAGE_RAND(1,0.4); CALL_ADAPTIVE_DAMAGE(1,0)	L2:nDamageBase=nDamageStandard,nDamageRand=0,nCostMana=0; L3:nDamageBase=nDamageStandard,nDamageRand=0,nCostMana=0; L4:nDamageBase=nDamageStandard * 1.1,nDamageRand=0,nCostMana=0
Carrier\神机台_扫射低火伤.lua	nBaseThreat=0; nCostMana=tSkillData[dwSkillLevel].nCostMana; nMinRadius=0 * LENGTH_BASE; nMaxRadius=35 * LENGTH_BASE; nAngleRange=64; nAreaRadius=35 * LENGTH_BASE; nTargetCountLimit=20; nPrepareFrames=0; nChannelFrame=0; nWeaponDamagePercent=0	SKILL_ADAPTIVE_DAMAGE(1,0.8); SKILL_ADAPTIVE_DAMAGE_RAND(1,0.4); CALL_ADAPTIVE_DAMAGE(1,0)	L2:nDamageBase=nDamageStandard,nDamageRand=0,nCostMana=0; L3:nDamageBase=nDamageStandard,nDamageRand=0,nCostMana=0; L4:nDamageBase=nDamageStandard * 1.1,nDamageRand=0,nCostMana=0
Carrier\神机台_扫射高伤.lua	nBaseThreat=0; nCostMana=tSkillData[dwSkillLevel].nCostMana; nMinRadius=0 * LENGTH_BASE; nMaxRadius=35 * LENGTH_BASE; nAngleRange=64; nAreaRadius=35 * LENGTH_BASE; nTargetCountLimit=20; nPrepareFrames=0; nChannelFrame=0; nWeaponDamagePercent=0	SKILL_ADAPTIVE_DAMAGE(1,0.8); SKILL_ADAPTIVE_DAMAGE_RAND(1,0.4); CALL_ADAPTIVE_DAMAGE(1,0)	L2:nDamageBase=nDamageStandard,nDamageRand=0,nCostMana=0; L3:nDamageBase=nDamageStandard,nDamageRand=0,nCostMana=0; L4:nDamageBase=nDamageStandard * 1.1,nDamageRand=0,nCostMana=0
Carrier\神机台_扫射高火伤.lua	nBaseThreat=0; nCostMana=tSkillData[dwSkillLevel].nCostMana; nMinRadius=0 * LENGTH_BASE; nMaxRadius=35 * LENGTH_BASE; nAngleRange=64; nAreaRadius=35 * LENGTH_BASE; nTargetCountLimit=20; nPrepareFrames=0; nChannelFrame=0; nWeaponDamagePercent=0	SKILL_ADAPTIVE_DAMAGE(1,0.8); SKILL_ADAPTIVE_DAMAGE_RAND(1,0.4); CALL_ADAPTIVE_DAMAGE(1,0)	L2:nDamageBase=nDamageStandard,nDamageRand=0,nCostMana=0; L3:nDamageBase=nDamageStandard,nDamageRand=0,nCostMana=0; L4:nDamageBase=nDamageStandard * 1.1,nDamageRand=0,nCostMana=0
Carrier\神机台_穿心弩.lua	nDamageBase=0, nDamageRand = 0, nCostMana = 0}, --level 1
	{nDamageBase = 0, nDamageRand = 0, nCostMana = 0}, --level 2
	{nDamageBase = 0, nDamageRand = 0, nCostMana = 0}, --level 3
	{nDamageBase = 0, nDamageRand = 0, nCostMana = 0}, --level 4
	{nDamageBase = 0, nDamageRand = 0, nCostMana = 0}, --level 5
	{nDamageBase = 0, nDamageRand = 0, nCostMana = 0}, --level 6
	{nDamageBase = 0, nDamageRand = 0, nCostMana = 0}, --level 7
	{nDamageBase = 0, nDamageRand = 0, nCostMana = 0}, --level 8
	{nDamageBase = 0, nDamageRand = 0, nCostMana = 0}, --level 9
	{nDamageBase = 0, nDamageRand = 0, nCostMana = 0}, --level 10
}; nBaseThreat=0; nCostMana=tSkillData[dwSkillLevel].nCostMana; nMinRadius=0 * LENGTH_BASE; nMaxRadius=30 * LENGTH_BASE; nAngleRange=64; nAreaRadius=35 * LENGTH_BASE; nTargetCountLimit=1; nPrepareFrames=0; nChannelFrame=0; nWeaponDamagePercent=0	EXECUTE_SCRIPT(1,0)	L2:nDamageBase=0,nDamageRand=0,nCostMana=0; L3:nDamageBase=0,nDamageRand=0,nCostMana=0; L4:nDamageBase=0,nDamageRand=0,nCostMana=0
Default.lua	nDamageBase=0, nDamageRand = 0, nCostMana = 0}, --level 1
	{nDamageBase = 0, nDamageRand = 0, nCostMana = 0}, --level 2
	{nDamageBase = 0, nDamageRand = 0, nCostMana = 0}, --level 3
	{nDamageBase = 0, nDamageRand = 0, nCostMana = 0}, --level 4
	{nDamageBase = 0, nDamageRand = 0, nCostMana = 0}, --level 5
	{nDamageBase = 0, nDamageRand = 0, nCostMana = 0}, --level 6
	{nDamageBase = 0, nDamageRand = 0, nCostMana = 0}, --level 7
	{nDamageBase = 0, nDamageRand = 0, nCostMana = 0}, --level 8
	{nDamageBase = 0, nDamageRand = 0, nCostMana = 0}, --level 9
	{nDamageBase = 0, nDamageRand = 0, nCostMana = 0}, --level 10
}; nBaseThreat=0; nCostMana=tSkillData[dwSkillLevel].nCostMana; nMinRadius=0 * LENGTH_BASE; nMaxRadius=0 * LENGTH_BASE; nAngleRange=256; nAreaRadius=0 * LENGTH_BASE; nTargetCountLimit=2; nPrepareFrames=0; nChannelFrame=0; nWeaponDamagePercent=0		L2:nDamageBase=0,nDamageRand=0,nCostMana=0; L3:nDamageBase=0,nDamageRand=0,nCostMana=0; L4:nDamageBase=0,nDamageRand=0,nCostMana=0
item\橙武_易筋经_韦陀献杵回豆.lua	nCostMana=tSkillData[dwSkillLevel].nCostMana; nMinRadius=0 * LENGTH_BASE; nMaxRadius=25 * LENGTH_BASE; nAngleRange=256; nAreaRadius=0 * LENGTH_BASE; nTargetCountLimit=2; nPrepareFrames=0; nChannelFrame=0; nWeaponDamagePercent=0	ACCUMULATE(3,0)	
item\橙武_花间游_重置花语酥心.lua	nCostMana=tSkillData[dwSkillLevel].nCostMana; nMinRadius=0 * LENGTH_BASE; nMaxRadius=10 * LENGTH_BASE; nAngleRange=256; nAreaRadius=0 * LENGTH_BASE; nTargetCountLimit=2; nPrepareFrames=0; nChannelFrame=0; nWeaponDamagePercent=0	CLEAR_COOL_DOWN(428,0)	
Map\洛道_李渡城\毒雾.lua	nMinRadius=0 * LENGTH_BASE; nMaxRadius=100 * LENGTH_BASE; nAngleRange=256; nAreaRadius=8 * dwSkillLevel * LENGTH_BASE; nTargetCountLimit=50	EXECUTE_SCRIPT(0,0)	
npc\NPC_伤害\NPC_伤害_远程_一般攻击_10.lua	nMaxRadius=60.0 * LENGTH_BASE; nAngleRange=128; nWeaponDamagePercent=1024 * 1.5	CALL_PHYSICS_DAMAGE(0,0)	
npc\体验战场机器人\万花_商阳指.lua	nDamageBase=0, nDamageRand = 0, nCostMana = 0}, --level 1
	{nDamageBase = 0, nDamageRand = 0, nCostMana = 0}, --level 2
	{nDamageBase = 0, nDamageRand = 0, nCostMana = 0}, --level 3
	{nDamageBase = 0, nDamageRand = 0, nCostMana = 0}, --level 4
	{nDamageBase = 0, nDamageRand = 0, nCostMana = 0}, --level 5
	{nDamageBase = 0, nDamageRand = 0, nCostMana = 0}, --level 6
	{nDamageBase = 0, nDamageRand = 0, nCostMana = 0}, --level 7
	{nDamageBase = 0, nDamageRand = 0, nCostMana = 0}, --level 8
	{nDamageBase = 0, nDamageRand = 0, nCostMana = 0}, --level 9
	{nDamageBase = 0, nDamageRand = 0, nCostMana = 0}, --level 10
}; nBaseThreat=0; nCostMana=tSkillData[dwSkillLevel].nCostMana; nMinRadius=0 * LENGTH_BASE; nMaxRadius=20 * LENGTH_BASE; nAngleRange=256; nAreaRadius=0 * LENGTH_BASE; nTargetCountLimit=2; nPrepareFrames=24; nChannelFrame=0; nWeaponDamagePercent=0	SKILL_NEUTRAL_DAMAGE(-20,-0); SKILL_NEUTRAL_DAMAGE_RAND(-3,-0); CALL_NEUTRAL_DAMAGE(-0,-0); EXECUTE_SCRIPT(1,0)	L2:nDamageBase=0,nDamageRand=0,nCostMana=0; L3:nDamageBase=0,nDamageRand=0,nCostMana=0; L4:nDamageBase=0,nDamageRand=0,nCostMana=0
npc\体验战场机器人\唐门_孔雀翎.lua	nDamageBase=0, nDamageRand = 0, nCostMana = 0}, --level 1
	{nDamageBase = 0, nDamageRand = 0, nCostMana = 0}, --level 2
	{nDamageBase = 0, nDamageRand = 0, nCostMana = 0}, --level 3
	{nDamageBase = 0, nDamageRand = 0, nCostMana = 0}, --level 4
	{nDamageBase = 0, nDamageRand = 0, nCostMana = 0}, --level 5
	{nDamageBase = 0, nDamageRand = 0, nCostMana = 0}, --level 6
	{nDamageBase = 0, nDamageRand = 0, nCostMana = 0}, --level 7
	{nDamageBase = 0, nDamageRand = 0, nCostMana = 0}, --level 8
	{nDamageBase = 0, nDamageRand = 0, nCostMana = 0}, --level 9
	{nDamageBase = 0, nDamageRand = 0, nCostMana = 0}, --level 10
}; nBaseThreat=0; nCostMana=tSkillData[dwSkillLevel].nCostMana; nMinRadius=0 * LENGTH_BASE; nMaxRadius=25 * LENGTH_BASE; nAngleRange=256; nAreaRadius=10 * LENGTH_BASE; nTargetCountLimit=10; nPrepareFrames=0; nChannelFrame=0; nWeaponDamagePercent=0	SKILL_PHYSICS_DAMAGE(-20,-0); SKILL_PHYSICS_DAMAGE_RAND(-3,-0); CALL_PHYSICS_DAMAGE(-0,-0); EXECUTE_SCRIPT(1,0)	L2:nDamageBase=0,nDamageRand=0,nCostMana=0; L3:nDamageBase=0,nDamageRand=0,nCostMana=0; L4:nDamageBase=0,nDamageRand=0,nCostMana=0
npc\体验战场机器人\轻功_聂云.lua	nDamageBase=0, nDamageRand = 0, nCostMana = 0}, --level 1
	{nDamageBase = 0, nDamageRand = 0, nCostMana = 0}, --level 2
	{nDamageBase = 0, nDamageRand = 0, nCostMana = 0}, --level 3
	{nDamageBase = 0, nDamageRand = 0, nCostMana = 0}, --level 4
	{nDamageBase = 0, nDamageRand = 0, nCostMana = 0}, --level 5
	{nDamageBase = 0, nDamageRand = 0, nCostMana = 0}, --level 6
	{nDamageBase = 0, nDamageRand = 0, nCostMana = 0}, --level 7
	{nDamageBase = 0, nDamageRand = 0, nCostMana = 0}, --level 8
	{nDamageBase = 0, nDamageRand = 0, nCostMana = 0}, --level 9
	{nDamageBase = 0, nDamageRand = 0, nCostMana = 0}, --level 10
}; nBaseThreat=0; nCostMana=tSkillData[dwSkillLevel].nCostMana; nMinRadius=0 * LENGTH_BASE; nMaxRadius=0 * LENGTH_BASE; nAngleRange=256; nAreaRadius=0 * LENGTH_BASE; nTargetCountLimit=2; nPrepareFrames=0; nChannelFrame=0; nWeaponDamagePercent=0	DASH_FORWARD(16,86)	L2:nDamageBase=0,nDamageRand=0,nCostMana=0; L3:nDamageBase=0,nDamageRand=0,nCostMana=0; L4:nDamageBase=0,nDamageRand=0,nCostMana=0
npc\副本BOSS\25人谢云流\万剑归宗.lua	nDamageBase=5500 * 0.8, nDamageRand = 5500 * 0.4, nCostMana = 0},		--level 1
	{nDamageBase = 297 * 0.8, nDamageRand = 297 * 0.4, nCostMana = 0},		--level 2
	{nDamageBase = 5500 * 0.8, nDamageRand = 5500 * 0.4, nCostMana = 0},		--level 3
	{nDamageBase = 48750 * 0.8, nDamageRand = 48750 * 0.4, nCostMana = 0},		--level 4
	{nDamageBase = 1052 * 0.8, nDamageRand = 1052 * 0.4, nCostMana = 0},		--level 5
	{nDamageBase = 1381 * 0.8, nDamageRand = 1381 * 0.4, nCostMana = 0},		--level 6
	{nDamageBase = 1900 * 0.8, nDamageRand = 1900 * 0.4, nCostMana = 0},		--level 7
	{nDamageBase = 2265 * 0.8, nDamageRand = 2265 * 0.4, nCostMana = 0},		--level 8
	{nDamageBase = 2631 * 0.8, nDamageRand = 2631 * 0.4, nCostMana = 0},		--level 9
	{nDamageBase = 2996 * 0.8, nDamageRand = 2996 * 0.4, nCostMana = 0},		--level 10
	{nDamageBase = 3362 * 0.8, nDamageRand = 3362 * 0.4, nCostMana = 0},		--level 11
	{nDamageBase = 3727 * 0.8, nDamageRand = 3727 * 0.4, nCostMana = 0},		--level 12
	{nDamageBase = 4093 * 0.8, nDamageRand = 4093 * 0.4, nCostMana = 0},		--level 13
	{nDamageBase = 4458 * 0.8, nDamageRand = 4458 * 0.4, nCostMana = 0},		--level 14
	{nDamageBase = 7300 * 0.8, nDamageRand = 7300 * 0.4, nCostMana = 0},		--level 15
	{nDamageBase = 5385 * 0.8, nDamageRand = 5385 * 0.4, nCostMana = 0},		--level 16
	{nDamageBase = 5507 * 0.8, nDamageRand = 5507 * 0.4, nCostMana = 0},		--level 17
	{nDamageBase = 5629 * 0.8, nDamageRand = 5629 * 0.4, nCostMana = 0},		--level 18
	{nDamageBase = 5751 * 0.8, nDamageRand = 5751 * 0.4, nCostMana = 0},		--level 19
	{nDamageBase = 5873 * 0.8, nDamageRand = 5873 * 0.4, nCostMana = 0},		--level 20
	{nDamageBase = 5995 * 0.8, nDamageRand = 5995 * 0.4, nCostMana = 0},		--level 21
	{nDamageBase = 6117 * 0.8, nDamageRand = 6117 * 0.4, nCostMana = 0},		--level 22
	{nDamageBase = 6238 * 0.8, nDamageRand = 6238 * 0.4, nCostMana = 0},		--level 23
	{nDamageBase = 6360 * 0.8, nDamageRand = 6360 * 0.4, nCostMana = 0},		--level 24
	{nDamageBase = 6482 * 0.8, nDamageRand = 6482 * 0.4, nCostMana = 0},		--level 25
	{nDamageBase = 6604 * 0.8, nDamageRand = 6604 * 0.4, nCostMana = 0},		--level 26
	{nDamageBase = 6726 * 0.8, nDamageRand = 6726 * 0.4, nCostMana = 0},		--level 27
	{nDamageBase = 6848 * 0.8, nDamageRand = 6848 * 0.4, nCostMana = 0},		--level 28
	{nDamageBase = 6970 * 0.8, nDamageRand = 6970 * 0.4, nCostMana = 0},		--level 29
	{nDamageBase = 7092 * 0.8, nDamageRand = 7092 * 0.4, nCostMana = 0},		--level 30
	{nDamageBase = 7214 * 0.8, nDamageRand = 7214 * 0.4, nCostMana = 0},		--level 31
}; nBaseThreat=0; nCostMana=tSkillData[dwSkillLevel].nCostMana		-- 技能消耗的内力
    --skill.nCostStamina	= 0; nMinRadius=0 * LENGTH_BASE; nMaxRadius=30 * LENGTH_BASE; nAngleRange=256; nAreaRadius=10 * LENGTH_BASE; nTargetCountLimit=30; nPrepareFrames=3 * GAME_FPS; nChannelFrame=0; nWeaponDamagePercent=0	SKILL_NEUTRAL_DAMAGE(0); SKILL_NEUTRAL_DAMAGE_RAND(0); CALL_NEUTRAL_DAMAGE(0,0)	L2:nDamageBase=5500 * 0.8,nDamageRand=5500 * 0.4,nCostMana=0; L3:nDamageBase=297 * 0.8,nDamageRand=297 * 0.4,nCostMana=0; L4:nDamageBase=5500 * 0.8,nDamageRand=5500 * 0.4,nCostMana=0
npc\副本BOSS\25人谢云流\凌太虚·霄风.lua	nBaseThreat=0; nCostMana=tSkillData[dwSkillLevel].nCostMana		-- 技能消耗的内力
    --skill.nCostStamina	= 0; nMinRadius=0 * LENGTH_BASE; nMaxRadius=30 * LENGTH_BASE; nAngleRange=256; nAreaRadius=10 * LENGTH_BASE; nTargetCountLimit=10; nPrepareFrames=3 * GAME_FPS; nChannelFrame=0; nWeaponDamagePercent=0		
npc\副本BOSS\25人谢云流\凌太虚·霄风·人剑合一.lua	nBaseThreat=0; nCostMana=tSkillData[dwSkillLevel].nCostMana		-- 技能消耗的内力
    --skill.nCostStamina	= 0; nMinRadius=0 * LENGTH_BASE; nMaxRadius=30 * LENGTH_BASE; nAngleRange=256; nAreaRadius=10 * LENGTH_BASE; nTargetCountLimit=10; nPrepareFrames=3 * GAME_FPS; nChannelFrame=0; nWeaponDamagePercent=0		
npc\副本BOSS\25人谢云流\坐忘无我.lua	nDamageBase=217 * 0.8, nDamageRand = 217 * 0.4, nCostMana = 0},		--level 1
	{nDamageBase = 297 * 0.8, nDamageRand = 297 * 0.4, nCostMana = 0},		--level 2
	{nDamageBase = 504 * 0.8, nDamageRand = 504 * 0.4, nCostMana = 0},		--level 3
	{nDamageBase = 723 * 0.8, nDamageRand = 723 * 0.4, nCostMana = 0},		--level 4
	{nDamageBase = 1052 * 0.8, nDamageRand = 1052 * 0.4, nCostMana = 0},		--level 5
	{nDamageBase = 1381 * 0.8, nDamageRand = 1381 * 0.4, nCostMana = 0},		--level 6
	{nDamageBase = 1900 * 0.8, nDamageRand = 1900 * 0.4, nCostMana = 0},		--level 7
	{nDamageBase = 2265 * 0.8, nDamageRand = 2265 * 0.4, nCostMana = 0},		--level 8
	{nDamageBase = 2631 * 0.8, nDamageRand = 2631 * 0.4, nCostMana = 0},		--level 9
	{nDamageBase = 2996 * 0.8, nDamageRand = 2996 * 0.4, nCostMana = 0},		--level 10
	{nDamageBase = 3362 * 0.8, nDamageRand = 3362 * 0.4, nCostMana = 0},		--level 11
	{nDamageBase = 3727 * 0.8, nDamageRand = 3727 * 0.4, nCostMana = 0},		--level 12
	{nDamageBase = 4093 * 0.8, nDamageRand = 4093 * 0.4, nCostMana = 0},		--level 13
	{nDamageBase = 4458 * 0.8, nDamageRand = 4458 * 0.4, nCostMana = 0},		--level 14
	{nDamageBase = 4824 * 0.8, nDamageRand = 4824 * 0.4, nCostMana = 0},		--level 15
	{nDamageBase = 5385 * 0.8, nDamageRand = 5385 * 0.4, nCostMana = 0},		--level 16
	{nDamageBase = 5507 * 0.8, nDamageRand = 5507 * 0.4, nCostMana = 0},		--level 17
	{nDamageBase = 5629 * 0.8, nDamageRand = 5629 * 0.4, nCostMana = 0},		--level 18
	{nDamageBase = 5751 * 0.8, nDamageRand = 5751 * 0.4, nCostMana = 0},		--level 19
	{nDamageBase = 5873 * 0.8, nDamageRand = 5873 * 0.4, nCostMana = 0},		--level 20
	{nDamageBase = 5995 * 0.8, nDamageRand = 5995 * 0.4, nCostMana = 0},		--level 21
	{nDamageBase = 6117 * 0.8, nDamageRand = 6117 * 0.4, nCostMana = 0},		--level 22
	{nDamageBase = 6238 * 0.8, nDamageRand = 6238 * 0.4, nCostMana = 0},		--level 23
	{nDamageBase = 6360 * 0.8, nDamageRand = 6360 * 0.4, nCostMana = 0},		--level 24
	{nDamageBase = 6482 * 0.8, nDamageRand = 6482 * 0.4, nCostMana = 0},		--level 25
	{nDamageBase = 6604 * 0.8, nDamageRand = 6604 * 0.4, nCostMana = 0},		--level 26
	{nDamageBase = 6726 * 0.8, nDamageRand = 6726 * 0.4, nCostMana = 0},		--level 27
	{nDamageBase = 6848 * 0.8, nDamageRand = 6848 * 0.4, nCostMana = 0},		--level 28
	{nDamageBase = 6970 * 0.8, nDamageRand = 6970 * 0.4, nCostMana = 0},		--level 29
	{nDamageBase = 7092 * 0.8, nDamageRand = 7092 * 0.4, nCostMana = 0},		--level 30
	{nDamageBase = 7214 * 0.8, nDamageRand = 7214 * 0.4, nCostMana = 0},		--level 31
}; nBaseThreat=0; nCostMana=tSkillData[dwSkillLevel].nCostMana		-- 技能消耗的内力
    --skill.nCostStamina	= 0; nMinRadius=0 * LENGTH_BASE; nMaxRadius=30 * LENGTH_BASE; nAngleRange=128; nAreaRadius=10 * LENGTH_BASE; nTargetCountLimit=10; nPrepareFrames=3 * GAME_FPS; nChannelFrame=0; nWeaponDamagePercent=0	SKILL_NEUTRAL_DAMAGE(0); SKILL_NEUTRAL_DAMAGE_RAND(0); CALL_NEUTRAL_DAMAGE(0,0)	L2:nDamageBase=217 * 0.8,nDamageRand=217 * 0.4,nCostMana=0; L3:nDamageBase=297 * 0.8,nDamageRand=297 * 0.4,nCostMana=0; L4:nDamageBase=504 * 0.8,nDamageRand=504 * 0.4,nCostMana=0
npc\副本BOSS\25人谢云流\生太极.lua	nDamageBase=9500 * 0.8, nDamageRand = 9500 * 0.4,nBuffID=1862,nBuffLevel= 1, nCostMana = 0},		--level 1
	{nDamageBase = 297 * 0.8, nDamageRand = 297 * 0.4,  nBuffID=1862,nBuffLevel= 1, nCostMana = 0},		--level 2
	{nDamageBase = 9500 * 0.8, nDamageRand = 9500 * 0.4,nBuffID=1862,nBuffLevel= 2, nCostMana = 0},		--level 3
	{nDamageBase = 723 * 0.8, nDamageRand = 723 * 0.4,  nBuffID=1862,nBuffLevel= 2, nCostMana = 0},		--level 4
	{nDamageBase = 1052 * 0.8, nDamageRand = 1052 * 0.4,nBuffID=1862,nBuffLevel= 2, nCostMana = 0},		--level 5
	{nDamageBase = 1381 * 0.8, nDamageRand = 1381 * 0.4,nBuffID=1862,nBuffLevel= 2, nCostMana = 0},		--level 6
	{nDamageBase = 1900 * 0.8, nDamageRand = 1900 * 0.4,nBuffID=1862,nBuffLevel= 2, nCostMana = 0},		--level 7
	{nDamageBase = 2265 * 0.8, nDamageRand = 2265 * 0.4,nBuffID=1862,nBuffLevel= 2, nCostMana = 0},		--level 8
	{nDamageBase = 2631 * 0.8, nDamageRand = 2631 * 0.4,nBuffID=1862,nBuffLevel= 2, nCostMana = 0},		--level 9
	{nDamageBase = 2996 * 0.8, nDamageRand = 2996 * 0.4,nBuffID=1862,nBuffLevel= 2, nCostMana = 0},		--level 10
	{nDamageBase = 3362 * 0.8, nDamageRand = 3362 * 0.4,nBuffID=1862,nBuffLevel= 2, nCostMana = 0},		--level 11
	{nDamageBase = 3727 * 0.8, nDamageRand = 3727 * 0.4,nBuffID=1862,nBuffLevel= 2, nCostMana = 0},		--level 12
	{nDamageBase = 4093 * 0.8, nDamageRand = 4093 * 0.4,nBuffID=1862,nBuffLevel= 2, nCostMana = 0},		--level 13
	{nDamageBase = 4458 * 0.8, nDamageRand = 4458 * 0.4,nBuffID=1862,nBuffLevel= 2, nCostMana = 0},		--level 14
	{nDamageBase = 9500 * 0.8, nDamageRand = 9500 * 0.4,nBuffID=1862,nBuffLevel= 2, nCostMana = 0},		--level 15
	{nDamageBase = 5385 * 0.8, nDamageRand = 5385 * 0.4,nBuffID=1862,nBuffLevel= 2, nCostMana = 0},		--level 16
	{nDamageBase = 5507 * 0.8, nDamageRand = 5507 * 0.4,nBuffID=1862,nBuffLevel= 2, nCostMana = 0},		--level 17
	{nDamageBase = 5629 * 0.8, nDamageRand = 5629 * 0.4,nBuffID=1862,nBuffLevel= 2, nCostMana = 0},		--level 18
	{nDamageBase = 5751 * 0.8, nDamageRand = 5751 * 0.4,nBuffID=1862,nBuffLevel= 2, nCostMana = 0},		--level 19
	{nDamageBase = 5873 * 0.8, nDamageRand = 5873 * 0.4,nBuffID=1862,nBuffLevel= 2, nCostMana = 0},		--level 20
	{nDamageBase = 5995 * 0.8, nDamageRand = 5995 * 0.4,nBuffID=1862,nBuffLevel= 2, nCostMana = 0},		--level 21
	{nDamageBase = 6117 * 0.8, nDamageRand = 6117 * 0.4,nBuffID=1862,nBuffLevel= 2, nCostMana = 0},		--level 22
	{nDamageBase = 6238 * 0.8, nDamageRand = 6238 * 0.4,nBuffID=1862,nBuffLevel= 2, nCostMana = 0},		--level 23
	{nDamageBase = 6360 * 0.8, nDamageRand = 6360 * 0.4,nBuffID=1862,nBuffLevel= 2, nCostMana = 0},		--level 24
	{nDamageBase = 6482 * 0.8, nDamageRand = 6482 * 0.4,nBuffID=1862,nBuffLevel= 2, nCostMana = 0},		--level 25
	{nDamageBase = 6604 * 0.8, nDamageRand = 6604 * 0.4,nBuffID=1862,nBuffLevel= 2, nCostMana = 0},		--level 26
	{nDamageBase = 6726 * 0.8, nDamageRand = 6726 * 0.4,nBuffID=1862,nBuffLevel= 2, nCostMana = 0},		--level 27
	{nDamageBase = 6848 * 0.8, nDamageRand = 6848 * 0.4,nBuffID=1862,nBuffLevel= 2, nCostMana = 0},		--level 28
	{nDamageBase = 6970 * 0.8, nDamageRand = 6970 * 0.4,nBuffID=1862,nBuffLevel= 2, nCostMana = 0},		--level 29
	{nDamageBase = 7092 * 0.8, nDamageRand = 7092 * 0.4,nBuffID=1862,nBuffLevel= 2, nCostMana = 0},		--level 30
	{nDamageBase = 7214 * 0.8, nDamageRand = 7214 * 0.4,nBuffID=1862,nBuffLevel= 2, nCostMana = 0},		--level 31
}; nBaseThreat=0; nCostMana=tSkillData[dwSkillLevel].nCostMana		-- 技能消耗的内力
    --skill.nCostStamina	= 0; nMinRadius=0 * LENGTH_BASE; nMaxRadius=30 * LENGTH_BASE; nAngleRange=256; nAreaRadius=10 * LENGTH_BASE; nTargetCountLimit=10; nPrepareFrames=3 * GAME_FPS; nChannelFrame=0; nWeaponDamagePercent=0		L2:nDamageBase=9500 * 0.8,nDamageRand=9500 * 0.4,nBuffID=1862,nBuffLevel=1,nCostMana=0; L3:nDamageBase=297 * 0.8,nDamageRand=297 * 0.4,nBuffID=1862,nBuffLevel=1,nCostMana=0; L4:nDamageBase=9500 * 0.8,nDamageRand=9500 * 0.4,nBuffID=1862,nBuffLevel=2,nCostMana=0
npc\副本BOSS\一之窟\1号_骆耀阳\1号_骆耀阳_破风.lua	nDamageBase=1259340, nDamageRand = 0, nCostMana = 0}, --level 1
	{nDamageBase = 1682758, nDamageRand = 0, nCostMana = 0}, --level 2
	{nDamageBase = 2242500, nDamageRand = 0, nCostMana = 0}, --level 3
	{nDamageBase = 0, nDamageRand = 0, nCostMana = 0}, --level 4
	{nDamageBase = 0, nDamageRand = 0, nCostMana = 0}, --level 5
	{nDamageBase = 0, nDamageRand = 0, nCostMana = 0}, --level 6
	{nDamageBase = 0, nDamageRand = 0, nCostMana = 0}, --level 7
	{nDamageBase = 0, nDamageRand = 0, nCostMana = 0}, --level 8
	{nDamageBase = 0, nDamageRand = 0, nCostMana = 0}, --level 9
	{nDamageBase = 0, nDamageRand = 0, nCostMana = 0}, --level 10
}; nMaxRadius=100 * LENGTH_BASE; nAngleRange=256	SKILL_PHYSICS_DAMAGE(0); SKILL_PHYSICS_DAMAGE_RAND(0,0); CALL_PHYSICS_DAMAGE(0,0); KNOCKED_OFF_RATE(2048,0); CALL_KNOCKED_OFF_PARABOLA(480,4); CALL_KNOCKED_OFF_PARABOLA(-480,-12); EXECUTE_SCRIPT(1,1)	L2:nDamageBase=1259340,nDamageRand=0,nCostMana=0; L3:nDamageBase=1682758,nDamageRand=0,nCostMana=0; L4:nDamageBase=2242500,nDamageRand=0,nCostMana=0
npc\副本BOSS\冰火岛\拿云\赤阳爆裂阵.lua	nDamageBase=200000, nDamageRand = 0, nCostMana = 0}, --level 1
	{nDamageBase = 500000, nDamageRand = 0, nCostMana = 0}, --level 2
	{nDamageBase = 0, nDamageRand = 0, nCostMana = 0}, --level 3
	{nDamageBase = 0, nDamageRand = 0, nCostMana = 0}, --level 4
	{nDamageBase = 0, nDamageRand = 0, nCostMana = 0}, --level 5
	{nDamageBase = 0, nDamageRand = 0, nCostMana = 0}, --level 6
	{nDamageBase = 0, nDamageRand = 0, nCostMana = 0}, --level 7
	{nDamageBase = 0, nDamageRand = 0, nCostMana = 0}, --level 8
	{nDamageBase = 0, nDamageRand = 0, nCostMana = 0}, --level 9
	{nDamageBase = 0, nDamageRand = 0, nCostMana = 0}, --level 10
	{nDamageBase = 0, nDamageRand = 0, nCostMana = 0}, --level 11
	{nDamageBase = 0, nDamageRand = 0, nCostMana = 0}, --level 12
	{nDamageBase = 0, nDamageRand = 0, nCostMana = 0}, --level 13
	{nDamageBase = 0, nDamageRand = 0, nCostMana = 0}, --level 14
	{nDamageBase = 0, nDamageRand = 0, nCostMana = 0}, --level 15
	{nDamageBase = 0, nDamageRand = 0, nCostMana = 0}, --level 16
	{nDamageBase = 0, nDamageRand = 0, nCostMana = 0}, --level 17
	{nDamageBase = 0, nDamageRand = 0, nCostMana = 0}, --level 18
	{nDamageBase = 0, nDamageRand = 0, nCostMana = 0}, --level 19
	{nDamageBase = 0, nDamageRand = 0, nCostMana = 0}, --level 20
}; nBaseThreat=0; nCostMana=tSkillData[dwSkillLevel].nCostMana; nMinRadius=0 * LENGTH_BASE; nMaxRadius=6 * LENGTH_BASE; nAngleRange=256; nAreaRadius=120 * LENGTH_BASE; nTargetCountLimit=25; nPrepareFrames=0; nChannelFrame=0; nWeaponDamagePercent=0	SKILL_SOLAR_DAMAGE(0); SKILL_SOLAR_DAMAGE_RAND(0,0); CALL_SOLAR_DAMAGE(0,0); EXECUTE_SCRIPT(1,0)	L2:nDamageBase=200000,nDamageRand=0,nCostMana=0; L3:nDamageBase=500000,nDamageRand=0,nCostMana=0; L4:nDamageBase=0,nDamageRand=0,nCostMana=0
npc\副本BOSS\冰火岛_青莲狱\6号_伊玛目\断首斩.lua	nDamageBase=33000, nDamageRand = 0, nCostMana = 0}, --level 1
	{nDamageBase = 33000, nDamageRand = 0, nCostMana = 0}, --level 2
	{nDamageBase = 39900, nDamageRand = 0, nCostMana = 0}, --level 3
	{nDamageBase = 49200, nDamageRand = 0, nCostMana = 0}, --level 4
}; nBaseThreat=0; nCostMana=tSkillData[dwSkillLevel].nCostMana; nMinRadius=0 * LENGTH_BASE; nMaxRadius=40 * LENGTH_BASE; nAngleRange=128; nAreaRadius=8 * LENGTH_BASE; nTargetCountLimit=-1; nPrepareFrames=48; nChannelFrame=0; nWeaponDamagePercent=0	SKILL_SOLAR_DAMAGE(0); SKILL_SOLAR_DAMAGE_RAND(0,0); CALL_SOLAR_DAMAGE(0,0); EXECUTE_SCRIPT(6,1)	L2:nDamageBase=33000,nDamageRand=0,nCostMana=0; L3:nDamageBase=33000,nDamageRand=0,nCostMana=0; L4:nDamageBase=39900,nDamageRand=0,nCostMana=0
npc\副本BOSS\刀轮海厅\剑破伤害.lua	nDamageBase=6000, nDamageRand = 0, nCostMana = 0}, --level 1
	{nDamageBase = 10000, nDamageRand = 0, nCostMana = 0}, --level 2
	{nDamageBase = 0, nDamageRand = 0, nCostMana = 0}, --level 3
	{nDamageBase = 0, nDamageRand = 0, nCostMana = 0}, --level 4
	{nDamageBase = 0, nDamageRand = 0, nCostMana = 0}, --level 5
	{nDamageBase = 0, nDamageRand = 0, nCostMana = 0}, --level 6
	{nDamageBase = 0, nDamageRand = 0, nCostMana = 0}, --level 7
	{nDamageBase = 0, nDamageRand = 0, nCostMana = 0}, --level 8
	{nDamageBase = 0, nDamageRand = 0, nCostMana = 0}, --level 9
	{nDamageBase = 0, nDamageRand = 0, nCostMana = 0}, --level 10
}; nBaseThreat=0; nCostMana=tSkillData[dwSkillLevel].nCostMana; nMinRadius=0 * LENGTH_BASE; nMaxRadius=60 * LENGTH_BASE; nAngleRange=128; nAreaRadius=5 * LENGTH_BASE; nTargetCountLimit=100; nPrepareFrames=0; nChannelFrame=0; nWeaponDamagePercent=0	SKILL_PHYSICS_DAMAGE(0); SKILL_PHYSICS_DAMAGE_RAND(0,0); CALL_PHYSICS_DAMAGE(0,0); EXECUTE_SCRIPT(1,0)	L2:nDamageBase=6000,nDamageRand=0,nCostMana=0; L3:nDamageBase=10000,nDamageRand=0,nCostMana=0; L4:nDamageBase=0,nDamageRand=0,nCostMana=0
npc\副本BOSS\刀轮海厅\屠龙六式伤害120面向.lua	nDamageBase=3380, nDamageRand = 0, nCostMana = 0}, --level 1
	{nDamageBase = 0, nDamageRand = 0, nCostMana = 0}, --level 2
	{nDamageBase = 0, nDamageRand = 0, nCostMana = 0}, --level 3
	{nDamageBase = 0, nDamageRand = 0, nCostMana = 0}, --level 4
	{nDamageBase = 0, nDamageRand = 0, nCostMana = 0}, --level 5
	{nDamageBase = 0, nDamageRand = 0, nCostMana = 0}, --level 6
	{nDamageBase = 0, nDamageRand = 0, nCostMana = 0}, --level 7
	{nDamageBase = 0, nDamageRand = 0, nCostMana = 0}, --level 8
	{nDamageBase = 0, nDamageRand = 0, nCostMana = 0}, --level 9
	{nDamageBase = 0, nDamageRand = 0, nCostMana = 0}, --level 10
}; nBaseThreat=0; nCostMana=tSkillData[dwSkillLevel].nCostMana; nMinRadius=0 * LENGTH_BASE; nMaxRadius=20 * LENGTH_BASE; nAngleRange=86; nAreaRadius=10 * LENGTH_BASE; nTargetCountLimit=100; nPrepareFrames=0; nChannelFrame=0; nWeaponDamagePercent=0	SKILL_PHYSICS_DAMAGE(0); SKILL_PHYSICS_DAMAGE_RAND(0,0); CALL_PHYSICS_DAMAGE(0,0); EXECUTE_SCRIPT(120,1)	L2:nDamageBase=3380,nDamageRand=0,nCostMana=0; L3:nDamageBase=0,nDamageRand=0,nCostMana=0; L4:nDamageBase=0,nDamageRand=0,nCostMana=0
npc\副本BOSS\刀轮海厅\屠龙六式打击二击退.lua	nDamageBase=0, nDamageRand = 0, nCostMana = 0}, --level 1
	{nDamageBase = 0, nDamageRand = 0, nCostMana = 0}, --level 2
	{nDamageBase = 0, nDamageRand = 0, nCostMana = 0}, --level 3
	{nDamageBase = 0, nDamageRand = 0, nCostMana = 0}, --level 4
	{nDamageBase = 0, nDamageRand = 0, nCostMana = 0}, --level 5
	{nDamageBase = 0, nDamageRand = 0, nCostMana = 0}, --level 6
	{nDamageBase = 0, nDamageRand = 0, nCostMana = 0}, --level 7
	{nDamageBase = 0, nDamageRand = 0, nCostMana = 0}, --level 8
	{nDamageBase = 0, nDamageRand = 0, nCostMana = 0}, --level 9
	{nDamageBase = 0, nDamageRand = 0, nCostMana = 0}, --level 10
}; nBaseThreat=0; nCostMana=tSkillData[dwSkillLevel].nCostMana; nMinRadius=0 * LENGTH_BASE; nMaxRadius=10 * LENGTH_BASE; nAngleRange=128; nAreaRadius=10 * LENGTH_BASE; nTargetCountLimit=1; nPrepareFrames=0; nChannelFrame=0; nWeaponDamagePercent=0	SKILL_MOVE(4,0); SKILL_MOVE(3,1); EXECUTE_SCRIPT(0)	L2:nDamageBase=0,nDamageRand=0,nCostMana=0; L3:nDamageBase=0,nDamageRand=0,nCostMana=0; L4:nDamageBase=0,nDamageRand=0,nCostMana=0
npc\副本BOSS\剑胆琴心世界boss\独孤修\白蔷忘川_180度AOE.lua	nDamageBase=103448, nDamageRand = 0, nCostMana = 0}, --level 1
	{nDamageBase = 0, nDamageRand = 0, nCostMana = 0}, --level 2
	{nDamageBase = 0, nDamageRand = 0, nCostMana = 0}, --level 3
	{nDamageBase = 0, nDamageRand = 0, nCostMana = 0}, --level 4
	{nDamageBase = 0, nDamageRand = 0, nCostMana = 0}, --level 5
	{nDamageBase = 0, nDamageRand = 0, nCostMana = 0}, --level 6
	{nDamageBase = 0, nDamageRand = 0, nCostMana = 0}, --level 7
	{nDamageBase = 0, nDamageRand = 0, nCostMana = 0}, --level 8
	{nDamageBase = 0, nDamageRand = 0, nCostMana = 0}, --level 9
	{nDamageBase = 0, nDamageRand = 0, nCostMana = 0}, --level 10
}; nBaseThreat=0; nCostMana=tSkillData[dwSkillLevel].nCostMana; nMinRadius=0 * LENGTH_BASE; nMaxRadius=30 * LENGTH_BASE; nAngleRange=128; nAreaRadius=30 * LENGTH_BASE; nTargetCountLimit=120; nPrepareFrames=0; nChannelFrame=0; nWeaponDamagePercent=0	SKILL_LUNAR_DAMAGE(1,0); CALL_LUNAR_DAMAGE(0,1)	L2:nDamageBase=103448,nDamageRand=0,nCostMana=0; L3:nDamageBase=0,nDamageRand=0,nCostMana=0; L4:nDamageBase=0,nDamageRand=0,nCostMana=0
npc\副本BOSS\历战异闻录\摩提耶罗\寂灭厅_3号BOSS_摩提耶罗_拿云式.lua	nDamageBase=26700*0.8, nDamageRand = 26700*0.4, nCostMana = 0},		--level 1
	{nDamageBase = 38200*0.8, nDamageRand = 38200*0.4, nCostMana = 0},		--level 2
	{nDamageBase = 3200*0.8, nDamageRand = 3200*0.4, nCostMana = 0},		--level 3
	{nDamageBase = 3200*0.8, nDamageRand = 3200*0.4, nCostMana = 0},		--level 4
	{nDamageBase = 3200*0.8, nDamageRand = 3200*0.4, nCostMana = 0},		--level 5
	{nDamageBase = 3200*0.8, nDamageRand = 3200*0.4, nCostMana = 0},		--level 6
	{nDamageBase = 3200*0.8, nDamageRand = 3200*0.4, nCostMana = 0},		--level 7
	{nDamageBase = 3200*0.8, nDamageRand = 3200*0.4, nCostMana = 0},		--level 8
	{nDamageBase = 3200*0.8, nDamageRand = 3200*0.4, nCostMana = 0},		--level 9
	{nDamageBase = 3200*0.8, nDamageRand = 3200*0.4, nCostMana = 0},		--level 10
	{nDamageBase = 3200*0.8, nDamageRand = 3200*0.4, nCostMana = 0},		--level 11
	{nDamageBase = 3200*0.8, nDamageRand = 3200*0.4, nCostMana = 0},		--level 12
	{nDamageBase = 3200*0.8, nDamageRand = 3200*0.4, nCostMana = 0},		--level 13
	{nDamageBase = 3200*0.8, nDamageRand = 3200*0.4, nCostMana = 0},		--level 14
	{nDamageBase = 3200*0.8, nDamageRand = 3200*0.4, nCostMana = 0},		--level 15
	{nDamageBase = 3200*0.8, nDamageRand = 3200*0.4, nCostMana = 0},		--level 16
	{nDamageBase = 3200*0.8, nDamageRand = 3200*0.4, nCostMana = 0},		--level 17
	{nDamageBase = 3200*0.8, nDamageRand = 3200*0.4, nCostMana = 0},		--level 18
	{nDamageBase = 3200*0.8, nDamageRand = 3200*0.4, nCostMana = 0},		--level 19
	{nDamageBase = 3200*0.8, nDamageRand = 3200*0.4, nCostMana = 0},		--level 20
	{nDamageBase = 3200*0.8, nDamageRand = 3200*0.4, nCostMana = 0},		--level 21
	{nDamageBase = 3200*0.8, nDamageRand = 3200*0.4, nCostMana = 0},		--level 22
	{nDamageBase = 3200*0.8, nDamageRand = 3200*0.4, nCostMana = 0},		--level 23
	{nDamageBase = 3200*0.8, nDamageRand = 3200*0.4, nCostMana = 0},		--level 24
	{nDamageBase = 3200*0.8, nDamageRand = 3200*0.4, nCostMana = 0},		--level 25
	{nDamageBase = 3200*0.8, nDamageRand = 3200*0.4, nCostMana = 0},		--level 26
	{nDamageBase = 3200*0.8, nDamageRand = 3200*0.4, nCostMana = 0},		--level 27
	{nDamageBase = 3200*0.8, nDamageRand = 3200*0.4, nCostMana = 0},		--level 28
	{nDamageBase = 3200*0.8, nDamageRand = 3200*0.4, nCostMana = 0},		--level 29
	{nDamageBase = 3200*0.8, nDamageRand = 3200*0.4, nCostMana = 0},		--level 30
}; nBaseThreat=0; nCostMana=tSkillData[dwSkillLevel].nCostMana; nMinRadius=0 * LENGTH_BASE; nMaxRadius=4 * LENGTH_BASE; nAngleRange=128; nAreaRadius=6 * LENGTH_BASE; nTargetCountLimit=25; nPrepareFrames=0; nChannelFrame=0; nWeaponDamagePercent=0	CAST_SKILL_TARGET_DST(19184,19185); CAST_SKILL_TARGET_DST(19185)	L2:nDamageBase=26700*0.8,nDamageRand=26700*0.4,nCostMana=0; L3:nDamageBase=38200*0.8,nDamageRand=38200*0.4,nCostMana=0; L4:nDamageBase=3200*0.8,nDamageRand=3200*0.4,nCostMana=0
npc\副本BOSS\历战异闻录\摩提耶罗\寂灭厅_3号BOSS_摩提耶罗_拿云式_低血量.lua	nDamageBase=16200*0.8, nDamageRand = 16200*0.4, nCostMana = 0},		--level 1
	{nDamageBase = 25100*0.8, nDamageRand = 25100*0.4, nCostMana = 0},		--level 2
	{nDamageBase = 3200*0.8, nDamageRand = 3200*0.4, nCostMana = 0},		--level 3
	{nDamageBase = 3200*0.8, nDamageRand = 3200*0.4, nCostMana = 0},		--level 4
	{nDamageBase = 3200*0.8, nDamageRand = 3200*0.4, nCostMana = 0},		--level 5
	{nDamageBase = 3200*0.8, nDamageRand = 3200*0.4, nCostMana = 0},		--level 6
	{nDamageBase = 3200*0.8, nDamageRand = 3200*0.4, nCostMana = 0},		--level 7
	{nDamageBase = 3200*0.8, nDamageRand = 3200*0.4, nCostMana = 0},		--level 8
	{nDamageBase = 3200*0.8, nDamageRand = 3200*0.4, nCostMana = 0},		--level 9
	{nDamageBase = 3200*0.8, nDamageRand = 3200*0.4, nCostMana = 0},		--level 10
	{nDamageBase = 3200*0.8, nDamageRand = 3200*0.4, nCostMana = 0},		--level 11
	{nDamageBase = 3200*0.8, nDamageRand = 3200*0.4, nCostMana = 0},		--level 12
	{nDamageBase = 3200*0.8, nDamageRand = 3200*0.4, nCostMana = 0},		--level 13
	{nDamageBase = 3200*0.8, nDamageRand = 3200*0.4, nCostMana = 0},		--level 14
	{nDamageBase = 3200*0.8, nDamageRand = 3200*0.4, nCostMana = 0},		--level 15
	{nDamageBase = 3200*0.8, nDamageRand = 3200*0.4, nCostMana = 0},		--level 16
	{nDamageBase = 3200*0.8, nDamageRand = 3200*0.4, nCostMana = 0},		--level 17
	{nDamageBase = 3200*0.8, nDamageRand = 3200*0.4, nCostMana = 0},		--level 18
	{nDamageBase = 3200*0.8, nDamageRand = 3200*0.4, nCostMana = 0},		--level 19
	{nDamageBase = 3200*0.8, nDamageRand = 3200*0.4, nCostMana = 0},		--level 20
	{nDamageBase = 3200*0.8, nDamageRand = 3200*0.4, nCostMana = 0},		--level 21
	{nDamageBase = 3200*0.8, nDamageRand = 3200*0.4, nCostMana = 0},		--level 22
	{nDamageBase = 3200*0.8, nDamageRand = 3200*0.4, nCostMana = 0},		--level 23
	{nDamageBase = 3200*0.8, nDamageRand = 3200*0.4, nCostMana = 0},		--level 24
	{nDamageBase = 3200*0.8, nDamageRand = 3200*0.4, nCostMana = 0},		--level 25
	{nDamageBase = 3200*0.8, nDamageRand = 3200*0.4, nCostMana = 0},		--level 26
	{nDamageBase = 3200*0.8, nDamageRand = 3200*0.4, nCostMana = 0},		--level 27
	{nDamageBase = 3200*0.8, nDamageRand = 3200*0.4, nCostMana = 0},		--level 28
	{nDamageBase = 3200*0.8, nDamageRand = 3200*0.4, nCostMana = 0},		--level 29
	{nDamageBase = 3200*0.8, nDamageRand = 3200*0.4, nCostMana = 0},		--level 30
}; nBaseThreat=0; nCostMana=tSkillData[dwSkillLevel].nCostMana; nMinRadius=0 * LENGTH_BASE; nMaxRadius=4 * LENGTH_BASE; nAngleRange=128; nAreaRadius=6 * LENGTH_BASE; nTargetCountLimit=25; nPrepareFrames=0; nChannelFrame=0; nWeaponDamagePercent=0	SKILL_SOLAR_DAMAGE(0); SKILL_SOLAR_DAMAGE_RAND(0,0); CALL_SOLAR_DAMAGE(0,0)	L2:nDamageBase=16200*0.8,nDamageRand=16200*0.4,nCostMana=0; L3:nDamageBase=25100*0.8,nDamageRand=25100*0.4,nCostMana=0; L4:nDamageBase=3200*0.8,nDamageRand=3200*0.4,nCostMana=0
npc\副本BOSS\历战异闻录\摩提耶罗\寂灭厅_3号BOSS_摩提耶罗_捉影式.lua	nDamageBase=6427*0.8, nDamageRand = 6427*0.4, nCostMana = 0},		--level 1
	{nDamageBase = 8570*0.8, nDamageRand = 8570*0.4, nCostMana = 0},		--level 2
	{nDamageBase = 3200*0.8, nDamageRand = 3200*0.4, nCostMana = 0},		--level 3
	{nDamageBase = 3200*0.8, nDamageRand = 3200*0.4, nCostMana = 0},		--level 4
	{nDamageBase = 3200*0.8, nDamageRand = 3200*0.4, nCostMana = 0},		--level 5
	{nDamageBase = 3200*0.8, nDamageRand = 3200*0.4, nCostMana = 0},		--level 6
	{nDamageBase = 3200*0.8, nDamageRand = 3200*0.4, nCostMana = 0},		--level 7
	{nDamageBase = 3200*0.8, nDamageRand = 3200*0.4, nCostMana = 0},		--level 8
	{nDamageBase = 3200*0.8, nDamageRand = 3200*0.4, nCostMana = 0},		--level 9
	{nDamageBase = 3200*0.8, nDamageRand = 3200*0.4, nCostMana = 0},		--level 10
	{nDamageBase = 3200*0.8, nDamageRand = 3200*0.4, nCostMana = 0},		--level 11
	{nDamageBase = 3200*0.8, nDamageRand = 3200*0.4, nCostMana = 0},		--level 12
	{nDamageBase = 3200*0.8, nDamageRand = 3200*0.4, nCostMana = 0},		--level 13
	{nDamageBase = 3200*0.8, nDamageRand = 3200*0.4, nCostMana = 0},		--level 14
	{nDamageBase = 3200*0.8, nDamageRand = 3200*0.4, nCostMana = 0},		--level 15
	{nDamageBase = 3200*0.8, nDamageRand = 3200*0.4, nCostMana = 0},		--level 16
	{nDamageBase = 3200*0.8, nDamageRand = 3200*0.4, nCostMana = 0},		--level 17
	{nDamageBase = 3200*0.8, nDamageRand = 3200*0.4, nCostMana = 0},		--level 18
	{nDamageBase = 3200*0.8, nDamageRand = 3200*0.4, nCostMana = 0},		--level 19
	{nDamageBase = 3200*0.8, nDamageRand = 3200*0.4, nCostMana = 0},		--level 20
	{nDamageBase = 3200*0.8, nDamageRand = 3200*0.4, nCostMana = 0},		--level 21
	{nDamageBase = 3200*0.8, nDamageRand = 3200*0.4, nCostMana = 0},		--level 22
	{nDamageBase = 3200*0.8, nDamageRand = 3200*0.4, nCostMana = 0},		--level 23
	{nDamageBase = 3200*0.8, nDamageRand = 3200*0.4, nCostMana = 0},		--level 24
	{nDamageBase = 3200*0.8, nDamageRand = 3200*0.4, nCostMana = 0},		--level 25
	{nDamageBase = 3200*0.8, nDamageRand = 3200*0.4, nCostMana = 0},		--level 26
	{nDamageBase = 3200*0.8, nDamageRand = 3200*0.4, nCostMana = 0},		--level 27
	{nDamageBase = 3200*0.8, nDamageRand = 3200*0.4, nCostMana = 0},		--level 28
	{nDamageBase = 3200*0.8, nDamageRand = 3200*0.4, nCostMana = 0},		--level 29
	{nDamageBase = 3200*0.8, nDamageRand = 3200*0.4, nCostMana = 0},		--level 30
}; nBaseThreat=0; nCostMana=tSkillData[dwSkillLevel].nCostMana; nMinRadius=0 * LENGTH_BASE; nMaxRadius=40 * LENGTH_BASE; nAngleRange=128; nAreaRadius=6 * LENGTH_BASE; nTargetCountLimit=5; nPrepareFrames=0; nChannelFrame=0; nWeaponDamagePercent=0	PULL(100,0)	L2:nDamageBase=6427*0.8,nDamageRand=6427*0.4,nCostMana=0; L3:nDamageBase=8570*0.8,nDamageRand=8570*0.4,nCostMana=0; L4:nDamageBase=3200*0.8,nDamageRand=3200*0.4,nCostMana=0
npc\副本BOSS\历战异闻录\摩提耶罗\寂灭厅_小怪_七秀弟子_剑主天地.lua	nDamageBase=16200*0.8, nDamageRand = 16200*0.4, nBuffLevel = 1},		--level 1
	{nDamageBase = 24900*0.8, nDamageRand = 24900*0.4, nBuffLevel = 1},		--level 2
	{nDamageBase = 3200*0.8, nDamageRand = 3200*0.4, nBuffLevel = 1},		--level 3
	{nDamageBase = 3200*0.8, nDamageRand = 3200*0.4, nBuffLevel = 1},		--level 4
	{nDamageBase = 3200*0.8, nDamageRand = 3200*0.4, nBuffLevel = 1},		--level 5
	{nDamageBase = 3200*0.8, nDamageRand = 3200*0.4, nBuffLevel = 1},		--level 6
	{nDamageBase = 3200*0.8, nDamageRand = 3200*0.4, nBuffLevel = 1},		--level 7
	{nDamageBase = 3200*0.8, nDamageRand = 3200*0.4, nBuffLevel = 1},		--level 8
	{nDamageBase = 3200*0.8, nDamageRand = 3200*0.4, nBuffLevel = 1},		--level 9
	{nDamageBase = 3200*0.8, nDamageRand = 3200*0.4, nBuffLevel = 1},		--level 10
	{nDamageBase = 3200*0.8, nDamageRand = 3200*0.4, nBuffLevel = 1},		--level 11
	{nDamageBase = 3200*0.8, nDamageRand = 3200*0.4, nBuffLevel = 1},		--level 12
	{nDamageBase = 3200*0.8, nDamageRand = 3200*0.4, nBuffLevel = 1},		--level 13
	{nDamageBase = 3200*0.8, nDamageRand = 3200*0.4, nBuffLevel = 1},		--level 14
	{nDamageBase = 3200*0.8, nDamageRand = 3200*0.4, nBuffLevel = 1},		--level 15
	{nDamageBase = 3200*0.8, nDamageRand = 3200*0.4, nBuffLevel = 1},		--level 16
	{nDamageBase = 3200*0.8, nDamageRand = 3200*0.4, nBuffLevel = 1},		--level 17
	{nDamageBase = 3200*0.8, nDamageRand = 3200*0.4, nBuffLevel = 1},		--level 18
	{nDamageBase = 3200*0.8, nDamageRand = 3200*0.4, nBuffLevel = 1},		--level 19
	{nDamageBase = 3200*0.8, nDamageRand = 3200*0.4, nBuffLevel = 1},		--level 20
	{nDamageBase = 3200*0.8, nDamageRand = 3200*0.4, nBuffLevel = 1},		--level 21
	{nDamageBase = 3200*0.8, nDamageRand = 3200*0.4, nBuffLevel = 1},		--level 22
	{nDamageBase = 3200*0.8, nDamageRand = 3200*0.4, nBuffLevel = 1},		--level 23
	{nDamageBase = 3200*0.8, nDamageRand = 3200*0.4, nBuffLevel = 1},		--level 24
	{nDamageBase = 3200*0.8, nDamageRand = 3200*0.4, nBuffLevel = 1},		--level 25
	{nDamageBase = 3200*0.8, nDamageRand = 3200*0.4, nBuffLevel = 1},		--level 26
	{nDamageBase = 3200*0.8, nDamageRand = 3200*0.4, nBuffLevel = 1},		--level 27
	{nDamageBase = 3200*0.8, nDamageRand = 3200*0.4, nBuffLevel = 1},		--level 28
	{nDamageBase = 3200*0.8, nDamageRand = 3200*0.4, nBuffLevel = 1},		--level 29
	{nDamageBase = 3200*0.8, nDamageRand = 3200*0.4, nBuffLevel = 1},		--level 30
}; nBaseThreat=0; nCostMana=tSkillData[dwSkillLevel].nCostMana; nMinRadius=0 * LENGTH_BASE; nMaxRadius=20 * LENGTH_BASE; nAngleRange=128; nAreaRadius=6 * LENGTH_BASE; nTargetCountLimit=5; nPrepareFrames=0; nChannelFrame=0; nWeaponDamagePercent=0	SKILL_LUNAR_DAMAGE(0); SKILL_LUNAR_DAMAGE_RAND(0); CALL_LUNAR_DAMAGE(0,0)	L2:nDamageBase=16200*0.8,nDamageRand=16200*0.4,nBuffLevel=1; L3:nDamageBase=24900*0.8,nDamageRand=24900*0.4,nBuffLevel=1; L4:nDamageBase=3200*0.8,nDamageRand=3200*0.4,nBuffLevel=1
npc\副本BOSS\历战异闻录\陌香\小怪_剑主天地.lua	nDamageBase=0, nDamageRand = 0, nCostMana = 0},		--level 1
	{nDamageBase = 0, nDamageRand = 0, nCostMana = 0},		--level 2
	{nDamageBase = 0, nDamageRand = 0, nCostMana = 0},		--level 3
	{nDamageBase = 0, nDamageRand = 0, nCostMana = 0},		--level 4
	{nDamageBase = 0, nDamageRand = 0, nCostMana = 0},		--level 5
	{nDamageBase = 0, nDamageRand = 0, nCostMana = 0},		--level 6
	{nDamageBase = 0, nDamageRand = 0, nCostMana = 0},		--level 7
	{nDamageBase = 0, nDamageRand = 0, nCostMana = 0},		--level 8
	{nDamageBase = 0, nDamageRand = 0, nCostMana = 0},		--level 9
	{nDamageBase = 0, nDamageRand = 0, nCostMana = 0},		--level 10
	{nDamageBase = 0, nDamageRand = 0, nCostMana = 0},		--level 11
	{nDamageBase = 0, nDamageRand = 0, nCostMana = 0},		--level 12
	{nDamageBase = 0, nDamageRand = 0, nCostMana = 0},		--level 13
	{nDamageBase = 0, nDamageRand = 0, nCostMana = 0},		--level 14
	{nDamageBase = 0, nDamageRand = 0, nCostMana = 0},		--level 15
	{nDamageBase = 0, nDamageRand = 0, nCostMana = 0},		--level 16
	{nDamageBase = 0, nDamageRand = 0, nCostMana = 0},		--level 17
	{nDamageBase = 0, nDamageRand = 0, nCostMana = 0},		--level 18
	{nDamageBase = 0, nDamageRand = 0, nCostMana = 0},		--level 19
	{nDamageBase = 0, nDamageRand = 0, nCostMana = 0},		--level 20
}; nBaseThreat=0; nCostMana=tSkillData[dwSkillLevel].nCostMana; nMinRadius=0 * LENGTH_BASE; nMaxRadius=32* LENGTH_BASE; nAngleRange=128; nAreaRadius=4 * LENGTH_BASE; nTargetCountLimit=10				-- 技能作用目标数量限制,(小于0 代表目标数量不限制) 
    
    ----------------- 时间相关 -------------------------------------------------
  --skill.nPrepareFrames  	= 0				-- 吟唱帧数
    --skill.nChannelInterval	= 0; nChannelFrame=0	 			-- 通道技持续时间，单位帧数 
    --skill.nBulletVelocity		= 0; nWeaponDamagePercent=0		L2:nDamageBase=0,nDamageRand=0,nCostMana=0; L3:nDamageBase=0,nDamageRand=0,nCostMana=0; L4:nDamageBase=0,nDamageRand=0,nCostMana=0
npc\副本BOSS\唐门密室\毁灭.lua	nDamageBase=0, nDamageRand = 0, nCostMana = 0},		--level 1
	{nDamageBase = 0, nDamageRand = 0, nCostMana = 0},		--level 2
	{nDamageBase = 0, nDamageRand = 0, nCostMana = 0},		--level 3
	{nDamageBase = 0, nDamageRand = 0, nCostMana = 0},		--level 4
	{nDamageBase = 0, nDamageRand = 0, nCostMana = 0},		--level 5
	{nDamageBase = 0, nDamageRand = 0, nCostMana = 0},		--level 6
	{nDamageBase = 0, nDamageRand = 0, nCostMana = 0},		--level 7
	{nDamageBase = 0, nDamageRand = 0, nCostMana = 0},		--level 8
	{nDamageBase = 0, nDamageRand = 0, nCostMana = 0},		--level 9
	{nDamageBase = 0, nDamageRand = 0, nCostMana = 0},		--level 10
}; nBaseThreat=0; nCostMana=tSkillData[dwSkillLevel].nCostMana; nMinRadius=0 * LENGTH_BASE; nMaxRadius=6 * LENGTH_BASE; nAngleRange=256; nAreaRadius=6 * LENGTH_BASE; nTargetCountLimit=2; nPrepareFrames=16; nChannelFrame=0; nWeaponDamagePercent=0	CALL_REPULSED(18,0); EXECUTE_SCRIPT(1,0)	L2:nDamageBase=0,nDamageRand=0,nCostMana=0; L3:nDamageBase=0,nDamageRand=0,nCostMana=0; L4:nDamageBase=0,nDamageRand=0,nCostMana=0
npc\副本BOSS\墨家密殿\墨家密殿_三号_玩家前冲真.lua	nDamageBase=0, nDamageRand = 0, nCostMana = 0}, --level 1
	{nDamageBase = 0, nDamageRand = 0, nCostMana = 0}, --level 2
	{nDamageBase = 0, nDamageRand = 0, nCostMana = 0}, --level 3
	{nDamageBase = 0, nDamageRand = 0, nCostMana = 0}, --level 4
	{nDamageBase = 0, nDamageRand = 0, nCostMana = 0}, --level 5
	{nDamageBase = 0, nDamageRand = 0, nCostMana = 0}, --level 6
	{nDamageBase = 0, nDamageRand = 0, nCostMana = 0}, --level 7
	{nDamageBase = 0, nDamageRand = 0, nCostMana = 0}, --level 8
	{nDamageBase = 0, nDamageRand = 0, nCostMana = 0}, --level 9
	{nDamageBase = 0, nDamageRand = 0, nCostMana = 0}, --level 10
}; nBaseThreat=0; nCostMana=tSkillData[dwSkillLevel].nCostMana; nMinRadius=0 * LENGTH_BASE; nMaxRadius=30 * LENGTH_BASE; nAngleRange=256; nAreaRadius=0 * LENGTH_BASE; nTargetCountLimit=2; nPrepareFrames=0; nChannelFrame=0; nWeaponDamagePercent=0	DASH_FORWARD(10,16); EXECUTE_SCRIPT(0)	L2:nDamageBase=0,nDamageRand=0,nCostMana=0; L3:nDamageBase=0,nDamageRand=0,nCostMana=0; L4:nDamageBase=0,nDamageRand=0,nCostMana=0
npc\副本BOSS\墨家密殿\墨家密殿_三号_玩家右翻真.lua	nDamageBase=0, nDamageRand = 0, nCostMana = 0}, --level 1
	{nDamageBase = 0, nDamageRand = 0, nCostMana = 0}, --level 2
	{nDamageBase = 0, nDamageRand = 0, nCostMana = 0}, --level 3
	{nDamageBase = 0, nDamageRand = 0, nCostMana = 0}, --level 4
	{nDamageBase = 0, nDamageRand = 0, nCostMana = 0}, --level 5
	{nDamageBase = 0, nDamageRand = 0, nCostMana = 0}, --level 6
	{nDamageBase = 0, nDamageRand = 0, nCostMana = 0}, --level 7
	{nDamageBase = 0, nDamageRand = 0, nCostMana = 0}, --level 8
	{nDamageBase = 0, nDamageRand = 0, nCostMana = 0}, --level 9
	{nDamageBase = 0, nDamageRand = 0, nCostMana = 0}, --level 10
}; nBaseThreat=0; nCostMana=tSkillData[dwSkillLevel].nCostMana; nMinRadius=0 * LENGTH_BASE; nMaxRadius=30 * LENGTH_BASE; nAngleRange=256; nAreaRadius=0 * LENGTH_BASE; nTargetCountLimit=2; nPrepareFrames=0; nChannelFrame=0; nWeaponDamagePercent=0	DASH_RIGHT(10,25); EXECUTE_SCRIPT(0)	L2:nDamageBase=0,nDamageRand=0,nCostMana=0; L3:nDamageBase=0,nDamageRand=0,nCostMana=0; L4:nDamageBase=0,nDamageRand=0,nCostMana=0
npc\副本BOSS\墨家密殿\墨家密殿_三号_玩家左翻真.lua	nDamageBase=0, nDamageRand = 0, nCostMana = 0}, --level 1
	{nDamageBase = 0, nDamageRand = 0, nCostMana = 0}, --level 2
	{nDamageBase = 0, nDamageRand = 0, nCostMana = 0}, --level 3
	{nDamageBase = 0, nDamageRand = 0, nCostMana = 0}, --level 4
	{nDamageBase = 0, nDamageRand = 0, nCostMana = 0}, --level 5
	{nDamageBase = 0, nDamageRand = 0, nCostMana = 0}, --level 6
	{nDamageBase = 0, nDamageRand = 0, nCostMana = 0}, --level 7
	{nDamageBase = 0, nDamageRand = 0, nCostMana = 0}, --level 8
	{nDamageBase = 0, nDamageRand = 0, nCostMana = 0}, --level 9
	{nDamageBase = 0, nDamageRand = 0, nCostMana = 0}, --level 10
}; nBaseThreat=0; nCostMana=tSkillData[dwSkillLevel].nCostMana; nMinRadius=0 * LENGTH_BASE; nMaxRadius=30 * LENGTH_BASE; nAngleRange=256; nAreaRadius=0 * LENGTH_BASE; nTargetCountLimit=2; nPrepareFrames=0; nChannelFrame=0; nWeaponDamagePercent=0	DASH_LEFT(10,25); EXECUTE_SCRIPT(0)	L2:nDamageBase=0,nDamageRand=0,nCostMana=0; L3:nDamageBase=0,nDamageRand=0,nCostMana=0; L4:nDamageBase=0,nDamageRand=0,nCostMana=0
npc\副本BOSS\大明宫\大明宫_剑圣_剑主天地.lua	nDamageBase=6900, nDamageRand = 0, nCostMana = 0},		--level 1
	{nDamageBase = 13700, nDamageRand = 0, nCostMana = 0},		--level 2
	{nDamageBase = 0, nDamageRand = 0, nCostMana = 0},		--level 3
	{nDamageBase = 0, nDamageRand = 0, nCostMana = 0},		--level 4
	{nDamageBase = 0, nDamageRand = 0, nCostMana = 0},		--level 5
	{nDamageBase = 0, nDamageRand = 0, nCostMana = 0},		--level 6
	{nDamageBase = 0, nDamageRand = 0, nCostMana = 0},		--level 7
	{nDamageBase = 0, nDamageRand = 0, nCostMana = 0},		--level 8
	{nDamageBase = 0, nDamageRand = 0, nCostMana = 0},		--level 9
	{nDamageBase = 0, nDamageRand = 0, nCostMana = 0},		--level 10
}; nBaseThreat=0; nCostMana=tSkillData[dwSkillLevel].nCostMana; nMinRadius=0 * LENGTH_BASE; nMaxRadius=25 * LENGTH_BASE; nAngleRange=128; nAreaRadius=0 * LENGTH_BASE; nTargetCountLimit=2; nPrepareFrames=0; nChannelFrame=0; nWeaponDamagePercent=0	SKILL_LUNAR_DAMAGE(0); SKILL_LUNAR_DAMAGE_RAND(0); CALL_LUNAR_DAMAGE(0,0)	L2:nDamageBase=6900,nDamageRand=0,nCostMana=0; L3:nDamageBase=13700,nDamageRand=0,nCostMana=0; L4:nDamageBase=0,nDamageRand=0,nCostMana=0
npc\副本BOSS\大明宫\大明宫_剑圣_徐如林.lua	nDamageBase=0, nDamageRand = 0, nCostMana = 0},		--level 1
	{nDamageBase = 0, nDamageRand = 0, nCostMana = 0},		--level 2
	{nDamageBase = 0, nDamageRand = 0, nCostMana = 0},		--level 3
	{nDamageBase = 0, nDamageRand = 0, nCostMana = 0},		--level 4
	{nDamageBase = 0, nDamageRand = 0, nCostMana = 0},		--level 5
	{nDamageBase = 0, nDamageRand = 0, nCostMana = 0},		--level 6
	{nDamageBase = 0, nDamageRand = 0, nCostMana = 0},		--level 7
	{nDamageBase = 0, nDamageRand = 0, nCostMana = 0},		--level 8
	{nDamageBase = 0, nDamageRand = 0, nCostMana = 0},		--level 9
	{nDamageBase = 0, nDamageRand = 0, nCostMana = 0},		--level 10
}; nBaseThreat=0; nCostMana=tSkillData[dwSkillLevel].nCostMana; nMinRadius=0 * LENGTH_BASE; nMaxRadius=4 * LENGTH_BASE; nAngleRange=256; nAreaRadius=0 * LENGTH_BASE; nTargetCountLimit=2; nPrepareFrames=0; nChannelFrame=0; nWeaponDamagePercent=0		L2:nDamageBase=0,nDamageRand=0,nCostMana=0; L3:nDamageBase=0,nDamageRand=0,nCostMana=0; L4:nDamageBase=0,nDamageRand=0,nCostMana=0
npc\副本BOSS\天子峰\天子峰_4号BOSS_玄悲_捉影式.lua	nDamageBase=99   *0.8, nDamageRand = 99   *0.4, nCostMana = 0},		--level 1		  
	{nDamageBase = 167  *0.8, nDamageRand = 167  *0.4, nCostMana = 0},		--level 2		  
	{nDamageBase = 240  *0.8, nDamageRand = 240  *0.4, nCostMana = 0},		--level 3		  
	{nDamageBase = 349  *0.8, nDamageRand = 349  *0.4, nCostMana = 0},		--level 4		  
	{nDamageBase = 459  *0.8, nDamageRand = 459  *0.4, nCostMana = 0},		--level 5		  
	{nDamageBase = 631  *0.8, nDamageRand = 631  *0.4, nCostMana = 0},		--level 6		  
	{nDamageBase = 752  *0.8, nDamageRand = 752  *0.4, nCostMana = 0},		--level 7		  
	{nDamageBase = 874  *0.8, nDamageRand = 874  *0.4, nCostMana = 0},		--level 8		  
	{nDamageBase = 995  *0.8, nDamageRand = 995  *0.4, nCostMana = 0},		--level 9		  
	{nDamageBase = 1116 *0.8, nDamageRand = 1116 *0.4, nCostMana = 0},		--level 10		
	{nDamageBase = 1238 *0.8, nDamageRand = 1238 *0.4, nCostMana = 0},		--level 11		
	{nDamageBase = 1359 *0.8, nDamageRand = 1359 *0.4, nCostMana = 0},		--level 12		
	{nDamageBase = 1481 *0.8, nDamageRand = 1481 *0.4, nCostMana = 0},		--level 13		
	{nDamageBase = 1602 *0.8, nDamageRand = 1602 *0.4, nCostMana = 0},		--level 14		
	{nDamageBase = 1723 *0.8, nDamageRand = 1723 *0.4, nCostMana = 0},		--level 15	  
	{nDamageBase = 1845 *0.8, nDamageRand = 1845 *0.4, nCostMana = 0},		--level 16		
	{nDamageBase = 1966 *0.8, nDamageRand = 1966 *0.4, nCostMana = 0},		--level 17		
	{nDamageBase = 2087 *0.8, nDamageRand = 2087 *0.4, nCostMana = 0},		--level 18		
	{nDamageBase = 2209 *0.8, nDamageRand = 2209 *0.4, nCostMana = 0},		--level 19		
	{nDamageBase = 2330 *0.8, nDamageRand = 2330 *0.4, nCostMana = 0},		--level 20		
}; nBaseThreat=0; nCostMana=tSkillData[dwSkillLevel].nCostMana; nMinRadius=0 * LENGTH_BASE; nMaxRadius=25* LENGTH_BASE; nAngleRange=256; nAreaRadius=6 * LENGTH_BASE; nTargetCountLimit=10							-- 技能作用目标数量限制,(小于0 代表目标数量不限制) 
    
    ----------------- 时间相关 -------------------------------------------------
    skill.nPrepareFrames  	= 8; nChannelFrame=0	 			-- 通道技持续时间，单位帧数 
    --skill.nBulletVelocity		= 0; nWeaponDamagePercent=0	KNOCKED_BACK_RATE(1024,0); PULL(100,0)	L2:nDamageBase=99   *0.8,nDamageRand=99   *0.4,nCostMana=0; L3:nDamageBase=167  *0.8,nDamageRand=167  *0.4,nCostMana=0; L4:nDamageBase=240  *0.8,nDamageRand=240  *0.4,nCostMana=0
npc\副本BOSS\天子峰\天子峰_小怪_楚秀弄月弟子、昭秀舞风弟子_剑主天地(DEBUFF).lua	nDamageBase=0, nDamageRand = 0, nCostMana = 0},		--level 1
	{nDamageBase = 0, nDamageRand = 0, nCostMana = 0},		--level 2
	{nDamageBase = 0, nDamageRand = 0, nCostMana = 0},		--level 3
	{nDamageBase = 0, nDamageRand = 0, nCostMana = 0},		--level 4
	{nDamageBase = 0, nDamageRand = 0, nCostMana = 0},		--level 5
	{nDamageBase = 0, nDamageRand = 0, nCostMana = 0},		--level 6
	{nDamageBase = 0, nDamageRand = 0, nCostMana = 0},		--level 7
	{nDamageBase = 0, nDamageRand = 0, nCostMana = 0},		--level 8
	{nDamageBase = 0, nDamageRand = 0, nCostMana = 0},		--level 9
	{nDamageBase = 0, nDamageRand = 0, nCostMana = 0},		--level 10
	{nDamageBase = 0, nDamageRand = 0, nCostMana = 0},		--level 11
	{nDamageBase = 0, nDamageRand = 0, nCostMana = 0},		--level 12
	{nDamageBase = 0, nDamageRand = 0, nCostMana = 0},		--level 13
	{nDamageBase = 0, nDamageRand = 0, nCostMana = 0},		--level 14
	{nDamageBase = 0, nDamageRand = 0, nCostMana = 0},		--level 15
	{nDamageBase = 0, nDamageRand = 0, nCostMana = 0},		--level 16
	{nDamageBase = 0, nDamageRand = 0, nCostMana = 0},		--level 17
	{nDamageBase = 0, nDamageRand = 0, nCostMana = 0},		--level 18
	{nDamageBase = 0, nDamageRand = 0, nCostMana = 0},		--level 19
	{nDamageBase = 0, nDamageRand = 0, nCostMana = 0},		--level 20
}; nBaseThreat=0; nCostMana=tSkillData[dwSkillLevel].nCostMana; nMinRadius=0 * LENGTH_BASE; nMaxRadius=32* LENGTH_BASE; nAngleRange=128; nAreaRadius=4 * LENGTH_BASE; nTargetCountLimit=10				-- 技能作用目标数量限制,(小于0 代表目标数量不限制) 
    
    ----------------- 时间相关 -------------------------------------------------
  --skill.nPrepareFrames  	= 0				-- 吟唱帧数
    --skill.nChannelInterval	= 0; nChannelFrame=0	 			-- 通道技持续时间，单位帧数 
    --skill.nBulletVelocity		= 0; nWeaponDamagePercent=0		L2:nDamageBase=0,nDamageRand=0,nCostMana=0; L3:nDamageBase=0,nDamageRand=0,nCostMana=0; L4:nDamageBase=0,nDamageRand=0,nCostMana=0
npc\副本BOSS\太原之战_逐虎驱狼\安雨_冰球冷雨.lua	nDamageBase=18600, nDamageRand = 0, nCostMana = 0}, --level 1
	{nDamageBase = 17200, nDamageRand = 0, nCostMana = 0}, --level 2
	{nDamageBase = 26300, nDamageRand = 0, nCostMana = 0}, --level 3
	{nDamageBase = 19600, nDamageRand = 0, nCostMana = 0}, --level 4
}; nBaseThreat=0; nCostMana=tSkillData[dwSkillLevel].nCostMana; nMinRadius=0 * LENGTH_BASE; nMaxRadius=20 * LENGTH_BASE; nAngleRange=256; nAreaRadius=12 * LENGTH_BASE; nTargetCountLimit=30; nPrepareFrames=0; nChannelFrame=0; nWeaponDamagePercent=0	DEL_SINGLE_BUFF_BY_ID_AND_LEVEL(-360,-856); DEL_SINGLE_BUFF_BY_ID_AND_LEVEL(-856,-1); DEL_SINGLE_BUFF_BY_ID_AND_LEVEL(-203,-2); GLOBAL_BLOCK(-2,-0); GLOBAL_RESIST_PERCENT(-1024,-0); SKILL_LUNAR_DAMAGE(0); SKILL_LUNAR_DAMAGE_RAND(0,0); CALL_LUNAR_DAMAGE(0,0)	L2:nDamageBase=18600,nDamageRand=0,nCostMana=0; L3:nDamageBase=17200,nDamageRand=0,nCostMana=0; L4:nDamageBase=26300,nDamageRand=0,nCostMana=0
npc\副本BOSS\寂灭厅\寂灭厅_2号BOSS_剑心_凌太虚.lua	nBaseThreat=0; nCostMana=tSkillData[dwSkillLevel].nCostMana; nMinRadius=0 * LENGTH_BASE; nMaxRadius=4 * LENGTH_BASE; nAngleRange=256; nAreaRadius=10 * LENGTH_BASE; nTargetCountLimit=10; nPrepareFrames=8; nChannelFrame=0; nWeaponDamagePercent=0	EXECUTE_SCRIPT(1,0)	
npc\副本BOSS\寂灭厅\寂灭厅_3号BOSS_摩提耶罗_拿云式.lua	nDamageBase=26700*0.8, nDamageRand = 26700*0.4, nCostMana = 0},		--level 1
	{nDamageBase = 38200*0.8, nDamageRand = 38200*0.4, nCostMana = 0},		--level 2
	{nDamageBase = 3200*0.8, nDamageRand = 3200*0.4, nCostMana = 0},		--level 3
	{nDamageBase = 3200*0.8, nDamageRand = 3200*0.4, nCostMana = 0},		--level 4
	{nDamageBase = 3200*0.8, nDamageRand = 3200*0.4, nCostMana = 0},		--level 5
	{nDamageBase = 3200*0.8, nDamageRand = 3200*0.4, nCostMana = 0},		--level 6
	{nDamageBase = 3200*0.8, nDamageRand = 3200*0.4, nCostMana = 0},		--level 7
	{nDamageBase = 3200*0.8, nDamageRand = 3200*0.4, nCostMana = 0},		--level 8
	{nDamageBase = 3200*0.8, nDamageRand = 3200*0.4, nCostMana = 0},		--level 9
	{nDamageBase = 3200*0.8, nDamageRand = 3200*0.4, nCostMana = 0},		--level 10
	{nDamageBase = 3200*0.8, nDamageRand = 3200*0.4, nCostMana = 0},		--level 11
	{nDamageBase = 3200*0.8, nDamageRand = 3200*0.4, nCostMana = 0},		--level 12
	{nDamageBase = 3200*0.8, nDamageRand = 3200*0.4, nCostMana = 0},		--level 13
	{nDamageBase = 3200*0.8, nDamageRand = 3200*0.4, nCostMana = 0},		--level 14
	{nDamageBase = 3200*0.8, nDamageRand = 3200*0.4, nCostMana = 0},		--level 15
	{nDamageBase = 3200*0.8, nDamageRand = 3200*0.4, nCostMana = 0},		--level 16
	{nDamageBase = 3200*0.8, nDamageRand = 3200*0.4, nCostMana = 0},		--level 17
	{nDamageBase = 3200*0.8, nDamageRand = 3200*0.4, nCostMana = 0},		--level 18
	{nDamageBase = 3200*0.8, nDamageRand = 3200*0.4, nCostMana = 0},		--level 19
	{nDamageBase = 3200*0.8, nDamageRand = 3200*0.4, nCostMana = 0},		--level 20
	{nDamageBase = 3200*0.8, nDamageRand = 3200*0.4, nCostMana = 0},		--level 21
	{nDamageBase = 3200*0.8, nDamageRand = 3200*0.4, nCostMana = 0},		--level 22
	{nDamageBase = 3200*0.8, nDamageRand = 3200*0.4, nCostMana = 0},		--level 23
	{nDamageBase = 3200*0.8, nDamageRand = 3200*0.4, nCostMana = 0},		--level 24
	{nDamageBase = 3200*0.8, nDamageRand = 3200*0.4, nCostMana = 0},		--level 25
	{nDamageBase = 3200*0.8, nDamageRand = 3200*0.4, nCostMana = 0},		--level 26
	{nDamageBase = 3200*0.8, nDamageRand = 3200*0.4, nCostMana = 0},		--level 27
	{nDamageBase = 3200*0.8, nDamageRand = 3200*0.4, nCostMana = 0},		--level 28
	{nDamageBase = 3200*0.8, nDamageRand = 3200*0.4, nCostMana = 0},		--level 29
	{nDamageBase = 3200*0.8, nDamageRand = 3200*0.4, nCostMana = 0},		--level 30
}; nBaseThreat=0; nCostMana=tSkillData[dwSkillLevel].nCostMana; nMinRadius=0 * LENGTH_BASE; nMaxRadius=4 * LENGTH_BASE; nAngleRange=128; nAreaRadius=6 * LENGTH_BASE; nTargetCountLimit=25; nPrepareFrames=0; nChannelFrame=0; nWeaponDamagePercent=0	CAST_SKILL_TARGET_DST(3017,3018); CAST_SKILL_TARGET_DST(3018)	L2:nDamageBase=26700*0.8,nDamageRand=26700*0.4,nCostMana=0; L3:nDamageBase=38200*0.8,nDamageRand=38200*0.4,nCostMana=0; L4:nDamageBase=3200*0.8,nDamageRand=3200*0.4,nCostMana=0
npc\副本BOSS\寂灭厅\寂灭厅_3号BOSS_摩提耶罗_拿云式_低血量.lua	nDamageBase=16200*0.8, nDamageRand = 16200*0.4, nCostMana = 0},		--level 1
	{nDamageBase = 25100*0.8, nDamageRand = 25100*0.4, nCostMana = 0},		--level 2
	{nDamageBase = 3200*0.8, nDamageRand = 3200*0.4, nCostMana = 0},		--level 3
	{nDamageBase = 3200*0.8, nDamageRand = 3200*0.4, nCostMana = 0},		--level 4
	{nDamageBase = 3200*0.8, nDamageRand = 3200*0.4, nCostMana = 0},		--level 5
	{nDamageBase = 3200*0.8, nDamageRand = 3200*0.4, nCostMana = 0},		--level 6
	{nDamageBase = 3200*0.8, nDamageRand = 3200*0.4, nCostMana = 0},		--level 7
	{nDamageBase = 3200*0.8, nDamageRand = 3200*0.4, nCostMana = 0},		--level 8
	{nDamageBase = 3200*0.8, nDamageRand = 3200*0.4, nCostMana = 0},		--level 9
	{nDamageBase = 3200*0.8, nDamageRand = 3200*0.4, nCostMana = 0},		--level 10
	{nDamageBase = 3200*0.8, nDamageRand = 3200*0.4, nCostMana = 0},		--level 11
	{nDamageBase = 3200*0.8, nDamageRand = 3200*0.4, nCostMana = 0},		--level 12
	{nDamageBase = 3200*0.8, nDamageRand = 3200*0.4, nCostMana = 0},		--level 13
	{nDamageBase = 3200*0.8, nDamageRand = 3200*0.4, nCostMana = 0},		--level 14
	{nDamageBase = 3200*0.8, nDamageRand = 3200*0.4, nCostMana = 0},		--level 15
	{nDamageBase = 3200*0.8, nDamageRand = 3200*0.4, nCostMana = 0},		--level 16
	{nDamageBase = 3200*0.8, nDamageRand = 3200*0.4, nCostMana = 0},		--level 17
	{nDamageBase = 3200*0.8, nDamageRand = 3200*0.4, nCostMana = 0},		--level 18
	{nDamageBase = 3200*0.8, nDamageRand = 3200*0.4, nCostMana = 0},		--level 19
	{nDamageBase = 3200*0.8, nDamageRand = 3200*0.4, nCostMana = 0},		--level 20
	{nDamageBase = 3200*0.8, nDamageRand = 3200*0.4, nCostMana = 0},		--level 21
	{nDamageBase = 3200*0.8, nDamageRand = 3200*0.4, nCostMana = 0},		--level 22
	{nDamageBase = 3200*0.8, nDamageRand = 3200*0.4, nCostMana = 0},		--level 23
	{nDamageBase = 3200*0.8, nDamageRand = 3200*0.4, nCostMana = 0},		--level 24
	{nDamageBase = 3200*0.8, nDamageRand = 3200*0.4, nCostMana = 0},		--level 25
	{nDamageBase = 3200*0.8, nDamageRand = 3200*0.4, nCostMana = 0},		--level 26
	{nDamageBase = 3200*0.8, nDamageRand = 3200*0.4, nCostMana = 0},		--level 27
	{nDamageBase = 3200*0.8, nDamageRand = 3200*0.4, nCostMana = 0},		--level 28
	{nDamageBase = 3200*0.8, nDamageRand = 3200*0.4, nCostMana = 0},		--level 29
	{nDamageBase = 3200*0.8, nDamageRand = 3200*0.4, nCostMana = 0},		--level 30
}; nBaseThreat=0; nCostMana=tSkillData[dwSkillLevel].nCostMana; nMinRadius=0 * LENGTH_BASE; nMaxRadius=4 * LENGTH_BASE; nAngleRange=128; nAreaRadius=6 * LENGTH_BASE; nTargetCountLimit=25; nPrepareFrames=0; nChannelFrame=0; nWeaponDamagePercent=0	SKILL_SOLAR_DAMAGE(0); SKILL_SOLAR_DAMAGE_RAND(0,0); CALL_SOLAR_DAMAGE(0,0)	L2:nDamageBase=16200*0.8,nDamageRand=16200*0.4,nCostMana=0; L3:nDamageBase=25100*0.8,nDamageRand=25100*0.4,nCostMana=0; L4:nDamageBase=3200*0.8,nDamageRand=3200*0.4,nCostMana=0
npc\副本BOSS\寂灭厅\寂灭厅_3号BOSS_摩提耶罗_拿云式_高血量.lua	nDamageBase=10000*0.8, nDamageRand = 10000*0.4, nCostMana = 0},		--level 1
	{nDamageBase = 15500*0.8, nDamageRand = 15500*0.4, nCostMana = 0},		--level 2
	{nDamageBase = 3200*0.8, nDamageRand = 3200*0.4, nCostMana = 0},		--level 3
	{nDamageBase = 3200*0.8, nDamageRand = 3200*0.4, nCostMana = 0},		--level 4
	{nDamageBase = 3200*0.8, nDamageRand = 3200*0.4, nCostMana = 0},		--level 5
	{nDamageBase = 3200*0.8, nDamageRand = 3200*0.4, nCostMana = 0},		--level 6
	{nDamageBase = 3200*0.8, nDamageRand = 3200*0.4, nCostMana = 0},		--level 7
	{nDamageBase = 3200*0.8, nDamageRand = 3200*0.4, nCostMana = 0},		--level 8
	{nDamageBase = 3200*0.8, nDamageRand = 3200*0.4, nCostMana = 0},		--level 9
	{nDamageBase = 3200*0.8, nDamageRand = 3200*0.4, nCostMana = 0},		--level 10
	{nDamageBase = 3200*0.8, nDamageRand = 3200*0.4, nCostMana = 0},		--level 11
	{nDamageBase = 3200*0.8, nDamageRand = 3200*0.4, nCostMana = 0},		--level 12
	{nDamageBase = 3200*0.8, nDamageRand = 3200*0.4, nCostMana = 0},		--level 13
	{nDamageBase = 3200*0.8, nDamageRand = 3200*0.4, nCostMana = 0},		--level 14
	{nDamageBase = 3200*0.8, nDamageRand = 3200*0.4, nCostMana = 0},		--level 15
	{nDamageBase = 3200*0.8, nDamageRand = 3200*0.4, nCostMana = 0},		--level 16
	{nDamageBase = 3200*0.8, nDamageRand = 3200*0.4, nCostMana = 0},		--level 17
	{nDamageBase = 3200*0.8, nDamageRand = 3200*0.4, nCostMana = 0},		--level 18
	{nDamageBase = 3200*0.8, nDamageRand = 3200*0.4, nCostMana = 0},		--level 19
	{nDamageBase = 3200*0.8, nDamageRand = 3200*0.4, nCostMana = 0},		--level 20
	{nDamageBase = 3200*0.8, nDamageRand = 3200*0.4, nCostMana = 0},		--level 21
	{nDamageBase = 3200*0.8, nDamageRand = 3200*0.4, nCostMana = 0},		--level 22
	{nDamageBase = 3200*0.8, nDamageRand = 3200*0.4, nCostMana = 0},		--level 23
	{nDamageBase = 3200*0.8, nDamageRand = 3200*0.4, nCostMana = 0},		--level 24
	{nDamageBase = 3200*0.8, nDamageRand = 3200*0.4, nCostMana = 0},		--level 25
	{nDamageBase = 3200*0.8, nDamageRand = 3200*0.4, nCostMana = 0},		--level 26
	{nDamageBase = 3200*0.8, nDamageRand = 3200*0.4, nCostMana = 0},		--level 27
	{nDamageBase = 3200*0.8, nDamageRand = 3200*0.4, nCostMana = 0},		--level 28
	{nDamageBase = 3200*0.8, nDamageRand = 3200*0.4, nCostMana = 0},		--level 29
	{nDamageBase = 3200*0.8, nDamageRand = 3200*0.4, nCostMana = 0},		--level 30
}; nBaseThreat=0; nCostMana=tSkillData[dwSkillLevel].nCostMana; nMinRadius=0 * LENGTH_BASE; nMaxRadius=4 * LENGTH_BASE; nAngleRange=128; nAreaRadius=6 * LENGTH_BASE; nTargetCountLimit=25; nPrepareFrames=0; nChannelFrame=0; nWeaponDamagePercent=0	SKILL_SOLAR_DAMAGE(0); SKILL_SOLAR_DAMAGE_RAND(0,0); CALL_SOLAR_DAMAGE(0,0)	L2:nDamageBase=10000*0.8,nDamageRand=10000*0.4,nCostMana=0; L3:nDamageBase=15500*0.8,nDamageRand=15500*0.4,nCostMana=0; L4:nDamageBase=3200*0.8,nDamageRand=3200*0.4,nCostMana=0
npc\副本BOSS\寂灭厅\寂灭厅_小怪_七秀弟子_剑主天地.lua	nDamageBase=16200*0.8, nDamageRand = 16200*0.4, nBuffLevel = 1},		--level 1
	{nDamageBase = 24900*0.8, nDamageRand = 24900*0.4, nBuffLevel = 1},		--level 2
	{nDamageBase = 3200*0.8, nDamageRand = 3200*0.4, nBuffLevel = 1},		--level 3
	{nDamageBase = 3200*0.8, nDamageRand = 3200*0.4, nBuffLevel = 1},		--level 4
	{nDamageBase = 3200*0.8, nDamageRand = 3200*0.4, nBuffLevel = 1},		--level 5
	{nDamageBase = 3200*0.8, nDamageRand = 3200*0.4, nBuffLevel = 1},		--level 6
	{nDamageBase = 3200*0.8, nDamageRand = 3200*0.4, nBuffLevel = 1},		--level 7
	{nDamageBase = 3200*0.8, nDamageRand = 3200*0.4, nBuffLevel = 1},		--level 8
	{nDamageBase = 3200*0.8, nDamageRand = 3200*0.4, nBuffLevel = 1},		--level 9
	{nDamageBase = 3200*0.8, nDamageRand = 3200*0.4, nBuffLevel = 1},		--level 10
	{nDamageBase = 3200*0.8, nDamageRand = 3200*0.4, nBuffLevel = 1},		--level 11
	{nDamageBase = 3200*0.8, nDamageRand = 3200*0.4, nBuffLevel = 1},		--level 12
	{nDamageBase = 3200*0.8, nDamageRand = 3200*0.4, nBuffLevel = 1},		--level 13
	{nDamageBase = 3200*0.8, nDamageRand = 3200*0.4, nBuffLevel = 1},		--level 14
	{nDamageBase = 3200*0.8, nDamageRand = 3200*0.4, nBuffLevel = 1},		--level 15
	{nDamageBase = 3200*0.8, nDamageRand = 3200*0.4, nBuffLevel = 1},		--level 16
	{nDamageBase = 3200*0.8, nDamageRand = 3200*0.4, nBuffLevel = 1},		--level 17
	{nDamageBase = 3200*0.8, nDamageRand = 3200*0.4, nBuffLevel = 1},		--level 18
	{nDamageBase = 3200*0.8, nDamageRand = 3200*0.4, nBuffLevel = 1},		--level 19
	{nDamageBase = 3200*0.8, nDamageRand = 3200*0.4, nBuffLevel = 1},		--level 20
	{nDamageBase = 3200*0.8, nDamageRand = 3200*0.4, nBuffLevel = 1},		--level 21
	{nDamageBase = 3200*0.8, nDamageRand = 3200*0.4, nBuffLevel = 1},		--level 22
	{nDamageBase = 3200*0.8, nDamageRand = 3200*0.4, nBuffLevel = 1},		--level 23
	{nDamageBase = 3200*0.8, nDamageRand = 3200*0.4, nBuffLevel = 1},		--level 24
	{nDamageBase = 3200*0.8, nDamageRand = 3200*0.4, nBuffLevel = 1},		--level 25
	{nDamageBase = 3200*0.8, nDamageRand = 3200*0.4, nBuffLevel = 1},		--level 26
	{nDamageBase = 3200*0.8, nDamageRand = 3200*0.4, nBuffLevel = 1},		--level 27
	{nDamageBase = 3200*0.8, nDamageRand = 3200*0.4, nBuffLevel = 1},		--level 28
	{nDamageBase = 3200*0.8, nDamageRand = 3200*0.4, nBuffLevel = 1},		--level 29
	{nDamageBase = 3200*0.8, nDamageRand = 3200*0.4, nBuffLevel = 1},		--level 30
}; nBaseThreat=0; nCostMana=tSkillData[dwSkillLevel].nCostMana; nMinRadius=0 * LENGTH_BASE; nMaxRadius=20 * LENGTH_BASE; nAngleRange=128; nAreaRadius=6 * LENGTH_BASE; nTargetCountLimit=5; nPrepareFrames=0; nChannelFrame=0; nWeaponDamagePercent=0	SKILL_LUNAR_DAMAGE(0); SKILL_LUNAR_DAMAGE_RAND(0); CALL_LUNAR_DAMAGE(0,0)	L2:nDamageBase=16200*0.8,nDamageRand=16200*0.4,nBuffLevel=1; L3:nDamageBase=24900*0.8,nDamageRand=24900*0.4,nBuffLevel=1; L4:nDamageBase=3200*0.8,nDamageRand=3200*0.4,nBuffLevel=1
npc\副本BOSS\恶人谷\毕罗巴_拜火斩起势.lua	nMinRadius=0 * LENGTH_BASE; nMaxRadius=4 * LENGTH_BASE; nPrepareFrames=16	EXECUTE_SCRIPT(1,0)	
npc\副本BOSS\新手村改造\道函_捉影式.lua	nBaseThreat=0; nCostMana=tSkillData[dwSkillLevel].nCostMana		-- 技能消耗的内力
    --skill.nCostStamina	= 0; nMinRadius=0 * LENGTH_BASE; nMaxRadius=25 * LENGTH_BASE; nAngleRange=128; nAreaRadius=10 * LENGTH_BASE; nTargetCountLimit=10; nPrepareFrames=16; nChannelFrame=0; nWeaponDamagePercent=0	KNOCKED_BACK_RATE(1024,0); PULL(100,0)	
npc\副本BOSS\无量宫\无量宫_多多_斗转星移.lua	nBaseThreat=0; nCostMana=tSkillData[dwSkillLevel].nCostMana; nMinRadius=0 * LENGTH_BASE; nMaxRadius=4 * LENGTH_BASE; nAngleRange=256; nAreaRadius=10 * LENGTH_BASE; nTargetCountLimit=10; nPrepareFrames=160; nChannelFrame=48; nWeaponDamagePercent=0	CALL_BUFF(2356)	
npc\副本BOSS\无量宫\无量宫_多多_斗转星移_反击.lua	nDamageBase=3300*0.8, nDamageRand = 3300*0.4, nCostMana = 0},		--level 1
	{nDamageBase = 8300*0.8, nDamageRand = 8300*0.4, nCostMana = 0},		--level 2
	{nDamageBase = 3200*0.8, nDamageRand = 3200*0.4, nCostMana = 0},		--level 3
	{nDamageBase = 3200*0.8, nDamageRand = 3200*0.4, nCostMana = 0},		--level 4
	{nDamageBase = 3200*0.8, nDamageRand = 3200*0.4, nCostMana = 0},		--level 5
	{nDamageBase = 3200*0.8, nDamageRand = 3200*0.4, nCostMana = 0},		--level 6
	{nDamageBase = 3200*0.8, nDamageRand = 3200*0.4, nCostMana = 0},		--level 7
	{nDamageBase = 3200*0.8, nDamageRand = 3200*0.4, nCostMana = 0},		--level 8
	{nDamageBase = 3200*0.8, nDamageRand = 3200*0.4, nCostMana = 0},		--level 9
	{nDamageBase = 3200*0.8, nDamageRand = 3200*0.4, nCostMana = 0},		--level 10
	{nDamageBase = 3200*0.8, nDamageRand = 3200*0.4, nCostMana = 0},		--level 11
	{nDamageBase = 3200*0.8, nDamageRand = 3200*0.4, nCostMana = 0},		--level 12
	{nDamageBase = 3200*0.8, nDamageRand = 3200*0.4, nCostMana = 0},		--level 13
	{nDamageBase = 3200*0.8, nDamageRand = 3200*0.4, nCostMana = 0},		--level 14
	{nDamageBase = 3200*0.8, nDamageRand = 3200*0.4, nCostMana = 0},		--level 15
	{nDamageBase = 3200*0.8, nDamageRand = 3200*0.4, nCostMana = 0},		--level 16
	{nDamageBase = 3200*0.8, nDamageRand = 3200*0.4, nCostMana = 0},		--level 17
	{nDamageBase = 3200*0.8, nDamageRand = 3200*0.4, nCostMana = 0},		--level 18
	{nDamageBase = 3200*0.8, nDamageRand = 3200*0.4, nCostMana = 0},		--level 19
	{nDamageBase = 3200*0.8, nDamageRand = 3200*0.4, nCostMana = 0},		--level 20
	{nDamageBase = 3200*0.8, nDamageRand = 3200*0.4, nCostMana = 0},		--level 21
	{nDamageBase = 3200*0.8, nDamageRand = 3200*0.4, nCostMana = 0},		--level 22
	{nDamageBase = 3200*0.8, nDamageRand = 3200*0.4, nCostMana = 0},		--level 23
	{nDamageBase = 3200*0.8, nDamageRand = 3200*0.4, nCostMana = 0},		--level 24
	{nDamageBase = 3200*0.8, nDamageRand = 3200*0.4, nCostMana = 0},		--level 25
	{nDamageBase = 3200*0.8, nDamageRand = 3200*0.4, nCostMana = 0},		--level 26
	{nDamageBase = 3200*0.8, nDamageRand = 3200*0.4, nCostMana = 0},		--level 27
	{nDamageBase = 3200*0.8, nDamageRand = 3200*0.4, nCostMana = 0},		--level 28
	{nDamageBase = 3200*0.8, nDamageRand = 3200*0.4, nCostMana = 0},		--level 29
	{nDamageBase = 3200*0.8, nDamageRand = 3200*0.4, nCostMana = 0},		--level 30
}; nBaseThreat=0; nCostMana=tSkillData[dwSkillLevel].nCostMana; nMinRadius=0 * LENGTH_BASE; nMaxRadius=40 * LENGTH_BASE; nAngleRange=256; nAreaRadius=10 * LENGTH_BASE; nTargetCountLimit=25; nPrepareFrames=48; nChannelFrame=0; nWeaponDamagePercent=0	SKILL_NEUTRAL_DAMAGE(0); SKILL_NEUTRAL_DAMAGE_RAND(0); CALL_NEUTRAL_DAMAGE(0,0)	L2:nDamageBase=3300*0.8,nDamageRand=3300*0.4,nCostMana=0; L3:nDamageBase=8300*0.8,nDamageRand=8300*0.4,nCostMana=0; L4:nDamageBase=3200*0.8,nDamageRand=3200*0.4,nCostMana=0
npc\副本BOSS\永王行宫_仙侣庭院\1号_屈焰阳\1号_屈焰阳_连斩_伤害.lua	nDamageBase=2300, nDamageRand = 0, nCostMana = 0}, --level 1
	{nDamageBase = 3000, nDamageRand = 0, nCostMana = 0}, --level 2
	{nDamageBase = 4000, nDamageRand = 0, nCostMana = 0}, --level 3
	{nDamageBase = 5000, nDamageRand = 0, nCostMana = 0}, --level 4
	{nDamageBase = 2300 * 5, nDamageRand = 0, nCostMana = 0}, --level 5
	{nDamageBase = 2300 * 6, nDamageRand = 0, nCostMana = 0}, --level 6
	{nDamageBase = 2300 * 7, nDamageRand = 0, nCostMana = 0}, --level 7
	{nDamageBase = 2300 * 8, nDamageRand = 0, nCostMana = 0}, --level 8
	{nDamageBase = 2300 * 9, nDamageRand = 0, nCostMana = 0}, --level 9
	{nDamageBase = 2300 * 10, nDamageRand = 0, nCostMana = 0}, --level 10
	{nDamageBase = 66100, nDamageRand = 0, nCostMana = 0}, --level 11
	{nDamageBase = 66100 * 2, nDamageRand = 0, nCostMana = 0}, --level 12
	{nDamageBase = 66100 * 3, nDamageRand = 0, nCostMana = 0}, --level 13
	{nDamageBase = 66100 * 4, nDamageRand = 0, nCostMana = 0}, --level 14
	{nDamageBase = 66100 * 5, nDamageRand = 0, nCostMana = 0}, --level 15
	{nDamageBase = 66100 * 6, nDamageRand = 0, nCostMana = 0}, --level 16
	{nDamageBase = 66100 * 7, nDamageRand = 0, nCostMana = 0}, --level 17
	{nDamageBase = 66100 * 8, nDamageRand = 0, nCostMana = 0}, --level 18
	{nDamageBase = 66100 * 9, nDamageRand = 0, nCostMana = 0}, --level 19
	{nDamageBase = 66100 * 10, nDamageRand = 0, nCostMana = 0}, --level 20
}; nBaseThreat=0; nCostMana=tSkillData[dwSkillLevel].nCostMana; nMinRadius=0 * LENGTH_BASE; nMaxRadius=4 * LENGTH_BASE; nAngleRange=256; nAreaRadius=10 * LENGTH_BASE; nTargetCountLimit=1; nPrepareFrames=0; nChannelFrame=0; nWeaponDamagePercent=0	DEL_SINGLE_BUFF_BY_ID_AND_LEVEL(203,-2); GLOBAL_BLOCK(-2,0); GLOBAL_RESIST_PERCENT(-1024,0); SKILL_LUNAR_DAMAGE(0); SKILL_LUNAR_DAMAGE_RAND(0,0); CALL_LUNAR_DAMAGE(0,0); EXECUTE_SCRIPT(1,1)	L2:nDamageBase=2300,nDamageRand=0,nCostMana=0; L3:nDamageBase=3000,nDamageRand=0,nCostMana=0; L4:nDamageBase=4000,nDamageRand=0,nCostMana=0
npc\副本BOSS\沃石院\1号\1号_击退30尺.lua	nDamageBase=0, nDamageRand = 0, nCostMana = 0}, --level 1
	{nDamageBase = 0, nDamageRand = 0, nCostMana = 0}, --level 2
	{nDamageBase = 0, nDamageRand = 0, nCostMana = 0}, --level 3
	{nDamageBase = 0, nDamageRand = 0, nCostMana = 0}, --level 4
	{nDamageBase = 0, nDamageRand = 0, nCostMana = 0}, --level 5
	{nDamageBase = 0, nDamageRand = 0, nCostMana = 0}, --level 6
	{nDamageBase = 0, nDamageRand = 0, nCostMana = 0}, --level 7
	{nDamageBase = 0, nDamageRand = 0, nCostMana = 0}, --level 8
	{nDamageBase = 0, nDamageRand = 0, nCostMana = 0}, --level 9
	{nDamageBase = 0, nDamageRand = 0, nCostMana = 0}, --level 10
}; nBaseThreat=0; nCostMana=tSkillData[dwSkillLevel].nCostMana; nMinRadius=0 * LENGTH_BASE; nMaxRadius=50 * LENGTH_BASE; nAngleRange=256; nAreaRadius=0 * LENGTH_BASE; nTargetCountLimit=1; nPrepareFrames=0; nChannelFrame=0; nWeaponDamagePercent=0	CALL_KNOCKED_BACK_SRC_FACE(30,64); KNOCKED_BACK_RATE(2048,0)	L2:nDamageBase=0,nDamageRand=0,nCostMana=0; L3:nDamageBase=0,nDamageRand=0,nCostMana=0; L4:nDamageBase=0,nDamageRand=0,nCostMana=0
npc\副本BOSS\沃石院\1号\1号_大矩形aoe.lua	nDamageBase=132100, nDamageRand = 0, nCostMana = 0}, --level 2
	{nDamageBase = 214700, nDamageRand = 0, nCostMana = 0}, --level 1
	{nDamageBase = 0, nDamageRand = 0, nCostMana = 0}, --level 2
	{nDamageBase = 0, nDamageRand = 0, nCostMana = 0}, --level 3
	{nDamageBase = 0, nDamageRand = 0, nCostMana = 0}, --level 4
	{nDamageBase = 0, nDamageRand = 0, nCostMana = 0}, --level 5
	{nDamageBase = 0, nDamageRand = 0, nCostMana = 0}, --level 6
	{nDamageBase = 0, nDamageRand = 0, nCostMana = 0}, --level 7
	{nDamageBase = 0, nDamageRand = 0, nCostMana = 0}, --level 8
	{nDamageBase = 0, nDamageRand = 0, nCostMana = 0}, --level 9
	{nDamageBase = 0, nDamageRand = 0, nCostMana = 0}, --level 10
}; nAngleRange=256; nAreaRadius=40* LENGTH_BASE; nTargetCountLimit=10; nPrepareFrames=96; nChannelFrame=0	SKILL_PHYSICS_DAMAGE(0,0); CALL_PHYSICS_DAMAGE(0,0); EXECUTE_SCRIPT(1,1)	L2:nDamageBase=132100,nDamageRand=0,nCostMana=0; L3:nDamageBase=214700,nDamageRand=0,nCostMana=0; L4:nDamageBase=0,nDamageRand=0,nCostMana=0
npc\副本BOSS\法王窟\法王窟_智慧王_五蕴皆空.lua	nDamageBase=5200*0.8, nDamageRand = 5200*0.4, nBuffLevel = 1},		--level 1
	{nDamageBase = 12500*0.8, nDamageRand = 12500*0.4, nBuffLevel = 2},		--level 2
	{nDamageBase = 3200*0.8, nDamageRand = 3200*0.4, nBuffLevel = 1},		--level 3
	{nDamageBase = 3200*0.8, nDamageRand = 3200*0.4, nBuffLevel = 1},		--level 4
	{nDamageBase = 3200*0.8, nDamageRand = 3200*0.4, nBuffLevel = 1},		--level 5
	{nDamageBase = 3200*0.8, nDamageRand = 3200*0.4, nBuffLevel = 1},		--level 6
	{nDamageBase = 3200*0.8, nDamageRand = 3200*0.4, nBuffLevel = 1},		--level 7
	{nDamageBase = 3200*0.8, nDamageRand = 3200*0.4, nBuffLevel = 1},		--level 8
	{nDamageBase = 3200*0.8, nDamageRand = 3200*0.4, nBuffLevel = 1},		--level 9
	{nDamageBase = 3200*0.8, nDamageRand = 3200*0.4, nBuffLevel = 1},		--level 10
	{nDamageBase = 3200*0.8, nDamageRand = 3200*0.4, nBuffLevel = 1},		--level 11
	{nDamageBase = 3200*0.8, nDamageRand = 3200*0.4, nBuffLevel = 1},		--level 12
	{nDamageBase = 3200*0.8, nDamageRand = 3200*0.4, nBuffLevel = 1},		--level 13
	{nDamageBase = 3200*0.8, nDamageRand = 3200*0.4, nBuffLevel = 1},		--level 14
	{nDamageBase = 3200*0.8, nDamageRand = 3200*0.4, nBuffLevel = 1},		--level 15
	{nDamageBase = 3200*0.8, nDamageRand = 3200*0.4, nBuffLevel = 1},		--level 16
	{nDamageBase = 3200*0.8, nDamageRand = 3200*0.4, nBuffLevel = 1},		--level 17
	{nDamageBase = 3200*0.8, nDamageRand = 3200*0.4, nBuffLevel = 1},		--level 18
	{nDamageBase = 3200*0.8, nDamageRand = 3200*0.4, nBuffLevel = 1},		--level 19
	{nDamageBase = 3200*0.8, nDamageRand = 3200*0.4, nBuffLevel = 1},		--level 20
	{nDamageBase = 3200*0.8, nDamageRand = 3200*0.4, nBuffLevel = 1},		--level 21
	{nDamageBase = 3200*0.8, nDamageRand = 3200*0.4, nBuffLevel = 1},		--level 22
	{nDamageBase = 3200*0.8, nDamageRand = 3200*0.4, nBuffLevel = 1},		--level 23
	{nDamageBase = 3200*0.8, nDamageRand = 3200*0.4, nBuffLevel = 1},		--level 24
	{nDamageBase = 3200*0.8, nDamageRand = 3200*0.4, nBuffLevel = 1},		--level 25
	{nDamageBase = 3200*0.8, nDamageRand = 3200*0.4, nBuffLevel = 1},		--level 26
	{nDamageBase = 3200*0.8, nDamageRand = 3200*0.4, nBuffLevel = 1},		--level 27
	{nDamageBase = 3200*0.8, nDamageRand = 3200*0.4, nBuffLevel = 1},		--level 28
	{nDamageBase = 3200*0.8, nDamageRand = 3200*0.4, nBuffLevel = 1},		--level 29
	{nDamageBase = 3200*0.8, nDamageRand = 3200*0.4, nBuffLevel = 1},		--level 30
	
	
}; nBaseThreat=0; nCostMana=tSkillData[dwSkillLevel].nCostMana; nMinRadius=0 * LENGTH_BASE; nMaxRadius=99 * LENGTH_BASE; nAngleRange=256; nAreaRadius=15 * LENGTH_BASE; nTargetCountLimit=5; nPrepareFrames=32; nChannelFrame=0; nWeaponDamagePercent=0	SKILL_SOLAR_DAMAGE(0); SKILL_SOLAR_DAMAGE_RAND(0); CALL_SOLAR_DAMAGE(0,0)	L2:nDamageBase=5200*0.8,nDamageRand=5200*0.4,nBuffLevel=1; L3:nDamageBase=12500*0.8,nDamageRand=12500*0.4,nBuffLevel=2; L4:nDamageBase=3200*0.8,nDamageRand=3200*0.4,nBuffLevel=1
npc\副本BOSS\流离岛\流离岛-詹素-小怪旋转.lua	nBaseThreat=0; nCostMana=tSkillData[dwSkillLevel].nCostMana; nMinRadius=0 * LENGTH_BASE; nMaxRadius=10 * LENGTH_BASE; nAngleRange=256; nAreaRadius=10 * LENGTH_BASE; nTargetCountLimit=2; nPrepareFrames=0; nChannelFrame=0; nWeaponDamagePercent=0	SKILL_PHYSICS_DAMAGE(0); SKILL_PHYSICS_DAMAGE_RAND(0,0); CALL_PHYSICS_DAMAGE(0,0)	L2:nDamage=120 * 0.8,nDamageRand=0,nCostMana=0; L3:nDamage=18900 * 0.8,nDamageRand=18900 * 0.4,nCostMana=0; L4:nDamage=0,nDamageRand=0,nCostMana=0
npc\副本BOSS\浩气盟\韩非池_强音.lua	nBaseThreat=0; nCostMana=tSkillData[dwSkillLevel].nCostMana; nMinRadius=0 * LENGTH_BASE; nMaxRadius=10 * LENGTH_BASE; nAngleRange=256; nAreaRadius=15 * LENGTH_BASE; nTargetCountLimit=40; nPrepareFrames=24; nChannelFrame=0; nWeaponDamagePercent=0	SKILL_LUNAR_DAMAGE(0.8,0); SKILL_LUNAR_DAMAGE_RAND(0.4,0); CALL_LUNAR_DAMAGE(0,0); EXECUTE_SCRIPT(1,0)	
npc\副本BOSS\烛龙殿\巡守普通攻击.lua	nBaseThreat=0; nCostMana=tSkillData[dwSkillLevel].nCostMana; nMinRadius=0 * LENGTH_BASE; nMaxRadius=4 * LENGTH_BASE; nAngleRange=128; nAreaRadius=0 * LENGTH_BASE; nTargetCountLimit=2; nPrepareFrames=0; nChannelFrame=0; nWeaponDamagePercent=0	GLOBAL_BLOCK(-2,0); SKILL_PHYSICS_DAMAGE(0); CALL_PHYSICS_DAMAGE(0,0)	L2:nDamage=19400,nDamageRand=0,nCostMana=0; L3:nDamage=44900,nDamageRand=0,nCostMana=0; L4:nDamageBase=0,nDamageRand=0,nCostMana=0
npc\副本BOSS\烛龙殿\烛龙殿_万花_商阳指.lua	nBaseThreat=0; nCostMana=tSkillData[dwSkillLevel].nCostMana; nMinRadius=0 * LENGTH_BASE; nMaxRadius=20 * LENGTH_BASE; nAngleRange=128; nAreaRadius=8 * LENGTH_BASE; nTargetCountLimit=50; nPrepareFrames=0; nChannelFrame=0; nWeaponDamagePercent=0		L2:nDamage=0,nDamageRand=0,nCostMana=0; L3:nDamage=0,nDamageRand=0,nCostMana=0; L4:nDamage=0,nDamageRand=0,nCostMana=0
npc\副本BOSS\烛龙殿\烛龙殿_唐门_化血镖.lua	nBaseThreat=0; nCostMana=tSkillData[dwSkillLevel].nCostMana; nMinRadius=0 * LENGTH_BASE; nMaxRadius=20 * LENGTH_BASE; nAngleRange=128; nAreaRadius=8 * LENGTH_BASE; nTargetCountLimit=50; nPrepareFrames=0; nChannelFrame=0; nWeaponDamagePercent=0	SKILL_PHYSICS_DAMAGE(0); SKILL_PHYSICS_DAMAGE_RAND(0,0); CALL_PHYSICS_DAMAGE(0,0)	L2:nDamage=0,nDamageRand=0,nCostMana=0; L3:nDamage=0,nDamageRand=0,nCostMana=0; L4:nDamage=0,nDamageRand=0,nCostMana=0
npc\副本BOSS\烛龙殿\烛龙殿_天策_破风.lua	nBaseThreat=0; nCostMana=tSkillData[dwSkillLevel].nCostMana; nMinRadius=0 * LENGTH_BASE; nMaxRadius=4 * LENGTH_BASE; nAngleRange=128; nAreaRadius=8 * LENGTH_BASE; nTargetCountLimit=50; nPrepareFrames=0; nChannelFrame=0; nWeaponDamagePercent=0	SKILL_PHYSICS_DAMAGE(0); SKILL_PHYSICS_DAMAGE_RAND(0,0); CALL_PHYSICS_DAMAGE(0,0)	L2:nDamage=0,nDamageRand=0,nCostMana=0; L3:nDamage=0,nDamageRand=0,nCostMana=0; L4:nDamage=0,nDamageRand=0,nCostMana=0
npc\副本BOSS\狼牙堡_战兽山\无支祁\暗流涌动.lua	nDamageBase=9100, nDamageRand = 0, nCostMana = 0}, --level 1
	{nDamageBase = 12500, nDamageRand = 0, nCostMana = 0}, --level 2
	{nDamageBase = 0, nDamageRand = 0, nCostMana = 0}, --level 3
	{nDamageBase = 0, nDamageRand = 0, nCostMana = 0}, --level 4
	{nDamageBase = 0, nDamageRand = 0, nCostMana = 0}, --level 5
	{nDamageBase = 0, nDamageRand = 0, nCostMana = 0}, --level 6
	{nDamageBase = 0, nDamageRand = 0, nCostMana = 0}, --level 7
	{nDamageBase = 0, nDamageRand = 0, nCostMana = 0}, --level 8
	{nDamageBase = 0, nDamageRand = 0, nCostMana = 0}, --level 9
	{nDamageBase = 0, nDamageRand = 0, nCostMana = 0}, --level 10
}; nBaseThreat=0; nCostMana=tSkillData[dwSkillLevel].nCostMana; nMinRadius=0 * LENGTH_BASE; nMaxRadius=10 * LENGTH_BASE; nAngleRange=256; nAreaRadius=6 * LENGTH_BASE; nTargetCountLimit=250; nPrepareFrames=0; nChannelFrame=0; nWeaponDamagePercent=0	SKILL_PHYSICS_DAMAGE(0); SKILL_PHYSICS_DAMAGE_RAND(0,0); CALL_PHYSICS_DAMAGE(0,0); CALL_KNOCKED_BACK_EXHALE(16,0); EXECUTE_SCRIPT(1,0)	L2:nDamageBase=9100,nDamageRand=0,nCostMana=0; L3:nDamageBase=12500,nDamageRand=0,nCostMana=0; L4:nDamageBase=0,nDamageRand=0,nCostMana=0
npc\副本BOSS\狼牙堡_战兽山\无支祁\绝命深渊.lua	nDamageBase=3100, nDamageRand = 0, nCostMana = 0}, --level 1
	{nDamageBase = 6000, nDamageRand = 0, nCostMana = 0}, --level 2
	{nDamageBase = 0, nDamageRand = 0, nCostMana = 0}, --level 3
	{nDamageBase = 0, nDamageRand = 0, nCostMana = 0}, --level 4
	{nDamageBase = 0, nDamageRand = 0, nCostMana = 0}, --level 5
	{nDamageBase = 0, nDamageRand = 0, nCostMana = 0}, --level 6
	{nDamageBase = 0, nDamageRand = 0, nCostMana = 0}, --level 7
	{nDamageBase = 0, nDamageRand = 0, nCostMana = 0}, --level 8
	{nDamageBase = 0, nDamageRand = 0, nCostMana = 0}, --level 9
	{nDamageBase = 0, nDamageRand = 0, nCostMana = 0}, --level 10
}; nBaseThreat=0; nCostMana=tSkillData[dwSkillLevel].nCostMana; nMinRadius=0 * LENGTH_BASE; nMaxRadius=60 * LENGTH_BASE; nAngleRange=256; nAreaRadius=6 * LENGTH_BASE; nTargetCountLimit=250; nPrepareFrames=0; nChannelFrame=0; nWeaponDamagePercent=0	SKILL_PHYSICS_DAMAGE(-0); SKILL_PHYSICS_DAMAGE_RAND(-0,64); HALT(64,0); EXECUTE_SCRIPT(1,0)	L2:nDamageBase=3100,nDamageRand=0,nCostMana=0; L3:nDamageBase=6000,nDamageRand=0,nCostMana=0; L4:nDamageBase=0,nDamageRand=0,nCostMana=0
npc\副本BOSS\狼牙堡_狼神殿\6号_靳空明\千钧横扫.lua	nDamageBase=9500, nDamageRand = 0, nCostMana = 0}, --level 1
	{nDamageBase = 10400, nDamageRand = 0, nCostMana = 0}, --level 2
	{nDamageBase = 5700, nDamageRand = 0, nCostMana = 0}, --level 2
}; nBaseThreat=0; nCostMana=tSkillData[dwSkillLevel].nCostMana; nMinRadius=0 * LENGTH_BASE; nMaxRadius=40 * LENGTH_BASE; nAngleRange=128; nAreaRadius=7 * LENGTH_BASE; nTargetCountLimit=-1; nPrepareFrames=0; nChannelFrame=0; nWeaponDamagePercent=0	SKILL_PHYSICS_DAMAGE(0); SKILL_PHYSICS_DAMAGE_RAND(0,0); CALL_PHYSICS_DAMAGE(0,0); EXECUTE_SCRIPT(6,1)	L2:nDamageBase=9500,nDamageRand=0,nCostMana=0; L3:nDamageBase=10400,nDamageRand=0,nCostMana=0; L4:nDamageBase=5700,nDamageRand=0,nCostMana=0
npc\副本BOSS\狼牙堡_狼神殿\6号_靳空明\火狼箭雨.lua	nDamageBase=14800, nDamageRand = 0, nCostMana = 0}, --level 1
	{nDamageBase = 16100, nDamageRand = 0, nCostMana = 0}, --level 2
	{nDamageBase = 8800, nDamageRand = 0, nCostMana = 0}, --level 2
}; nBaseThreat=0; nCostMana=tSkillData[dwSkillLevel].nCostMana; nMinRadius=0 * LENGTH_BASE; nMaxRadius=30 * LENGTH_BASE; nAngleRange=256; nAreaRadius=5 * LENGTH_BASE; nTargetCountLimit=-1; nPrepareFrames=0; nChannelFrame=0; nWeaponDamagePercent=0	SKILL_SOLAR_DAMAGE(0); SKILL_SOLAR_DAMAGE_RAND(0,0); CALL_SOLAR_DAMAGE(0,0); EXECUTE_SCRIPT(6,1)	L2:nDamageBase=14800,nDamageRand=0,nCostMana=0; L3:nDamageBase=16100,nDamageRand=0,nCostMana=0; L4:nDamageBase=8800,nDamageRand=0,nCostMana=0
npc\副本BOSS\狼牙堡_狼神殿\8号_史思明\禁断长生8尺.lua	nDamageBase=40857, nDamageRand = 0, nCostMana = 0}, --level 1
	{nDamageBase = 42500, nDamageRand = 0, nCostMana = 0}, --level 2
	{nDamageBase = 22600, nDamageRand = 0, nCostMana = 0}, --level 3
	{nDamageBase = 0, nDamageRand = 0, nCostMana = 0}, --level 4
	{nDamageBase = 0, nDamageRand = 0, nCostMana = 0}, --level 5
	{nDamageBase = 0, nDamageRand = 0, nCostMana = 0}, --level 6
	{nDamageBase = 0, nDamageRand = 0, nCostMana = 0}, --level 7
	{nDamageBase = 0, nDamageRand = 0, nCostMana = 0}, --level 8
	{nDamageBase = 0, nDamageRand = 0, nCostMana = 0}, --level 9
	{nDamageBase = 0, nDamageRand = 0, nCostMana = 0}, --level 10
}; nMinRadius=0 * LENGTH_BASE; nMaxRadius=8 * LENGTH_BASE; nAngleRange=256; nAreaRadius=8 * LENGTH_BASE; nTargetCountLimit=-1; nPrepareFrames=48	SKILL_SOLAR_DAMAGE(0); SKILL_SOLAR_DAMAGE_RAND(0,0); CALL_SOLAR_DAMAGE(0,0); EXECUTE_SCRIPT(8,8)	L2:nDamageBase=40857,nDamageRand=0,nCostMana=0; L3:nDamageBase=42500,nDamageRand=0,nCostMana=0; L4:nDamageBase=22600,nDamageRand=0,nCostMana=0
npc\副本BOSS\狼牙堡_辉天堑\周边\潜龙勿用.lua	nDamageBase=328000, nDamageRand = 0, nCostMana = 0}, --level 1
	{nDamageBase = 516000, nDamageRand = 0, nCostMana = 0}, --level 2
	{nDamageBase = 0, nDamageRand = 0, nCostMana = 0}, --level 3
	{nDamageBase = 0, nDamageRand = 0, nCostMana = 0}, --level 4
	{nDamageBase = 0, nDamageRand = 0, nCostMana = 0}, --level 5
	{nDamageBase = 0, nDamageRand = 0, nCostMana = 0}, --level 6
	{nDamageBase = 0, nDamageRand = 0, nCostMana = 0}, --level 7
	{nDamageBase = 0, nDamageRand = 0, nCostMana = 0}, --level 8
	{nDamageBase = 0, nDamageRand = 0, nCostMana = 0}, --level 9
	{nDamageBase = 0, nDamageRand = 0, nCostMana = 0}, --level 10
}; nBaseThreat=0; nCostMana=tSkillData[dwSkillLevel].nCostMana; nMinRadius=0 * LENGTH_BASE; nMaxRadius=20 * LENGTH_BASE; nAngleRange=256; nAreaRadius=10 * LENGTH_BASE; nTargetCountLimit=1; nPrepareFrames=0; nChannelFrame=0; nWeaponDamagePercent=0	SKILL_PHYSICS_DAMAGE(0); SKILL_PHYSICS_DAMAGE_RAND(0,0); CALL_PHYSICS_DAMAGE(0,0); EXECUTE_SCRIPT(1)	L2:nDamageBase=328000,nDamageRand=0,nCostMana=0; L3:nDamageBase=516000,nDamageRand=0,nCostMana=0; L4:nDamageBase=0,nDamageRand=0,nCostMana=0
npc\副本BOSS\白帝江关\7号_宫傲\甘霖子.lua	nDamageBase=32518*0.9, nDamageRand = 0, nCostMana = 0}, --level 1	
	{nDamageBase = 37395*0.9, nDamageRand = 0, nCostMana = 0}, --level 1
	{nDamageBase = 43005*0.9, nDamageRand = 0, nCostMana = 0}, --level 2
	{nDamageBase = 49455*0.9, nDamageRand = 0, nCostMana = 0}, --level 3
	{nDamageBase = 56874*0.9, nDamageRand = 0, nCostMana = 0}, --level 4
	{nDamageBase = 65405*0.9, nDamageRand = 0, nCostMana = 0}, --level 5
	{nDamageBase = 75215*0.9, nDamageRand = 0, nCostMana = 0}, --level 6
	{nDamageBase = 86498*0.9, nDamageRand = 0, nCostMana = 0}, --level 7
	{nDamageBase = 9999999, nDamageRand = 0, nCostMana = 0}, --level 8
	{nDamageBase = 9999999, nDamageRand = 0, nCostMana = 0}, --level 9
	{nDamageBase = 9999999, nDamageRand = 0, nCostMana = 0}, --level 10
	{nDamageBase = 9999999, nDamageRand = 0, nCostMana = 0}, --level 11
	{nDamageBase = 9999999, nDamageRand = 0, nCostMana = 0}, --level 12
	{nDamageBase = 9999999, nDamageRand = 0, nCostMana = 0}, --level 13
	{nDamageBase = 9999999, nDamageRand = 0, nCostMana = 0}, --level 14
	{nDamageBase = 9999999, nDamageRand = 0, nCostMana = 0}, --level 15
	{nDamageBase = 9999999, nDamageRand = 0, nCostMana = 0}, --level 16
	{nDamageBase = 9999999, nDamageRand = 0, nCostMana = 0}, --level 17
	{nDamageBase = 9999999, nDamageRand = 0, nCostMana = 0}, --level 18
	{nDamageBase = 9999999, nDamageRand = 0, nCostMana = 0}, --level 19
	{nDamageBase = 9999999, nDamageRand = 0, nCostMana = 0}, --level 20
	{nDamageBase = 9999999, nDamageRand = 0, nCostMana = 0}, --level 21
	{nDamageBase = 9999999, nDamageRand = 0, nCostMana = 0}, --level 22
	{nDamageBase = 9999999, nDamageRand = 0, nCostMana = 0}, --level 23
	{nDamageBase = 9999999, nDamageRand = 0, nCostMana = 0}, --level 24
	{nDamageBase = 9999999, nDamageRand = 0, nCostMana = 0}, --level 25
	{nDamageBase = 9999999, nDamageRand = 0, nCostMana = 0}, --level 26
	{nDamageBase = 9999999, nDamageRand = 0, nCostMana = 0}, --level 27
	{nDamageBase = 9999999, nDamageRand = 0, nCostMana = 0}, --level 28
	{nDamageBase = 9999999, nDamageRand = 0, nCostMana = 0}, --level 29
	{nDamageBase = 9999999, nDamageRand = 0, nCostMana = 0}, --level 20
	{nDamageBase = 9999999, nDamageRand = 0, nCostMana = 0}, --level 31
	{nDamageBase = 9999999, nDamageRand = 0, nCostMana = 0}, --level 32
	{nDamageBase = 9999999, nDamageRand = 0, nCostMana = 0}, --level 33
	{nDamageBase = 9999999, nDamageRand = 0, nCostMana = 0}, --level 34
	{nDamageBase = 9999999, nDamageRand = 0, nCostMana = 0}, --level 35
	{nDamageBase = 9999999, nDamageRand = 0, nCostMana = 0}, --level 36
	{nDamageBase = 9999999, nDamageRand = 0, nCostMana = 0}, --level 37
	{nDamageBase = 9999999, nDamageRand = 0, nCostMana = 0}, --level 38
	{nDamageBase = 9999999, nDamageRand = 0, nCostMana = 0}, --level 39
	{nDamageBase = 9999999, nDamageRand = 0, nCostMana = 0}, --level 41
	{nDamageBase = 9999999, nDamageRand = 0, nCostMana = 0}, --level 42
	{nDamageBase = 9999999, nDamageRand = 0, nCostMana = 0}, --level 43
	{nDamageBase = 9999999, nDamageRand = 0, nCostMana = 0}, --level 44
	{nDamageBase = 9999999, nDamageRand = 0, nCostMana = 0}, --level 45
	{nDamageBase = 9999999, nDamageRand = 0, nCostMana = 0}, --level 46
	{nDamageBase = 9999999, nDamageRand = 0, nCostMana = 0}, --level 47
	{nDamageBase = 9999999, nDamageRand = 0, nCostMana = 0}, --level 48
	{nDamageBase = 9999999, nDamageRand = 0, nCostMana = 0}, --level 49
	{nDamageBase = 9999999, nDamageRand = 0, nCostMana = 0}, --level 50
}; nMaxRadius=100 * LENGTH_BASE; nAngleRange=256; nAreaRadius=100 * LENGTH_BASE; nTargetCountLimit=-1	DEL_MULTI_GROUP_BUFF_BY_ID(18084,1); DEL_MULTI_GROUP_BUFF_BY_ID(13073,1); SKILL_LUNAR_DAMAGE(0); SKILL_LUNAR_DAMAGE_RAND(0,0); CALL_LUNAR_DAMAGE(0,0); CALL_BUFF(18943,1)	L2:nDamageBase=32518*0.9,nDamageRand=0,nCostMana=0; L3:nDamageBase=37395*0.9,nDamageRand=0,nCostMana=0; L4:nDamageBase=43005*0.9,nDamageRand=0,nCostMana=0
npc\副本BOSS\百战异闻录\友方\毛毛_御法八式_剑尾返_实际效果.lua	nDamageBase=51200, nDamageRand = 0, nThreat = 320000}, --人数梯度1 level 1
	{nDamageBase = 57600, nDamageRand = 0, nThreat = 360000}, --人数梯度1 level 2
	{nDamageBase = 64000, nDamageRand = 0, nThreat = 400000}, --人数梯度1 level 3
	{nDamageBase = 0, nDamageRand = 0, nThreat = 0}, --人数梯度1 level 4
	{nDamageBase = 0, nDamageRand = 0, nThreat = 0}, --人数梯度1 level 5

	{nDamageBase = 51200, nDamageRand = 0, nThreat = 320000}, --人数梯度2 level 1
	{nDamageBase = 57600, nDamageRand = 0, nThreat = 360000}, --人数梯度2 level 2
	{nDamageBase = 64000, nDamageRand = 0, nThreat = 400000}, --人数梯度2 level 3
	{nDamageBase = 0, nDamageRand = 0, nThreat = 0}, --人数梯度2 level 4
	{nDamageBase = 0, nDamageRand = 0, nThreat = 0}, --人数梯度2 level 5

	{nDamageBase = 51200, nDamageRand = 0, nThreat = 320000}, --人数梯度3 level 1
	{nDamageBase = 57600, nDamageRand = 0, nThreat = 400000}, --人数梯度3 level 2
	{nDamageBase = 64000, nDamageRand = 0, nThreat = 400000}, --人数梯度3 level 3
	{nDamageBase = 0, nDamageRand = 0, nThreat = 0}, --人数梯度3 level 4
	{nDamageBase = 0, nDamageRand = 0, nThreat = 0}, --人数梯度3 level 5
}; nBaseThreat=tSkillData[dwSkillLevel].nThreat

	----------------- 技能是否可在吟唱中施放 -------------------------------------------------
	skill.bIgnorePrepareState = true    --技能是否可在吟唱中施放，吟唱、通道、蓄力技不能填true

	------------------技能响应模式---------------------------------------------

	--skill.bKeyUpSkill = false    --为true表示keyup响应技能

	----------------- 技能消耗 -------------------------------------------------
	--skill.nCostLife        = 0; nCostMana=tSkillData[dwSkillLevel].nCostMana; nMinRadius=0 * LENGTH_BASE; nMaxRadius=8 * LENGTH_BASE; nAngleRange=256; nAreaRadius=8 * LENGTH_BASE; nTargetCountLimit=2; nPrepareFrames=0; nChannelFrame=0; nWeaponDamagePercent=0	SKILL_PHYSICS_DAMAGE(0); SKILL_PHYSICS_DAMAGE_RAND(0,0); CALL_PHYSICS_DAMAGE(0,0)	L2:nDamageBase=51200,nDamageRand=0,nThreat=320000; L3:nDamageBase=57600,nDamageRand=0,nThreat=360000; L4:nDamageBase=64000,nDamageRand=0,nThreat=400000
npc\副本BOSS\百战异闻录\友方\陈月_百花飞星.lua	nDamageBase=100000, nDamageRand = 0, nCostMana = 0}, --人数梯度1 level 1
	{nDamageBase = 240000, nDamageRand = 0, nCostMana = 0}, --人数梯度1 level 2
	{nDamageBase = 360000, nDamageRand = 0, nCostMana = 0}, --人数梯度1 level 3
	{nDamageBase = 0, nDamageRand = 0, nCostMana = 0}, --人数梯度1 level 4
	{nDamageBase = 0, nDamageRand = 0, nCostMana = 0}, --人数梯度1 level 5
	
	{nDamageBase = 100000, nDamageRand = 0, nCostMana = 0}, --人数梯度2 level 1
	{nDamageBase = 240000, nDamageRand = 0, nCostMana = 0}, --人数梯度2 level 2
	{nDamageBase = 360000, nDamageRand = 0, nCostMana = 0}, --人数梯度2 level 3
	{nDamageBase = 0, nDamageRand = 0, nCostMana = 0}, --人数梯度2 level 4
	{nDamageBase = 0, nDamageRand = 0, nCostMana = 0}, --人数梯度2 level 5
	
	{nDamageBase = 100000, nDamageRand = 0, nCostMana = 0}, --人数梯度3 level 1
	{nDamageBase = 240000, nDamageRand = 0, nCostMana = 0}, --人数梯度3 level 2
	{nDamageBase = 360000, nDamageRand = 0, nCostMana = 0}, --人数梯度3 level 3
	{nDamageBase = 0, nDamageRand = 0, nCostMana = 0}, --人数梯度3 level 4
	{nDamageBase = 0, nDamageRand = 0, nCostMana = 0}, --人数梯度3 level 5
}; nBaseThreat=0; nCostMana=tSkillData[dwSkillLevel].nCostMana; nMinRadius=0 * LENGTH_BASE; nMaxRadius=20 * LENGTH_BASE; nAngleRange=128; nAreaRadius=20 * LENGTH_BASE; nTargetCountLimit=5; nPrepareFrames=48; nChannelFrame=0; nWeaponDamagePercent=0	SKILL_NEUTRAL_DAMAGE(0); SKILL_NEUTRAL_DAMAGE_RAND(0,0); CALL_NEUTRAL_DAMAGE(0,0); EXECUTE_SCRIPT_WITH_PARAM()	L2:nDamageBase=100000,nDamageRand=0,nCostMana=0; L3:nDamageBase=240000,nDamageRand=0,nCostMana=0; L4:nDamageBase=360000,nDamageRand=0,nCostMana=0
npc\副本BOSS\百战异闻录\挑战萧武宗\挑战萧武宗_手游玩家使用聂云.lua	nDamageBase=0, nDamageRand = 0, nCostMana = 0}, --level 1
	{nDamageBase = 0, nDamageRand = 0, nCostMana = 0}, --level 2
	{nDamageBase = 0, nDamageRand = 0, nCostMana = 0}, --level 3
	{nDamageBase = 0, nDamageRand = 0, nCostMana = 0}, --level 4
	{nDamageBase = 0, nDamageRand = 0, nCostMana = 0}, --level 5
	{nDamageBase = 0, nDamageRand = 0, nCostMana = 0}, --level 6
	{nDamageBase = 0, nDamageRand = 0, nCostMana = 0}, --level 7
	{nDamageBase = 0, nDamageRand = 0, nCostMana = 0}, --level 8
	{nDamageBase = 0, nDamageRand = 0, nCostMana = 0}, --level 9
	{nDamageBase = 0, nDamageRand = 0, nCostMana = 0}, --level 10
}; nMaxRadius=10 * LENGTH_BASE; nAngleRange=256; nTargetCountLimit=1	EXECUTE_SCRIPT_WITH_PARAM()	L2:nDamageBase=0,nDamageRand=0,nCostMana=0; L3:nDamageBase=0,nDamageRand=0,nCostMana=0; L4:nDamageBase=0,nDamageRand=0,nCostMana=0
npc\副本BOSS\百战异闻录\提多罗吒\提多罗吒_天国镇魂曲·普渡八音.lua	nDamageBase=100, nDamageRand = 0, nCostMana = 0, nCostSpirit = 0}, --人数梯度1 level 1
	{nDamageBase = 200, nDamageRand = 0, nCostMana = 0, nCostSpirit = 0}, --人数梯度1 level 2
	{nDamageBase = 300, nDamageRand = 0, nCostMana = 0, nCostSpirit = 10}, --人数梯度1 level 3
	{nDamageBase = 400, nDamageRand = 0, nCostMana = 0, nCostSpirit = 10}, --人数梯度1 level 4
	{nDamageBase = 500, nDamageRand = 0, nCostMana = 0, nCostSpirit = 10}, --人数梯度1 level 5

	{nDamageBase = 1000, nDamageRand = 0, nCostMana = 0, nCostSpirit = 0}, --人数梯度2 level 1
	{nDamageBase = 2000, nDamageRand = 0, nCostMana = 0, nCostSpirit = 0}, --人数梯度2 level 2
	{nDamageBase = 3000, nDamageRand = 0, nCostMana = 0, nCostSpirit = 10}, --人数梯度2 level 3
	{nDamageBase = 4000, nDamageRand = 0, nCostMana = 0, nCostSpirit = 10}, --人数梯度2 level 4
	{nDamageBase = 5000, nDamageRand = 0, nCostMana = 0, nCostSpirit = 10}, --人数梯度2 level 5

	{nDamageBase = 1000, nDamageRand = 0, nCostMana = 0, nCostSpirit = 0}, --人数梯度3 level 1
	{nDamageBase = 2000, nDamageRand = 0, nCostMana = 0, nCostSpirit = 0}, --人数梯度3 level 2
	{nDamageBase = 3000, nDamageRand = 0, nCostMana = 0, nCostSpirit = 10}, --人数梯度3 level 3
	{nDamageBase = 4000, nDamageRand = 0, nCostMana = 0, nCostSpirit = 10}, --人数梯度3 level 4
	{nDamageBase = 5000, nDamageRand = 0, nCostMana = 0, nCostSpirit = 10}, --人数梯度3 level 5
}; nBaseThreat=0; nCostMana=tSkillData[dwSkillLevel].nCostMana; nMinRadius=0 * LENGTH_BASE; nMaxRadius=200 * LENGTH_BASE; nAngleRange=256; nAreaRadius=200 * LENGTH_BASE; nTargetCountLimit=30; nPrepareFrames=0; nChannelFrame=0; nWeaponDamagePercent=0	SKILL_NEUTRAL_DAMAGE(1,0); SKILL_NEUTRAL_DAMAGE_RAND(0,0); CALL_NEUTRAL_DAMAGE(0,0); EXECUTE_SCRIPT_WITH_PARAM()	L2:nDamageBase=100,nDamageRand=0,nCostMana=0,nCostSpirit=0; L3:nDamageBase=200,nDamageRand=0,nCostMana=0,nCostSpirit=0; L4:nDamageBase=300,nDamageRand=0,nCostMana=0,nCostSpirit=10
npc\副本BOSS\百战异闻录\提多罗吒\提多罗吒_天国镇魂曲·破静天门.lua	nDamageBase=100, nDamageRand = 0, nCostMana = 0, nCostSpirit = 0}, --人数梯度1 level 1
	{nDamageBase = 200, nDamageRand = 0, nCostMana = 0, nCostSpirit = 0}, --人数梯度1 level 2
	{nDamageBase = 300, nDamageRand = 0, nCostMana = 0, nCostSpirit = 10}, --人数梯度1 level 3
	{nDamageBase = 400, nDamageRand = 0, nCostMana = 0, nCostSpirit = 10}, --人数梯度1 level 4
	{nDamageBase = 500, nDamageRand = 0, nCostMana = 0, nCostSpirit = 10}, --人数梯度1 level 5

	{nDamageBase = 1000, nDamageRand = 0, nCostMana = 0, nCostSpirit = 0}, --人数梯度2 level 1
	{nDamageBase = 2000, nDamageRand = 0, nCostMana = 0, nCostSpirit = 0}, --人数梯度2 level 2
	{nDamageBase = 3000, nDamageRand = 0, nCostMana = 0, nCostSpirit = 10}, --人数梯度2 level 3
	{nDamageBase = 4000, nDamageRand = 0, nCostMana = 0, nCostSpirit = 10}, --人数梯度2 level 4
	{nDamageBase = 5000, nDamageRand = 0, nCostMana = 0, nCostSpirit = 10}, --人数梯度2 level 5

	{nDamageBase = 1000, nDamageRand = 0, nCostMana = 0, nCostSpirit = 0}, --人数梯度3 level 1
	{nDamageBase = 2000, nDamageRand = 0, nCostMana = 0, nCostSpirit = 0}, --人数梯度3 level 2
	{nDamageBase = 3000, nDamageRand = 0, nCostMana = 0, nCostSpirit = 10}, --人数梯度3 level 3
	{nDamageBase = 4000, nDamageRand = 0, nCostMana = 0, nCostSpirit = 10}, --人数梯度3 level 4
	{nDamageBase = 5000, nDamageRand = 0, nCostMana = 0, nCostSpirit = 10}, --人数梯度3 level 5
}; nBaseThreat=0; nCostMana=tSkillData[dwSkillLevel].nCostMana; nMinRadius=0 * LENGTH_BASE; nMaxRadius=200 * LENGTH_BASE; nAngleRange=256; nAreaRadius=200 * LENGTH_BASE; nTargetCountLimit=30; nPrepareFrames=0; nChannelFrame=0; nWeaponDamagePercent=0	SKILL_NEUTRAL_DAMAGE(1,0); SKILL_NEUTRAL_DAMAGE_RAND(0,0); CALL_NEUTRAL_DAMAGE(0,0); EXECUTE_SCRIPT_WITH_PARAM()	L2:nDamageBase=100,nDamageRand=0,nCostMana=0,nCostSpirit=0; L3:nDamageBase=200,nDamageRand=0,nCostMana=0,nCostSpirit=0; L4:nDamageBase=300,nDamageRand=0,nCostMana=0,nCostSpirit=10
npc\副本BOSS\百战异闻录\罗翼\罗翼_猎犬_低吠_实际作用.lua	nDamageBase=9510, nDamageRand = 0, nCostMana = 0, nCostSpiritValue = -10, }, --level 1
	{nDamageBase = 13290, nDamageRand = 0, nCostMana = 0, nCostSpiritValue = -3020, }, --level 2
	{nDamageBase = 15245, nDamageRand = 0, nCostMana = 0, nCostSpiritValue = -3718, }, --level 3
	{nDamageBase = 17059, nDamageRand = 0, nCostMana = 0, nCostSpiritValue = -5400, }, --level 4
	{nDamageBase = 18874, nDamageRand = 0, nCostMana = 0, nCostSpiritValue = -7800, }, --level 5

	{nDamageBase = 9510, nDamageRand = 0, nCostMana = 0, nCostSpiritValue = -10, }, --level 6
	{nDamageBase = 13290, nDamageRand = 0, nCostMana = 0, nCostSpiritValue = -1730, }, --level 7
	{nDamageBase = 15245, nDamageRand = 0, nCostMana = 0, nCostSpiritValue = -2123, }, --level 8
	{nDamageBase = 17059, nDamageRand = 0, nCostMana = 0, nCostSpiritValue = -3060, }, --level 9
	{nDamageBase = 18874, nDamageRand = 0, nCostMana = 0, nCostSpiritValue = -4380, }, --level 10

	{nDamageBase = 4755, nDamageRand = 0, nCostMana = 0, nCostSpiritValue = -10, }, --level 11
	{nDamageBase = 6645, nDamageRand = 0, nCostMana = 0, nCostSpiritValue = -1054, }, --level 12
	{nDamageBase = 7622, nDamageRand = 0, nCostMana = 0, nCostSpiritValue = -1295, }, --level 13
	{nDamageBase = 8529, nDamageRand = 0, nCostMana = 0, nCostSpiritValue = -1872, }, --level 14
	{nDamageBase = 9437, nDamageRand = 0, nCostMana = 0, nCostSpiritValue = -2688, }, --level 15

	{nDamageBase = 9618, nDamageRand = 0, nCostMana = 0, nCostSpiritValue = -3528, }, --level 16
	{nDamageBase = 19237, nDamageRand = 0, nCostMana = 0, nCostSpiritValue = -9323, }, --level 17
	{nDamageBase = 19237, nDamageRand = 0, nCostMana = 0, nCostSpiritValue = -13860, }, --level 18

	{nDamageBase = 10163, nDamageRand = 0, nCostMana = 0, nCostSpiritValue = -6972, }, --level 19
	{nDamageBase = 20326, nDamageRand = 0, nCostMana = 0, nCostSpiritValue = -13671, }, --level 20
	{nDamageBase = 20326, nDamageRand = 0, nCostMana = 0, nCostSpiritValue = -20349, }, --level 21

	{nDamageBase = 29038, nDamageRand = 0, nCostMana = 0, nCostSpiritValue = -9475, }, --level 22
	{nDamageBase = 58076, nDamageRand = 0, nCostMana = 0, nCostSpiritValue = -17640, }, --level 23
	{nDamageBase = 58076, nDamageRand = 0, nCostMana = 0, nCostSpiritValue = -27820, }, --level 24

	{nDamageBase = 30852, nDamageRand = 0, nCostMana = 0, nCostSpiritValue = -14404, }, --level 25
	{nDamageBase = 61705, nDamageRand = 0, nCostMana = 0, nCostSpiritValue = -27694, }, --level 26
	{nDamageBase = 61705, nDamageRand = 0, nCostMana = 0, nCostSpiritValue = -43757, }, --level 27

	{nDamageBase = 32667, nDamageRand = 0, nCostMana = 0, nCostSpiritValue = -23214, }, --level 28
	{nDamageBase = 65335, nDamageRand = 0, nCostMana = 0, nCostSpiritValue = -44428, }, --level 29
	{nDamageBase = 65335, nDamageRand = 0, nCostMana = 0, nCostSpiritValue = -70179, }, --level 30
}; nBaseThreat=0; nCostMana=tSkillData[dwSkillLevel].nCostMana; nMinRadius=0 * LENGTH_BASE; nMaxRadius=8 * LENGTH_BASE; nAngleRange=256; nAreaRadius=8 * LENGTH_BASE; nTargetCountLimit=50; nPrepareFrames=48; nChannelFrame=0; nWeaponDamagePercent=2048	SKILL_PHYSICS_DAMAGE(0); SKILL_PHYSICS_DAMAGE_RAND(0,0); CALL_PHYSICS_DAMAGE(0,0); EXECUTE_SCRIPT_WITH_PARAM(1,2)	L2:nDamageBase=9510,nDamageRand=0,nCostMana=0,nCostSpiritValue=-10; L3:nDamageBase=13290,nDamageRand=0,nCostMana=0,nCostSpiritValue=-3020; L4:nDamageBase=15245,nDamageRand=0,nCostMana=0,nCostSpiritValue=-3718
npc\副本BOSS\百战异闻录\谢云流\谢云流_凌太虚_循环.lua	nDamageBase=0, nDamageRand = 0, nCostMana = 0}, --level 1
	{nDamageBase = 0, nDamageRand = 0, nCostMana = 0}, --level 2
	{nDamageBase = 0, nDamageRand = 0, nCostMana = 0}, --level 3
	{nDamageBase = 0, nDamageRand = 0, nCostMana = 0}, --level 4
	{nDamageBase = 0, nDamageRand = 0, nCostMana = 0}, --level 5
	{nDamageBase = 0, nDamageRand = 0, nCostMana = 0}, --level 6
	{nDamageBase = 0, nDamageRand = 0, nCostMana = 0}, --level 7
	{nDamageBase = 0, nDamageRand = 0, nCostMana = 0}, --level 8
	{nDamageBase = 0, nDamageRand = 0, nCostMana = 0}, --level 9
	{nDamageBase = 0, nDamageRand = 0, nCostMana = 0}, --level 10
}; nBaseThreat=0; nCostMana=tSkillData[dwSkillLevel].nCostMana; nMinRadius=0 * LENGTH_BASE; nMaxRadius=150 * LENGTH_BASE; nAngleRange=256; nAreaRadius=10 * LENGTH_BASE; nTargetCountLimit=30; nPrepareFrames=0; nChannelFrame=0; nWeaponDamagePercent=0	EXECUTE_SCRIPT_WITH_PARAM()	L2:nDamageBase=0,nDamageRand=0,nCostMana=0; L3:nDamageBase=0,nDamageRand=0,nCostMana=0; L4:nDamageBase=0,nDamageRand=0,nCostMana=0
npc\副本BOSS\百战异闻录\陆寻\陆寻_乱仇.lua	nDamageBase=0, nDamageRand = 0, nCostMana = 0}, --level 1
	{nDamageBase = 0, nDamageRand = 0, nCostMana = 0}, --level 2
	{nDamageBase = 0, nDamageRand = 0, nCostMana = 0}, --level 3
	{nDamageBase = 0, nDamageRand = 0, nCostMana = 0}, --level 4
	{nDamageBase = 0, nDamageRand = 0, nCostMana = 0}, --level 5
	{nDamageBase = 0, nDamageRand = 0, nCostMana = 0}, --level 6
	{nDamageBase = 0, nDamageRand = 0, nCostMana = 0}, --level 7
	{nDamageBase = 0, nDamageRand = 0, nCostMana = 0}, --level 8
	{nDamageBase = 0, nDamageRand = 0, nCostMana = 0}, --level 9
	{nDamageBase = 0, nDamageRand = 0, nCostMana = 0}, --level 10
}; nBaseThreat=0; nCostMana=tSkillData[dwSkillLevel].nCostMana; nMinRadius=0 * LENGTH_BASE; nMaxRadius=150 * LENGTH_BASE; nAngleRange=256; nAreaRadius=150 * LENGTH_BASE; nTargetCountLimit=2; nPrepareFrames=80; nChannelFrame=0; nWeaponDamagePercent=0	EXECUTE_SCRIPT_WITH_PARAM(0,0); SPOOF(0,0)	L2:nDamageBase=0,nDamageRand=0,nCostMana=0; L3:nDamageBase=0,nDamageRand=0,nCostMana=0; L4:nDamageBase=0,nDamageRand=0,nCostMana=0
npc\副本BOSS\神剑冢\唐门橙武_化血镖.lua	nDamageBase=0, nDamageRand = 0, nCostMana = 0},		--level 1
	{nDamageBase = 0, nDamageRand = 0, nCostMana = 0},		--level 2
	{nDamageBase = 0, nDamageRand = 0, nCostMana = 0},		--level 3
	{nDamageBase = 0, nDamageRand = 0, nCostMana = 0},		--level 4
	{nDamageBase = 0, nDamageRand = 0, nCostMana = 0},		--level 5
	{nDamageBase = 0, nDamageRand = 0, nCostMana = 0},		--level 6
	{nDamageBase = 0, nDamageRand = 0, nCostMana = 0},		--level 7
	{nDamageBase = 0, nDamageRand = 0, nCostMana = 0},		--level 8
	{nDamageBase = 0, nDamageRand = 0, nCostMana = 0},		--level 9
	{nDamageBase = 0, nDamageRand = 0, nCostMana = 0},		--level 10
}; nBaseThreat=0; nCostMana=tSkillData[dwSkillLevel].nCostMana; nMinRadius=0 * LENGTH_BASE; nMaxRadius=99 * LENGTH_BASE; nAngleRange=256; nAreaRadius=8 * LENGTH_BASE; nTargetCountLimit=25; nPrepareFrames=0; nChannelFrame=0; nWeaponDamagePercent=0		L2:nDamageBase=0,nDamageRand=0,nCostMana=0; L3:nDamageBase=0,nDamageRand=0,nCostMana=0; L4:nDamageBase=0,nDamageRand=0,nCostMana=0
npc\副本BOSS\神剑冢\幽月乱花_绛唇珠袖.lua	nDamageBase=0, nDamageRand = 0, nCostMana = 0},		--level 1
	{nDamageBase = 0, nDamageRand = 0, nCostMana = 0},		--level 2
	{nDamageBase = 0, nDamageRand = 0, nCostMana = 0},		--level 3
	{nDamageBase = 0, nDamageRand = 0, nCostMana = 0},		--level 4
	{nDamageBase = 0, nDamageRand = 0, nCostMana = 0},		--level 5
	{nDamageBase = 0, nDamageRand = 0, nCostMana = 0},		--level 6
	{nDamageBase = 0, nDamageRand = 0, nCostMana = 0},		--level 7
	{nDamageBase = 0, nDamageRand = 0, nCostMana = 0},		--level 8
	{nDamageBase = 0, nDamageRand = 0, nCostMana = 0},		--level 9
	{nDamageBase = 0, nDamageRand = 0, nCostMana = 0},		--level 10
}; nBaseThreat=0; nCostMana=tSkillData[dwSkillLevel].nCostMana; nMinRadius=0 * LENGTH_BASE; nMaxRadius=20 * LENGTH_BASE; nAngleRange=256; nAreaRadius=20 * LENGTH_BASE; nTargetCountLimit=25; nPrepareFrames=0; nChannelFrame=0; nWeaponDamagePercent=0		L2:nDamageBase=0,nDamageRand=0,nCostMana=0; L3:nDamageBase=0,nDamageRand=0,nCostMana=0; L4:nDamageBase=0,nDamageRand=0,nCostMana=0
npc\副本BOSS\神剑冢\摧城_破风.lua	nDamageBase=0, nDamageRand = 0, nCostMana = 0},		--level 1
	{nDamageBase = 0, nDamageRand = 0, nCostMana = 0},		--level 2
	{nDamageBase = 0, nDamageRand = 0, nCostMana = 0},		--level 3
	{nDamageBase = 0, nDamageRand = 0, nCostMana = 0},		--level 4
	{nDamageBase = 0, nDamageRand = 0, nCostMana = 0},		--level 5
	{nDamageBase = 0, nDamageRand = 0, nCostMana = 0},		--level 6
	{nDamageBase = 0, nDamageRand = 0, nCostMana = 0},		--level 7
	{nDamageBase = 0, nDamageRand = 0, nCostMana = 0},		--level 8
	{nDamageBase = 0, nDamageRand = 0, nCostMana = 0},		--level 9
	{nDamageBase = 0, nDamageRand = 0, nCostMana = 0},		--level 10
}; nBaseThreat=0; nCostMana=tSkillData[dwSkillLevel].nCostMana; nMinRadius=0 * LENGTH_BASE; nMaxRadius=8 * LENGTH_BASE; nAngleRange=256; nAreaRadius=0 * LENGTH_BASE; nTargetCountLimit=2; nPrepareFrames=0; nChannelFrame=0; nWeaponDamagePercent=0		L2:nDamageBase=0,nDamageRand=0,nCostMana=0; L3:nDamageBase=0,nDamageRand=0,nCostMana=0; L4:nDamageBase=0,nDamageRand=0,nCostMana=0
npc\副本BOSS\神剑冢\碧落_商阳指.lua	nDamageBase=0, nDamageRand = 0, nCostMana = 0},		--level 1
	{nDamageBase = 0, nDamageRand = 0, nCostMana = 0},		--level 2
	{nDamageBase = 0, nDamageRand = 0, nCostMana = 0},		--level 3
	{nDamageBase = 0, nDamageRand = 0, nCostMana = 0},		--level 4
	{nDamageBase = 0, nDamageRand = 0, nCostMana = 0},		--level 5
	{nDamageBase = 0, nDamageRand = 0, nCostMana = 0},		--level 6
	{nDamageBase = 0, nDamageRand = 0, nCostMana = 0},		--level 7
	{nDamageBase = 0, nDamageRand = 0, nCostMana = 0},		--level 8
	{nDamageBase = 0, nDamageRand = 0, nCostMana = 0},		--level 9
	{nDamageBase = 0, nDamageRand = 0, nCostMana = 0},		--level 10
}; nBaseThreat=0; nCostMana=tSkillData[dwSkillLevel].nCostMana; nMinRadius=0 * LENGTH_BASE; nMaxRadius=30 * LENGTH_BASE; nAngleRange=128; nAreaRadius=0 * LENGTH_BASE; nTargetCountLimit=2; nPrepareFrames=0; nChannelFrame=0; nWeaponDamagePercent=0		L2:nDamageBase=0,nDamageRand=0,nCostMana=0; L3:nDamageBase=0,nDamageRand=0,nCostMana=0; L4:nDamageBase=0,nDamageRand=0,nCostMana=0
npc\副本BOSS\神剑冢\碧落_商阳指_AOE.lua	nDamageBase=7200*0.8, nDamageRand = 7200*0.4, nCostMana = 0},		--level 1
	{nDamageBase = 0, nDamageRand = 0, nCostMana = 0},		--level 2
	{nDamageBase = 0, nDamageRand = 0, nCostMana = 0},		--level 3
	{nDamageBase = 0, nDamageRand = 0, nCostMana = 0},		--level 4
	{nDamageBase = 0, nDamageRand = 0, nCostMana = 0},		--level 5
	{nDamageBase = 0, nDamageRand = 0, nCostMana = 0},		--level 6
	{nDamageBase = 0, nDamageRand = 0, nCostMana = 0},		--level 7
	{nDamageBase = 0, nDamageRand = 0, nCostMana = 0},		--level 8
	{nDamageBase = 0, nDamageRand = 0, nCostMana = 0},		--level 9
	{nDamageBase = 0, nDamageRand = 0, nCostMana = 0},		--level 10
}; nBaseThreat=0; nCostMana=tSkillData[dwSkillLevel].nCostMana; nMinRadius=0 * LENGTH_BASE; nMaxRadius=50 * LENGTH_BASE; nAngleRange=256; nAreaRadius=8 * LENGTH_BASE; nTargetCountLimit=25; nPrepareFrames=0; nChannelFrame=0; nWeaponDamagePercent=0	SKILL_NEUTRAL_DAMAGE(0.14,0); SKILL_NEUTRAL_DAMAGE_RAND(0.14,0); CALL_NEUTRAL_DAMAGE(0,0)	L2:nDamageBase=7200*0.8,nDamageRand=7200*0.4,nCostMana=0; L3:nDamageBase=0,nDamageRand=0,nCostMana=0; L4:nDamageBase=0,nDamageRand=0,nCostMana=0
npc\副本BOSS\神剑冢\鸣雷惊蛰_枯残蛊.lua	nDamageBase=0, nDamageRand = 0, nCostMana = 0},		--level 1
	{nDamageBase = 0, nDamageRand = 0, nCostMana = 0},		--level 2
	{nDamageBase = 0, nDamageRand = 0, nCostMana = 0},		--level 3
	{nDamageBase = 0, nDamageRand = 0, nCostMana = 0},		--level 4
	{nDamageBase = 0, nDamageRand = 0, nCostMana = 0},		--level 5
	{nDamageBase = 0, nDamageRand = 0, nCostMana = 0},		--level 6
	{nDamageBase = 0, nDamageRand = 0, nCostMana = 0},		--level 7
	{nDamageBase = 0, nDamageRand = 0, nCostMana = 0},		--level 8
	{nDamageBase = 0, nDamageRand = 0, nCostMana = 0},		--level 9
	{nDamageBase = 0, nDamageRand = 0, nCostMana = 0},		--level 10
}; nBaseThreat=0; nCostMana=tSkillData[dwSkillLevel].nCostMana; nMinRadius=0 * LENGTH_BASE; nMaxRadius=20 * LENGTH_BASE; nAngleRange=256; nAreaRadius=30 * LENGTH_BASE; nTargetCountLimit=10; nPrepareFrames=0; nChannelFrame=0; nWeaponDamagePercent=0		L2:nDamageBase=0,nDamageRand=0,nCostMana=0; L3:nDamageBase=0,nDamageRand=0,nCostMana=0; L4:nDamageBase=0,nDamageRand=0,nCostMana=0
npc\副本BOSS\英雄天子峰\英雄天子峰_1号boss_谢云流_凌太虚.lua	nDamageBase=60 * 0.8, nDamageRand = 60 * 0.4, nCostMana = 0},		--level 1
	{nDamageBase = 82 * 0.8, nDamageRand = 82 * 0.4, nCostMana = 0},		--level 2
	{nDamageBase = 139 * 0.8, nDamageRand = 139 * 0.4, nCostMana = 0},		--level 3
	{nDamageBase = 199 * 0.8, nDamageRand = 199 * 0.4, nCostMana = 0},		--level 4
	{nDamageBase = 289 * 0.8, nDamageRand = 289 * 0.4, nCostMana = 0},		--level 5
	{nDamageBase = 380 * 0.8, nDamageRand = 380 * 0.4, nCostMana = 0},		--level 6
	{nDamageBase = 522 * 0.8, nDamageRand = 522 * 0.4, nCostMana = 0},		--level 7
	{nDamageBase = 623 * 0.8, nDamageRand = 623 * 0.4, nCostMana = 0},		--level 8
	{nDamageBase = 723 * 0.8, nDamageRand = 723 * 0.4, nCostMana = 0},		--level 9
	{nDamageBase = 824 * 0.8, nDamageRand = 824 * 0.4, nCostMana = 0},		--level 10
	{nDamageBase = 924 * 0.8, nDamageRand = 924 * 0.4, nCostMana = 0},		--level 11
	{nDamageBase = 1025 * 0.8, nDamageRand = 1025 * 0.4, nCostMana = 0},		--level 12
	{nDamageBase = 1125 * 0.8, nDamageRand = 1125 * 0.4, nCostMana = 0},		--level 13
	{nDamageBase = 1226 * 0.8, nDamageRand = 1226 * 0.4, nCostMana = 0},		--level 14
	{nDamageBase = 1326 * 0.8, nDamageRand = 1326 * 0.4, nCostMana = 0},		--level 15
	{nDamageBase = 1480 * 0.8, nDamageRand = 1480 * 0.4, nCostMana = 0},		--level 16
	{nDamageBase = 1514 * 0.8, nDamageRand = 1514 * 0.4, nCostMana = 0},		--level 17
	{nDamageBase = 1547 * 0.8, nDamageRand = 1547 * 0.4, nCostMana = 0},		--level 18
	{nDamageBase = 1581 * 0.8, nDamageRand = 1581 * 0.4, nCostMana = 0},		--level 19
	{nDamageBase = 1614 * 0.8, nDamageRand = 1614 * 0.4, nCostMana = 0},		--level 20
	{nDamageBase = 1648 * 0.8, nDamageRand = 1648 * 0.4, nCostMana = 0},		--level 21
	{nDamageBase = 1681 * 0.8, nDamageRand = 1681 * 0.4, nCostMana = 0},		--level 22
	{nDamageBase = 1715 * 0.8, nDamageRand = 1715 * 0.4, nCostMana = 0},		--level 23
	{nDamageBase = 1748 * 0.8, nDamageRand = 1748 * 0.4, nCostMana = 0},		--level 24
	{nDamageBase = 1782 * 0.8, nDamageRand = 1782 * 0.4, nCostMana = 0},		--level 25
	{nDamageBase = 1815 * 0.8, nDamageRand = 1815 * 0.4, nCostMana = 0},		--level 26
	{nDamageBase = 1849 * 0.8, nDamageRand = 1849 * 0.4, nCostMana = 0},		--level 27
	{nDamageBase = 1882 * 0.8, nDamageRand = 1882 * 0.4, nCostMana = 0},		--level 28
	{nDamageBase = 1916 * 0.8, nDamageRand = 1916 * 0.4, nCostMana = 0},		--level 29
	{nDamageBase = 1949 * 0.8, nDamageRand = 1949 * 0.4, nCostMana = 0},		--level 30
	{nDamageBase = 1983 * 0.8, nDamageRand = 1983 * 0.4, nCostMana = 0},		--level 31
}; nBaseThreat=0; nCostMana=tSkillData[dwSkillLevel].nCostMana		-- 技能消耗的内力
    --skill.nCostStamina	= 0; nMinRadius=0 * LENGTH_BASE; nMaxRadius=20 * LENGTH_BASE; nAngleRange=256; nAreaRadius=10 * LENGTH_BASE; nTargetCountLimit=5; nPrepareFrames=2 * GAME_FPS; nChannelFrame=0; nWeaponDamagePercent=0	SKILL_NEUTRAL_DAMAGE(0); SKILL_NEUTRAL_DAMAGE_RAND(0); CALL_NEUTRAL_DAMAGE(0,0)	L2:nDamageBase=60 * 0.8,nDamageRand=60 * 0.4,nCostMana=0; L3:nDamageBase=82 * 0.8,nDamageRand=82 * 0.4,nCostMana=0; L4:nDamageBase=139 * 0.8,nDamageRand=139 * 0.4,nCostMana=0
npc\副本BOSS\英雄天子峰\英雄天子峰_2号boss小怪_大锤兵_破风.lua	nBaseThreat=0; nCostMana=tSkillData[dwSkillLevel].nCostMana		-- 技能消耗的内力
    --skill.nCostStamina	= 0; nMinRadius=0 * LENGTH_BASE; nMaxRadius=MELEE_ATTACK_DISTANCE; nAngleRange=128; nAreaRadius=10 * LENGTH_BASE; nTargetCountLimit=10; nPrepareFrames=3 * GAME_FPS; nChannelFrame=0; nWeaponDamagePercent=0		
npc\副本BOSS\英雄天子峰\英雄天子峰_2号boss小怪_盾兵_定军.lua	nBaseThreat=0; nCostMana=tSkillData[dwSkillLevel].nCostMana		-- 技能消耗的内力
    --skill.nCostStamina	= 0; nMinRadius=0 * LENGTH_BASE; nMaxRadius=10 * LENGTH_BASE; nAngleRange=256; nAreaRadius=10 * LENGTH_BASE; nTargetCountLimit=10; nPrepareFrames=3 * GAME_FPS; nChannelFrame=0; nWeaponDamagePercent=0	MODIFY_THREAT(0,10000)	
npc\副本BOSS\英雄天子峰\英雄天子峰_4号boss_道衍_拿云式.lua	nDamageBase=30 * 0.8, nDamageRand = 30 * 0.4, nCostMana = 0},		--level 1
	{nDamageBase = 41 * 0.8, nDamageRand = 41 * 0.4, nCostMana = 0},		--level 2
	{nDamageBase = 69 * 0.8, nDamageRand = 69 * 0.4, nCostMana = 0},		--level 3
	{nDamageBase = 99 * 0.8, nDamageRand = 99 * 0.4, nCostMana = 0},		--level 4
	{nDamageBase = 145 * 0.8, nDamageRand = 145 * 0.4, nCostMana = 0},		--level 5
	{nDamageBase = 190 * 0.8, nDamageRand = 190 * 0.4, nCostMana = 0},		--level 6
	{nDamageBase = 261 * 0.8, nDamageRand = 261 * 0.4, nCostMana = 0},		--level 7
	{nDamageBase = 311 * 0.8, nDamageRand = 311 * 0.4, nCostMana = 0},		--level 8
	{nDamageBase = 362 * 0.8, nDamageRand = 362 * 0.4, nCostMana = 0},		--level 9
	{nDamageBase = 412 * 0.8, nDamageRand = 412 * 0.4, nCostMana = 0},		--level 10
	{nDamageBase = 462 * 0.8, nDamageRand = 462 * 0.4, nCostMana = 0},		--level 11
	{nDamageBase = 512 * 0.8, nDamageRand = 512 * 0.4, nCostMana = 0},		--level 12
	{nDamageBase = 563 * 0.8, nDamageRand = 563 * 0.4, nCostMana = 0},		--level 13
	{nDamageBase = 613 * 0.8, nDamageRand = 613 * 0.4, nCostMana = 0},		--level 14
	{nDamageBase = 663 * 0.8, nDamageRand = 663 * 0.4, nCostMana = 0},		--level 15
	{nDamageBase = 740 * 0.8, nDamageRand = 740 * 0.4, nCostMana = 0},		--level 16
	{nDamageBase = 757 * 0.8, nDamageRand = 757 * 0.4, nCostMana = 0},		--level 17
	{nDamageBase = 774 * 0.8, nDamageRand = 774 * 0.4, nCostMana = 0},		--level 18
	{nDamageBase = 790 * 0.8, nDamageRand = 790 * 0.4, nCostMana = 0},		--level 19
	{nDamageBase = 807 * 0.8, nDamageRand = 807 * 0.4, nCostMana = 0},		--level 20
	{nDamageBase = 824 * 0.8, nDamageRand = 824 * 0.4, nCostMana = 0},		--level 21
	{nDamageBase = 841 * 0.8, nDamageRand = 841 * 0.4, nCostMana = 0},		--level 22
	{nDamageBase = 857 * 0.8, nDamageRand = 857 * 0.4, nCostMana = 0},		--level 23
	{nDamageBase = 874 * 0.8, nDamageRand = 874 * 0.4, nCostMana = 0},		--level 24
	{nDamageBase = 891 * 0.8, nDamageRand = 891 * 0.4, nCostMana = 0},		--level 25
	{nDamageBase = 908 * 0.8, nDamageRand = 908 * 0.4, nCostMana = 0},		--level 26
	{nDamageBase = 924 * 0.8, nDamageRand = 924 * 0.4, nCostMana = 0},		--level 27
	{nDamageBase = 941 * 0.8, nDamageRand = 941 * 0.4, nCostMana = 0},		--level 28
	{nDamageBase = 958 * 0.8, nDamageRand = 958 * 0.4, nCostMana = 0},		--level 29
	{nDamageBase = 975 * 0.8, nDamageRand = 975 * 0.4, nCostMana = 0},		--level 30
	{nDamageBase = 991 * 0.8, nDamageRand = 991 * 0.4, nCostMana = 0},		--level 31
}; nBaseThreat=0; nCostMana=tSkillData[dwSkillLevel].nCostMana		-- 技能消耗的内力
    --skill.nCostStamina	= 0; nMinRadius=0 * LENGTH_BASE; nMaxRadius=4 * LENGTH_BASE; nAngleRange=128; nAreaRadius=10 * LENGTH_BASE; nTargetCountLimit=10; nPrepareFrames=3 * GAME_FPS; nChannelFrame=0; nWeaponDamagePercent=0	SKILL_SOLAR_DAMAGE(0); SKILL_SOLAR_DAMAGE_RAND(0); CALL_SOLAR_DAMAGE(0,0); CAST_SKILL_TARGET_DST(1489)	L2:nDamageBase=30 * 0.8,nDamageRand=30 * 0.4,nCostMana=0; L3:nDamageBase=41 * 0.8,nDamageRand=41 * 0.4,nCostMana=0; L4:nDamageBase=69 * 0.8,nDamageRand=69 * 0.4,nCostMana=0
npc\副本BOSS\英雄天子峰\英雄天子峰_4号boss_道衍_拿云式_子技能.lua	nDamageBase=30 * 0.8, nDamageRand = 30 * 0.4, nCostMana = 0},		--level 1
	{nDamageBase = 41 * 0.8, nDamageRand = 41 * 0.4, nCostMana = 0},		--level 2
	{nDamageBase = 69 * 0.8, nDamageRand = 69 * 0.4, nCostMana = 0},		--level 3
	{nDamageBase = 99 * 0.8, nDamageRand = 99 * 0.4, nCostMana = 0},		--level 4
	{nDamageBase = 145 * 0.8, nDamageRand = 145 * 0.4, nCostMana = 0},		--level 5
	{nDamageBase = 190 * 0.8, nDamageRand = 190 * 0.4, nCostMana = 0},		--level 6
	{nDamageBase = 261 * 0.8, nDamageRand = 261 * 0.4, nCostMana = 0},		--level 7
	{nDamageBase = 311 * 0.8, nDamageRand = 311 * 0.4, nCostMana = 0},		--level 8
	{nDamageBase = 362 * 0.8, nDamageRand = 362 * 0.4, nCostMana = 0},		--level 9
	{nDamageBase = 412 * 0.8, nDamageRand = 412 * 0.4, nCostMana = 0},		--level 10
	{nDamageBase = 462 * 0.8, nDamageRand = 462 * 0.4, nCostMana = 0},		--level 11
	{nDamageBase = 512 * 0.8, nDamageRand = 512 * 0.4, nCostMana = 0},		--level 12
	{nDamageBase = 563 * 0.8, nDamageRand = 563 * 0.4, nCostMana = 0},		--level 13
	{nDamageBase = 613 * 0.8, nDamageRand = 613 * 0.4, nCostMana = 0},		--level 14
	{nDamageBase = 663 * 0.8, nDamageRand = 663 * 0.4, nCostMana = 0},		--level 15
	{nDamageBase = 740 * 0.8, nDamageRand = 740 * 0.4, nCostMana = 0},		--level 16
	{nDamageBase = 757 * 0.8, nDamageRand = 757 * 0.4, nCostMana = 0},		--level 17
	{nDamageBase = 774 * 0.8, nDamageRand = 774 * 0.4, nCostMana = 0},		--level 18
	{nDamageBase = 790 * 0.8, nDamageRand = 790 * 0.4, nCostMana = 0},		--level 19
	{nDamageBase = 807 * 0.8, nDamageRand = 807 * 0.4, nCostMana = 0},		--level 20
	{nDamageBase = 824 * 0.8, nDamageRand = 824 * 0.4, nCostMana = 0},		--level 21
	{nDamageBase = 841 * 0.8, nDamageRand = 841 * 0.4, nCostMana = 0},		--level 22
	{nDamageBase = 857 * 0.8, nDamageRand = 857 * 0.4, nCostMana = 0},		--level 23
	{nDamageBase = 874 * 0.8, nDamageRand = 874 * 0.4, nCostMana = 0},		--level 24
	{nDamageBase = 891 * 0.8, nDamageRand = 891 * 0.4, nCostMana = 0},		--level 25
	{nDamageBase = 908 * 0.8, nDamageRand = 908 * 0.4, nCostMana = 0},		--level 26
	{nDamageBase = 924 * 0.8, nDamageRand = 924 * 0.4, nCostMana = 0},		--level 27
	{nDamageBase = 941 * 0.8, nDamageRand = 941 * 0.4, nCostMana = 0},		--level 28
	{nDamageBase = 958 * 0.8, nDamageRand = 958 * 0.4, nCostMana = 0},		--level 29
	{nDamageBase = 975 * 0.8, nDamageRand = 975 * 0.4, nCostMana = 0},		--level 30
	{nDamageBase = 991 * 0.8, nDamageRand = 991 * 0.4, nCostMana = 0},		--level 31
}; nBaseThreat=0; nCostMana=tSkillData[dwSkillLevel].nCostMana		-- 技能消耗的内力
    --skill.nCostStamina	= 0; nMinRadius=0 * LENGTH_BASE; nMaxRadius=4 * LENGTH_BASE; nAngleRange=128; nAreaRadius=10 * LENGTH_BASE; nTargetCountLimit=10; nPrepareFrames=3 * GAME_FPS; nChannelFrame=0; nWeaponDamagePercent=0	SKILL_SOLAR_DAMAGE(0); SKILL_SOLAR_DAMAGE_RAND(0); CALL_SOLAR_DAMAGE(0,0)	L2:nDamageBase=30 * 0.8,nDamageRand=30 * 0.4,nCostMana=0; L3:nDamageBase=41 * 0.8,nDamageRand=41 * 0.4,nCostMana=0; L4:nDamageBase=69 * 0.8,nDamageRand=69 * 0.4,nCostMana=0
npc\副本BOSS\英雄天子峰\英雄天子峰_4号boss_道衍_捉影式.lua	nBaseThreat=0; nCostMana=tSkillData[dwSkillLevel].nCostMana		-- 技能消耗的内力
    --skill.nCostStamina	= 0; nMinRadius=0 * LENGTH_BASE; nMaxRadius=25 * LENGTH_BASE; nAngleRange=128; nAreaRadius=10 * LENGTH_BASE; nTargetCountLimit=10; nPrepareFrames=3 * GAME_FPS; nChannelFrame=0; nWeaponDamagePercent=0	KNOCKED_BACK_RATE(1024,0); PULL(100,0)	
npc\副本BOSS\英雄天子峰\英雄天子峰_4号boss小怪_七秀小怪_剑主天地.lua	nDamageBase=87 * 0.8, nDamageRand = 87 * 0.4, nCostMana = 0},		--level 1
	{nDamageBase = 119 * 0.8, nDamageRand = 119 * 0.4, nCostMana = 0},		--level 2
	{nDamageBase = 202 * 0.8, nDamageRand = 202 * 0.4, nCostMana = 0},		--level 3
	{nDamageBase = 289 * 0.8, nDamageRand = 289 * 0.4, nCostMana = 0},		--level 4
	{nDamageBase = 421 * 0.8, nDamageRand = 421 * 0.4, nCostMana = 0},		--level 5
	{nDamageBase = 552 * 0.8, nDamageRand = 552 * 0.4, nCostMana = 0},		--level 6
	{nDamageBase = 760 * 0.8, nDamageRand = 760 * 0.4, nCostMana = 0},		--level 7
	{nDamageBase = 906 * 0.8, nDamageRand = 906 * 0.4, nCostMana = 0},		--level 8
	{nDamageBase = 1052 * 0.8, nDamageRand = 1052 * 0.4, nCostMana = 0},		--level 9
	{nDamageBase = 1199 * 0.8, nDamageRand = 1199 * 0.4, nCostMana = 0},		--level 10
	{nDamageBase = 1345 * 0.8, nDamageRand = 1345 * 0.4, nCostMana = 0},		--level 11
	{nDamageBase = 1491 * 0.8, nDamageRand = 1491 * 0.4, nCostMana = 0},		--level 12
	{nDamageBase = 1637 * 0.8, nDamageRand = 1637 * 0.4, nCostMana = 0},		--level 13
	{nDamageBase = 1783 * 0.8, nDamageRand = 1783 * 0.4, nCostMana = 0},		--level 14
	{nDamageBase = 1930 * 0.8, nDamageRand = 1930 * 0.4, nCostMana = 0},		--level 15
	{nDamageBase = 2154 * 0.8, nDamageRand = 2154 * 0.4, nCostMana = 0},		--level 16
	{nDamageBase = 2203 * 0.8, nDamageRand = 2203 * 0.4, nCostMana = 0},		--level 17
	{nDamageBase = 2252 * 0.8, nDamageRand = 2252 * 0.4, nCostMana = 0},		--level 18
	{nDamageBase = 2300 * 0.8, nDamageRand = 2300 * 0.4, nCostMana = 0},		--level 19
	{nDamageBase = 2349 * 0.8, nDamageRand = 2349 * 0.4, nCostMana = 0},		--level 20
	{nDamageBase = 2398 * 0.8, nDamageRand = 2398 * 0.4, nCostMana = 0},		--level 21
	{nDamageBase = 2447 * 0.8, nDamageRand = 2447 * 0.4, nCostMana = 0},		--level 22
	{nDamageBase = 2495 * 0.8, nDamageRand = 2495 * 0.4, nCostMana = 0},		--level 23
	{nDamageBase = 2544 * 0.8, nDamageRand = 2544 * 0.4, nCostMana = 0},		--level 24
	{nDamageBase = 2593 * 0.8, nDamageRand = 2593 * 0.4, nCostMana = 0},		--level 25
	{nDamageBase = 2642 * 0.8, nDamageRand = 2642 * 0.4, nCostMana = 0},		--level 26
	{nDamageBase = 2690 * 0.8, nDamageRand = 2690 * 0.4, nCostMana = 0},		--level 27
	{nDamageBase = 2739 * 0.8, nDamageRand = 2739 * 0.4, nCostMana = 0},		--level 28
	{nDamageBase = 2788 * 0.8, nDamageRand = 2788 * 0.4, nCostMana = 0},		--level 29
	{nDamageBase = 2837 * 0.8, nDamageRand = 2837 * 0.4, nCostMana = 0},		--level 30
	{nDamageBase = 2886 * 0.8, nDamageRand = 2886 * 0.4, nCostMana = 0},		--level 31
}; nBaseThreat=0; nCostMana=tSkillData[dwSkillLevel].nCostMana		-- 技能消耗的内力
    --skill.nCostStamina	= 0; nMinRadius=0 * LENGTH_BASE; nMaxRadius=32 * LENGTH_BASE; nAngleRange=128; nAreaRadius=10 * LENGTH_BASE; nTargetCountLimit=10; nPrepareFrames=3 * GAME_FPS; nChannelFrame=0; nWeaponDamagePercent=0	SKILL_LUNAR_DAMAGE(0); SKILL_LUNAR_DAMAGE_RAND(0); CALL_LUNAR_DAMAGE(0,0)	L2:nDamageBase=87 * 0.8,nDamageRand=87 * 0.4,nCostMana=0; L3:nDamageBase=119 * 0.8,nDamageRand=119 * 0.4,nCostMana=0; L4:nDamageBase=202 * 0.8,nDamageRand=202 * 0.4,nCostMana=0
npc\副本BOSS\英雄荻花宫\英雄荻花宫_BOSS3_斗转星移.lua	nCostMana=tSkillData[dwSkillLevel].nCostMana; nMinRadius=0 * LENGTH_BASE; nMaxRadius=5 * LENGTH_BASE; nAngleRange=256; nAreaRadius=0 * LENGTH_BASE; nTargetCountLimit=5				-- 技能作用目标数量限制,(小于0 代表目标数量不限制) 
    
    ----------------- 时间相关 -------------------------------------------------
    --skill.nPrepareFrames  	= 0; nChannelFrame=0; nWeaponDamagePercent=0		
npc\副本BOSS\荻花圣殿\荻花圣殿_6号BOSS_将军_定军.lua	nDamageBase=8200*0.8, nDamageRand = 8200*0.4, nBuffLevel = 1},		--level 1
	{nDamageBase = 9000*0.8, nDamageRand = 9000*0.4, nBuffLevel = 1},		--level 2
	{nDamageBase = 10500*0.8, nDamageRand = 10500*0.4, nBuffLevel = 1},		--level 3
	{nDamageBase = 13600*0.8, nDamageRand = 13600*0.4, nBuffLevel = 1},		--level 4
	{nDamageBase = 3200*0.8, nDamageRand = 3200*0.4, nBuffLevel = 1},		--level 5
	{nDamageBase = 3200*0.8, nDamageRand = 3200*0.4, nBuffLevel = 1},		--level 6
	{nDamageBase = 3200*0.8, nDamageRand = 3200*0.4, nBuffLevel = 1},		--level 7
	{nDamageBase = 3200*0.8, nDamageRand = 3200*0.4, nBuffLevel = 1},		--level 8
	{nDamageBase = 3200*0.8, nDamageRand = 3200*0.4, nBuffLevel = 1},		--level 9
	{nDamageBase = 3200*0.8, nDamageRand = 3200*0.4, nBuffLevel = 1},		--level 10
	{nDamageBase = 3200*0.8, nDamageRand = 3200*0.4, nBuffLevel = 1},		--level 11
	{nDamageBase = 3200*0.8, nDamageRand = 3200*0.4, nBuffLevel = 1},		--level 12
	{nDamageBase = 3200*0.8, nDamageRand = 3200*0.4, nBuffLevel = 1},		--level 13
	{nDamageBase = 3200*0.8, nDamageRand = 3200*0.4, nBuffLevel = 1},		--level 14
	{nDamageBase = 3200*0.8, nDamageRand = 3200*0.4, nBuffLevel = 1},		--level 15
	{nDamageBase = 3200*0.8, nDamageRand = 3200*0.4, nBuffLevel = 1},		--level 16
	{nDamageBase = 3200*0.8, nDamageRand = 3200*0.4, nBuffLevel = 1},		--level 17
	{nDamageBase = 3200*0.8, nDamageRand = 3200*0.4, nBuffLevel = 1},		--level 18
	{nDamageBase = 3200*0.8, nDamageRand = 3200*0.4, nBuffLevel = 1},		--level 19
	{nDamageBase = 3200*0.8, nDamageRand = 3200*0.4, nBuffLevel = 1},		--level 20
	{nDamageBase = 3200*0.8, nDamageRand = 3200*0.4, nBuffLevel = 1},		--level 21
	{nDamageBase = 3200*0.8, nDamageRand = 3200*0.4, nBuffLevel = 1},		--level 22
	{nDamageBase = 3200*0.8, nDamageRand = 3200*0.4, nBuffLevel = 1},		--level 23
	{nDamageBase = 3200*0.8, nDamageRand = 3200*0.4, nBuffLevel = 1},		--level 24
	{nDamageBase = 3200*0.8, nDamageRand = 3200*0.4, nBuffLevel = 1},		--level 25
	{nDamageBase = 3200*0.8, nDamageRand = 3200*0.4, nBuffLevel = 1},		--level 26
	{nDamageBase = 3200*0.8, nDamageRand = 3200*0.4, nBuffLevel = 1},		--level 27
	{nDamageBase = 3200*0.8, nDamageRand = 3200*0.4, nBuffLevel = 1},		--level 28
	{nDamageBase = 3200*0.8, nDamageRand = 3200*0.4, nBuffLevel = 1},		--level 29
	{nDamageBase = 3200*0.8, nDamageRand = 3200*0.4, nBuffLevel = 1},		--level 30
}; nBaseThreat=0; nCostMana=tSkillData[dwSkillLevel].nCostMana; nMinRadius=0 * LENGTH_BASE; nMaxRadius=4 * LENGTH_BASE; nAngleRange=128; nAreaRadius=15 * LENGTH_BASE; nTargetCountLimit=30; nPrepareFrames=0; nChannelFrame=0; nWeaponDamagePercent=0	SKILL_PHYSICS_DAMAGE(0); SKILL_PHYSICS_DAMAGE_RAND(0); CALL_PHYSICS_DAMAGE(0,0); SPOOF(0,0)	L2:nDamageBase=8200*0.8,nDamageRand=8200*0.4,nBuffLevel=1; L3:nDamageBase=9000*0.8,nDamageRand=9000*0.4,nBuffLevel=1; L4:nDamageBase=10500*0.8,nDamageRand=10500*0.4,nBuffLevel=1
npc\副本BOSS\荻花宫_BOSS3_斗转星移.lua	nDamageBase=0, nDamageRand = 0, nCostMana = 38,	nBuffID = 844,	nBuffLevel = 1},		--level 1		0-4
	{nDamageBase = 0, nDamageRand = 0, nCostMana = 38,	nBuffID = 844,	nBuffLevel = 2},		--level 2		5-9
	{nDamageBase = 0, nDamageRand = 0, nCostMana = 38,	nBuffID = 844,	nBuffLevel = 3},		--level 3		10-14
	{nDamageBase = 0, nDamageRand = 0, nCostMana = 38,	nBuffID = 844,	nBuffLevel = 1},		--level 4		15-19
	{nDamageBase = 0, nDamageRand = 0, nCostMana = 38,	nBuffID = 844,	nBuffLevel = 1},		--level 5		20-24
	{nDamageBase = 0, nDamageRand = 0, nCostMana = 38,	nBuffID = 844,	nBuffLevel = 1},		--level 6		25-29
	{nDamageBase = 0, nDamageRand = 0, nCostMana = 38,	nBuffID = 844,	nBuffLevel = 1},		--level 7		30-34
	{nDamageBase = 0, nDamageRand = 0, nCostMana = 38,	nBuffID = 844,	nBuffLevel = 1},		--level 8		35-39
	{nDamageBase = 0, nDamageRand = 0, nCostMana = 38,	nBuffID = 844,	nBuffLevel = 1},		--level 9		40-44
	{nDamageBase = 0, nDamageRand = 0, nCostMana = 38,	nBuffID = 844,	nBuffLevel = 1},		--level 10		45-49
	{nDamageBase = 0, nDamageRand = 0, nCostMana = 38,	nBuffID = 844,	nBuffLevel = 1},		--level 11		50-54
	{nDamageBase = 0, nDamageRand = 0, nCostMana = 38,	nBuffID = 844,	nBuffLevel = 1},		--level 12		55-59
	{nDamageBase = 0, nDamageRand = 0, nCostMana = 38,	nBuffID = 844,	nBuffLevel = 1},		--level 13		60-64
	{nDamageBase = 0, nDamageRand = 0, nCostMana = 38,	nBuffID = 844,	nBuffLevel = 1},		--level 14		65-69
	{nDamageBase = 0, nDamageRand = 0, nCostMana = 38,	nBuffID = 844,	nBuffLevel = 1},		--level 15		70-74
	{nDamageBase = 0, nDamageRand = 0, nCostMana = 38,	nBuffID = 844,	nBuffLevel = 1},		--level 16		75-79
	{nDamageBase = 0, nDamageRand = 0, nCostMana = 38,	nBuffID = 844,	nBuffLevel = 1},		--level 17		80-84
	{nDamageBase = 0, nDamageRand = 0, nCostMana = 38,	nBuffID = 844,	nBuffLevel = 1},		--level 18		85-89
	{nDamageBase = 0, nDamageRand = 0, nCostMana = 38,	nBuffID = 844,	nBuffLevel = 1},		--level 19		90-94
	{nDamageBase = 0, nDamageRand = 0, nCostMana = 38,	nBuffID = 844,	nBuffLevel = 1},		--level 20		95-99	
}; nCostMana=tSkillData[dwSkillLevel].nCostMana; nMinRadius=0 * LENGTH_BASE; nMaxRadius=5 * LENGTH_BASE; nAngleRange=256; nAreaRadius=0 * LENGTH_BASE; nTargetCountLimit=5				-- 技能作用目标数量限制,(小于0 代表目标数量不限制) 
    
    ----------------- 时间相关 -------------------------------------------------
    --skill.nPrepareFrames  	= 0; nChannelFrame=0; nWeaponDamagePercent=0		L2:nDamageBase=0,nDamageRand=0,nCostMana=38,nBuffID=844,nBuffLevel=1; L3:nDamageBase=0,nDamageRand=0,nCostMana=38,nBuffID=844,nBuffLevel=2; L4:nDamageBase=0,nDamageRand=0,nCostMana=38,nBuffID=844,nBuffLevel=3
npc\副本BOSS\血战天策\血战天策-狼牙据点-横扫千军.lua	nDamageBase=0, nDamageRand = 0, nCostMana = 0}, --level 1
	{nDamageBase = 0, nDamageRand = 0, nCostMana = 0}, --level 2
	{nDamageBase = 0, nDamageRand = 0, nCostMana = 0}, --level 3
	{nDamageBase = 0, nDamageRand = 0, nCostMana = 0}, --level 4
	{nDamageBase = 0, nDamageRand = 0, nCostMana = 0}, --level 5
	{nDamageBase = 0, nDamageRand = 0, nCostMana = 0}, --level 6
	{nDamageBase = 0, nDamageRand = 0, nCostMana = 0}, --level 7
	{nDamageBase = 0, nDamageRand = 0, nCostMana = 0}, --level 8
	{nDamageBase = 0, nDamageRand = 0, nCostMana = 0}, --level 9
	{nDamageBase = 0, nDamageRand = 0, nCostMana = 0}, --level 10
}; nBaseThreat=0; nCostMana=tSkillData[dwSkillLevel].nCostMana; nMinRadius=0 * LENGTH_BASE; nMaxRadius=4 * LENGTH_BASE; nAngleRange=256; nAreaRadius=0 * LENGTH_BASE; nTargetCountLimit=2; nPrepareFrames=0; nChannelFrame=96; nWeaponDamagePercent=0	EXECUTE_SCRIPT(0)	L2:nDamageBase=0,nDamageRand=0,nCostMana=0; L3:nDamageBase=0,nDamageRand=0,nCostMana=0; L4:nDamageBase=0,nDamageRand=0,nCostMana=0
npc\副本BOSS\血战天策\血战天策_苏曼莎_玩家_剑主天地.lua	nDamageBase=7500, nDamageRand = 0, nCostMana = 0}, --level 1
	{nDamageBase = 10500, nDamageRand = 0, nCostMana = 0}, --level 2
	{nDamageBase = 13500, nDamageRand = 0, nCostMana = 0}, --level 3
	{nDamageBase = 16500, nDamageRand = 0, nCostMana = 0}, --level 4
	{nDamageBase = 19500, nDamageRand = 0, nCostMana = 0}, --level 5
	{nDamageBase = 0, nDamageRand = 0, nCostMana = 0}, --level 6
	{nDamageBase = 0, nDamageRand = 0, nCostMana = 0}, --level 7
	{nDamageBase = 0, nDamageRand = 0, nCostMana = 0}, --level 8
	{nDamageBase = 0, nDamageRand = 0, nCostMana = 0}, --level 9
	{nDamageBase = 0, nDamageRand = 0, nCostMana = 0}, --level 10
}; nBaseThreat=0; nCostMana=tSkillData[dwSkillLevel].nCostMana; nMinRadius=0 * LENGTH_BASE; nMaxRadius=150 * LENGTH_BASE; nAngleRange=256; nAreaRadius=0 * LENGTH_BASE; nTargetCountLimit=2; nPrepareFrames=0; nChannelFrame=0; nWeaponDamagePercent=0	SKILL_LUNAR_DAMAGE(0); SKILL_LUNAR_DAMAGE_RAND(0,0); CALL_LUNAR_DAMAGE(0,0)	L2:nDamageBase=7500,nDamageRand=0,nCostMana=0; L3:nDamageBase=10500,nDamageRand=0,nCostMana=0; L4:nDamageBase=13500,nDamageRand=0,nCostMana=0
npc\副本BOSS\血战天策\血战天策_苏曼莎_玩家_孔雀翎.lua	nDamageBase=7500, nDamageRand = 0, nCostMana = 0}, --level 1
	{nDamageBase = 10500, nDamageRand = 0, nCostMana = 0}, --level 2
	{nDamageBase = 13500, nDamageRand = 0, nCostMana = 0}, --level 3
	{nDamageBase = 16500, nDamageRand = 0, nCostMana = 0}, --level 4
	{nDamageBase = 19500, nDamageRand = 0, nCostMana = 0}, --level 5
	{nDamageBase = 0, nDamageRand = 0, nCostMana = 0}, --level 6
	{nDamageBase = 0, nDamageRand = 0, nCostMana = 0}, --level 7
	{nDamageBase = 0, nDamageRand = 0, nCostMana = 0}, --level 8
	{nDamageBase = 0, nDamageRand = 0, nCostMana = 0}, --level 9
	{nDamageBase = 0, nDamageRand = 0, nCostMana = 0}, --level 10
}; nBaseThreat=0; nCostMana=tSkillData[dwSkillLevel].nCostMana; nMinRadius=0 * LENGTH_BASE; nMaxRadius=150 * LENGTH_BASE; nAngleRange=256; nAreaRadius=10 * LENGTH_BASE; nTargetCountLimit=3; nPrepareFrames=0; nChannelFrame=0; nWeaponDamagePercent=0	SKILL_PHYSICS_DAMAGE(0); SKILL_PHYSICS_DAMAGE_RAND(0); CALL_PHYSICS_DAMAGE(0,0)	L2:nDamageBase=7500,nDamageRand=0,nCostMana=0; L3:nDamageBase=10500,nDamageRand=0,nCostMana=0; L4:nDamageBase=13500,nDamageRand=0,nCostMana=0
npc\副本BOSS\达摩洞\1号_血斗士\1号_血斗士盾冲后重击.lua	nDamageBase=91300, nDamageRand = 0, nCostMana = 0}, --level 1
	{nDamageBase = 104300, nDamageRand = 0, nCostMana = 0}, --level 2
	{nDamageBase = 117400, nDamageRand = 0, nCostMana = 0}, --level 3
	{nDamageBase = 169600, nDamageRand = 0, nCostMana = 0}, --level 4
	{nDamageBase = 182600, nDamageRand = 0, nCostMana = 0}, --level 5
	{nDamageBase = 202200, nDamageRand = 0, nCostMana = 0}, --level 6
	{nDamageBase = 221700, nDamageRand = 0, nCostMana = 0}, --level 7
	{nDamageBase = 521700, nDamageRand = 0, nCostMana = 0}, --level 8
	{nDamageBase = 587000, nDamageRand = 0, nCostMana = 0}, --level 9
	{nDamageBase = 652200, nDamageRand = 0, nCostMana = 0}, --level 10
	{nDamageBase = 108600, nDamageRand = 0, nCostMana = 0}, --level 11
	{nDamageBase = 124100, nDamageRand = 0, nCostMana = 0}, --level 12
	{nDamageBase = 139600, nDamageRand = 0, nCostMana = 0}, --level 13
	{nDamageBase = 201600, nDamageRand = 0, nCostMana = 0}, --level 14
	{nDamageBase = 217100, nDamageRand = 0, nCostMana = 0}, --level 15
	{nDamageBase = 240400, nDamageRand = 0, nCostMana = 0}, --level 16
	{nDamageBase = 248200, nDamageRand = 0, nCostMana = 0}, --level 17
	{nDamageBase = 620400, nDamageRand = 0, nCostMana = 0}, --level 18
	{nDamageBase = 698000, nDamageRand = 0, nCostMana = 0}, --level 19
	{nDamageBase = 775500, nDamageRand = 0, nCostMana = 0}, --level 20
}; nMaxRadius=60 * LENGTH_BASE; nAngleRange=256	EXECUTE_SCRIPT_WITH_PARAM(1,1)	L2:nDamageBase=91300,nDamageRand=0,nCostMana=0; L3:nDamageBase=104300,nDamageRand=0,nCostMana=0; L4:nDamageBase=117400,nDamageRand=0,nCostMana=0
npc\副本BOSS\达摩洞\1号_血斗士\1号_血斗士盾冲过程伤害.lua	nDamageBase=17700, nDamageRand = 0, nCostMana = 0}, --level 1
	{nDamageBase = 108700, nDamageRand = 0, nCostMana = 0}, --level 2
	{nDamageBase = 129300, nDamageRand = 0, nCostMana = 0}, --level 3
	{nDamageBase = 0, nDamageRand = 0, nCostMana = 0}, --level 4
	{nDamageBase = 0, nDamageRand = 0, nCostMana = 0}, --level 5
	{nDamageBase = 0, nDamageRand = 0, nCostMana = 0}, --level 6
	{nDamageBase = 0, nDamageRand = 0, nCostMana = 0}, --level 7
	{nDamageBase = 0, nDamageRand = 0, nCostMana = 0}, --level 8
	{nDamageBase = 0, nDamageRand = 0, nCostMana = 0}, --level 9
	{nDamageBase = 0, nDamageRand = 0, nCostMana = 0}, --level 10
}; nAngleRange=256; nAreaRadius=4 * LENGTH_BASE	SKILL_PHYSICS_DAMAGE(0); SKILL_PHYSICS_DAMAGE_RAND(0,0); CALL_PHYSICS_DAMAGE(0,0); EXECUTE_SCRIPT_WITH_PARAM(1,1); EXECUTE_SCRIPT_WITH_PARAM(1,1); CALL_BUFF(14209,1)	L2:nDamageBase=17700,nDamageRand=0,nCostMana=0; L3:nDamageBase=108700,nDamageRand=0,nCostMana=0; L4:nDamageBase=129300,nDamageRand=0,nCostMana=0
npc\副本BOSS\雷域大泽\1号_粉尘孢花\1号_小怪_钥匙伤害.lua	nDamageBase=5869, nDamageRand = 0, nCostMana = 0}, --level 1
	{nDamageBase = 7173, nDamageRand = 0, nCostMana = 0}, --level 2
	{nDamageBase = 8478, nDamageRand = 0, nCostMana = 0}, --level 3
	{nDamageBase = 0, nDamageRand = 0, nCostMana = 0}, --level 4
	{nDamageBase = 0, nDamageRand = 0, nCostMana = 0}, --level 5
	{nDamageBase = 0, nDamageRand = 0, nCostMana = 0}, --level 6
	{nDamageBase = 0, nDamageRand = 0, nCostMana = 0}, --level 7
	{nDamageBase = 0, nDamageRand = 0, nCostMana = 0}, --level 8
	{nDamageBase = 0, nDamageRand = 0, nCostMana = 0}, --level 9
	{nDamageBase = 0, nDamageRand = 0, nCostMana = 0}, --level 10
}; nMaxRadius=100 * LENGTH_BASE; nAngleRange=256; nAreaRadius=3 * LENGTH_BASE; nTargetCountLimit=-1; nWeaponDamagePercent=0	SKILL_POISON_DAMAGE(0); SKILL_POISON_DAMAGE_RAND(0,0); CALL_POISON_DAMAGE(0,0)	L2:nDamageBase=5869,nDamageRand=0,nCostMana=0; L3:nDamageBase=7173,nDamageRand=0,nCostMana=0; L4:nDamageBase=8478,nDamageRand=0,nCostMana=0
npc\副本BOSS\雷域大泽\1号_粉尘孢花\1号_粉尘孢花_空中击落.lua	nDamageBase=0, nDamageRand = 0, nCostMana = 0}, --level 1
	{nDamageBase = 0, nDamageRand = 0, nCostMana = 0}, --level 2
	{nDamageBase = 0, nDamageRand = 0, nCostMana = 0}, --level 3
	{nDamageBase = 0, nDamageRand = 0, nCostMana = 0}, --level 4
	{nDamageBase = 0, nDamageRand = 0, nCostMana = 0}, --level 5
	{nDamageBase = 0, nDamageRand = 0, nCostMana = 0}, --level 6
	{nDamageBase = 0, nDamageRand = 0, nCostMana = 0}, --level 7
	{nDamageBase = 0, nDamageRand = 0, nCostMana = 0}, --level 8
	{nDamageBase = 0, nDamageRand = 0, nCostMana = 0}, --level 9
	{nDamageBase = 0, nDamageRand = 0, nCostMana = 0}, --level 10
}; nMaxRadius=100 * LENGTH_BASE; nAngleRange=256; nAreaRadius=0 * LENGTH_BASE; nTargetCountLimit=-1; nWeaponDamagePercent=0	KNOCKED_DOWN_RATE(2048,0); CALL_KNOCKED_DOWN(32,0); EXECUTE_SCRIPT(1,1)	L2:nDamageBase=0,nDamageRand=0,nCostMana=0; L3:nDamageBase=0,nDamageRand=0,nCostMana=0; L4:nDamageBase=0,nDamageRand=0,nCostMana=0
npc\副本BOSS\风雨稻香村\风雨稻香村_小怪_叛军骑兵长_断魂刺(伤害眩晕).lua	nDamageBase=0  *0.8, nDamageRand = 0  *0.4, nCostMana = 0},		--level 1		  
	{nDamageBase = 0  *0.8, nDamageRand = 0  *0.4, nCostMana = 0},		--level 2		  
	{nDamageBase = 0  *0.8, nDamageRand = 0  *0.4, nCostMana = 0},		--level 3		  
	{nDamageBase = 0  *0.8, nDamageRand = 0  *0.4, nCostMana = 0},		--level 4		  
	{nDamageBase = 0  *0.8, nDamageRand = 0  *0.4, nCostMana = 0},		--level 5		  
	{nDamageBase = 0  *0.8, nDamageRand = 0  *0.4, nCostMana = 0},		--level 6		  
	{nDamageBase = 0  *0.8, nDamageRand = 0  *0.4, nCostMana = 0},		--level 7		  
	{nDamageBase = 0  *0.8, nDamageRand = 0  *0.4, nCostMana = 0},		--level 8		  
	{nDamageBase = 0  *0.8, nDamageRand = 0  *0.4, nCostMana = 0},		--level 9		  
	{nDamageBase = 0  *0.8, nDamageRand = 0  *0.4, nCostMana = 0},		--level 10		
	{nDamageBase = 0  *0.8, nDamageRand = 0  *0.4, nCostMana = 0},		--level 11		
	{nDamageBase = 0  *0.8, nDamageRand = 0  *0.4, nCostMana = 0},		--level 12		
	{nDamageBase = 0  *0.8, nDamageRand = 0  *0.4, nCostMana = 0},		--level 13		
	{nDamageBase = 0  *0.8, nDamageRand = 0  *0.4, nCostMana = 0},		--level 14		
	{nDamageBase = 0  *0.8, nDamageRand = 0  *0.4, nCostMana = 0},		--level 15	  
	{nDamageBase = 0  *0.8, nDamageRand = 0  *0.4, nCostMana = 0},		--level 16		
	{nDamageBase = 0  *0.8, nDamageRand = 0  *0.4, nCostMana = 0},		--level 17		
	{nDamageBase = 0  *0.8, nDamageRand = 0  *0.4, nCostMana = 0},		--level 18		
	{nDamageBase = 0  *0.8, nDamageRand = 0  *0.4, nCostMana = 0},		--level 19		
	{nDamageBase = 0  *0.8, nDamageRand = 0  *0.4, nCostMana = 0},		--level 20		
}; nBaseThreat=0; nCostMana=tSkillData[dwSkillLevel].nCostMana; nMinRadius=8 * LENGTH_BASE; nMaxRadius=15* LENGTH_BASE; nAngleRange=14; nAreaRadius=15 * LENGTH_BASE; nTargetCountLimit=20; nPrepareFrames=0				-- 吟唱帧数
    --skill.nChannelInterval	= 0; nChannelFrame=0	 			-- 通道技持续时间，单位帧数 
    --skill.nBulletVelocity		= 0; nWeaponDamagePercent=0	SKILL_PHYSICS_DAMAGE(0); SKILL_PHYSICS_DAMAGE_RAND(0); CALL_PHYSICS_DAMAGE(230,0); CALL_KNOCKED_DOWN(40,0)	L2:nDamageBase=0  *0.8,nDamageRand=0  *0.4,nCostMana=0; L3:nDamageBase=0  *0.8,nDamageRand=0  *0.4,nCostMana=0; L4:nDamageBase=0  *0.8,nDamageRand=0  *0.4,nCostMana=0
npc\副本BOSS\风雨稻香村\风雨稻香村_小怪_叛军骑兵长_断魂刺.lua	nDamageBase=0  *0.8, nDamageRand = 0  *0.4, nCostMana = 0},		--level 1		  
	{nDamageBase = 0  *0.8, nDamageRand = 0  *0.4, nCostMana = 0},		--level 2		  
	{nDamageBase = 0  *0.8, nDamageRand = 0  *0.4, nCostMana = 0},		--level 3		  
	{nDamageBase = 0  *0.8, nDamageRand = 0  *0.4, nCostMana = 0},		--level 4		  
	{nDamageBase = 0  *0.8, nDamageRand = 0  *0.4, nCostMana = 0},		--level 5		  
	{nDamageBase = 0  *0.8, nDamageRand = 0  *0.4, nCostMana = 0},		--level 6		  
	{nDamageBase = 0  *0.8, nDamageRand = 0  *0.4, nCostMana = 0},		--level 7		  
	{nDamageBase = 0  *0.8, nDamageRand = 0  *0.4, nCostMana = 0},		--level 8		  
	{nDamageBase = 0  *0.8, nDamageRand = 0  *0.4, nCostMana = 0},		--level 9		  
	{nDamageBase = 0  *0.8, nDamageRand = 0  *0.4, nCostMana = 0},		--level 10		
	{nDamageBase = 0  *0.8, nDamageRand = 0  *0.4, nCostMana = 0},		--level 11		
	{nDamageBase = 0  *0.8, nDamageRand = 0  *0.4, nCostMana = 0},		--level 12		
	{nDamageBase = 0  *0.8, nDamageRand = 0  *0.4, nCostMana = 0},		--level 13		
	{nDamageBase = 0  *0.8, nDamageRand = 0  *0.4, nCostMana = 0},		--level 14		
	{nDamageBase = 0  *0.8, nDamageRand = 0  *0.4, nCostMana = 0},		--level 15	  
	{nDamageBase = 0  *0.8, nDamageRand = 0  *0.4, nCostMana = 0},		--level 16		
	{nDamageBase = 0  *0.8, nDamageRand = 0  *0.4, nCostMana = 0},		--level 17		
	{nDamageBase = 0  *0.8, nDamageRand = 0  *0.4, nCostMana = 0},		--level 18		
	{nDamageBase = 0  *0.8, nDamageRand = 0  *0.4, nCostMana = 0},		--level 19		
	{nDamageBase = 0  *0.8, nDamageRand = 0  *0.4, nCostMana = 0},		--level 20		
}; nBaseThreat=0; nCostMana=tSkillData[dwSkillLevel].nCostMana; nMinRadius=8 * LENGTH_BASE; nMaxRadius=25* LENGTH_BASE; nAngleRange=85; nAreaRadius=6 * LENGTH_BASE; nTargetCountLimit=10; nPrepareFrames=0				-- 吟唱帧数
    --skill.nChannelInterval	= 0; nChannelFrame=0	 			-- 通道技持续时间，单位帧数 
    --skill.nBulletVelocity		= 0; nWeaponDamagePercent=0	SKILL_PHYSICS_DAMAGE(0); SKILL_PHYSICS_DAMAGE_RAND(0); CALL_PHYSICS_DAMAGE(0,0); DASH_FORWARD(8,125); CAST_SKILL_TARGET_DST(1203,1)	L2:nDamageBase=0  *0.8,nDamageRand=0  *0.4,nCostMana=0; L3:nDamageBase=0  *0.8,nDamageRand=0  *0.4,nCostMana=0; L4:nDamageBase=0  *0.8,nDamageRand=0  *0.4,nCostMana=0
npc\少林\五蕴皆空.lua	nCostMana=36,  nMaxRadius = 5, nAngleRange = 256, nPrepareFrames = 0, nBulletVelocity = 0, nBreakRate = 1024},
	 {nCostMana = 67,  nMaxRadius = 5, nAngleRange = 256, nPrepareFrames = 0, nBulletVelocity = 0, nBreakRate = 1024},
	 {nCostMana = 97,  nMaxRadius = 5, nAngleRange = 256, nPrepareFrames = 0, nBulletVelocity = 0, nBreakRate = 1024},
	 {nCostMana = 120, nMaxRadius = 5, nAngleRange = 256, nPrepareFrames = 0, nBulletVelocity = 0, nBreakRate = 1024},
   {nCostMana = 157, nMaxRadius = 5, nAngleRange = 256, nPrepareFrames = 0, nBulletVelocity = 0, nBreakRate = 1024}, 
	 {nCostMana = 187, nMaxRadius = 5, nAngleRange = 256, nPrepareFrames = 0, nBulletVelocity = 0, nBreakRate = 1024},
	 {nCostMana = 213, nMaxRadius = 5, nAngleRange = 256, nPrepareFrames = 0, nBulletVelocity = 0, nBreakRate = 1024},
	 {nCostMana = 225, nMaxRadius = 5, nAngleRange = 256, nPrepareFrames = 0, nBulletVelocity = 0, nBreakRate = 1024},
	 {nCostMana = 235, nMaxRadius = 5, nAngleRange = 256, nPrepareFrames = 0, nBulletVelocity = 0, nBreakRate = 1024},
	 {nCostMana = 243, nMaxRadius = 5, nAngleRange = 256, nPrepareFrames = 0, nBulletVelocity = 0, nBreakRate = 1024},
	 {nCostMana = 250, nMaxRadius = 5, nAngleRange = 256, nPrepareFrames = 0, nBulletVelocity = 0, nBreakRate = 1024},
	 {nCostMana = 278, nMaxRadius = 5, nAngleRange = 256, nPrepareFrames = 0, nBulletVelocity = 0, nBreakRate = 1024},
	 {nCostMana = 305, nMaxRadius = 5, nAngleRange = 256, nPrepareFrames = 0, nBulletVelocity = 0, nBreakRate = 1024},
	 {nCostMana = 332, nMaxRadius = 5, nAngleRange = 256, nPrepareFrames = 0, nBulletVelocity = 0, nBreakRate = 1024},
	 {nCostMana = 360, nMaxRadius = 5, nAngleRange = 256, nPrepareFrames = 0, nBulletVelocity = 0, nBreakRate = 1024}
}; nMaxRadius=tSkillData[dwSkillLevel].nMaxRadius * LENGTH_BASE; nAngleRange=tSkillData[dwSkillLevel].nAngleRange; nPrepareFrames=tSkillData[dwSkillLevel].nPrepareFrames	CALL_BUFF(191,3)	L2:nCostMana=36,nMaxRadius=5,nAngleRange=256,nPrepareFrames=0,nBulletVelocity=0,nBreakRate=1024; L3:nCostMana=67,nMaxRadius=5,nAngleRange=256,nPrepareFrames=0,nBulletVelocity=0,nBreakRate=1024; L4:nCostMana=97,nMaxRadius=5,nAngleRange=256,nPrepareFrames=0,nBulletVelocity=0,nBreakRate=1024
npc\峰值活动\沈剑心弱群攻.lua	nDamageBase=60000, nDamageRand = 0, nCostMana = 0}, --level 1
	{nDamageBase = 0, nDamageRand = 0, nCostMana = 0}, --level 2
	{nDamageBase = 0, nDamageRand = 0, nCostMana = 0}, --level 3
	{nDamageBase = 0, nDamageRand = 0, nCostMana = 0}, --level 4
	{nDamageBase = 0, nDamageRand = 0, nCostMana = 0}, --level 5
	{nDamageBase = 0, nDamageRand = 0, nCostMana = 0}, --level 6
	{nDamageBase = 0, nDamageRand = 0, nCostMana = 0}, --level 7
	{nDamageBase = 0, nDamageRand = 0, nCostMana = 0}, --level 8
	{nDamageBase = 0, nDamageRand = 0, nCostMana = 0}, --level 9
	{nDamageBase = 0, nDamageRand = 0, nCostMana = 0}, --level 10
}; nBaseThreat=0; nCostMana=tSkillData[dwSkillLevel].nCostMana; nMinRadius=0 * LENGTH_BASE; nMaxRadius=10 * LENGTH_BASE; nAngleRange=256; nAreaRadius=30 * LENGTH_BASE; nTargetCountLimit=25; nPrepareFrames=0; nChannelFrame=0; nWeaponDamagePercent=0	SKILL_PHYSICS_DAMAGE(0); SKILL_PHYSICS_DAMAGE_RAND(0,0); CALL_PHYSICS_DAMAGE(0,0)	L2:nDamageBase=60000,nDamageRand=0,nCostMana=0; L3:nDamageBase=0,nDamageRand=0,nCostMana=0; L4:nDamageBase=0,nDamageRand=0,nCostMana=0
npc\峰值活动\皮鞭.lua	nDamageBase=150000, nDamageRand = 0, nCostMana = 0}, --level 1
	{nDamageBase = 0, nDamageRand = 0, nCostMana = 0}, --level 2
	{nDamageBase = 0, nDamageRand = 0, nCostMana = 0}, --level 3
	{nDamageBase = 0, nDamageRand = 0, nCostMana = 0}, --level 4
	{nDamageBase = 0, nDamageRand = 0, nCostMana = 0}, --level 5
	{nDamageBase = 0, nDamageRand = 0, nCostMana = 0}, --level 6
	{nDamageBase = 0, nDamageRand = 0, nCostMana = 0}, --level 7
	{nDamageBase = 0, nDamageRand = 0, nCostMana = 0}, --level 8
	{nDamageBase = 0, nDamageRand = 0, nCostMana = 0}, --level 9
	{nDamageBase = 0, nDamageRand = 0, nCostMana = 0}, --level 10
}; nBaseThreat=0; nCostMana=tSkillData[dwSkillLevel].nCostMana; nMinRadius=0 * LENGTH_BASE; nMaxRadius=100 * LENGTH_BASE; nAngleRange=256; nAreaRadius=30 * LENGTH_BASE; nTargetCountLimit=1; nPrepareFrames=0; nChannelFrame=0; nWeaponDamagePercent=0	SKILL_PHYSICS_DAMAGE(0); SKILL_PHYSICS_DAMAGE_RAND(0,0); CALL_PHYSICS_DAMAGE(0,0)	L2:nDamageBase=150000,nDamageRand=0,nCostMana=0; L3:nDamageBase=0,nDamageRand=0,nCostMana=0; L4:nDamageBase=0,nDamageRand=0,nCostMana=0
npc\干什么\啊\爆炸伤害.lua	nDamageBase=36167, nDamageRand = 0, nCostMana = 0}, --level 1
	{nDamageBase = 0, nDamageRand = 0, nCostMana = 0}, --level 2
	{nDamageBase = 0, nDamageRand = 0, nCostMana = 0}, --level 3
	{nDamageBase = 0, nDamageRand = 0, nCostMana = 0}, --level 4
	{nDamageBase = 0, nDamageRand = 0, nCostMana = 0}, --level 5
	{nDamageBase = 0, nDamageRand = 0, nCostMana = 0}, --level 6
	{nDamageBase = 0, nDamageRand = 0, nCostMana = 0}, --level 7
	{nDamageBase = 0, nDamageRand = 0, nCostMana = 0}, --level 8
	{nDamageBase = 0, nDamageRand = 0, nCostMana = 0}, --level 9
	{nDamageBase = 0, nDamageRand = 0, nCostMana = 0}, --level 10
}; nBaseThreat=0; nCostMana=tSkillData[dwSkillLevel].nCostMana; nMinRadius=0 * LENGTH_BASE; nMaxRadius=100 * LENGTH_BASE; nAngleRange=256; nAreaRadius=3 * LENGTH_BASE; nTargetCountLimit=-1; nPrepareFrames=48; nChannelFrame=0; nWeaponDamagePercent=0	SKILL_PHYSICS_DAMAGE(0); SKILL_PHYSICS_DAMAGE_RAND(0,0); CALL_PHYSICS_DAMAGE(0,0); KNOCKED_OFF_RATE(-1024,-0); CALL_KNOCKED_OFF_PARABOLA(-200,-3); EXECUTE_SCRIPT(1,0)	L2:nDamageBase=36167,nDamageRand=0,nCostMana=0; L3:nDamageBase=0,nDamageRand=0,nCostMana=0; L4:nDamageBase=0,nDamageRand=0,nCostMana=0
npc\桃园非梦\新手关\挑战3正面扇形180.lua	nDamageBase=6666, nDamageRand = 0, nCostMana = 0}, --level 1
	{nDamageBase = 0, nDamageRand = 0, nCostMana = 0}, --level 2
	{nDamageBase = 0, nDamageRand = 0, nCostMana = 0}, --level 3
	{nDamageBase = 0, nDamageRand = 0, nCostMana = 0}, --level 4
	{nDamageBase = 0, nDamageRand = 0, nCostMana = 0}, --level 5
	{nDamageBase = 0, nDamageRand = 0, nCostMana = 0}, --level 6
	{nDamageBase = 0, nDamageRand = 0, nCostMana = 0}, --level 7
	{nDamageBase = 0, nDamageRand = 0, nCostMana = 0}, --level 8
	{nDamageBase = 0, nDamageRand = 0, nCostMana = 0}, --level 9
	{nDamageBase = 0, nDamageRand = 0, nCostMana = 0}, --level 10
}; nBaseThreat=0; nCostMana=tSkillData[dwSkillLevel].nCostMana; nMinRadius=0 * LENGTH_BASE; nMaxRadius=100 * LENGTH_BASE; nAngleRange=128; nAreaRadius=8 * LENGTH_BASE; nTargetCountLimit=20; nPrepareFrames=0; nChannelFrame=0; nWeaponDamagePercent=0	SKILL_PHYSICS_DAMAGE(0); SKILL_PHYSICS_DAMAGE_RAND(0,0); CALL_PHYSICS_DAMAGE(0,0)	L2:nDamageBase=6666,nDamageRand=0,nCostMana=0; L3:nDamageBase=0,nDamageRand=0,nCostMana=0; L4:nDamageBase=0,nDamageRand=0,nCostMana=0
npc\红衣教\红衣教_横扫千军.lua	nCostMana=0, nDamage = 10 , nDamageRand = 0},		-- Level 1
        { nCostMana = 0, nDamage = 15 , nDamageRand = 0},		-- Level 2
        { nCostMana = 0, nDamage = 22 , nDamageRand = 0},		-- Level 3
        { nCostMana = 0, nDamage = 30 , nDamageRand = 0},		-- Level 4
        { nCostMana = 0, nDamage = 42 , nDamageRand = 0},		-- Level 5
        { nCostMana = 0, nDamage = 55 , nDamageRand = 0},		-- Level 6
        { nCostMana = 0, nDamage = 69 , nDamageRand = 0},		-- Level 7
	{ nCostMana = 0, nDamage = 82 , nDamageRand = 0},		-- Level 8
	{ nCostMana = 0, nDamage = 109, nDamageRand = 0},		-- Level 9
	{ nCostMana = 0, nDamage = 137, nDamageRand = 0},		-- Level 10
	{ nCostMana = 0, nDamage = 164, nDamageRand = 0},		-- Level 11
        { nCostMana = 0, nDamage = 200 , nDamageRand = 0},		-- Level 12
        { nCostMana = 0, nDamage = 245 , nDamageRand = 0},		-- Level 13
        { nCostMana = 0, nDamage = 298 , nDamageRand = 0},		-- Level 14
        { nCostMana = 0, nDamage = 358 , nDamageRand = 0},		-- Level 15
}; nWeaponDamagePercent=1024; nMinRadius=0											--技能施放最小半径
    skill.nMaxRadius        = 6 * LENGTH_BASE; nAngleRange=256; nAreaRadius=6 * LENGTH_BASE; nPrepareFrames=0; nTargetCountLimit=5	SKILL_PHYSICS_DAMAGE(0); SKILL_PHYSICS_DAMAGE_RAND(0,0); CALL_PHYSICS_DAMAGE(0,0)	L1:nCostMana=0,nDamage=10,nDamageRand=0; L2:nCostMana=0,nDamage=15,nDamageRand=0; L3:nCostMana=0,nDamage=22,nDamageRand=0
npc\门派掌门\万花守卫_商阳指.lua	nDamageBase=3000, nDamageRand = 0, nCostMana = 0}, --level 1
	{nDamageBase = 0, nDamageRand = 0, nCostMana = 0}, --level 2
	{nDamageBase = 0, nDamageRand = 0, nCostMana = 0}, --level 3
	{nDamageBase = 0, nDamageRand = 0, nCostMana = 0}, --level 4
	{nDamageBase = 0, nDamageRand = 0, nCostMana = 0}, --level 5
	{nDamageBase = 0, nDamageRand = 0, nCostMana = 0}, --level 6
	{nDamageBase = 0, nDamageRand = 0, nCostMana = 0}, --level 7
	{nDamageBase = 0, nDamageRand = 0, nCostMana = 0}, --level 8
	{nDamageBase = 0, nDamageRand = 0, nCostMana = 0}, --level 9
	{nDamageBase = 0, nDamageRand = 0, nCostMana = 0}, --level 10
}; nBaseThreat=0; nCostMana=tSkillData[dwSkillLevel].nCostMana; nMinRadius=0 * LENGTH_BASE; nMaxRadius=20 * LENGTH_BASE; nAngleRange=256; nAreaRadius=20 * LENGTH_BASE; nTargetCountLimit=2; nPrepareFrames=0; nChannelFrame=0; nWeaponDamagePercent=0	SKILL_NEUTRAL_DAMAGE(0); SKILL_NEUTRAL_DAMAGE_RAND(0,0); CALL_NEUTRAL_DAMAGE(0,0)	L2:nDamageBase=3000,nDamageRand=0,nCostMana=0; L3:nDamageBase=0,nDamageRand=0,nCostMana=0; L4:nDamageBase=0,nDamageRand=0,nCostMana=0
npc\门派掌门\陆危楼_怖畏暗刑.lua	nDamageBase=0, nDamageRand = 0, nCostMana = 0}, --level 1
	{nDamageBase = 0, nDamageRand = 0, nCostMana = 0}, --level 2
	{nDamageBase = 0, nDamageRand = 0, nCostMana = 0}, --level 3
	{nDamageBase = 0, nDamageRand = 0, nCostMana = 0}, --level 4
	{nDamageBase = 0, nDamageRand = 0, nCostMana = 0}, --level 5
	{nDamageBase = 0, nDamageRand = 0, nCostMana = 0}, --level 6
	{nDamageBase = 0, nDamageRand = 0, nCostMana = 0}, --level 7
	{nDamageBase = 0, nDamageRand = 0, nCostMana = 0}, --level 8
	{nDamageBase = 0, nDamageRand = 0, nCostMana = 0}, --level 9
	{nDamageBase = 0, nDamageRand = 0, nCostMana = 0}, --level 10
}; nBaseThreat=0; nCostMana=tSkillData[dwSkillLevel].nCostMana; nMinRadius=0 * LENGTH_BASE; nMaxRadius=10 * LENGTH_BASE; nAreaRadius=15 * LENGTH_BASE; nTargetCountLimit=70; nPrepareFrames=64; nChannelFrame=0; nWeaponDamagePercent=0	EXECUTE_SCRIPT(1,0)	L2:nDamageBase=0,nDamageRand=0,nCostMana=0; L3:nDamageBase=0,nDamageRand=0,nCostMana=0; L4:nDamageBase=0,nDamageRand=0,nCostMana=0
npc\门派掌门\陆危楼_怖畏暗刑实际伤害.lua	nDamageBase=0, nDamageRand = 0, nCostMana = 0}, --level 1
	{nDamageBase = 0, nDamageRand = 0, nCostMana = 0}, --level 2
	{nDamageBase = 0, nDamageRand = 0, nCostMana = 0}, --level 3
	{nDamageBase = 0, nDamageRand = 0, nCostMana = 0}, --level 4
	{nDamageBase = 0, nDamageRand = 0, nCostMana = 0}, --level 5
	{nDamageBase = 0, nDamageRand = 0, nCostMana = 0}, --level 6
	{nDamageBase = 0, nDamageRand = 0, nCostMana = 0}, --level 7
	{nDamageBase = 0, nDamageRand = 0, nCostMana = 0}, --level 8
	{nDamageBase = 0, nDamageRand = 0, nCostMana = 0}, --level 9
	{nDamageBase = 0, nDamageRand = 0, nCostMana = 0}, --level 10
}; nBaseThreat=0; nCostMana=tSkillData[dwSkillLevel].nCostMana; nMinRadius=0 * LENGTH_BASE; nMaxRadius=0 * LENGTH_BASE; nAngleRange=256; nAreaRadius=0 * LENGTH_BASE; nTargetCountLimit=2; nPrepareFrames=0; nChannelFrame=0; nWeaponDamagePercent=0	SKILL_LUNAR_DAMAGE(1,0); SKILL_LUNAR_DAMAGE_RAND(1,0); CALL_LUNAR_DAMAGE(0,1)	L2:nDamageBase=0,nDamageRand=0,nCostMana=0; L3:nDamageBase=0,nDamageRand=0,nCostMana=0; L4:nDamageBase=0,nDamageRand=0,nCostMana=0
npc\门派掌门\陆危楼_缴械AOE伤害.lua	nDamageBase=30000, nDamageRand = 3000, nCostMana = 0}, --level 1
	{nDamageBase = 0, nDamageRand = 0, nCostMana = 0}, --level 2
	{nDamageBase = 0, nDamageRand = 0, nCostMana = 0}, --level 3
	{nDamageBase = 0, nDamageRand = 0, nCostMana = 0}, --level 4
	{nDamageBase = 0, nDamageRand = 0, nCostMana = 0}, --level 5
	{nDamageBase = 0, nDamageRand = 0, nCostMana = 0}, --level 6
	{nDamageBase = 0, nDamageRand = 0, nCostMana = 0}, --level 7
	{nDamageBase = 0, nDamageRand = 0, nCostMana = 0}, --level 8
	{nDamageBase = 0, nDamageRand = 0, nCostMana = 0}, --level 9
	{nDamageBase = 0, nDamageRand = 0, nCostMana = 0}, --level 10
}; nBaseThreat=0; nCostMana=tSkillData[dwSkillLevel].nCostMana; nMinRadius=0 * LENGTH_BASE; nMaxRadius=6 * LENGTH_BASE; nAngleRange=256; nAreaRadius=15 * LENGTH_BASE; nTargetCountLimit=70; nPrepareFrames=0; nChannelFrame=0; nWeaponDamagePercent=0	SKILL_LUNAR_DAMAGE(1,0); SKILL_LUNAR_DAMAGE_RAND(1,0); CALL_LUNAR_DAMAGE(0,1)	L2:nDamageBase=30000,nDamageRand=3000,nCostMana=0; L3:nDamageBase=0,nDamageRand=0,nCostMana=0; L4:nDamageBase=0,nDamageRand=0,nCostMana=0
Quest\ACT_100级PQ\通用选取目标_前方扇形_敌方.lua	nDamageBase=0, nDamageRand = 0, nCostMana = 0}, --level 1
	{nDamageBase = 0, nDamageRand = 0, nCostMana = 0}, --level 2
	{nDamageBase = 0, nDamageRand = 0, nCostMana = 0}, --level 3
	{nDamageBase = 0, nDamageRand = 0, nCostMana = 0}, --level 4
	{nDamageBase = 0, nDamageRand = 0, nCostMana = 0}, --level 5
	{nDamageBase = 0, nDamageRand = 0, nCostMana = 0}, --level 6
	{nDamageBase = 0, nDamageRand = 0, nCostMana = 0}, --level 7
	{nDamageBase = 0, nDamageRand = 0, nCostMana = 0}, --level 8
	{nDamageBase = 0, nDamageRand = 0, nCostMana = 0}, --level 9
	{nDamageBase = 0, nDamageRand = 0, nCostMana = 0}, --level 10
}; nBaseThreat=0; nCostMana=tSkillData[dwSkillLevel].nCostMana; nMinRadius=0 * LENGTH_BASE; nMaxRadius=4 * LENGTH_BASE; nAngleRange=107; nAreaRadius=35 * LENGTH_BASE; nTargetCountLimit=40; nPrepareFrames=0; nChannelFrame=0; nWeaponDamagePercent=0	EXECUTE_SCRIPT(100,1)	L2:nDamageBase=0,nDamageRand=0,nCostMana=0; L3:nDamageBase=0,nDamageRand=0,nCostMana=0; L4:nDamageBase=0,nDamageRand=0,nCostMana=0
Quest\ACT_仙剑一联动\仙剑QTE_技能2.lua	nDamageBase=0, nDamageRand = 0, nCostMana = 0}, --level 1
	{nDamageBase = 0, nDamageRand = 0, nCostMana = 0}, --level 2
	{nDamageBase = 0, nDamageRand = 0, nCostMana = 0}, --level 3
	{nDamageBase = 0, nDamageRand = 0, nCostMana = 0}, --level 4
	{nDamageBase = 0, nDamageRand = 0, nCostMana = 0}, --level 5
	{nDamageBase = 0, nDamageRand = 0, nCostMana = 0}, --level 6
	{nDamageBase = 0, nDamageRand = 0, nCostMana = 0}, --level 7
	{nDamageBase = 0, nDamageRand = 0, nCostMana = 0}, --level 8
	{nDamageBase = 0, nDamageRand = 0, nCostMana = 0}, --level 9
	{nDamageBase = 0, nDamageRand = 0, nCostMana = 0}, --level 10
}	EXECUTE_SCRIPT(2,1)	L2:nDamageBase=0,nDamageRand=0,nCostMana=0; L3:nDamageBase=0,nDamageRand=0,nCostMana=0; L4:nDamageBase=0,nDamageRand=0,nCostMana=0
Quest\ACT_助战NPC\康宴别_捉影式.lua	nMinRadius=0; nMaxRadius=20 * LENGTH_BASE; nAngleRange=128; nPrepareFrames=16	PULL(100,0)	
Quest\ACT_四月洛阳\山狼_追命箭.lua	nDamageBase=10000, nDamageRand = 3000, nCostMana = 0}, --level 1
	{nDamageBase = 0, nDamageRand = 0, nCostMana = 0}, --level 2
	{nDamageBase = 0, nDamageRand = 0, nCostMana = 0}, --level 3
	{nDamageBase = 0, nDamageRand = 0, nCostMana = 0}, --level 4
	{nDamageBase = 0, nDamageRand = 0, nCostMana = 0}, --level 5
	{nDamageBase = 0, nDamageRand = 0, nCostMana = 0}, --level 6
	{nDamageBase = 0, nDamageRand = 0, nCostMana = 0}, --level 7
	{nDamageBase = 0, nDamageRand = 0, nCostMana = 0}, --level 8
	{nDamageBase = 0, nDamageRand = 0, nCostMana = 0}, --level 9
	{nDamageBase = 0, nDamageRand = 0, nCostMana = 0}, --level 10
}; nBaseThreat=0; nCostMana=tSkillData[dwSkillLevel].nCostMana; nMinRadius=0 * LENGTH_BASE; nMaxRadius=100 * LENGTH_BASE; nAngleRange=256; nAreaRadius=0 * LENGTH_BASE; nTargetCountLimit=2; nPrepareFrames=16; nChannelFrame=0; nWeaponDamagePercent=0	EXECUTE_SCRIPT(1,0)	L2:nDamageBase=10000,nDamageRand=3000,nCostMana=0; L3:nDamageBase=0,nDamageRand=0,nCostMana=0; L4:nDamageBase=0,nDamageRand=0,nCostMana=0
Quest\ACT_四月洛阳\陈月_商阳指.lua	nDamageBase=10000, nDamageRand = 0.1, nCostMana = 0}, --level 1
	{nDamageBase = 0, nDamageRand = 0, nCostMana = 0}, --level 2
	{nDamageBase = 0, nDamageRand = 0, nCostMana = 0}, --level 3
	{nDamageBase = 0, nDamageRand = 0, nCostMana = 0}, --level 4
	{nDamageBase = 0, nDamageRand = 0, nCostMana = 0}, --level 5
	{nDamageBase = 0, nDamageRand = 0, nCostMana = 0}, --level 6
	{nDamageBase = 0, nDamageRand = 0, nCostMana = 0}, --level 7
	{nDamageBase = 0, nDamageRand = 0, nCostMana = 0}, --level 8
	{nDamageBase = 0, nDamageRand = 0, nCostMana = 0}, --level 9
	{nDamageBase = 0, nDamageRand = 0, nCostMana = 0}, --level 10
}; nCostMana=tSkillData[dwSkillLevel].nCostMana; nMinRadius=0 * LENGTH_BASE; nMaxRadius=30 * LENGTH_BASE; nAngleRange=128; nAreaRadius=0 * LENGTH_BASE; nTargetCountLimit=2; nPrepareFrames=28; nChannelFrame=0; nWeaponDamagePercent=0	SKILL_NEUTRAL_DAMAGE(1,-0); SKILL_NEUTRAL_DAMAGE_RAND(1,-0); CALL_NEUTRAL_DAMAGE(1,-0); SKILL_NEUTRAL_DAMAGE(1,1); SKILL_NEUTRAL_DAMAGE_RAND(1,1); CALL_NEUTRAL_DAMAGE(0,1); CAST_SKILL_TARGET_DST(1116,1); DEL_SINGLE_BUFF_BY_ID_AND_LEVEL(2726,1); EXECUTE_SCRIPT(0)	L2:nDamageBase=10000,nDamageRand=0.1,nCostMana=0; L3:nDamageBase=0,nDamageRand=0,nCostMana=0; L4:nDamageBase=0,nDamageRand=0,nCostMana=0
Quest\ACT_场景预热\22006完成任务AOE.lua	nMinRadius=0 * LENGTH_BASE; nMaxRadius=10 * LENGTH_BASE; nAngleRange=256; nAreaRadius=40 * LENGTH_BASE; nTargetCountLimit=999	EXECUTE_SCRIPT(22006,0)	
Quest\ACT_场景预热\雷劈伤害.lua	nDamageBase=35231, nDamageRand = 15620, nCostMana = 0}, --level 1
	{nDamageBase = 0, nDamageRand = 0, nCostMana = 0}, --level 2
	{nDamageBase = 0, nDamageRand = 0, nCostMana = 0}, --level 3
	{nDamageBase = 0, nDamageRand = 0, nCostMana = 0}, --level 4
	{nDamageBase = 0, nDamageRand = 0, nCostMana = 0}, --level 5
	{nDamageBase = 0, nDamageRand = 0, nCostMana = 0}, --level 6
	{nDamageBase = 0, nDamageRand = 0, nCostMana = 0}, --level 7
	{nDamageBase = 0, nDamageRand = 0, nCostMana = 0}, --level 8
	{nDamageBase = 0, nDamageRand = 0, nCostMana = 0}, --level 9
	{nDamageBase = 0, nDamageRand = 0, nCostMana = 0}, --level 10
}; nBaseThreat=0; nCostMana=tSkillData[dwSkillLevel].nCostMana; nMinRadius=0 * LENGTH_BASE; nMaxRadius=100 * LENGTH_BASE; nAngleRange=256; nAreaRadius=2 * LENGTH_BASE; nTargetCountLimit=2; nPrepareFrames=16; nChannelFrame=0; nWeaponDamagePercent=0	SKILL_NEUTRAL_DAMAGE(0); SKILL_NEUTRAL_DAMAGE_RAND(0,0); CALL_NEUTRAL_DAMAGE(0,0); EXECUTE_SCRIPT(0)	L2:nDamageBase=35231,nDamageRand=15620,nCostMana=0; L3:nDamageBase=0,nDamageRand=0,nCostMana=0; L4:nDamageBase=0,nDamageRand=0,nCostMana=0
Quest\ACT_浪客行\残影嘲讽.lua	nDamageBase=0, nDamageRand = 0, nCostMana = 0}, --level 1
	{nDamageBase = 0, nDamageRand = 0, nCostMana = 0}, --level 2
	{nDamageBase = 0, nDamageRand = 0, nCostMana = 0}, --level 3
	{nDamageBase = 0, nDamageRand = 0, nCostMana = 0}, --level 4
	{nDamageBase = 0, nDamageRand = 0, nCostMana = 0}, --level 5
	{nDamageBase = 0, nDamageRand = 0, nCostMana = 0}, --level 6
	{nDamageBase = 0, nDamageRand = 0, nCostMana = 0}, --level 7
	{nDamageBase = 0, nDamageRand = 0, nCostMana = 0}, --level 8
	{nDamageBase = 0, nDamageRand = 0, nCostMana = 0}, --level 9
	{nDamageBase = 0, nDamageRand = 0, nCostMana = 0}, --level 10
}; nMinRadius=0 * LENGTH_BASE; nMaxRadius=20 * LENGTH_BASE; nAngleRange=256; nAreaRadius=15 * LENGTH_BASE; nTargetCountLimit=6; nPrepareFrames=0; nChannelFrame=0; nWeaponDamagePercent=0	SPOOF(0,1); TOP_THREAT(0,1)	L2:nDamageBase=0,nDamageRand=0,nCostMana=0; L3:nDamageBase=0,nDamageRand=0,nCostMana=0; L4:nDamageBase=0,nDamageRand=0,nCostMana=0
Quest\ACT_浪客行\狼牙_战争践踏.lua	nBaseThreat=0; nCostMana=tSkillData[dwSkillLevel].nCostMana; nMinRadius=0 * LENGTH_BASE; nMaxRadius=4 * LENGTH_BASE; nAngleRange=256; nAreaRadius=8 * LENGTH_BASE; nTargetCountLimit=2; nPrepareFrames=32; nChannelFrame=0; nWeaponDamagePercent=0	SKILL_PHYSICS_DAMAGE(1,0); SKILL_PHYSICS_DAMAGE_RAND(1,0); CALL_PHYSICS_DAMAGE(0,1); EXECUTE_SCRIPT(1,0)	L2:nDamageBase=2179 * 0.8,nDamageRand=2179 * 0.4,nCostMana=0; L3:nDamageBase=2542 * 0.8,nDamageRand=2542 * 0.4,nCostMana=0; L4:nDamageBase=0,nDamageRand=0,nCostMana=0
Quest\ACT_浪客行\狼牙_致死顺劈.lua	nDamageBase=1936 * 0.8, nDamageRand = 1936 * 0.4, nCostMana = 0}, --level 1
	{nDamageBase = 2300 * 0.8, nDamageRand = 2300 * 0.4, nCostMana = 0}, --level 2
	{nDamageBase = 0, nDamageRand = 0, nCostMana = 0}, --level 3
	{nDamageBase = 0, nDamageRand = 0, nCostMana = 0}, --level 4
	{nDamageBase = 0, nDamageRand = 0, nCostMana = 0}, --level 5
	{nDamageBase = 0, nDamageRand = 0, nCostMana = 0}, --level 6
	{nDamageBase = 0, nDamageRand = 0, nCostMana = 0}, --level 7
	{nDamageBase = 0, nDamageRand = 0, nCostMana = 0}, --level 8
	{nDamageBase = 0, nDamageRand = 0, nCostMana = 0}, --level 9
	{nDamageBase = 0, nDamageRand = 0, nCostMana = 0}, --level 10
}; nBaseThreat=0; nCostMana=tSkillData[dwSkillLevel].nCostMana; nMinRadius=0 * LENGTH_BASE; nMaxRadius=4 * LENGTH_BASE; nAngleRange=256; nAreaRadius=8 * LENGTH_BASE; nTargetCountLimit=2; nPrepareFrames=32; nChannelFrame=0; nWeaponDamagePercent=0	EXECUTE_SCRIPT(1,0)	L2:nDamageBase=1936 * 0.8,nDamageRand=1936 * 0.4,nCostMana=0; L3:nDamageBase=2300 * 0.8,nDamageRand=2300 * 0.4,nCostMana=0; L4:nDamageBase=0,nDamageRand=0,nCostMana=0
Quest\ACT_浪客行\狼牙_致死顺劈_子技能_伤害与效果.lua	nDamageBase=1936 * 0.8, nDamageRand = 1936 * 0.4, nCostMana = 0}, --level 1
	{nDamageBase = 2300 * 0.8, nDamageRand = 2300 * 0.4, nCostMana = 0}, --level 2
	{nDamageBase = 0, nDamageRand = 0, nCostMana = 0}, --level 3
	{nDamageBase = 0, nDamageRand = 0, nCostMana = 0}, --level 4
	{nDamageBase = 0, nDamageRand = 0, nCostMana = 0}, --level 5
	{nDamageBase = 0, nDamageRand = 0, nCostMana = 0}, --level 6
	{nDamageBase = 0, nDamageRand = 0, nCostMana = 0}, --level 7
	{nDamageBase = 0, nDamageRand = 0, nCostMana = 0}, --level 8
	{nDamageBase = 0, nDamageRand = 0, nCostMana = 0}, --level 9
	{nDamageBase = 0, nDamageRand = 0, nCostMana = 0}, --level 10
}; nBaseThreat=0; nCostMana=tSkillData[dwSkillLevel].nCostMana; nMinRadius=0 * LENGTH_BASE; nMaxRadius=4 * LENGTH_BASE; nAngleRange=128; nAreaRadius=8 * LENGTH_BASE; nTargetCountLimit=2; nPrepareFrames=0; nChannelFrame=0; nWeaponDamagePercent=0	SKILL_PHYSICS_DAMAGE(1,0); SKILL_PHYSICS_DAMAGE_RAND(1,0); CALL_PHYSICS_DAMAGE(0,1)	L2:nDamageBase=1936 * 0.8,nDamageRand=1936 * 0.4,nCostMana=0; L3:nDamageBase=2300 * 0.8,nDamageRand=2300 * 0.4,nCostMana=0; L4:nDamageBase=0,nDamageRand=0,nCostMana=0
Quest\ACT_浪客行\玩家_聂云残影.lua	nDamageBase=0, nDamageRand = 0, nCostMana = 0}, --level 1
	{nDamageBase = 0, nDamageRand = 0, nCostMana = 0}, --level 2
	{nDamageBase = 0, nDamageRand = 0, nCostMana = 0}, --level 3
	{nDamageBase = 0, nDamageRand = 0, nCostMana = 0}, --level 4
	{nDamageBase = 0, nDamageRand = 0, nCostMana = 0}, --level 5
	{nDamageBase = 0, nDamageRand = 0, nCostMana = 0}, --level 6
	{nDamageBase = 0, nDamageRand = 0, nCostMana = 0}, --level 7
	{nDamageBase = 0, nDamageRand = 0, nCostMana = 0}, --level 8
	{nDamageBase = 0, nDamageRand = 0, nCostMana = 0}, --level 9
	{nDamageBase = 0, nDamageRand = 0, nCostMana = 0}, --level 10
}; nMinRadius=0 * LENGTH_BASE; nMaxRadius=100 * LENGTH_BASE; nAngleRange=256; nAreaRadius=0 * LENGTH_BASE; nTargetCountLimit=2; nPrepareFrames=0; nChannelFrame=0; nWeaponDamagePercent=0	EXECUTE_SCRIPT(1,0)	L2:nDamageBase=0,nDamageRand=0,nCostMana=0; L3:nDamageBase=0,nDamageRand=0,nCostMana=0; L4:nDamageBase=0,nDamageRand=0,nCostMana=0
Quest\ACT_浪客行\词缀_冰封伤害.lua	nDamageBase=484, nDamageRand = 0, nCostMana = 0}, --level 1
	{nDamageBase = 726, nDamageRand = 0, nCostMana = 0}, --level 2
	{nDamageBase = 0, nDamageRand = 0, nCostMana = 0}, --level 3
	{nDamageBase = 0, nDamageRand = 0, nCostMana = 0}, --level 4
	{nDamageBase = 0, nDamageRand = 0, nCostMana = 0}, --level 5
	{nDamageBase = 0, nDamageRand = 0, nCostMana = 0}, --level 6
	{nDamageBase = 0, nDamageRand = 0, nCostMana = 0}, --level 7
	{nDamageBase = 0, nDamageRand = 0, nCostMana = 0}, --level 8
	{nDamageBase = 0, nDamageRand = 0, nCostMana = 0}, --level 9
	{nDamageBase = 0, nDamageRand = 0, nCostMana = 0}, --level 10
}; nBaseThreat=0; nCostMana=tSkillData[dwSkillLevel].nCostMana; nMinRadius=0 * LENGTH_BASE; nMaxRadius=10 * LENGTH_BASE; nAngleRange=256; nAreaRadius=14 * LENGTH_BASE; nTargetCountLimit=- 1; nPrepareFrames=0; nChannelFrame=0; nWeaponDamagePercent=0	SKILL_LUNAR_DAMAGE(0); SKILL_LUNAR_DAMAGE_RAND(0,0); CALL_LUNAR_DAMAGE(0,0); EXECUTE_SCRIPT(1,0)	L2:nDamageBase=484,nDamageRand=0,nCostMana=0; L3:nDamageBase=726,nDamageRand=0,nCostMana=0; L4:nDamageBase=0,nDamageRand=0,nCostMana=0
Quest\ACT_浪客行\词缀_火场伤害.lua	nDamageBase=605, nDamageRand = 0, nCostMana = 0}, --level 1
	{nDamageBase = 968, nDamageRand = 0, nCostMana = 0}, --level 2
	{nDamageBase = 0, nDamageRand = 0, nCostMana = 0}, --level 3
	{nDamageBase = 0, nDamageRand = 0, nCostMana = 0}, --level 4
	{nDamageBase = 0, nDamageRand = 0, nCostMana = 0}, --level 5
	{nDamageBase = 0, nDamageRand = 0, nCostMana = 0}, --level 6
	{nDamageBase = 0, nDamageRand = 0, nCostMana = 0}, --level 7
	{nDamageBase = 0, nDamageRand = 0, nCostMana = 0}, --level 8
	{nDamageBase = 0, nDamageRand = 0, nCostMana = 0}, --level 9
	{nDamageBase = 0, nDamageRand = 0, nCostMana = 0}, --level 10
}; nBaseThreat=0; nCostMana=tSkillData[dwSkillLevel].nCostMana; nMinRadius=0 * LENGTH_BASE; nMaxRadius=10 * LENGTH_BASE; nAngleRange=256; nAreaRadius=5 * LENGTH_BASE; nTargetCountLimit=- 1; nPrepareFrames=0; nChannelFrame=0; nWeaponDamagePercent=0	SKILL_SOLAR_DAMAGE(0); SKILL_SOLAR_DAMAGE_RAND(0,0); CALL_SOLAR_DAMAGE(0,0); EXECUTE_SCRIPT(1,0)	L2:nDamageBase=605,nDamageRand=0,nCostMana=0; L3:nDamageBase=968,nDamageRand=0,nCostMana=0; L4:nDamageBase=0,nDamageRand=0,nCostMana=0
Quest\ACT_浪客行\词缀_火扇伤害.lua	nDamageBase=3026, nDamageRand = 0, nCostMana = 0}, --level 1
	{nDamageBase = 3632, nDamageRand = 0, nCostMana = 0}, --level 2
	{nDamageBase = 4842, nDamageRand = 0, nCostMana = 0}, --level 3
	{nDamageBase = 0, nDamageRand = 0, nCostMana = 0}, --level 4
	{nDamageBase = 0, nDamageRand = 0, nCostMana = 0}, --level 5
	{nDamageBase = 0, nDamageRand = 0, nCostMana = 0}, --level 6
	{nDamageBase = 0, nDamageRand = 0, nCostMana = 0}, --level 7
	{nDamageBase = 0, nDamageRand = 0, nCostMana = 0}, --level 8
	{nDamageBase = 0, nDamageRand = 0, nCostMana = 0}, --level 9
	{nDamageBase = 0, nDamageRand = 0, nCostMana = 0}, --level 10
}; nBaseThreat=0; nCostMana=tSkillData[dwSkillLevel].nCostMana; nMinRadius=0 * LENGTH_BASE; nMaxRadius=10 * LENGTH_BASE; nAngleRange=64; nAreaRadius=10 * LENGTH_BASE; nTargetCountLimit=- 1; nPrepareFrames=0; nChannelFrame=0; nWeaponDamagePercent=0	SKILL_SOLAR_DAMAGE(0); SKILL_SOLAR_DAMAGE_RAND(0,0); CALL_SOLAR_DAMAGE(0,0); EXECUTE_SCRIPT(1,0)	L2:nDamageBase=3026,nDamageRand=0,nCostMana=0; L3:nDamageBase=3632,nDamageRand=0,nCostMana=0; L4:nDamageBase=4842,nDamageRand=0,nCostMana=0
Quest\ACT_浪客行\词缀_雷球伤害.lua	nDamageBase=6537, nDamageRand = 0, nCostMana = 0}, --level 1
	{nDamageBase = 8474, nDamageRand = 0, nCostMana = 0}, --level 2
	{nDamageBase = 10047, nDamageRand = 0, nCostMana = 0}, --level 3
	{nDamageBase = 0, nDamageRand = 0, nCostMana = 0}, --level 4
	{nDamageBase = 0, nDamageRand = 0, nCostMana = 0}, --level 5
	{nDamageBase = 0, nDamageRand = 0, nCostMana = 0}, --level 6
	{nDamageBase = 0, nDamageRand = 0, nCostMana = 0}, --level 7
	{nDamageBase = 0, nDamageRand = 0, nCostMana = 0}, --level 8
	{nDamageBase = 0, nDamageRand = 0, nCostMana = 0}, --level 9
	{nDamageBase = 0, nDamageRand = 0, nCostMana = 0}, --level 10
}; nBaseThreat=0; nCostMana=tSkillData[dwSkillLevel].nCostMana; nMinRadius=0 * LENGTH_BASE; nMaxRadius=10 * LENGTH_BASE; nAngleRange=256; nAreaRadius=15 * LENGTH_BASE; nTargetCountLimit=- 1; nPrepareFrames=0; nChannelFrame=0; nWeaponDamagePercent=0	SKILL_NEUTRAL_DAMAGE(0); SKILL_NEUTRAL_DAMAGE_RAND(0,0); CALL_NEUTRAL_DAMAGE(0,0); EXECUTE_SCRIPT(1,0)	L2:nDamageBase=6537,nDamageRand=0,nCostMana=0; L3:nDamageBase=8474,nDamageRand=0,nCostMana=0; L4:nDamageBase=10047,nDamageRand=0,nCostMana=0
Quest\七夕活动_剑主天地.lua	nCostMana=tSkillData[dwSkillLevel].nCostMana; nMinRadius=0											--技能施放最小半径
	skill.nMaxRadius        = 20 * LENGTH_BASE; nAngleRange=256; nPrepareFrames=0	SKILL_LUNAR_DAMAGE(0); SKILL_LUNAR_DAMAGE_RAND(0,0); CALL_LUNAR_DAMAGE(0,0)	L2:nLunarDamage=142878 * 0.95,nLunarDamageRand=142878 * 0.1,nCostMana=157
Quest\七秀_傲寒真气.lua	nMinRadius=0											--技能施放最小半径
	skill.nMaxRadius        = 5 * LENGTH_BASE; nAngleRange=128; nPrepareFrames=0		
Quest\乱世藏剑阵营日常\天策_渊_动作.lua	nDamageBase=0, nDamageRand = 0, nCostMana = 0}, --level 1
	{nDamageBase = 0, nDamageRand = 0, nCostMana = 0}, --level 2
	{nDamageBase = 0, nDamageRand = 0, nCostMana = 0}, --level 3
	{nDamageBase = 0, nDamageRand = 0, nCostMana = 0}, --level 4
	{nDamageBase = 0, nDamageRand = 0, nCostMana = 0}, --level 5
	{nDamageBase = 0, nDamageRand = 0, nCostMana = 0}, --level 6
	{nDamageBase = 0, nDamageRand = 0, nCostMana = 0}, --level 7
	{nDamageBase = 0, nDamageRand = 0, nCostMana = 0}, --level 8
	{nDamageBase = 0, nDamageRand = 0, nCostMana = 0}, --level 9
	{nDamageBase = 0, nDamageRand = 0, nCostMana = 0}, --level 10
}; nBaseThreat=0; nCostMana=tSkillData[dwSkillLevel].nCostMana; nMinRadius=0 * LENGTH_BASE; nMaxRadius=30 * LENGTH_BASE; nAngleRange=256; nAreaRadius=0 * LENGTH_BASE; nTargetCountLimit=2; nPrepareFrames=0; nChannelFrame=0; nWeaponDamagePercent=0	DASH(120,0); CALL_BUFF(18531,1)	L2:nDamageBase=0,nDamageRand=0,nCostMana=0; L3:nDamageBase=0,nDamageRand=0,nCostMana=0; L4:nDamageBase=0,nDamageRand=0,nCostMana=0
Quest\乱世藏剑阵营日常\天策弟子_渊.lua	nBaseThreat=0; nCostMana=tSkillData[dwSkillLevel].nCostMana; nMinRadius=6 * LENGTH_BASE; nMaxRadius=20 * LENGTH_BASE; nAngleRange=256; nAreaRadius=30 * LENGTH_BASE; nTargetCountLimit=20; nPrepareFrames=0; nChannelFrame=0; nWeaponDamagePercent=0	CALL_BUFF(2790,1); DEL_MULTI_GROUP_BUFF_BY_FUNCTIONTYPE(4,10000); DEL_MULTI_GROUP_BUFF_BY_FUNCTIONTYPE(8,10000); DEL_MULTI_GROUP_BUFF_BY_FUNCTIONTYPE(7,10000); DEL_MULTI_GROUP_BUFF_BY_FUNCTIONTYPE(2,10000); CAST_SKILL_TARGET_DST(25793,1); DASH(120,0); CALL_BUFF_STACK_3(18522,1); CALL_BUFF(2779,1)	
Quest\乱世藏剑阵营日常\藏剑弟子_自己打自己.lua	nDamageBase=0, nDamageRand = 0, nCostMana = 0}, --level 1
	{nDamageBase = 0, nDamageRand = 0, nCostMana = 0}, --level 2
	{nDamageBase = 0, nDamageRand = 0, nCostMana = 0}, --level 3
	{nDamageBase = 0, nDamageRand = 0, nCostMana = 0}, --level 4
	{nDamageBase = 0, nDamageRand = 0, nCostMana = 0}, --level 5
	{nDamageBase = 0, nDamageRand = 0, nCostMana = 0}, --level 6
	{nDamageBase = 0, nDamageRand = 0, nCostMana = 0}, --level 7
	{nDamageBase = 0, nDamageRand = 0, nCostMana = 0}, --level 8
	{nDamageBase = 0, nDamageRand = 0, nCostMana = 0}, --level 9
	{nDamageBase = 0, nDamageRand = 0, nCostMana = 0}, --level 10
}; nBaseThreat=0; nCostMana=tSkillData[dwSkillLevel].nCostMana; nMinRadius=0 * LENGTH_BASE; nMaxRadius=20 * LENGTH_BASE; nAngleRange=256; nAreaRadius=0 * LENGTH_BASE; nTargetCountLimit=2; nPrepareFrames=0; nChannelFrame=0; nWeaponDamagePercent=0		L2:nDamageBase=0,nDamageRand=0,nCostMana=0; L3:nDamageBase=0,nDamageRand=0,nCostMana=0; L4:nDamageBase=0,nDamageRand=0,nCostMana=0
Quest\八旗大蛇_伤害_AOE_10.lua	nDamageBase=30    *0.8, nDamageRand = 30   *0.4, nCostMana = 0},		--level 1
	{nDamageBase = 51    *0.8, nDamageRand = 51   *0.4, nCostMana = 0},		--level 2
	{nDamageBase = 73    *0.8, nDamageRand = 73   *0.4, nCostMana = 0},		--level 3
	{nDamageBase = 106   *0.8, nDamageRand = 106  *0.4, nCostMana = 0},		--level 4
	{nDamageBase = 139   *0.8, nDamageRand = 139  *0.4, nCostMana = 0},		--level 5
	{nDamageBase = 191   *0.8, nDamageRand = 191  *0.4, nCostMana = 0},		--level 6
	{nDamageBase = 228   *0.8, nDamageRand = 228  *0.4, nCostMana = 0},		--level 7
	{nDamageBase = 265   *0.8, nDamageRand = 265  *0.4, nCostMana = 0},		--level 8
	{nDamageBase = 302   *0.8, nDamageRand = 302  *0.4, nCostMana = 0},		--level 9
	{nDamageBase = 307   *0.8, nDamageRand = 307 * 0.4, nCostMana = 0},		--level 10
	{nDamageBase = 376   *0.8, nDamageRand = 376  *0.4, nCostMana = 0},		--level 11
	{nDamageBase = 412   *0.8, nDamageRand = 412  *0.4, nCostMana = 0},		--level 12
	{nDamageBase = 449   *0.8, nDamageRand = 449  *0.4, nCostMana = 0},		--level 13
	{nDamageBase = 486   *0.8, nDamageRand = 486  *0.4, nCostMana = 0},		--level 14
	{nDamageBase = 523   *0.8, nDamageRand = 523  *0.4, nCostMana = 0},		--level 15
	
}; nCostMana=tSkillData[dwSkillLevel].nCostMana; nMinRadius=0 * LENGTH_BASE; nMaxRadius=3 * LENGTH_BASE; nAngleRange=256; nAreaRadius=50 * LENGTH_BASE; nTargetCountLimit=10				-- 技能作用目标数量限制,(小于0 代表目标数量不限制) 
    
    ----------------- 时间相关 -------------------------------------------------
    --skill.nPrepareFrames  	= 0; nChannelFrame=0; nWeaponDamagePercent=0	SKILL_PHYSICS_DAMAGE(0.14,0); SKILL_PHYSICS_DAMAGE_RAND(0.14,0); CALL_PHYSICS_DAMAGE(0,0)	L2:nDamageBase=30    *0.8,nDamageRand=30   *0.4,nCostMana=0; L3:nDamageBase=51    *0.8,nDamageRand=51   *0.4,nCostMana=0; L4:nDamageBase=73    *0.8,nDamageRand=73   *0.4,nCostMana=0
Quest\凌雪阁任务\陷阱机关伤害.lua	nDamageBase=150, nDamageRand = 150, nCostMana = 0}, --level 1
	{nDamageBase = 0, nDamageRand = 0, nCostMana = 0}, --level 2
	{nDamageBase = 0, nDamageRand = 0, nCostMana = 0}, --level 3
	{nDamageBase = 0, nDamageRand = 0, nCostMana = 0}, --level 4
	{nDamageBase = 0, nDamageRand = 0, nCostMana = 0}, --level 5
	{nDamageBase = 0, nDamageRand = 0, nCostMana = 0}, --level 6
	{nDamageBase = 0, nDamageRand = 0, nCostMana = 0}, --level 7
	{nDamageBase = 0, nDamageRand = 0, nCostMana = 0}, --level 8
	{nDamageBase = 0, nDamageRand = 0, nCostMana = 0}, --level 9
	{nDamageBase = 0, nDamageRand = 0, nCostMana = 0}, --level 10
}; nBaseThreat=0; nCostMana=tSkillData[dwSkillLevel].nCostMana; nMinRadius=0 * LENGTH_BASE; nMaxRadius=10 * LENGTH_BASE; nAngleRange=256; nAreaRadius=2 * LENGTH_BASE; nTargetCountLimit=10; nPrepareFrames=0; nChannelFrame=0; nWeaponDamagePercent=4096	EXECUTE_SCRIPT(1,0); SKILL_PHYSICS_DAMAGE(1,0); SKILL_PHYSICS_DAMAGE_RAND(1,0); CALL_PHYSICS_DAMAGE(0,1)	L2:nDamageBase=150,nDamageRand=150,nCostMana=0; L3:nDamageBase=0,nDamageRand=0,nCostMana=0; L4:nDamageBase=0,nDamageRand=0,nCostMana=0
Quest\唐门_重制\横扫千军.lua	nDamageBase=0, nDamageRand = 0, nCostMana = 0}, --level 1
	{nDamageBase = 0, nDamageRand = 0, nCostMana = 0}, --level 2
	{nDamageBase = 0, nDamageRand = 0, nCostMana = 0}, --level 3
	{nDamageBase = 0, nDamageRand = 0, nCostMana = 0}, --level 4
	{nDamageBase = 0, nDamageRand = 0, nCostMana = 0}, --level 5
	{nDamageBase = 0, nDamageRand = 0, nCostMana = 0}, --level 6
	{nDamageBase = 0, nDamageRand = 0, nCostMana = 0}, --level 7
	{nDamageBase = 0, nDamageRand = 0, nCostMana = 0}, --level 8
	{nDamageBase = 0, nDamageRand = 0, nCostMana = 0}, --level 9
	{nDamageBase = 0, nDamageRand = 0, nCostMana = 0}, --level 10
}; nBaseThreat=0; nCostMana=tSkillData[dwSkillLevel].nCostMana; nMinRadius=0 * LENGTH_BASE; nMaxRadius=6 * LENGTH_BASE; nAngleRange=360; nAreaRadius=6 * LENGTH_BASE; nTargetCountLimit=5; nPrepareFrames=0; nChannelFrame=0; nWeaponDamagePercent=-- 武器伤害百分比,对外功伤害有用。填0表示此次外功攻击不计算武器伤害,1024为100%

	return true	EXECUTE_SCRIPT(0)	L2:nDamageBase=0,nDamageRand=0,nCostMana=0; L3:nDamageBase=0,nDamageRand=0,nCostMana=0; L4:nDamageBase=0,nDamageRand=0,nCostMana=0
Quest\唐门_重制\横扫千军子技能.lua	nDamageBase=2000000, nDamageRand = 200000, nCostMana = 0}, --level 1
	{nDamageBase = 0, nDamageRand = 0, nCostMana = 0}, --level 2
	{nDamageBase = 0, nDamageRand = 0, nCostMana = 0}, --level 3
	{nDamageBase = 0, nDamageRand = 0, nCostMana = 0}, --level 4
	{nDamageBase = 0, nDamageRand = 0, nCostMana = 0}, --level 5
	{nDamageBase = 0, nDamageRand = 0, nCostMana = 0}, --level 6
	{nDamageBase = 0, nDamageRand = 0, nCostMana = 0}, --level 7
	{nDamageBase = 0, nDamageRand = 0, nCostMana = 0}, --level 8
	{nDamageBase = 0, nDamageRand = 0, nCostMana = 0}, --level 9
	{nDamageBase = 0, nDamageRand = 0, nCostMana = 0}, --level 10
}; nBaseThreat=0; nCostMana=tSkillData[dwSkillLevel].nCostMana; nMinRadius=0 * LENGTH_BASE; nMaxRadius=6 * LENGTH_BASE; nAngleRange=360; nAreaRadius=6 * LENGTH_BASE; nTargetCountLimit=5; nPrepareFrames=0; nChannelFrame=0; nWeaponDamagePercent=0	SKILL_PHYSICS_DAMAGE(0); SKILL_PHYSICS_DAMAGE_RAND(0,0); CALL_PHYSICS_DAMAGE(0,0)	L2:nDamageBase=2000000,nDamageRand=200000,nCostMana=0; L3:nDamageBase=0,nDamageRand=0,nCostMana=0; L4:nDamageBase=0,nDamageRand=0,nCostMana=0
Quest\天选者_加盾.lua	nDamageBase=0, nDamageRand = 0, nCostMana = 0}, --level 1
	{nDamageBase = 0, nDamageRand = 0, nCostMana = 0}, --level 2
	{nDamageBase = 0, nDamageRand = 0, nCostMana = 0}, --level 3
	{nDamageBase = 0, nDamageRand = 0, nCostMana = 0}, --level 4
	{nDamageBase = 0, nDamageRand = 0, nCostMana = 0}, --level 5
	{nDamageBase = 0, nDamageRand = 0, nCostMana = 0}, --level 6
	{nDamageBase = 0, nDamageRand = 0, nCostMana = 0}, --level 7
	{nDamageBase = 0, nDamageRand = 0, nCostMana = 0}, --level 8
	{nDamageBase = 0, nDamageRand = 0, nCostMana = 0}, --level 9
	{nDamageBase = 0, nDamageRand = 0, nCostMana = 0}, --level 10
}; nBaseThreat=0; nCostMana=tSkillData[dwSkillLevel].nCostMana; nMinRadius=0 * LENGTH_BASE; nMaxRadius=99 * LENGTH_BASE; nAngleRange=256; nAreaRadius=99 * LENGTH_BASE; nTargetCountLimit=2; nPrepareFrames=48; nChannelFrame=0; nWeaponDamagePercent=0		L2:nDamageBase=0,nDamageRand=0,nCostMana=0; L3:nDamageBase=0,nDamageRand=0,nCostMana=0; L4:nDamageBase=0,nDamageRand=0,nCostMana=0
Quest\天选者_龙啸九天.lua	nDamageBase=0, nDamageRand = 0, nCostMana = 0}, --level 1
	{nDamageBase = 0, nDamageRand = 0, nCostMana = 0}, --level 2
	{nDamageBase = 0, nDamageRand = 0, nCostMana = 0}, --level 3
	{nDamageBase = 0, nDamageRand = 0, nCostMana = 0}, --level 4
	{nDamageBase = 0, nDamageRand = 0, nCostMana = 0}, --level 5
	{nDamageBase = 0, nDamageRand = 0, nCostMana = 0}, --level 6
	{nDamageBase = 0, nDamageRand = 0, nCostMana = 0}, --level 7
	{nDamageBase = 0, nDamageRand = 0, nCostMana = 0}, --level 8
	{nDamageBase = 0, nDamageRand = 0, nCostMana = 0}, --level 9
	{nDamageBase = 0, nDamageRand = 0, nCostMana = 0}, --level 10
}; nBaseThreat=0; nCostMana=tSkillData[dwSkillLevel].nCostMana; nMinRadius=0 * LENGTH_BASE; nMaxRadius=10 * LENGTH_BASE; nAngleRange=256; nAreaRadius=10 * LENGTH_BASE; nTargetCountLimit=2; nPrepareFrames=0; nChannelFrame=0; nWeaponDamagePercent=0	CALL_PHYSICS_DAMAGE(176000,1)	L2:nDamageBase=0,nDamageRand=0,nCostMana=0; L3:nDamageBase=0,nDamageRand=0,nCostMana=0; L4:nDamageBase=0,nDamageRand=0,nCostMana=0
Quest\林中小村\选人开打.lua	nDamageBase=0, nDamageRand = 0, nCostMana = 0}, --level 1
	{nDamageBase = 0, nDamageRand = 0, nCostMana = 0}, --level 2
	{nDamageBase = 0, nDamageRand = 0, nCostMana = 0}, --level 3
	{nDamageBase = 0, nDamageRand = 0, nCostMana = 0}, --level 4
	{nDamageBase = 0, nDamageRand = 0, nCostMana = 0}, --level 5
	{nDamageBase = 0, nDamageRand = 0, nCostMana = 0}, --level 6
	{nDamageBase = 0, nDamageRand = 0, nCostMana = 0}, --level 7
	{nDamageBase = 0, nDamageRand = 0, nCostMana = 0}, --level 8
	{nDamageBase = 0, nDamageRand = 0, nCostMana = 0}, --level 9
	{nDamageBase = 0, nDamageRand = 0, nCostMana = 0}, --level 10
}; nBaseThreat=0; nCostMana=tSkillData[dwSkillLevel].nCostMana; nMinRadius=0 * LENGTH_BASE; nMaxRadius=10 * LENGTH_BASE; nAngleRange=256; nAreaRadius=30 * LENGTH_BASE; nTargetCountLimit=- 1; nPrepareFrames=0; nChannelFrame=0; nWeaponDamagePercent=0	EXECUTE_SCRIPT(1,0)	L2:nDamageBase=0,nDamageRand=0,nCostMana=0; L3:nDamageBase=0,nDamageRand=0,nCostMana=0; L4:nDamageBase=0,nDamageRand=0,nCostMana=0
Quest\江湖百态\驭兽_九灵_16265.lua	nDamageBase=0, nDamageRand = 0, nCostMana = 0}, --level 1
	{nDamageBase = 0, nDamageRand = 0, nCostMana = 0}, --level 2
	{nDamageBase = 0, nDamageRand = 0, nCostMana = 0}, --level 3
	{nDamageBase = 0, nDamageRand = 0, nCostMana = 0}, --level 4
	{nDamageBase = 0, nDamageRand = 0, nCostMana = 0}, --level 5
	{nDamageBase = 0, nDamageRand = 0, nCostMana = 0}, --level 6
	{nDamageBase = 0, nDamageRand = 0, nCostMana = 0}, --level 7
	{nDamageBase = 0, nDamageRand = 0, nCostMana = 0}, --level 8
	{nDamageBase = 0, nDamageRand = 0, nCostMana = 0}, --level 9
	{nDamageBase = 0, nDamageRand = 0, nCostMana = 0}, --level 10
}; nBaseThreat=0; nCostMana=tSkillData[dwSkillLevel].nCostMana; nMinRadius=0 * LENGTH_BASE; nMaxRadius=4 * LENGTH_BASE; nAngleRange=256; nAreaRadius=10 * LENGTH_BASE; nTargetCountLimit=1; nPrepareFrames=0; nChannelFrame=0; nWeaponDamagePercent=0	EXECUTE_SCRIPT(16265,0)	L2:nDamageBase=0,nDamageRand=0,nCostMana=0; L3:nDamageBase=0,nDamageRand=0,nCostMana=0; L4:nDamageBase=0,nDamageRand=0,nCostMana=0
Quest\江湖百态\驭兽_九灵_16266.lua	nDamageBase=0, nDamageRand = 0, nCostMana = 0}, --level 1
	{nDamageBase = 0, nDamageRand = 0, nCostMana = 0}, --level 2
	{nDamageBase = 0, nDamageRand = 0, nCostMana = 0}, --level 3
	{nDamageBase = 0, nDamageRand = 0, nCostMana = 0}, --level 4
	{nDamageBase = 0, nDamageRand = 0, nCostMana = 0}, --level 5
	{nDamageBase = 0, nDamageRand = 0, nCostMana = 0}, --level 6
	{nDamageBase = 0, nDamageRand = 0, nCostMana = 0}, --level 7
	{nDamageBase = 0, nDamageRand = 0, nCostMana = 0}, --level 8
	{nDamageBase = 0, nDamageRand = 0, nCostMana = 0}, --level 9
	{nDamageBase = 0, nDamageRand = 0, nCostMana = 0}, --level 10
}; nBaseThreat=0; nCostMana=tSkillData[dwSkillLevel].nCostMana; nMinRadius=0 * LENGTH_BASE; nMaxRadius=4 * LENGTH_BASE; nAngleRange=256; nAreaRadius=10 * LENGTH_BASE; nTargetCountLimit=1; nPrepareFrames=0; nChannelFrame=0; nWeaponDamagePercent=0	EXECUTE_SCRIPT(16266,0)	L2:nDamageBase=0,nDamageRand=0,nCostMana=0; L3:nDamageBase=0,nDamageRand=0,nCostMana=0; L4:nDamageBase=0,nDamageRand=0,nCostMana=0
Quest\江湖百态\驭兽_哈皮_16220.lua	nDamageBase=0, nDamageRand = 0, nCostMana = 0}, --level 1
	{nDamageBase = 0, nDamageRand = 0, nCostMana = 0}, --level 2
	{nDamageBase = 0, nDamageRand = 0, nCostMana = 0}, --level 3
	{nDamageBase = 0, nDamageRand = 0, nCostMana = 0}, --level 4
	{nDamageBase = 0, nDamageRand = 0, nCostMana = 0}, --level 5
	{nDamageBase = 0, nDamageRand = 0, nCostMana = 0}, --level 6
	{nDamageBase = 0, nDamageRand = 0, nCostMana = 0}, --level 7
	{nDamageBase = 0, nDamageRand = 0, nCostMana = 0}, --level 8
	{nDamageBase = 0, nDamageRand = 0, nCostMana = 0}, --level 9
	{nDamageBase = 0, nDamageRand = 0, nCostMana = 0}, --level 10
}; nBaseThreat=0; nCostMana=tSkillData[dwSkillLevel].nCostMana; nMinRadius=0 * LENGTH_BASE; nMaxRadius=4 * LENGTH_BASE; nAngleRange=256; nAreaRadius=10 * LENGTH_BASE; nTargetCountLimit=1; nPrepareFrames=0; nChannelFrame=0; nWeaponDamagePercent=0	EXECUTE_SCRIPT(16220,0)	L2:nDamageBase=0,nDamageRand=0,nCostMana=0; L3:nDamageBase=0,nDamageRand=0,nCostMana=0; L4:nDamageBase=0,nDamageRand=0,nCostMana=0
Quest\江湖百态\驭兽_哈皮_16221.lua	nDamageBase=0, nDamageRand = 0, nCostMana = 0}, --level 1
	{nDamageBase = 0, nDamageRand = 0, nCostMana = 0}, --level 2
	{nDamageBase = 0, nDamageRand = 0, nCostMana = 0}, --level 3
	{nDamageBase = 0, nDamageRand = 0, nCostMana = 0}, --level 4
	{nDamageBase = 0, nDamageRand = 0, nCostMana = 0}, --level 5
	{nDamageBase = 0, nDamageRand = 0, nCostMana = 0}, --level 6
	{nDamageBase = 0, nDamageRand = 0, nCostMana = 0}, --level 7
	{nDamageBase = 0, nDamageRand = 0, nCostMana = 0}, --level 8
	{nDamageBase = 0, nDamageRand = 0, nCostMana = 0}, --level 9
	{nDamageBase = 0, nDamageRand = 0, nCostMana = 0}, --level 10
}; nBaseThreat=0; nCostMana=tSkillData[dwSkillLevel].nCostMana; nMinRadius=0 * LENGTH_BASE; nMaxRadius=4 * LENGTH_BASE; nAngleRange=256; nAreaRadius=10 * LENGTH_BASE; nTargetCountLimit=1; nPrepareFrames=0; nChannelFrame=0; nWeaponDamagePercent=0	EXECUTE_SCRIPT(16221,0)	L2:nDamageBase=0,nDamageRand=0,nCostMana=0; L3:nDamageBase=0,nDamageRand=0,nCostMana=0; L4:nDamageBase=0,nDamageRand=0,nCostMana=0
Quest\江湖百态\驭兽_哈皮_16222.lua	nDamageBase=0, nDamageRand = 0, nCostMana = 0}, --level 1
	{nDamageBase = 0, nDamageRand = 0, nCostMana = 0}, --level 2
	{nDamageBase = 0, nDamageRand = 0, nCostMana = 0}, --level 3
	{nDamageBase = 0, nDamageRand = 0, nCostMana = 0}, --level 4
	{nDamageBase = 0, nDamageRand = 0, nCostMana = 0}, --level 5
	{nDamageBase = 0, nDamageRand = 0, nCostMana = 0}, --level 6
	{nDamageBase = 0, nDamageRand = 0, nCostMana = 0}, --level 7
	{nDamageBase = 0, nDamageRand = 0, nCostMana = 0}, --level 8
	{nDamageBase = 0, nDamageRand = 0, nCostMana = 0}, --level 9
	{nDamageBase = 0, nDamageRand = 0, nCostMana = 0}, --level 10
}; nBaseThreat=0; nCostMana=tSkillData[dwSkillLevel].nCostMana; nMinRadius=0 * LENGTH_BASE; nMaxRadius=4 * LENGTH_BASE; nAngleRange=256; nAreaRadius=10 * LENGTH_BASE; nTargetCountLimit=1; nPrepareFrames=0; nChannelFrame=0; nWeaponDamagePercent=0	EXECUTE_SCRIPT(16222,0)	L2:nDamageBase=0,nDamageRand=0,nCostMana=0; L3:nDamageBase=0,nDamageRand=0,nCostMana=0; L4:nDamageBase=0,nDamageRand=0,nCostMana=0
Quest\江湖百态\驭兽_哼哼_16249.lua	nDamageBase=0, nDamageRand = 0, nCostMana = 0}, --level 1
	{nDamageBase = 0, nDamageRand = 0, nCostMana = 0}, --level 2
	{nDamageBase = 0, nDamageRand = 0, nCostMana = 0}, --level 3
	{nDamageBase = 0, nDamageRand = 0, nCostMana = 0}, --level 4
	{nDamageBase = 0, nDamageRand = 0, nCostMana = 0}, --level 5
	{nDamageBase = 0, nDamageRand = 0, nCostMana = 0}, --level 6
	{nDamageBase = 0, nDamageRand = 0, nCostMana = 0}, --level 7
	{nDamageBase = 0, nDamageRand = 0, nCostMana = 0}, --level 8
	{nDamageBase = 0, nDamageRand = 0, nCostMana = 0}, --level 9
	{nDamageBase = 0, nDamageRand = 0, nCostMana = 0}, --level 10
}; nBaseThreat=0; nCostMana=tSkillData[dwSkillLevel].nCostMana; nMinRadius=0 * LENGTH_BASE; nMaxRadius=4 * LENGTH_BASE; nAngleRange=256; nAreaRadius=10 * LENGTH_BASE; nTargetCountLimit=1; nPrepareFrames=0; nChannelFrame=0; nWeaponDamagePercent=0	EXECUTE_SCRIPT(16249,0)	L2:nDamageBase=0,nDamageRand=0,nCostMana=0; L3:nDamageBase=0,nDamageRand=0,nCostMana=0; L4:nDamageBase=0,nDamageRand=0,nCostMana=0
Quest\江湖百态\驭兽_小果_16211.lua	nDamageBase=0, nDamageRand = 0, nCostMana = 0}, --level 1
	{nDamageBase = 0, nDamageRand = 0, nCostMana = 0}, --level 2
	{nDamageBase = 0, nDamageRand = 0, nCostMana = 0}, --level 3
	{nDamageBase = 0, nDamageRand = 0, nCostMana = 0}, --level 4
	{nDamageBase = 0, nDamageRand = 0, nCostMana = 0}, --level 5
	{nDamageBase = 0, nDamageRand = 0, nCostMana = 0}, --level 6
	{nDamageBase = 0, nDamageRand = 0, nCostMana = 0}, --level 7
	{nDamageBase = 0, nDamageRand = 0, nCostMana = 0}, --level 8
	{nDamageBase = 0, nDamageRand = 0, nCostMana = 0}, --level 9
	{nDamageBase = 0, nDamageRand = 0, nCostMana = 0}, --level 10
}; nBaseThreat=0; nCostMana=tSkillData[dwSkillLevel].nCostMana; nMinRadius=0 * LENGTH_BASE; nMaxRadius=4 * LENGTH_BASE; nAngleRange=256; nAreaRadius=10 * LENGTH_BASE; nTargetCountLimit=1; nPrepareFrames=0; nChannelFrame=0; nWeaponDamagePercent=0	EXECUTE_SCRIPT(16211,0)	L2:nDamageBase=0,nDamageRand=0,nCostMana=0; L3:nDamageBase=0,nDamageRand=0,nCostMana=0; L4:nDamageBase=0,nDamageRand=0,nCostMana=0
Quest\江湖百态\驭兽_小果_16213.lua	nDamageBase=0, nDamageRand = 0, nCostMana = 0}, --level 1
	{nDamageBase = 0, nDamageRand = 0, nCostMana = 0}, --level 2
	{nDamageBase = 0, nDamageRand = 0, nCostMana = 0}, --level 3
	{nDamageBase = 0, nDamageRand = 0, nCostMana = 0}, --level 4
	{nDamageBase = 0, nDamageRand = 0, nCostMana = 0}, --level 5
	{nDamageBase = 0, nDamageRand = 0, nCostMana = 0}, --level 6
	{nDamageBase = 0, nDamageRand = 0, nCostMana = 0}, --level 7
	{nDamageBase = 0, nDamageRand = 0, nCostMana = 0}, --level 8
	{nDamageBase = 0, nDamageRand = 0, nCostMana = 0}, --level 9
	{nDamageBase = 0, nDamageRand = 0, nCostMana = 0}, --level 10
}; nBaseThreat=0; nCostMana=tSkillData[dwSkillLevel].nCostMana; nMinRadius=0 * LENGTH_BASE; nMaxRadius=4 * LENGTH_BASE; nAngleRange=256; nAreaRadius=10 * LENGTH_BASE; nTargetCountLimit=1; nPrepareFrames=0; nChannelFrame=0; nWeaponDamagePercent=0	EXECUTE_SCRIPT(16213,0)	L2:nDamageBase=0,nDamageRand=0,nCostMana=0; L3:nDamageBase=0,nDamageRand=0,nCostMana=0; L4:nDamageBase=0,nDamageRand=0,nCostMana=0
Quest\江湖百态\驭兽_灰狐_16239.lua	nDamageBase=0, nDamageRand = 0, nCostMana = 0}, --level 1
	{nDamageBase = 0, nDamageRand = 0, nCostMana = 0}, --level 2
	{nDamageBase = 0, nDamageRand = 0, nCostMana = 0}, --level 3
	{nDamageBase = 0, nDamageRand = 0, nCostMana = 0}, --level 4
	{nDamageBase = 0, nDamageRand = 0, nCostMana = 0}, --level 5
	{nDamageBase = 0, nDamageRand = 0, nCostMana = 0}, --level 6
	{nDamageBase = 0, nDamageRand = 0, nCostMana = 0}, --level 7
	{nDamageBase = 0, nDamageRand = 0, nCostMana = 0}, --level 8
	{nDamageBase = 0, nDamageRand = 0, nCostMana = 0}, --level 9
	{nDamageBase = 0, nDamageRand = 0, nCostMana = 0}, --level 10
}; nBaseThreat=0; nCostMana=tSkillData[dwSkillLevel].nCostMana; nMinRadius=0 * LENGTH_BASE; nMaxRadius=4 * LENGTH_BASE; nAngleRange=256; nAreaRadius=10 * LENGTH_BASE; nTargetCountLimit=2; nPrepareFrames=0; nChannelFrame=0; nWeaponDamagePercent=0	EXECUTE_SCRIPT(16239,0)	L2:nDamageBase=0,nDamageRand=0,nCostMana=0; L3:nDamageBase=0,nDamageRand=0,nCostMana=0; L4:nDamageBase=0,nDamageRand=0,nCostMana=0
Quest\江湖百态\驭兽_葫芦_16267.lua	nDamageBase=0, nDamageRand = 0, nCostMana = 0}, --level 1
	{nDamageBase = 0, nDamageRand = 0, nCostMana = 0}, --level 2
	{nDamageBase = 0, nDamageRand = 0, nCostMana = 0}, --level 3
	{nDamageBase = 0, nDamageRand = 0, nCostMana = 0}, --level 4
	{nDamageBase = 0, nDamageRand = 0, nCostMana = 0}, --level 5
	{nDamageBase = 0, nDamageRand = 0, nCostMana = 0}, --level 6
	{nDamageBase = 0, nDamageRand = 0, nCostMana = 0}, --level 7
	{nDamageBase = 0, nDamageRand = 0, nCostMana = 0}, --level 8
	{nDamageBase = 0, nDamageRand = 0, nCostMana = 0}, --level 9
	{nDamageBase = 0, nDamageRand = 0, nCostMana = 0}, --level 10
}; nBaseThreat=0; nCostMana=tSkillData[dwSkillLevel].nCostMana; nMinRadius=0 * LENGTH_BASE; nMaxRadius=4 * LENGTH_BASE; nAngleRange=256; nAreaRadius=10 * LENGTH_BASE; nTargetCountLimit=1; nPrepareFrames=0; nChannelFrame=0; nWeaponDamagePercent=0	EXECUTE_SCRIPT(16267,0)	L2:nDamageBase=0,nDamageRand=0,nCostMana=0; L3:nDamageBase=0,nDamageRand=0,nCostMana=0; L4:nDamageBase=0,nDamageRand=0,nCostMana=0
Quest\润扬任务\PQ357_黄七_多点圆形伤害蓄力.lua	nDamageBase=0, nDamageRand = 0, nCostMana = 0}, --level 1
	{nDamageBase = 0, nDamageRand = 0, nCostMana = 0}, --level 2
	{nDamageBase = 0, nDamageRand = 0, nCostMana = 0}, --level 3
	{nDamageBase = 0, nDamageRand = 0, nCostMana = 0}, --level 4
	{nDamageBase = 0, nDamageRand = 0, nCostMana = 0}, --level 5
	{nDamageBase = 0, nDamageRand = 0, nCostMana = 0}, --level 6
	{nDamageBase = 0, nDamageRand = 0, nCostMana = 0}, --level 7
	{nDamageBase = 0, nDamageRand = 0, nCostMana = 0}, --level 8
	{nDamageBase = 0, nDamageRand = 0, nCostMana = 0}, --level 9
	{nDamageBase = 0, nDamageRand = 0, nCostMana = 0}, --level 10
}; nBaseThreat=0; nCostMana=tSkillData[dwSkillLevel].nCostMana; nMinRadius=0 * LENGTH_BASE; nMaxRadius=200 * LENGTH_BASE; nAngleRange=256; nAreaRadius=4 * LENGTH_BASE; nTargetCountLimit=50; nPrepareFrames=48; nChannelFrame=0; nWeaponDamagePercent=0	EXECUTE_SCRIPT(357,0)	L2:nDamageBase=0,nDamageRand=0,nCostMana=0; L3:nDamageBase=0,nDamageRand=0,nCostMana=0; L4:nDamageBase=0,nDamageRand=0,nCostMana=0
Quest\润扬任务\PQ405_BOSS_持续圆形伤害.lua	nDamageBase=0, nDamageRand = 0, nCostMana = 0, nKnockOffHeight = 6, nVelocityXY = 1}, --level 1
	{nDamageBase = 0, nDamageRand = 0, nCostMana = 0, nKnockOffHeight = 0, nVelocityXY = 1}, --level 2
	{nDamageBase = 0, nDamageRand = 0, nCostMana = 0, nKnockOffHeight = 0, nVelocityXY = 1}, --level 3
	{nDamageBase = 0, nDamageRand = 0, nCostMana = 0, nKnockOffHeight = 0, nVelocityXY = 1}, --level 4
	{nDamageBase = 0, nDamageRand = 0, nCostMana = 0, nKnockOffHeight = 0, nVelocityXY = 1}, --level 5
	{nDamageBase = 0, nDamageRand = 0, nCostMana = 0, nKnockOffHeight = 0, nVelocityXY = 1}, --level 6
	{nDamageBase = 0, nDamageRand = 0, nCostMana = 0, nKnockOffHeight = 0, nVelocityXY = 1}, --level 7
	{nDamageBase = 0, nDamageRand = 0, nCostMana = 0, nKnockOffHeight = 0, nVelocityXY = 1}, --level 8
	{nDamageBase = 0, nDamageRand = 0, nCostMana = 0, nKnockOffHeight = 0, nVelocityXY = 1}, --level 9
	{nDamageBase = 0, nDamageRand = 0, nCostMana = 0, nKnockOffHeight = 0, nVelocityXY = 1}, --level 10
}; nBaseThreat=0; nCostMana=tSkillData[dwSkillLevel].nCostMana; nMinRadius=0 * LENGTH_BASE; nMaxRadius=200 * LENGTH_BASE; nAngleRange=256; nAreaRadius=6 * LENGTH_BASE; nTargetCountLimit=50; nPrepareFrames=48; nChannelFrame=0; nWeaponDamagePercent=256	CALL_PHYSICS_DAMAGE(0,0)	L2:nDamageBase=0,nDamageRand=0,nCostMana=0,nKnockOffHeight=6,nVelocityXY=1; L3:nDamageBase=0,nDamageRand=0,nCostMana=0,nKnockOffHeight=0,nVelocityXY=1; L4:nDamageBase=0,nDamageRand=0,nCostMana=0,nKnockOffHeight=0,nVelocityXY=1
Quest\润扬任务\PQ405_BOSS_放置圆形伤害.lua	nDamageBase=0, nDamageRand = 0, nCostMana = 0, nKnockOffHeight = 6, nVelocityXY = 1}, --level 1
	{nDamageBase = 0, nDamageRand = 0, nCostMana = 0, nKnockOffHeight = 0, nVelocityXY = 1}, --level 2
	{nDamageBase = 0, nDamageRand = 0, nCostMana = 0, nKnockOffHeight = 0, nVelocityXY = 1}, --level 3
	{nDamageBase = 0, nDamageRand = 0, nCostMana = 0, nKnockOffHeight = 0, nVelocityXY = 1}, --level 4
	{nDamageBase = 0, nDamageRand = 0, nCostMana = 0, nKnockOffHeight = 0, nVelocityXY = 1}, --level 5
	{nDamageBase = 0, nDamageRand = 0, nCostMana = 0, nKnockOffHeight = 0, nVelocityXY = 1}, --level 6
	{nDamageBase = 0, nDamageRand = 0, nCostMana = 0, nKnockOffHeight = 0, nVelocityXY = 1}, --level 7
	{nDamageBase = 0, nDamageRand = 0, nCostMana = 0, nKnockOffHeight = 0, nVelocityXY = 1}, --level 8
	{nDamageBase = 0, nDamageRand = 0, nCostMana = 0, nKnockOffHeight = 0, nVelocityXY = 1}, --level 9
	{nDamageBase = 0, nDamageRand = 0, nCostMana = 0, nKnockOffHeight = 0, nVelocityXY = 1}, --level 10
}; nBaseThreat=0; nCostMana=tSkillData[dwSkillLevel].nCostMana; nMinRadius=0 * LENGTH_BASE; nMaxRadius=200 * LENGTH_BASE; nAngleRange=256; nAreaRadius=6 * LENGTH_BASE; nTargetCountLimit=50; nPrepareFrames=48; nChannelFrame=0; nWeaponDamagePercent=1280	CALL_PHYSICS_DAMAGE(0,0)	L2:nDamageBase=0,nDamageRand=0,nCostMana=0,nKnockOffHeight=6,nVelocityXY=1; L3:nDamageBase=0,nDamageRand=0,nCostMana=0,nKnockOffHeight=0,nVelocityXY=1; L4:nDamageBase=0,nDamageRand=0,nCostMana=0,nKnockOffHeight=0,nVelocityXY=1
Quest\润扬任务\PQ405_BOSS_放置圆形吟唱.lua	nDamageBase=0, nDamageRand = 0, nCostMana = 0}, --level 1
	{nDamageBase = 0, nDamageRand = 0, nCostMana = 0}, --level 2
	{nDamageBase = 0, nDamageRand = 0, nCostMana = 0}, --level 3
	{nDamageBase = 0, nDamageRand = 0, nCostMana = 0}, --level 4
	{nDamageBase = 0, nDamageRand = 0, nCostMana = 0}, --level 5
	{nDamageBase = 0, nDamageRand = 0, nCostMana = 0}, --level 6
	{nDamageBase = 0, nDamageRand = 0, nCostMana = 0}, --level 7
	{nDamageBase = 0, nDamageRand = 0, nCostMana = 0}, --level 8
	{nDamageBase = 0, nDamageRand = 0, nCostMana = 0}, --level 9
	{nDamageBase = 0, nDamageRand = 0, nCostMana = 0}, --level 10
}; nBaseThreat=0; nCostMana=tSkillData[dwSkillLevel].nCostMana; nMinRadius=0 * LENGTH_BASE; nMaxRadius=200 * LENGTH_BASE; nAngleRange=256; nAreaRadius=6 * LENGTH_BASE; nTargetCountLimit=50; nPrepareFrames=32; nChannelFrame=0; nWeaponDamagePercent=0	EXECUTE_SCRIPT(357,-0)	L2:nDamageBase=0,nDamageRand=0,nCostMana=0; L3:nDamageBase=0,nDamageRand=0,nCostMana=0; L4:nDamageBase=0,nDamageRand=0,nCostMana=0
Quest\润扬任务\PQ405_BOSS_放置矩形伤害.lua	nDamageBase=0, nDamageRand = 0, nCostMana = 0}, --level 1
	{nDamageBase = 0, nDamageRand = 0, nCostMana = 0}, --level 2
	{nDamageBase = 0, nDamageRand = 0, nCostMana = 0}, --level 3
	{nDamageBase = 0, nDamageRand = 0, nCostMana = 0}, --level 4
	{nDamageBase = 0, nDamageRand = 0, nCostMana = 0}, --level 5
	{nDamageBase = 0, nDamageRand = 0, nCostMana = 0}, --level 6
	{nDamageBase = 0, nDamageRand = 0, nCostMana = 0}, --level 7
	{nDamageBase = 0, nDamageRand = 0, nCostMana = 0}, --level 8
	{nDamageBase = 0, nDamageRand = 0, nCostMana = 0}, --level 9
	{nDamageBase = 0, nDamageRand = 0, nCostMana = 0}, --level 10
}; nBaseThreat=0; nCostMana=tSkillData[dwSkillLevel].nCostMana; nMinRadius=0 * LENGTH_BASE; nMaxRadius=200 * LENGTH_BASE; nAngleRange=256; nAreaRadius=16 * LENGTH_BASE; nTargetCountLimit=50; nPrepareFrames=48; nChannelFrame=0; nWeaponDamagePercent=1024	CALL_PHYSICS_DAMAGE(0,0)	L2:nDamageBase=0,nDamageRand=0,nCostMana=0; L3:nDamageBase=0,nDamageRand=0,nCostMana=0; L4:nDamageBase=0,nDamageRand=0,nCostMana=0
Quest\润扬任务\PQ405_BOSS_放置矩形吟唱.lua	nDamageBase=0, nDamageRand = 0, nCostMana = 0}, --level 1
	{nDamageBase = 0, nDamageRand = 0, nCostMana = 0}, --level 2
	{nDamageBase = 0, nDamageRand = 0, nCostMana = 0}, --level 3
	{nDamageBase = 0, nDamageRand = 0, nCostMana = 0}, --level 4
	{nDamageBase = 0, nDamageRand = 0, nCostMana = 0}, --level 5
	{nDamageBase = 0, nDamageRand = 0, nCostMana = 0}, --level 6
	{nDamageBase = 0, nDamageRand = 0, nCostMana = 0}, --level 7
	{nDamageBase = 0, nDamageRand = 0, nCostMana = 0}, --level 8
	{nDamageBase = 0, nDamageRand = 0, nCostMana = 0}, --level 9
	{nDamageBase = 0, nDamageRand = 0, nCostMana = 0}, --level 10
}; nBaseThreat=0; nCostMana=tSkillData[dwSkillLevel].nCostMana; nMinRadius=0 * LENGTH_BASE; nMaxRadius=200 * LENGTH_BASE; nAngleRange=256; nAreaRadius=6 * LENGTH_BASE; nTargetCountLimit=50; nPrepareFrames=32; nChannelFrame=0; nWeaponDamagePercent=0	EXECUTE_SCRIPT(357,-0)	L2:nDamageBase=0,nDamageRand=0,nCostMana=0; L3:nDamageBase=0,nDamageRand=0,nCostMana=0; L4:nDamageBase=0,nDamageRand=0,nCostMana=0
Quest\润扬任务\PQ405_BOSS_蓄力圆形伤害.lua	nDamageBase=0, nDamageRand = 0, nCostMana = 0}, --level 1
	{nDamageBase = 0, nDamageRand = 0, nCostMana = 0}, --level 2
	{nDamageBase = 0, nDamageRand = 0, nCostMana = 0}, --level 3
	{nDamageBase = 0, nDamageRand = 0, nCostMana = 0}, --level 4
	{nDamageBase = 0, nDamageRand = 0, nCostMana = 0}, --level 5
	{nDamageBase = 0, nDamageRand = 0, nCostMana = 0}, --level 6
	{nDamageBase = 0, nDamageRand = 0, nCostMana = 0}, --level 7
	{nDamageBase = 0, nDamageRand = 0, nCostMana = 0}, --level 8
	{nDamageBase = 0, nDamageRand = 0, nCostMana = 0}, --level 9
	{nDamageBase = 0, nDamageRand = 0, nCostMana = 0}, --level 10
}; nBaseThreat=0; nCostMana=tSkillData[dwSkillLevel].nCostMana; nMinRadius=0 * LENGTH_BASE; nMaxRadius=30 * LENGTH_BASE; nAngleRange=256; nAreaRadius=30 * LENGTH_BASE; nTargetCountLimit=200; nPrepareFrames=48; nChannelFrame=0; nWeaponDamagePercent=896	CALL_PHYSICS_DAMAGE(0,0)	L2:nDamageBase=0,nDamageRand=0,nCostMana=0; L3:nDamageBase=0,nDamageRand=0,nCostMana=0; L4:nDamageBase=0,nDamageRand=0,nCostMana=0
Quest\润扬任务\PQ405_BOSS_链状表现.lua	nDamageBase=0, nDamageRand = 0, nCostMana = 0}, --level 1
	{nDamageBase = 0, nDamageRand = 0, nCostMana = 0}, --level 2
	{nDamageBase = 0, nDamageRand = 0, nCostMana = 0}, --level 3
	{nDamageBase = 0, nDamageRand = 0, nCostMana = 0}, --level 4
	{nDamageBase = 0, nDamageRand = 0, nCostMana = 0}, --level 5
	{nDamageBase = 0, nDamageRand = 0, nCostMana = 0}, --level 6
	{nDamageBase = 0, nDamageRand = 0, nCostMana = 0}, --level 7
	{nDamageBase = 0, nDamageRand = 0, nCostMana = 0}, --level 8
	{nDamageBase = 0, nDamageRand = 0, nCostMana = 0}, --level 9
	{nDamageBase = 0, nDamageRand = 0, nCostMana = 0}, --level 10
}; nBaseThreat=0; nCostMana=tSkillData[dwSkillLevel].nCostMana; nMinRadius=0 * LENGTH_BASE; nMaxRadius=150 * LENGTH_BASE; nAngleRange=256; nAreaRadius=150 * LENGTH_BASE; nTargetCountLimit=2; nPrepareFrames=0; nChannelFrame=0; nWeaponDamagePercent=0		L2:nDamageBase=0,nDamageRand=0,nCostMana=0; L3:nDamageBase=0,nDamageRand=0,nCostMana=0; L4:nDamageBase=0,nDamageRand=0,nCostMana=0
Quest\烂柯山\事件\PQ361BOSS_扇形AOE.lua	nDamageBase=140000, nDamageRand = 10000, nCostMana = 0}, --level 1
	{nDamageBase = 0, nDamageRand = 0, nCostMana = 0}, --level 2
	{nDamageBase = 0, nDamageRand = 0, nCostMana = 0}, --level 3
	{nDamageBase = 0, nDamageRand = 0, nCostMana = 0}, --level 4
	{nDamageBase = 0, nDamageRand = 0, nCostMana = 0}, --level 5
	{nDamageBase = 0, nDamageRand = 0, nCostMana = 0}, --level 6
	{nDamageBase = 0, nDamageRand = 0, nCostMana = 0}, --level 7
	{nDamageBase = 0, nDamageRand = 0, nCostMana = 0}, --level 8
	{nDamageBase = 0, nDamageRand = 0, nCostMana = 0}, --level 9
	{nDamageBase = 0, nDamageRand = 0, nCostMana = 0}, --level 10
}; nCostMana=tSkillData[dwSkillLevel].nCostMana; nMinRadius=0 * LENGTH_BASE; nMaxRadius=30 * LENGTH_BASE; nAngleRange=128; nAreaRadius=30 * LENGTH_BASE; nTargetCountLimit=50; nPrepareFrames=32; nChannelFrame=0; nWeaponDamagePercent=0	SKILL_PHYSICS_DAMAGE(0); SKILL_PHYSICS_DAMAGE_RAND(0,0); CALL_PHYSICS_DAMAGE(0,0)	L2:nDamageBase=140000,nDamageRand=10000,nCostMana=0; L3:nDamageBase=0,nDamageRand=0,nCostMana=0; L4:nDamageBase=0,nDamageRand=0,nCostMana=0
Quest\烂柯山\事件\PQ361BOSS_矩形AOE1号.lua	nDamageBase=50000, nDamageRand = 10000, nCostMana = 0}, --level 1
	{nDamageBase = 0, nDamageRand = 0, nCostMana = 0}, --level 2
	{nDamageBase = 0, nDamageRand = 0, nCostMana = 0}, --level 3
	{nDamageBase = 0, nDamageRand = 0, nCostMana = 0}, --level 4
	{nDamageBase = 0, nDamageRand = 0, nCostMana = 0}, --level 5
	{nDamageBase = 0, nDamageRand = 0, nCostMana = 0}, --level 6
	{nDamageBase = 0, nDamageRand = 0, nCostMana = 0}, --level 7
	{nDamageBase = 0, nDamageRand = 0, nCostMana = 0}, --level 8
	{nDamageBase = 0, nDamageRand = 0, nCostMana = 0}, --level 9
	{nDamageBase = 0, nDamageRand = 0, nCostMana = 0}, --level 10
}; nCostMana=tSkillData[dwSkillLevel].nCostMana; nMinRadius=0 * LENGTH_BASE; nMaxRadius=30 * LENGTH_BASE; nAngleRange=256; nAreaRadius=4 * LENGTH_BASE; nTargetCountLimit=50; nPrepareFrames=32; nChannelFrame=0; nWeaponDamagePercent=0	SKILL_PHYSICS_DAMAGE(0); SKILL_PHYSICS_DAMAGE_RAND(0,0); CALL_PHYSICS_DAMAGE(0,0)	L2:nDamageBase=50000,nDamageRand=10000,nCostMana=0; L3:nDamageBase=0,nDamageRand=0,nCostMana=0; L4:nDamageBase=0,nDamageRand=0,nCostMana=0
Quest\烂柯山\事件\PQ361BOSS_矩形AOE2号.lua	nDamageBase=50000, nDamageRand = 10000, nCostMana = 0}, --level 1
	{nDamageBase = 0, nDamageRand = 0, nCostMana = 0}, --level 2
	{nDamageBase = 0, nDamageRand = 0, nCostMana = 0}, --level 3
	{nDamageBase = 0, nDamageRand = 0, nCostMana = 0}, --level 4
	{nDamageBase = 0, nDamageRand = 0, nCostMana = 0}, --level 5
	{nDamageBase = 0, nDamageRand = 0, nCostMana = 0}, --level 6
	{nDamageBase = 0, nDamageRand = 0, nCostMana = 0}, --level 7
	{nDamageBase = 0, nDamageRand = 0, nCostMana = 0}, --level 8
	{nDamageBase = 0, nDamageRand = 0, nCostMana = 0}, --level 9
	{nDamageBase = 0, nDamageRand = 0, nCostMana = 0}, --level 10
}; nCostMana=tSkillData[dwSkillLevel].nCostMana; nMinRadius=0 * LENGTH_BASE; nMaxRadius=30 * LENGTH_BASE; nAngleRange=256; nAreaRadius=12 * LENGTH_BASE; nTargetCountLimit=50; nPrepareFrames=32; nChannelFrame=0; nWeaponDamagePercent=0	SKILL_PHYSICS_DAMAGE(0); SKILL_PHYSICS_DAMAGE_RAND(0,0); CALL_PHYSICS_DAMAGE(0,0)	L2:nDamageBase=50000,nDamageRand=10000,nCostMana=0; L3:nDamageBase=0,nDamageRand=0,nCostMana=0; L4:nDamageBase=0,nDamageRand=0,nCostMana=0
Quest\烂柯山\事件\PQ361BOSS_矩形AOE3号.lua	nDamageBase=50000, nDamageRand = 10000, nCostMana = 0}, --level 1
	{nDamageBase = 0, nDamageRand = 0, nCostMana = 0}, --level 2
	{nDamageBase = 0, nDamageRand = 0, nCostMana = 0}, --level 3
	{nDamageBase = 0, nDamageRand = 0, nCostMana = 0}, --level 4
	{nDamageBase = 0, nDamageRand = 0, nCostMana = 0}, --level 5
	{nDamageBase = 0, nDamageRand = 0, nCostMana = 0}, --level 6
	{nDamageBase = 0, nDamageRand = 0, nCostMana = 0}, --level 7
	{nDamageBase = 0, nDamageRand = 0, nCostMana = 0}, --level 8
	{nDamageBase = 0, nDamageRand = 0, nCostMana = 0}, --level 9
	{nDamageBase = 0, nDamageRand = 0, nCostMana = 0}, --level 10
}; nCostMana=tSkillData[dwSkillLevel].nCostMana; nMinRadius=0 * LENGTH_BASE; nMaxRadius=30 * LENGTH_BASE; nAngleRange=256; nAreaRadius=28 * LENGTH_BASE; nTargetCountLimit=50; nPrepareFrames=32; nChannelFrame=0; nWeaponDamagePercent=0	SKILL_PHYSICS_DAMAGE(0); SKILL_PHYSICS_DAMAGE_RAND(0,0); CALL_PHYSICS_DAMAGE(0,0)	L2:nDamageBase=50000,nDamageRand=10000,nCostMana=0; L3:nDamageBase=0,nDamageRand=0,nCostMana=0; L4:nDamageBase=0,nDamageRand=0,nCostMana=0
Quest\烂柯山\事件\PQ361BOSS_矩形读条表现.lua	nDamageBase=0, nDamageRand = 0, nCostMana = 0}, --level 1
	{nDamageBase = 0, nDamageRand = 0, nCostMana = 0}, --level 2
	{nDamageBase = 0, nDamageRand = 0, nCostMana = 0}, --level 3
	{nDamageBase = 0, nDamageRand = 0, nCostMana = 0}, --level 4
	{nDamageBase = 0, nDamageRand = 0, nCostMana = 0}, --level 5
	{nDamageBase = 0, nDamageRand = 0, nCostMana = 0}, --level 6
	{nDamageBase = 0, nDamageRand = 0, nCostMana = 0}, --level 7
	{nDamageBase = 0, nDamageRand = 0, nCostMana = 0}, --level 8
	{nDamageBase = 0, nDamageRand = 0, nCostMana = 0}, --level 9
	{nDamageBase = 0, nDamageRand = 0, nCostMana = 0}, --level 10
}; nCostMana=tSkillData[dwSkillLevel].nCostMana; nMinRadius=0 * LENGTH_BASE; nMaxRadius=30 * LENGTH_BASE; nAngleRange=256; nAreaRadius=30 * LENGTH_BASE; nTargetCountLimit=1; nPrepareFrames=32; nChannelFrame=0; nWeaponDamagePercent=0		L2:nDamageBase=0,nDamageRand=0,nCostMana=0; L3:nDamageBase=0,nDamageRand=0,nCostMana=0; L4:nDamageBase=0,nDamageRand=0,nCostMana=0
Quest\烂柯山\事件\PQ395_圆形AOE.lua	nDamageBase=130000, nDamageRand = 20000, nCostMana = 0}, --level 1
	{nDamageBase = 0, nDamageRand = 0, nCostMana = 0}, --level 2
	{nDamageBase = 0, nDamageRand = 0, nCostMana = 0}, --level 3
	{nDamageBase = 0, nDamageRand = 0, nCostMana = 0}, --level 4
	{nDamageBase = 0, nDamageRand = 0, nCostMana = 0}, --level 5
	{nDamageBase = 0, nDamageRand = 0, nCostMana = 0}, --level 6
	{nDamageBase = 0, nDamageRand = 0, nCostMana = 0}, --level 7
	{nDamageBase = 0, nDamageRand = 0, nCostMana = 0}, --level 8
	{nDamageBase = 0, nDamageRand = 0, nCostMana = 0}, --level 9
	{nDamageBase = 0, nDamageRand = 0, nCostMana = 0}, --level 10
}; nCostMana=tSkillData[dwSkillLevel].nCostMana; nMinRadius=0 * LENGTH_BASE; nMaxRadius=30 * LENGTH_BASE; nAngleRange=256; nAreaRadius=3 * LENGTH_BASE; nTargetCountLimit=10; nPrepareFrames=32; nChannelFrame=0; nWeaponDamagePercent=0	SKILL_LUNAR_DAMAGE(0); SKILL_LUNAR_DAMAGE_RAND(0,0); CALL_LUNAR_DAMAGE(0,0)	L2:nDamageBase=130000,nDamageRand=20000,nCostMana=0; L3:nDamageBase=0,nDamageRand=0,nCostMana=0; L4:nDamageBase=0,nDamageRand=0,nCostMana=0
Quest\烂柯山\事件\PQ395_扇形AOE.lua	nDamageBase=200000, nDamageRand = 100000, nCostMana = 0}, --level 1
	{nDamageBase = 0, nDamageRand = 0, nCostMana = 0}, --level 2
	{nDamageBase = 0, nDamageRand = 0, nCostMana = 0}, --level 3
	{nDamageBase = 0, nDamageRand = 0, nCostMana = 0}, --level 4
	{nDamageBase = 0, nDamageRand = 0, nCostMana = 0}, --level 5
	{nDamageBase = 0, nDamageRand = 0, nCostMana = 0}, --level 6
	{nDamageBase = 0, nDamageRand = 0, nCostMana = 0}, --level 7
	{nDamageBase = 0, nDamageRand = 0, nCostMana = 0}, --level 8
	{nDamageBase = 0, nDamageRand = 0, nCostMana = 0}, --level 9
	{nDamageBase = 0, nDamageRand = 0, nCostMana = 0}, --level 10
}; nCostMana=tSkillData[dwSkillLevel].nCostMana; nMinRadius=0 * LENGTH_BASE; nMaxRadius=40 * LENGTH_BASE; nAngleRange=85; nAreaRadius=30 * LENGTH_BASE; nTargetCountLimit=10; nPrepareFrames=32; nChannelFrame=0; nWeaponDamagePercent=0	SKILL_LUNAR_DAMAGE(0); SKILL_LUNAR_DAMAGE_RAND(0); CALL_LUNAR_DAMAGE(0,0)	L2:nDamageBase=200000,nDamageRand=100000,nCostMana=0; L3:nDamageBase=0,nDamageRand=0,nCostMana=0; L4:nDamageBase=0,nDamageRand=0,nCostMana=0
Quest\烂柯山\事件\PQ395_拉人伤害.lua	nDamageBase=50000, nDamageRand = 5000, nCostMana = 0,}, --level 1
	{nDamageBase = 0, nDamageRand = 0, nCostMana = 0,}, --level 2
	{nDamageBase = 0, nDamageRand = 0, nCostMana = 0,}, --level 3
	{nDamageBase = 0, nDamageRand = 0, nCostMana = 0,}, --level 4
	{nDamageBase = 0, nDamageRand = 0, nCostMana = 0,}, --level 5
	{nDamageBase = 0, nDamageRand = 0, nCostMana = 0,}, --level 6
	{nDamageBase = 0, nDamageRand = 0, nCostMana = 0,}, --level 7
	{nDamageBase = 0, nDamageRand = 0, nCostMana = 0,}, --level 8
	{nDamageBase = 0, nDamageRand = 0, nCostMana = 0,}, --level 9
	{nDamageBase = 0, nDamageRand = 0, nCostMana = 0,}, --level 10
}; nCostMana=tSkillData[dwSkillLevel].nCostMana; nMinRadius=0 * LENGTH_BASE; nMaxRadius=40 * LENGTH_BASE; nAngleRange=256; nAreaRadius=40 * LENGTH_BASE; nTargetCountLimit=1; nPrepareFrames=32; nChannelFrame=0; nWeaponDamagePercent=0	SKILL_LUNAR_DAMAGE(0); SKILL_LUNAR_DAMAGE_RAND(0); CALL_LUNAR_DAMAGE(0,0)	L2:nDamageBase=50000,nDamageRand=5000,nCostMana=0; L3:nDamageBase=0,nDamageRand=0,nCostMana=0; L4:nDamageBase=0,nDamageRand=0,nCostMana=0
Quest\烂柯山\事件\PQ395_普攻.lua	nDamageBase=3000, nDamageRand = 1000, nCostMana = 0}, --level 1
	{nDamageBase = 0, nDamageRand = 0, nCostMana = 0}, --level 2
	{nDamageBase = 0, nDamageRand = 0, nCostMana = 0}, --level 3
	{nDamageBase = 0, nDamageRand = 0, nCostMana = 0}, --level 4
	{nDamageBase = 0, nDamageRand = 0, nCostMana = 0}, --level 5
	{nDamageBase = 0, nDamageRand = 0, nCostMana = 0}, --level 6
	{nDamageBase = 0, nDamageRand = 0, nCostMana = 0}, --level 7
	{nDamageBase = 0, nDamageRand = 0, nCostMana = 0}, --level 8
	{nDamageBase = 0, nDamageRand = 0, nCostMana = 0}, --level 9
	{nDamageBase = 0, nDamageRand = 0, nCostMana = 0}, --level 10
}; nCostMana=tSkillData[dwSkillLevel].nCostMana; nMinRadius=0 * LENGTH_BASE; nMaxRadius=40 * LENGTH_BASE; nAngleRange=256; nAreaRadius=40 * LENGTH_BASE; nTargetCountLimit=1; nPrepareFrames=32; nChannelFrame=0; nWeaponDamagePercent=0	SKILL_LUNAR_DAMAGE(0); SKILL_LUNAR_DAMAGE_RAND(0,0); CALL_LUNAR_DAMAGE(0,0)	L2:nDamageBase=3000,nDamageRand=1000,nCostMana=0; L3:nDamageBase=0,nDamageRand=0,nCostMana=0; L4:nDamageBase=0,nDamageRand=0,nCostMana=0
Quest\节日冬至\段树_引窍.lua	nDamageBase=5000, nDamageRand = 0, nCostMana = 0}, --level 1
	{nDamageBase = 2000, nDamageRand = 0, nCostMana = 0}, --level 2
	{nDamageBase = 2000, nDamageRand = 0, nCostMana = 0}, --level 3
	{nDamageBase = 2000, nDamageRand = 0, nCostMana = 0}, --level 4
	{nDamageBase = 0, nDamageRand = 0, nCostMana = 0}, --level 5
	{nDamageBase = 0, nDamageRand = 0, nCostMana = 0}, --level 6
	{nDamageBase = 0, nDamageRand = 0, nCostMana = 0}, --level 7
	{nDamageBase = 0, nDamageRand = 0, nCostMana = 0}, --level 8
	{nDamageBase = 0, nDamageRand = 0, nCostMana = 0}, --level 9
	{nDamageBase = 0, nDamageRand = 0, nCostMana = 0}, --level 10
}; nBaseThreat=0; nCostMana=tSkillData[dwSkillLevel].nCostMana; nMinRadius=0 * LENGTH_BASE; nMaxRadius=25 * LENGTH_BASE; nAngleRange=256; nAreaRadius=6 * LENGTH_BASE; nTargetCountLimit=1; nPrepareFrames=24; nChannelFrame=0; nWeaponDamagePercent=0	SKILL_NEUTRAL_DAMAGE(1,0); SKILL_NEUTRAL_DAMAGE_RAND(1,0); CALL_NEUTRAL_DAMAGE(0,1); EXECUTE_SCRIPT(0)	L2:nDamageBase=5000,nDamageRand=0,nCostMana=0; L3:nDamageBase=2000,nDamageRand=0,nCostMana=0; L4:nDamageBase=2000,nDamageRand=0,nCostMana=0
Quest\节日冬至\段树_引窍单体伤害.lua	nDamageBase=2000, nDamageRand = 0, nCostMana = 0}, --level 1
	{nDamageBase = 2000, nDamageRand = 0, nCostMana = 0}, --level 2
	{nDamageBase = 2000, nDamageRand = 0, nCostMana = 0}, --level 3
	{nDamageBase = 2000, nDamageRand = 0, nCostMana = 0}, --level 4
	{nDamageBase = 2000, nDamageRand = 0, nCostMana = 0}, --level 5
	{nDamageBase = 2000, nDamageRand = 0, nCostMana = 0}, --level 6
	{nDamageBase = 2000, nDamageRand = 0, nCostMana = 0}, --level 7
	{nDamageBase = 2000, nDamageRand = 0, nCostMana = 0}, --level 8
	{nDamageBase = 2000, nDamageRand = 0, nCostMana = 0}, --level 9
	{nDamageBase = 2000, nDamageRand = 0, nCostMana = 0}, --level 10
}; nBaseThreat=0; nCostMana=tSkillData[dwSkillLevel].nCostMana; nMinRadius=0 * LENGTH_BASE; nMaxRadius=25 * LENGTH_BASE; nAngleRange=256; nAreaRadius=6 * LENGTH_BASE; nTargetCountLimit=1; nPrepareFrames=24; nChannelFrame=0; nWeaponDamagePercent=0	SKILL_NEUTRAL_DAMAGE(1,0); SKILL_NEUTRAL_DAMAGE_RAND(1,0); CALL_NEUTRAL_DAMAGE(0,1)	L2:nDamageBase=2000,nDamageRand=0,nCostMana=0; L3:nDamageBase=2000,nDamageRand=0,nCostMana=0; L4:nDamageBase=2000,nDamageRand=0,nCostMana=0
Quest\节日冬至\段树_引窍范围伤害.lua	nDamageBase=5000, nDamageRand = 0, nCostMana = 0}, --level 1
	{nDamageBase = 0, nDamageRand = 0, nCostMana = 0}, --level 2
	{nDamageBase = 0, nDamageRand = 0, nCostMana = 0}, --level 3
	{nDamageBase = 0, nDamageRand = 0, nCostMana = 0}, --level 4
	{nDamageBase = 0, nDamageRand = 0, nCostMana = 0}, --level 5
	{nDamageBase = 0, nDamageRand = 0, nCostMana = 0}, --level 6
	{nDamageBase = 0, nDamageRand = 0, nCostMana = 0}, --level 7
	{nDamageBase = 0, nDamageRand = 0, nCostMana = 0}, --level 8
	{nDamageBase = 0, nDamageRand = 0, nCostMana = 0}, --level 9
	{nDamageBase = 0, nDamageRand = 0, nCostMana = 0}, --level 10
}; nBaseThreat=0; nCostMana=tSkillData[dwSkillLevel].nCostMana; nMinRadius=0 * LENGTH_BASE; nMaxRadius=25 * LENGTH_BASE; nAngleRange=256; nAreaRadius=6 * LENGTH_BASE; nTargetCountLimit=6; nPrepareFrames=32; nChannelFrame=0; nWeaponDamagePercent=0	SKILL_NEUTRAL_DAMAGE(1,0); SKILL_NEUTRAL_DAMAGE_RAND(1,0); CALL_NEUTRAL_DAMAGE(0,1)	L2:nDamageBase=5000,nDamageRand=0,nCostMana=0; L3:nDamageBase=0,nDamageRand=0,nCostMana=0; L4:nDamageBase=0,nDamageRand=0,nCostMana=0
Quest\节日冬至\段树_截阳.lua	nDamageBase=2000, nDamageRand = 0, nCostMana = 0}, --level 1
	{nDamageBase = 2000, nDamageRand = 0, nCostMana = 0}, --level 2
	{nDamageBase = 2000, nDamageRand = 0, nCostMana = 0}, --level 3
	{nDamageBase = 2000, nDamageRand = 0, nCostMana = 0}, --level 4
	{nDamageBase = 0, nDamageRand = 0, nCostMana = 0}, --level 5
	{nDamageBase = 0, nDamageRand = 0, nCostMana = 0}, --level 6
	{nDamageBase = 0, nDamageRand = 0, nCostMana = 0}, --level 7
	{nDamageBase = 0, nDamageRand = 0, nCostMana = 0}, --level 8
	{nDamageBase = 0, nDamageRand = 0, nCostMana = 0}, --level 9
	{nDamageBase = 0, nDamageRand = 0, nCostMana = 0}, --level 10
}; nBaseThreat=0; nCostMana=tSkillData[dwSkillLevel].nCostMana; nMinRadius=0 * LENGTH_BASE; nMaxRadius=25 * LENGTH_BASE; nAngleRange=256; nAreaRadius=6 * LENGTH_BASE; nTargetCountLimit=1; nPrepareFrames=24; nChannelFrame=0; nWeaponDamagePercent=0	SKILL_NEUTRAL_DAMAGE(1,0); SKILL_NEUTRAL_DAMAGE_RAND(1,0); CALL_NEUTRAL_DAMAGE(0,1); EXECUTE_SCRIPT(0)	L2:nDamageBase=2000,nDamageRand=0,nCostMana=0; L3:nDamageBase=2000,nDamageRand=0,nCostMana=0; L4:nDamageBase=2000,nDamageRand=0,nCostMana=0
Quest\节日冬至\风眠_无间狱.lua	nDamageBase=0, nDamageRand = 0, nCostMana = 0},		--level 1
--	{nDamageBase = 0, nDamageRand = 0, nCostMana = 0},		--level 2
--	{nDamageBase = 0, nDamageRand = 0, nCostMana = 0},		--level 3
--	{nDamageBase = 0, nDamageRand = 0, nCostMana = 0},		--level 4
--	{nDamageBase = 0, nDamageRand = 0, nCostMana = 0},		--level 5
--	{nDamageBase = 0, nDamageRand = 0, nCostMana = 0},		--level 6
--	{nDamageBase = 0, nDamageRand = 0, nCostMana = 0},		--level 7
--	{nDamageBase = 0, nDamageRand = 0, nCostMana = 0},		--level 8
--	{nDamageBase = 0, nDamageRand = 0, nCostMana = 0},		--level 9
--	{nDamageBase = 0, nDamageRand = 0, nCostMana = 0},		--level 10
--}; nBaseThreat=0; nCostMana=tSkillData[dwSkillLevel].nCostMana; nMinRadius=0 * LENGTH_BASE; nMaxRadius=0 * LENGTH_BASE; nAngleRange=256; nAreaRadius=0 * LENGTH_BASE; nTargetCountLimit=2; nPrepareFrames=0; nChannelFrame=0; nWeaponDamagePercent=0	EXECUTE_SCRIPT(0)	
Quest\节日冬至\风眠_无间狱每跳释放.lua	nDamageBase=0, nDamageRand = 0, nCostMana = 0}, --level 1
	{nDamageBase = 0, nDamageRand = 0, nCostMana = 0}, --level 2
	{nDamageBase = 0, nDamageRand = 0, nCostMana = 0}, --level 3
	{nDamageBase = 0, nDamageRand = 0, nCostMana = 0}, --level 4
	{nDamageBase = 0, nDamageRand = 0, nCostMana = 0}, --level 5
	{nDamageBase = 0, nDamageRand = 0, nCostMana = 0}, --level 6
	{nDamageBase = 0, nDamageRand = 0, nCostMana = 0}, --level 7
	{nDamageBase = 0, nDamageRand = 0, nCostMana = 0}, --level 8
	{nDamageBase = 0, nDamageRand = 0, nCostMana = 0}, --level 9
	{nDamageBase = 0, nDamageRand = 0, nCostMana = 0}, --level 10
}; nBaseThreat=0; nCostMana=tSkillData[dwSkillLevel].nCostMana; nMinRadius=0 * LENGTH_BASE; nMaxRadius=0 * LENGTH_BASE; nAngleRange=256; nAreaRadius=0 * LENGTH_BASE; nTargetCountLimit=2; nPrepareFrames=0; nChannelFrame=0; nWeaponDamagePercent=0		L2:nDamageBase=0,nDamageRand=0,nCostMana=0; L3:nDamageBase=0,nDamageRand=0,nCostMana=0; L4:nDamageBase=0,nDamageRand=0,nCostMana=0
Quest\节日冬至\风眠门客信物无间狱.lua	nDamageBase=0, nDamageRand = 0, nCostMana = 0}, --level 1
	{nDamageBase = 0, nDamageRand = 0, nCostMana = 0}, --level 2
	{nDamageBase = 0, nDamageRand = 0, nCostMana = 0}, --level 3
	{nDamageBase = 0, nDamageRand = 0, nCostMana = 0}, --level 4
	{nDamageBase = 0, nDamageRand = 0, nCostMana = 0}, --level 5
	{nDamageBase = 0, nDamageRand = 0, nCostMana = 0}, --level 6
	{nDamageBase = 0, nDamageRand = 0, nCostMana = 0}, --level 7
	{nDamageBase = 0, nDamageRand = 0, nCostMana = 0}, --level 8
	{nDamageBase = 0, nDamageRand = 0, nCostMana = 0}, --level 9
	{nDamageBase = 0, nDamageRand = 0, nCostMana = 0}, --level 10
}; nBaseThreat=0; nCostMana=tSkillData[dwSkillLevel].nCostMana; nMinRadius=0 * LENGTH_BASE; nMaxRadius=0 * LENGTH_BASE; nAngleRange=256; nAreaRadius=0 * LENGTH_BASE; nTargetCountLimit=2; nPrepareFrames=0; nChannelFrame=0; nWeaponDamagePercent=0		L2:nDamageBase=0,nDamageRand=0,nCostMana=0; L3:nDamageBase=0,nDamageRand=0,nCostMana=0; L4:nDamageBase=0,nDamageRand=0,nCostMana=0
Quest\苍山洱海_厉天行_定军.lua	nBaseThreat=0; nCostMana=tSkillData[dwSkillLevel].nCostMana; nMinRadius=0 * LENGTH_BASE; nMaxRadius=8 * LENGTH_BASE; nAngleRange=256; nAreaRadius=0 * LENGTH_BASE; nTargetCountLimit=2; nPrepareFrames=0; nChannelFrame=0; nWeaponDamagePercent=0	SPOOF(0,0)	L2:nDamage=0,nDamageRand=0,nCostMana=0; L3:nDamage=0,nDamageRand=0,nCostMana=0; L4:nDamage=0,nDamageRand=0,nCostMana=0
Quest\苍山洱海_厉天行_破风.lua	nBaseThreat=0; nCostMana=tSkillData[dwSkillLevel].nCostMana; nMinRadius=0 * LENGTH_BASE; nMaxRadius=8 * LENGTH_BASE; nAngleRange=256; nAreaRadius=0 * LENGTH_BASE; nTargetCountLimit=2; nPrepareFrames=0; nChannelFrame=0; nWeaponDamagePercent=0		L2:nDamage=0,nDamageRand=0,nCostMana=0; L3:nDamage=0,nDamageRand=0,nCostMana=0; L4:nDamage=0,nDamageRand=0,nCostMana=0
Quest\苍山洱海_小怪破风.lua	nBaseThreat=0; nCostMana=tSkillData[dwSkillLevel].nCostMana; nMinRadius=0 * LENGTH_BASE; nMaxRadius=8 * LENGTH_BASE; nAngleRange=256; nAreaRadius=0 * LENGTH_BASE; nTargetCountLimit=2; nPrepareFrames=0; nChannelFrame=0; nWeaponDamagePercent=0		L2:nDamage=0,nDamageRand=0,nCostMana=0; L3:nDamage=0,nDamageRand=0,nCostMana=0; L4:nDamage=0,nDamageRand=0,nCostMana=0
Quest\蔷薇列岛\云真_千羽箭.lua	nDamageBase=0, nDamageRand = 0, nCostMana = 0}, --level 1
	{nDamageBase = 0, nDamageRand = 0, nCostMana = 0}, --level 2
	{nDamageBase = 0, nDamageRand = 0, nCostMana = 0}, --level 3
	{nDamageBase = 0, nDamageRand = 0, nCostMana = 0}, --level 4
	{nDamageBase = 0, nDamageRand = 0, nCostMana = 0}, --level 5
	{nDamageBase = 0, nDamageRand = 0, nCostMana = 0}, --level 6
	{nDamageBase = 0, nDamageRand = 0, nCostMana = 0}, --level 7
	{nDamageBase = 0, nDamageRand = 0, nCostMana = 0}, --level 8
	{nDamageBase = 0, nDamageRand = 0, nCostMana = 0}, --level 9
	{nDamageBase = 0, nDamageRand = 0, nCostMana = 0}, --level 10
}; nPrepareFrames=16; nMinRadius=0 * LENGTH_BASE; nMaxRadius=30 * LENGTH_BASE; nAngleRange=256	EXECUTE_SCRIPT(0,16)	L2:nDamageBase=0,nDamageRand=0,nCostMana=0; L3:nDamageBase=0,nDamageRand=0,nCostMana=0; L4:nDamageBase=0,nDamageRand=0,nCostMana=0
Quest\蔷薇列岛\云真_扇形箭.lua	nDamageBase=5000, nDamageRand = 0, nCostMana = 0}, --level 1
	{nDamageBase = 0, nDamageRand = 0, nCostMana = 0}, --level 2
	{nDamageBase = 0, nDamageRand = 0, nCostMana = 0}, --level 3
	{nDamageBase = 0, nDamageRand = 0, nCostMana = 0}, --level 4
	{nDamageBase = 0, nDamageRand = 0, nCostMana = 0}, --level 5
	{nDamageBase = 0, nDamageRand = 0, nCostMana = 0}, --level 6
	{nDamageBase = 0, nDamageRand = 0, nCostMana = 0}, --level 7
	{nDamageBase = 0, nDamageRand = 0, nCostMana = 0}, --level 8
	{nDamageBase = 0, nDamageRand = 0, nCostMana = 0}, --level 9
	{nDamageBase = 0, nDamageRand = 0, nCostMana = 0}, --level 10
}; nAngleRange=42; nAreaRadius=9 * LENGTH_BASE; nPrepareFrames=24	SKILL_PHYSICS_DAMAGE(0); SKILL_PHYSICS_DAMAGE_RAND(0,0); CALL_PHYSICS_DAMAGE(0,0)	L2:nDamageBase=5000,nDamageRand=0,nCostMana=0; L3:nDamageBase=0,nDamageRand=0,nCostMana=0; L4:nDamageBase=0,nDamageRand=0,nCostMana=0
Quest\蔷薇列岛\云真_连珠箭.lua	nMinRadius=0 * LENGTH_BASE; nMaxRadius=30 * LENGTH_BASE; nAngleRange=128
	--18\32\37\66
	skill.SetDelaySubSkill(9, 23356, 1)
	skill.SetDelaySubSkill(16, 23356, 1)
	--skill.SetDelaySubSkill(18, 23356, 1)
	skill.SetDelaySubSkill(33, 23356, 1)
	--skill.nChannelInterval = 16
	--skill.nChannelFrame = 48
	--skill.bInstantChannel = true

	skill.nBeatBackRate = 0 * PERCENT_BASE
	skill.nBrokenRate = 0 * PERCENT_BASE
	return true	EXECUTE_SCRIPT(0,0)	
Quest\蔷薇列岛\炸弹AOE.lua	nDamageBase=10000, nDamageRand = 0, nCostMana = 0}, --level 1
	{nDamageBase = 0, nDamageRand = 0, nCostMana = 0}, --level 2
	{nDamageBase = 0, nDamageRand = 0, nCostMana = 0}, --level 3
	{nDamageBase = 0, nDamageRand = 0, nCostMana = 0}, --level 4
	{nDamageBase = 0, nDamageRand = 0, nCostMana = 0}, --level 5
	{nDamageBase = 0, nDamageRand = 0, nCostMana = 0}, --level 6
	{nDamageBase = 0, nDamageRand = 0, nCostMana = 0}, --level 7
	{nDamageBase = 0, nDamageRand = 0, nCostMana = 0}, --level 8
	{nDamageBase = 0, nDamageRand = 0, nCostMana = 0}, --level 9
	{nDamageBase = 0, nDamageRand = 0, nCostMana = 0}, --level 10
}; nAngleRange=256; nAreaRadius=6 * LENGTH_BASE; nTargetCountLimit=1	EXECUTE_SCRIPT(0,256)	L2:nDamageBase=10000,nDamageRand=0,nCostMana=0; L3:nDamageBase=0,nDamageRand=0,nCostMana=0; L4:nDamageBase=0,nDamageRand=0,nCostMana=0
Quest\藏剑山庄_乱世\夕照雷锋.lua	nDamageBase=0, nDamageRand = 0, nCostMana = 0}, --level 1
	{nDamageBase = 0, nDamageRand = 0, nCostMana = 0}, --level 2
	{nDamageBase = 0, nDamageRand = 0, nCostMana = 0}, --level 3
	{nDamageBase = 0, nDamageRand = 0, nCostMana = 0}, --level 4
	{nDamageBase = 0, nDamageRand = 0, nCostMana = 0}, --level 5
	{nDamageBase = 0, nDamageRand = 0, nCostMana = 0}, --level 6
	{nDamageBase = 0, nDamageRand = 0, nCostMana = 0}, --level 7
	{nDamageBase = 0, nDamageRand = 0, nCostMana = 0}, --level 8
	{nDamageBase = 0, nDamageRand = 0, nCostMana = 0}, --level 9
	{nDamageBase = 0, nDamageRand = 0, nCostMana = 0}, --level 10
}; nBaseThreat=500000; nCostMana=tSkillData[dwSkillLevel].nCostMana; nMinRadius=0 * LENGTH_BASE; nMaxRadius=20 * LENGTH_BASE; nAngleRange=256; nAreaRadius=20 * LENGTH_BASE; nTargetCountLimit=10; nPrepareFrames=0; nChannelFrame=0; nWeaponDamagePercent=15360	SKILL_PHYSICS_DAMAGE(0); SKILL_PHYSICS_DAMAGE_RAND(0,0); CALL_PHYSICS_DAMAGE(0,0)	L2:nDamageBase=0,nDamageRand=0,nCostMana=0; L3:nDamageBase=0,nDamageRand=0,nCostMana=0; L4:nDamageBase=0,nDamageRand=0,nCostMana=0
Quest\赛马_以假乱真.lua	nDamageBase=0, nDamageRand = 0, nCostMana = 0},		--level 1
	{nDamageBase = 0, nDamageRand = 0, nCostMana = 0},		--level 2
	{nDamageBase = 0, nDamageRand = 0, nCostMana = 0},		--level 3
	{nDamageBase = 0, nDamageRand = 0, nCostMana = 0},		--level 4
	{nDamageBase = 0, nDamageRand = 0, nCostMana = 0},		--level 5
	{nDamageBase = 0, nDamageRand = 0, nCostMana = 0},		--level 6
	{nDamageBase = 0, nDamageRand = 0, nCostMana = 0},		--level 7
	{nDamageBase = 0, nDamageRand = 0, nCostMana = 0},		--level 8
	{nDamageBase = 0, nDamageRand = 0, nCostMana = 0},		--level 9
	{nDamageBase = 0, nDamageRand = 0, nCostMana = 0},		--level 10
}; nBaseThreat=0; nCostMana=tSkillData[dwSkillLevel].nCostMana; nMinRadius=0 * LENGTH_BASE; nMaxRadius=4 * LENGTH_BASE; nAngleRange=256; nAreaRadius=6 * LENGTH_BASE; nTargetCountLimit=20; nPrepareFrames=0; nChannelFrame=0; nWeaponDamagePercent=0	DEL_SINGLE_BUFF_BY_ID_AND_LEVEL(4096,1)	L2:nDamageBase=0,nDamageRand=0,nCostMana=0; L3:nDamageBase=0,nDamageRand=0,nCostMana=0; L4:nDamageBase=0,nDamageRand=0,nCostMana=0
Quest\通用解除击倒.lua	nDamageBase=0, nDamageRand = 0, nCostMana = 0},		--level 1
	{nDamageBase = 0, nDamageRand = 0, nCostMana = 0},		--level 2
	{nDamageBase = 0, nDamageRand = 0, nCostMana = 0},		--level 3
	{nDamageBase = 0, nDamageRand = 0, nCostMana = 0},		--level 4
	{nDamageBase = 0, nDamageRand = 0, nCostMana = 0},		--level 5
	{nDamageBase = 0, nDamageRand = 0, nCostMana = 0},		--level 6
	{nDamageBase = 0, nDamageRand = 0, nCostMana = 0},		--level 7
	{nDamageBase = 0, nDamageRand = 0, nCostMana = 0},		--level 8
	{nDamageBase = 0, nDamageRand = 0, nCostMana = 0},		--level 9
	{nDamageBase = 0, nDamageRand = 0, nCostMana = 0},		--level 10
}; nBaseThreat=0; nCostMana=tSkillData[dwSkillLevel].nCostMana; nMinRadius=0 * LENGTH_BASE; nMaxRadius=20 * LENGTH_BASE; nAngleRange=256; nAreaRadius=0 * LENGTH_BASE; nTargetCountLimit=2; nPrepareFrames=0; nChannelFrame=0; nWeaponDamagePercent=0	STOP(0,0); DO_ACTION(141005,0); EXECUTE_SCRIPT(0)	L2:nDamageBase=0,nDamageRand=0,nCostMana=0; L3:nDamageBase=0,nDamageRand=0,nCostMana=0; L4:nDamageBase=0,nDamageRand=0,nCostMana=0
Quest\银霜口\事件\平宵小\PQ428_BOSS_放置圆形预警.lua	nDamageBase=0, nDamageRand = 0, nCostMana = 0}, --level 1
	{nDamageBase = 0, nDamageRand = 0, nCostMana = 0}, --level 2
	{nDamageBase = 0, nDamageRand = 0, nCostMana = 0}, --level 3
	{nDamageBase = 0, nDamageRand = 0, nCostMana = 0}, --level 4
	{nDamageBase = 0, nDamageRand = 0, nCostMana = 0}, --level 5
	{nDamageBase = 0, nDamageRand = 0, nCostMana = 0}, --level 6
	{nDamageBase = 0, nDamageRand = 0, nCostMana = 0}, --level 7
	{nDamageBase = 0, nDamageRand = 0, nCostMana = 0}, --level 8
	{nDamageBase = 0, nDamageRand = 0, nCostMana = 0}, --level 9
	{nDamageBase = 0, nDamageRand = 0, nCostMana = 0}, --level 10
}; nBaseThreat=0; nCostMana=tSkillData[dwSkillLevel].nCostMana; nMinRadius=0 * LENGTH_BASE; nMaxRadius=200 * LENGTH_BASE; nAngleRange=256; nAreaRadius=4 * LENGTH_BASE; nTargetCountLimit=50; nPrepareFrames=48; nChannelFrame=0; nWeaponDamagePercent=0	EXECUTE_SCRIPT(428,-0)	L2:nDamageBase=0,nDamageRand=0,nCostMana=0; L3:nDamageBase=0,nDamageRand=0,nCostMana=0; L4:nDamageBase=0,nDamageRand=0,nCostMana=0
Quest\银霜口\事件\引猪出洞\PQ421_野猪王_圆形AOE.lua	nDamageBase=11000, nDamageRand = 0, nCostMana = 0}, --level 1
	{nDamageBase = 0, nDamageRand = 0, nCostMana = 0}, --level 2
	{nDamageBase = 0, nDamageRand = 0, nCostMana = 0}, --level 3
	{nDamageBase = 0, nDamageRand = 0, nCostMana = 0}, --level 4
	{nDamageBase = 0, nDamageRand = 0, nCostMana = 0}, --level 5
	{nDamageBase = 0, nDamageRand = 0, nCostMana = 0}, --level 6
	{nDamageBase = 0, nDamageRand = 0, nCostMana = 0}, --level 7
	{nDamageBase = 0, nDamageRand = 0, nCostMana = 0}, --level 8
	{nDamageBase = 0, nDamageRand = 0, nCostMana = 0}, --level 9
	{nDamageBase = 0, nDamageRand = 0, nCostMana = 0}, --level 10
}; nAreaRadius=8 * LENGTH_BASE          --技能作用半径
	skill.nTargetCountLimit = 100; nChannelFrame=39	SKILL_PHYSICS_DAMAGE(0); SKILL_PHYSICS_DAMAGE_RAND(0,0); CALL_PHYSICS_DAMAGE(0,0)	L2:nDamageBase=11000,nDamageRand=0,nCostMana=0; L3:nDamageBase=0,nDamageRand=0,nCostMana=0; L4:nDamageBase=0,nDamageRand=0,nCostMana=0
Quest\银霜口\事件\引猪出洞\PQ421_野猪王_圆形AOE_25尺.lua	nDamageBase=76000, nDamageRand = 0, nCostMana = 0}, --level 1
	{nDamageBase = 0, nDamageRand = 0, nCostMana = 0}, --level 2
	{nDamageBase = 0, nDamageRand = 0, nCostMana = 0}, --level 3
	{nDamageBase = 0, nDamageRand = 0, nCostMana = 0}, --level 4
	{nDamageBase = 0, nDamageRand = 0, nCostMana = 0}, --level 5
	{nDamageBase = 0, nDamageRand = 0, nCostMana = 0}, --level 6
	{nDamageBase = 0, nDamageRand = 0, nCostMana = 0}, --level 7
	{nDamageBase = 0, nDamageRand = 0, nCostMana = 0}, --level 8
	{nDamageBase = 0, nDamageRand = 0, nCostMana = 0}, --level 9
	{nDamageBase = 0, nDamageRand = 0, nCostMana = 0}, --level 10
}; nAreaRadius=25 * LENGTH_BASE         --技能作用半径
	skill.nTargetCountLimit = 100; nPrepareFrames=48	SKILL_PHYSICS_DAMAGE(0); SKILL_PHYSICS_DAMAGE_RAND(0,0); CALL_PHYSICS_DAMAGE(0,0)	L2:nDamageBase=76000,nDamageRand=0,nCostMana=0; L3:nDamageBase=0,nDamageRand=0,nCostMana=0; L4:nDamageBase=0,nDamageRand=0,nCostMana=0
Quest\银霜口\事件\引猪出洞\PQ421_野猪王_扇形AOE.lua	nDamageBase=76000, nDamageRand = 0, nCostMana = 0}, --level 1
	{nDamageBase = 0, nDamageRand = 0, nCostMana = 0}, --level 2
	{nDamageBase = 0, nDamageRand = 0, nCostMana = 0}, --level 3
	{nDamageBase = 0, nDamageRand = 0, nCostMana = 0}, --level 4
	{nDamageBase = 0, nDamageRand = 0, nCostMana = 0}, --level 5
	{nDamageBase = 0, nDamageRand = 0, nCostMana = 0}, --level 6
	{nDamageBase = 0, nDamageRand = 0, nCostMana = 0}, --level 7
	{nDamageBase = 0, nDamageRand = 0, nCostMana = 0}, --level 8
	{nDamageBase = 0, nDamageRand = 0, nCostMana = 0}, --level 9
	{nDamageBase = 0, nDamageRand = 0, nCostMana = 0}, --level 10
}; nMaxRadius=25 * LENGTH_BASE; nAngleRange=42                       --攻击范围的扇形角度范围
	skill.nAreaRadius = 85 * LENGTH_BASE         --技能作用半径
	skill.nTargetCountLimit = 100; nPrepareFrames=48	SKILL_PHYSICS_DAMAGE(0); SKILL_PHYSICS_DAMAGE_RAND(0,0); CALL_PHYSICS_DAMAGE(0,0); CALL_KNOCKED_OFF_PARABOLA(3,1)	L2:nDamageBase=76000,nDamageRand=0,nCostMana=0; L3:nDamageBase=0,nDamageRand=0,nCostMana=0; L4:nDamageBase=0,nDamageRand=0,nCostMana=0
Quest\银霜口\事件\金色玉石\PQ449_BOSS_二连扇形伤害.lua	nDamageBase=0, nDamageRand = 0, nCostMana = 0}, --level 1
	{nDamageBase = 0, nDamageRand = 0, nCostMana = 0}, --level 2
	{nDamageBase = 0, nDamageRand = 0, nCostMana = 0}, --level 3
	{nDamageBase = 0, nDamageRand = 0, nCostMana = 0}, --level 4
	{nDamageBase = 0, nDamageRand = 0, nCostMana = 0}, --level 5
	{nDamageBase = 0, nDamageRand = 0, nCostMana = 0}, --level 6
	{nDamageBase = 0, nDamageRand = 0, nCostMana = 0}, --level 7
	{nDamageBase = 0, nDamageRand = 0, nCostMana = 0}, --level 8
	{nDamageBase = 0, nDamageRand = 0, nCostMana = 0}, --level 9
	{nDamageBase = 0, nDamageRand = 0, nCostMana = 0}, --level 10
}; nBaseThreat=0; nCostMana=tSkillData[dwSkillLevel].nCostMana; nMinRadius=0 * LENGTH_BASE; nMaxRadius=10 * LENGTH_BASE; nAngleRange=64; nAreaRadius=15 * LENGTH_BASE; nTargetCountLimit=200; nPrepareFrames=0; nChannelFrame=0; nWeaponDamagePercent=768	CALL_PHYSICS_DAMAGE(0,0)	L2:nDamageBase=0,nDamageRand=0,nCostMana=0; L3:nDamageBase=0,nDamageRand=0,nCostMana=0; L4:nDamageBase=0,nDamageRand=0,nCostMana=0
Quest\银霜口\事件\金色玉石\PQ449_BOSS_二连扇形预警.lua	nDamageBase=0, nDamageRand = 0, nCostMana = 0}, --level 1
	{nDamageBase = 0, nDamageRand = 0, nCostMana = 0}, --level 2
	{nDamageBase = 0, nDamageRand = 0, nCostMana = 0}, --level 3
	{nDamageBase = 0, nDamageRand = 0, nCostMana = 0}, --level 4
	{nDamageBase = 0, nDamageRand = 0, nCostMana = 0}, --level 5
	{nDamageBase = 0, nDamageRand = 0, nCostMana = 0}, --level 6
	{nDamageBase = 0, nDamageRand = 0, nCostMana = 0}, --level 7
	{nDamageBase = 0, nDamageRand = 0, nCostMana = 0}, --level 8
	{nDamageBase = 0, nDamageRand = 0, nCostMana = 0}, --level 9
	{nDamageBase = 0, nDamageRand = 0, nCostMana = 0}, --level 10
}; nBaseThreat=0; nCostMana=tSkillData[dwSkillLevel].nCostMana; nMinRadius=0 * LENGTH_BASE; nMaxRadius=10 * LENGTH_BASE; nAngleRange=64; nAreaRadius=15 * LENGTH_BASE; nTargetCountLimit=200; nPrepareFrames=32; nChannelFrame=0; nWeaponDamagePercent=0		L2:nDamageBase=0,nDamageRand=0,nCostMana=0; L3:nDamageBase=0,nDamageRand=0,nCostMana=0; L4:nDamageBase=0,nDamageRand=0,nCostMana=0
Quest\银霜口\事件\金色玉石\PQ449_BOSS_圆形目标点伤害.lua	nDamageBase=0, nDamageRand = 0, nCostMana = 0}, --level 1
	{nDamageBase = 0, nDamageRand = 0, nCostMana = 0}, --level 2
	{nDamageBase = 0, nDamageRand = 0, nCostMana = 0}, --level 3
	{nDamageBase = 0, nDamageRand = 0, nCostMana = 0}, --level 4
	{nDamageBase = 0, nDamageRand = 0, nCostMana = 0}, --level 5
	{nDamageBase = 0, nDamageRand = 0, nCostMana = 0}, --level 6
	{nDamageBase = 0, nDamageRand = 0, nCostMana = 0}, --level 7
	{nDamageBase = 0, nDamageRand = 0, nCostMana = 0}, --level 8
	{nDamageBase = 0, nDamageRand = 0, nCostMana = 0}, --level 9
	{nDamageBase = 0, nDamageRand = 0, nCostMana = 0}, --level 10
}; nBaseThreat=0; nCostMana=tSkillData[dwSkillLevel].nCostMana; nMinRadius=0 * LENGTH_BASE; nMaxRadius=200 * LENGTH_BASE; nAngleRange=256; nAreaRadius=15 * LENGTH_BASE; nTargetCountLimit=50; nPrepareFrames=48; nChannelFrame=0; nWeaponDamagePercent=256	CALL_PHYSICS_DAMAGE(0,0)	L2:nDamageBase=0,nDamageRand=0,nCostMana=0; L3:nDamageBase=0,nDamageRand=0,nCostMana=0; L4:nDamageBase=0,nDamageRand=0,nCostMana=0
Quest\银霜口\事件\金色玉石\PQ449_BOSS_圆形蓄力击飞.lua	nDamageBase=0, nDamageRand = 0, nCostMana = 0, nKnockOffHeight = 30, nVelocityXY = 1}, --level 1
	{nDamageBase = 0, nDamageRand = 0, nCostMana = 0, nKnockOffHeight = 30, nVelocityXY = 1}, --level 2
	{nDamageBase = 0, nDamageRand = 0, nCostMana = 0, nKnockOffHeight = 30, nVelocityXY = 1}, --level 3
	{nDamageBase = 0, nDamageRand = 0, nCostMana = 0, nKnockOffHeight = 30, nVelocityXY = 1}, --level 4
	{nDamageBase = 0, nDamageRand = 0, nCostMana = 0, nKnockOffHeight = 30, nVelocityXY = 1}, --level 5
	{nDamageBase = 0, nDamageRand = 0, nCostMana = 0, nKnockOffHeight = 30, nVelocityXY = 1}, --level 6
	{nDamageBase = 0, nDamageRand = 0, nCostMana = 0, nKnockOffHeight = 30, nVelocityXY = 1}, --level 7
	{nDamageBase = 0, nDamageRand = 0, nCostMana = 0, nKnockOffHeight = 30, nVelocityXY = 1}, --level 8
	{nDamageBase = 0, nDamageRand = 0, nCostMana = 0, nKnockOffHeight = 30, nVelocityXY = 1}, --level 9
	{nDamageBase = 0, nDamageRand = 0, nCostMana = 0, nKnockOffHeight = 30, nVelocityXY = 1}, --level 10
}; nBaseThreat=0; nCostMana=tSkillData[dwSkillLevel].nCostMana; nMinRadius=0 * LENGTH_BASE; nMaxRadius=10 * LENGTH_BASE; nAngleRange=256; nAreaRadius=20 * LENGTH_BASE; nTargetCountLimit=200; nPrepareFrames=48; nChannelFrame=0; nWeaponDamagePercent=1024	CALL_PHYSICS_DAMAGE(0,0); CALL_KNOCKED_OFF_PARABOLA(0.5,16); EXECUTE_SCRIPT(449,0)	L2:nDamageBase=0,nDamageRand=0,nCostMana=0,nKnockOffHeight=30,nVelocityXY=1; L3:nDamageBase=0,nDamageRand=0,nCostMana=0,nKnockOffHeight=30,nVelocityXY=1; L4:nDamageBase=0,nDamageRand=0,nCostMana=0,nKnockOffHeight=30,nVelocityXY=1
Quest\银霜口\事件\金色玉石\PQ449_BOSS_圆形通道伤害.lua	nDamageBase=0, nDamageRand = 0, nCostMana = 0}, --level 1
	{nDamageBase = 0, nDamageRand = 0, nCostMana = 0}, --level 2
	{nDamageBase = 0, nDamageRand = 0, nCostMana = 0}, --level 3
	{nDamageBase = 0, nDamageRand = 0, nCostMana = 0}, --level 4
	{nDamageBase = 0, nDamageRand = 0, nCostMana = 0}, --level 5
	{nDamageBase = 0, nDamageRand = 0, nCostMana = 0}, --level 6
	{nDamageBase = 0, nDamageRand = 0, nCostMana = 0}, --level 7
	{nDamageBase = 0, nDamageRand = 0, nCostMana = 0}, --level 8
	{nDamageBase = 0, nDamageRand = 0, nCostMana = 0}, --level 9
	{nDamageBase = 0, nDamageRand = 0, nCostMana = 0}, --level 10
}; nBaseThreat=0; nCostMana=tSkillData[dwSkillLevel].nCostMana; nMinRadius=0 * LENGTH_BASE; nMaxRadius=30 * LENGTH_BASE; nAngleRange=256; nAreaRadius=5 * LENGTH_BASE; nTargetCountLimit=200; nPrepareFrames=0; nChannelFrame=68; nWeaponDamagePercent=256	CALL_PHYSICS_DAMAGE(0,0)	L2:nDamageBase=0,nDamageRand=0,nCostMana=0; L3:nDamageBase=0,nDamageRand=0,nCostMana=0; L4:nDamageBase=0,nDamageRand=0,nCostMana=0
Quest\银霜口\事件\金色玉石\PQ449_BOSS_圆形通道预警.lua	nDamageBase=0, nDamageRand = 0, nCostMana = 0}, --level 1
	{nDamageBase = 0, nDamageRand = 0, nCostMana = 0}, --level 2
	{nDamageBase = 0, nDamageRand = 0, nCostMana = 0}, --level 3
	{nDamageBase = 0, nDamageRand = 0, nCostMana = 0}, --level 4
	{nDamageBase = 0, nDamageRand = 0, nCostMana = 0}, --level 5
	{nDamageBase = 0, nDamageRand = 0, nCostMana = 0}, --level 6
	{nDamageBase = 0, nDamageRand = 0, nCostMana = 0}, --level 7
	{nDamageBase = 0, nDamageRand = 0, nCostMana = 0}, --level 8
	{nDamageBase = 0, nDamageRand = 0, nCostMana = 0}, --level 9
	{nDamageBase = 0, nDamageRand = 0, nCostMana = 0}, --level 10
}; nBaseThreat=0; nCostMana=tSkillData[dwSkillLevel].nCostMana; nMinRadius=0 * LENGTH_BASE; nMaxRadius=200 * LENGTH_BASE; nAngleRange=256; nAreaRadius=4 * LENGTH_BASE; nTargetCountLimit=50; nPrepareFrames=48; nChannelFrame=0; nWeaponDamagePercent=0	EXECUTE_SCRIPT(428,-0)	L2:nDamageBase=0,nDamageRand=0,nCostMana=0; L3:nDamageBase=0,nDamageRand=0,nCostMana=0; L4:nDamageBase=0,nDamageRand=0,nCostMana=0
Quest\银霜口\事件\金色玉石\PQ449_BOSS_普通攻击母技能.lua	nDamageBase=0, nDamageRand = 0, nCostMana = 0}, --level 1
	{nDamageBase = 0, nDamageRand = 0, nCostMana = 0}, --level 2
	{nDamageBase = 0, nDamageRand = 0, nCostMana = 0}, --level 3
	{nDamageBase = 0, nDamageRand = 0, nCostMana = 0}, --level 4
	{nDamageBase = 0, nDamageRand = 0, nCostMana = 0}, --level 5
	{nDamageBase = 0, nDamageRand = 0, nCostMana = 0}, --level 6
	{nDamageBase = 0, nDamageRand = 0, nCostMana = 0}, --level 7
	{nDamageBase = 0, nDamageRand = 0, nCostMana = 0}, --level 8
	{nDamageBase = 0, nDamageRand = 0, nCostMana = 0}, --level 9
	{nDamageBase = 0, nDamageRand = 0, nCostMana = 0}, --level 10
}; nBaseThreat=0; nCostMana=tSkillData[dwSkillLevel].nCostMana; nMinRadius=4 * LENGTH_BASE; nMaxRadius=40 * LENGTH_BASE; nAngleRange=256; nAreaRadius=40 * LENGTH_BASE; nTargetCountLimit=2; nPrepareFrames=0; nChannelFrame=0; nWeaponDamagePercent=0	EXECUTE_SCRIPT(449,0)	L2:nDamageBase=0,nDamageRand=0,nCostMana=0; L3:nDamageBase=0,nDamageRand=0,nCostMana=0; L4:nDamageBase=0,nDamageRand=0,nCostMana=0
Quest\银霜口\事件\金色玉石\PQ449_BOSS_矩形通道实际伤害.lua	nDamageBase=0, nDamageRand = 0, nCostMana = 0}, --level 1
	{nDamageBase = 0, nDamageRand = 0, nCostMana = 0}, --level 2
	{nDamageBase = 0, nDamageRand = 0, nCostMana = 0}, --level 3
	{nDamageBase = 0, nDamageRand = 0, nCostMana = 0}, --level 4
	{nDamageBase = 0, nDamageRand = 0, nCostMana = 0}, --level 5
	{nDamageBase = 0, nDamageRand = 0, nCostMana = 0}, --level 6
	{nDamageBase = 0, nDamageRand = 0, nCostMana = 0}, --level 7
	{nDamageBase = 0, nDamageRand = 0, nCostMana = 0}, --level 8
	{nDamageBase = 0, nDamageRand = 0, nCostMana = 0}, --level 9
	{nDamageBase = 0, nDamageRand = 0, nCostMana = 0}, --level 10
}; nBaseThreat=0; nCostMana=tSkillData[dwSkillLevel].nCostMana; nMinRadius=0 * LENGTH_BASE; nMaxRadius=20 * LENGTH_BASE; nAngleRange=128; nAreaRadius=10 * LENGTH_BASE; nTargetCountLimit=200; nPrepareFrames=0; nChannelFrame=0; nWeaponDamagePercent=256	CALL_PHYSICS_DAMAGE(0,0)	L2:nDamageBase=0,nDamageRand=0,nCostMana=0; L3:nDamageBase=0,nDamageRand=0,nCostMana=0; L4:nDamageBase=0,nDamageRand=0,nCostMana=0
Quest\银霜口\事件\金色玉石\PQ449_BOSS_矩形通道读条.lua	nDamageBase=0, nDamageRand = 0, nCostMana = 0}, --level 1
	{nDamageBase = 0, nDamageRand = 0, nCostMana = 0}, --level 2
	{nDamageBase = 0, nDamageRand = 0, nCostMana = 0}, --level 3
	{nDamageBase = 0, nDamageRand = 0, nCostMana = 0}, --level 4
	{nDamageBase = 0, nDamageRand = 0, nCostMana = 0}, --level 5
	{nDamageBase = 0, nDamageRand = 0, nCostMana = 0}, --level 6
	{nDamageBase = 0, nDamageRand = 0, nCostMana = 0}, --level 7
	{nDamageBase = 0, nDamageRand = 0, nCostMana = 0}, --level 8
	{nDamageBase = 0, nDamageRand = 0, nCostMana = 0}, --level 9
	{nDamageBase = 0, nDamageRand = 0, nCostMana = 0}, --level 10
}; nBaseThreat=0; nCostMana=tSkillData[dwSkillLevel].nCostMana; nMinRadius=0 * LENGTH_BASE; nMaxRadius=20 * LENGTH_BASE; nAngleRange=256; nAreaRadius=20 * LENGTH_BASE; nTargetCountLimit=200; nPrepareFrames=0; nChannelFrame=62; nWeaponDamagePercent=384		L2:nDamageBase=0,nDamageRand=0,nCostMana=0; L3:nDamageBase=0,nDamageRand=0,nCostMana=0; L4:nDamageBase=0,nDamageRand=0,nCostMana=0
Quest\银霜口\事件\金色玉石\PQ449_BOSS_近战攻击.lua	nDamageBase=0, nDamageRand = 0, nCostMana = 0}, --level 1
	{nDamageBase = 0, nDamageRand = 0, nCostMana = 0}, --level 2
	{nDamageBase = 0, nDamageRand = 0, nCostMana = 0}, --level 3
	{nDamageBase = 0, nDamageRand = 0, nCostMana = 0}, --level 4
	{nDamageBase = 0, nDamageRand = 0, nCostMana = 0}, --level 5
	{nDamageBase = 0, nDamageRand = 0, nCostMana = 0}, --level 6
	{nDamageBase = 0, nDamageRand = 0, nCostMana = 0}, --level 7
	{nDamageBase = 0, nDamageRand = 0, nCostMana = 0}, --level 8
	{nDamageBase = 0, nDamageRand = 0, nCostMana = 0}, --level 9
	{nDamageBase = 0, nDamageRand = 0, nCostMana = 0}, --level 10
}; nBaseThreat=0; nCostMana=tSkillData[dwSkillLevel].nCostMana; nMinRadius=0 * LENGTH_BASE; nMaxRadius=4 * LENGTH_BASE; nAngleRange=128; nAreaRadius=4 * LENGTH_BASE; nTargetCountLimit=2; nPrepareFrames=0; nChannelFrame=0; nWeaponDamagePercent=0	CALL_PHYSICS_DAMAGE(0,0)	L2:nDamageBase=0,nDamageRand=0,nCostMana=0; L3:nDamageBase=0,nDamageRand=0,nCostMana=0; L4:nDamageBase=0,nDamageRand=0,nCostMana=0
Quest\银霜口\事件\金色玉石\PQ449_BOSS_远程攻击.lua	nDamageBase=0, nDamageRand = 0, nCostMana = 0}, --level 1
	{nDamageBase = 0, nDamageRand = 0, nCostMana = 0}, --level 2
	{nDamageBase = 0, nDamageRand = 0, nCostMana = 0}, --level 3
	{nDamageBase = 0, nDamageRand = 0, nCostMana = 0}, --level 4
	{nDamageBase = 0, nDamageRand = 0, nCostMana = 0}, --level 5
	{nDamageBase = 0, nDamageRand = 0, nCostMana = 0}, --level 6
	{nDamageBase = 0, nDamageRand = 0, nCostMana = 0}, --level 7
	{nDamageBase = 0, nDamageRand = 0, nCostMana = 0}, --level 8
	{nDamageBase = 0, nDamageRand = 0, nCostMana = 0}, --level 9
	{nDamageBase = 0, nDamageRand = 0, nCostMana = 0}, --level 10
}; nBaseThreat=0; nCostMana=tSkillData[dwSkillLevel].nCostMana; nMinRadius=4 * LENGTH_BASE; nMaxRadius=40 * LENGTH_BASE; nAngleRange=256; nAreaRadius=40 * LENGTH_BASE; nTargetCountLimit=2; nPrepareFrames=0; nChannelFrame=0; nWeaponDamagePercent=0	CALL_PHYSICS_DAMAGE(0,0); EXECUTE_SCRIPT(449,0)	L2:nDamageBase=0,nDamageRand=0,nCostMana=0; L3:nDamageBase=0,nDamageRand=0,nCostMana=0; L4:nDamageBase=0,nDamageRand=0,nCostMana=0
Quest\银霜口\事件\金色玉石\PQ449_小怪_圆形伤害.lua	nDamageBase=0, nDamageRand = 0, nCostMana = 0}, --level 1
	{nDamageBase = 0, nDamageRand = 0, nCostMana = 0}, --level 2
	{nDamageBase = 0, nDamageRand = 0, nCostMana = 0}, --level 3
	{nDamageBase = 0, nDamageRand = 0, nCostMana = 0}, --level 4
	{nDamageBase = 0, nDamageRand = 0, nCostMana = 0}, --level 5
	{nDamageBase = 0, nDamageRand = 0, nCostMana = 0}, --level 6
	{nDamageBase = 0, nDamageRand = 0, nCostMana = 0}, --level 7
	{nDamageBase = 0, nDamageRand = 0, nCostMana = 0}, --level 8
	{nDamageBase = 0, nDamageRand = 0, nCostMana = 0}, --level 9
	{nDamageBase = 0, nDamageRand = 0, nCostMana = 0}, --level 10
}; nBaseThreat=0; nCostMana=tSkillData[dwSkillLevel].nCostMana; nMinRadius=0 * LENGTH_BASE; nMaxRadius=30 * LENGTH_BASE; nAngleRange=256; nAreaRadius=4 * LENGTH_BASE; nTargetCountLimit=50; nPrepareFrames=48; nChannelFrame=0; nWeaponDamagePercent=512	CALL_PHYSICS_DAMAGE(0,0)	L2:nDamageBase=0,nDamageRand=0,nCostMana=0; L3:nDamageBase=0,nDamageRand=0,nCostMana=0; L4:nDamageBase=0,nDamageRand=0,nCostMana=0
Quest\银霜口\月泉宗高级弟子_180度扇形AOE.lua	nDamageBase=10000, nDamageRand = 1000, nCostMana = 0}, --level 1
	{nDamageBase = 0, nDamageRand = 0, nCostMana = 0}, --level 2
	{nDamageBase = 0, nDamageRand = 0, nCostMana = 0}, --level 3
	{nDamageBase = 0, nDamageRand = 0, nCostMana = 0}, --level 4
	{nDamageBase = 0, nDamageRand = 0, nCostMana = 0}, --level 5
	{nDamageBase = 0, nDamageRand = 0, nCostMana = 0}, --level 6
	{nDamageBase = 0, nDamageRand = 0, nCostMana = 0}, --level 7
	{nDamageBase = 0, nDamageRand = 0, nCostMana = 0}, --level 8
	{nDamageBase = 0, nDamageRand = 0, nCostMana = 0}, --level 9
	{nDamageBase = 0, nDamageRand = 0, nCostMana = 0}, --level 10
}; nCostMana=tSkillData[dwSkillLevel].nCostMana; nMinRadius=0 * LENGTH_BASE; nMaxRadius=30 * LENGTH_BASE; nAngleRange=128; nAreaRadius=8 * LENGTH_BASE; nTargetCountLimit=20; nPrepareFrames=48; nChannelFrame=0; nWeaponDamagePercent=0	SKILL_PHYSICS_DAMAGE(0); SKILL_PHYSICS_DAMAGE_RAND(0,0); CALL_PHYSICS_DAMAGE(0,0)	L2:nDamageBase=10000,nDamageRand=1000,nCostMana=0; L3:nDamageBase=0,nDamageRand=0,nCostMana=0; L4:nDamageBase=0,nDamageRand=0,nCostMana=0
Quest\银霜口\武家弟子_180度扇形AOE.lua	nDamageBase=30000, nDamageRand = 2000, nCostMana = 0}, --level 1
	{nDamageBase = 0, nDamageRand = 0, nCostMana = 0}, --level 2
	{nDamageBase = 0, nDamageRand = 0, nCostMana = 0}, --level 3
	{nDamageBase = 0, nDamageRand = 0, nCostMana = 0}, --level 4
	{nDamageBase = 0, nDamageRand = 0, nCostMana = 0}, --level 5
	{nDamageBase = 0, nDamageRand = 0, nCostMana = 0}, --level 6
	{nDamageBase = 0, nDamageRand = 0, nCostMana = 0}, --level 7
	{nDamageBase = 0, nDamageRand = 0, nCostMana = 0}, --level 8
	{nDamageBase = 0, nDamageRand = 0, nCostMana = 0}, --level 9
	{nDamageBase = 0, nDamageRand = 0, nCostMana = 0}, --level 10
}; nCostMana=tSkillData[dwSkillLevel].nCostMana; nMinRadius=0 * LENGTH_BASE; nMaxRadius=30 * LENGTH_BASE; nAngleRange=128; nAreaRadius=8 * LENGTH_BASE; nTargetCountLimit=20; nPrepareFrames=48; nChannelFrame=0; nWeaponDamagePercent=0	SKILL_PHYSICS_DAMAGE(0); SKILL_PHYSICS_DAMAGE_RAND(0,0); CALL_PHYSICS_DAMAGE(0,0)	L2:nDamageBase=30000,nDamageRand=2000,nCostMana=0; L3:nDamageBase=0,nDamageRand=0,nCostMana=0; L4:nDamageBase=0,nDamageRand=0,nCostMana=0
Quest\镜花别院\伞技能伤害.lua	nDamageBase=1500, nDamageRand = 0, nCostMana = 0}, --level 1
	{nDamageBase = 0, nDamageRand = 0, nCostMana = 0}, --level 2
	{nDamageBase = 0, nDamageRand = 0, nCostMana = 0}, --level 3
	{nDamageBase = 0, nDamageRand = 0, nCostMana = 0}, --level 4
	{nDamageBase = 0, nDamageRand = 0, nCostMana = 0}, --level 5
	{nDamageBase = 0, nDamageRand = 0, nCostMana = 0}, --level 6
	{nDamageBase = 0, nDamageRand = 0, nCostMana = 0}, --level 7
	{nDamageBase = 0, nDamageRand = 0, nCostMana = 0}, --level 8
	{nDamageBase = 0, nDamageRand = 0, nCostMana = 0}, --level 9
	{nDamageBase = 0, nDamageRand = 0, nCostMana = 0}, --level 10
}; nBaseThreat=0; nCostMana=tSkillData[dwSkillLevel].nCostMana; nMinRadius=0 * LENGTH_BASE; nMaxRadius=10 * LENGTH_BASE; nAngleRange=256; nAreaRadius=1 * LENGTH_BASE; nTargetCountLimit=1; nPrepareFrames=0; nChannelFrame=0; nWeaponDamagePercent=0	SKILL_PHYSICS_DAMAGE(-0); SKILL_PHYSICS_RAND(-0,-0); CALL_PHYSICS_DAMAGE(-0,-0)	L2:nDamageBase=1500,nDamageRand=0,nCostMana=0; L3:nDamageBase=0,nDamageRand=0,nCostMana=0; L4:nDamageBase=0,nDamageRand=0,nCostMana=0
Quest\镜花别院\佛秀连携_连线高伤害_子技能.lua	nDamageBase=0, nDamageRand = 0, nCostMana = 0}, --level 1
	{nDamageBase = 0, nDamageRand = 0, nCostMana = 0}, --level 2
	{nDamageBase = 0, nDamageRand = 0, nCostMana = 0}, --level 3
	{nDamageBase = 0, nDamageRand = 0, nCostMana = 0}, --level 4
	{nDamageBase = 0, nDamageRand = 0, nCostMana = 0}, --level 5
	{nDamageBase = 0, nDamageRand = 0, nCostMana = 0}, --level 6
	{nDamageBase = 0, nDamageRand = 0, nCostMana = 0}, --level 7
	{nDamageBase = 0, nDamageRand = 0, nCostMana = 0}, --level 8
	{nDamageBase = 0, nDamageRand = 0, nCostMana = 0}, --level 9
	{nDamageBase = 0, nDamageRand = 0, nCostMana = 0}, --level 10
}; nBaseThreat=0; nCostMana=tSkillData[dwSkillLevel].nCostMana; nMinRadius=0 * LENGTH_BASE; nMaxRadius=100 * LENGTH_BASE; nAngleRange=256; nAreaRadius=0 * LENGTH_BASE; nTargetCountLimit=2; nPrepareFrames=0; nChannelFrame=0; nWeaponDamagePercent=0	EXECUTE_SCRIPT(1,0)	L2:nDamageBase=0,nDamageRand=0,nCostMana=0; L3:nDamageBase=0,nDamageRand=0,nCostMana=0; L4:nDamageBase=0,nDamageRand=0,nCostMana=0
Quest\镜花别院\道具_无敌.lua	nDamageBase=0, nDamageRand = 0, nCostMana = 0}, --level 1
	{nDamageBase = 0, nDamageRand = 0, nCostMana = 0}, --level 2
	{nDamageBase = 0, nDamageRand = 0, nCostMana = 0}, --level 3
	{nDamageBase = 0, nDamageRand = 0, nCostMana = 0}, --level 4
	{nDamageBase = 0, nDamageRand = 0, nCostMana = 0}, --level 5
	{nDamageBase = 0, nDamageRand = 0, nCostMana = 0}, --level 6
	{nDamageBase = 0, nDamageRand = 0, nCostMana = 0}, --level 7
	{nDamageBase = 0, nDamageRand = 0, nCostMana = 0}, --level 8
	{nDamageBase = 0, nDamageRand = 0, nCostMana = 0}, --level 9
	{nDamageBase = 0, nDamageRand = 0, nCostMana = 0}, --level 10
}; nBaseThreat=0; nCostMana=tSkillData[dwSkillLevel].nCostMana; nMinRadius=0 * LENGTH_BASE; nMaxRadius=100 * LENGTH_BASE; nAngleRange=256; nAreaRadius=2 * LENGTH_BASE; nTargetCountLimit=1; nPrepareFrames=0; nChannelFrame=0; nWeaponDamagePercent=0	EXECUTE_SCRIPT(1,0)	L2:nDamageBase=0,nDamageRand=0,nCostMana=0; L3:nDamageBase=0,nDamageRand=0,nCostMana=0; L4:nDamageBase=0,nDamageRand=0,nCostMana=0
Quest\长安_天策破甲.lua	nMinRadius=0			--技能施放最小半径
    skill.nMaxRadius        = 4 * LENGTH_BASE; nAngleRange=128; nPrepareFrames=0		L2:nBuffID=767,nBuffLevel=1,nCostMana=0
Quest\长安_皇城\跟踪要员_下车.lua		EXECUTE_SCRIPT(0)	
Quest\长安_纯阳伤害.lua	nMinRadius=0			--技能施放最小半径
    skill.nMaxRadius        = 4 * LENGTH_BASE; nAngleRange=128; nPrepareFrames=0	CALL_NEUTRAL_DAMAGE(200,1)	
Quest\霸刀场景\李令霞AOE完成任务.lua	nDamageBase=0, nDamageRand = 0, nCostMana = 0}, --level 1
	{nDamageBase = 0, nDamageRand = 0, nCostMana = 0}, --level 2
	{nDamageBase = 0, nDamageRand = 0, nCostMana = 0}, --level 3
	{nDamageBase = 0, nDamageRand = 0, nCostMana = 0}, --level 4
	{nDamageBase = 0, nDamageRand = 0, nCostMana = 0}, --level 5
	{nDamageBase = 0, nDamageRand = 0, nCostMana = 0}, --level 6
	{nDamageBase = 0, nDamageRand = 0, nCostMana = 0}, --level 7
	{nDamageBase = 0, nDamageRand = 0, nCostMana = 0}, --level 8
	{nDamageBase = 0, nDamageRand = 0, nCostMana = 0}, --level 9
	{nDamageBase = 0, nDamageRand = 0, nCostMana = 0}, --level 10
}; nBaseThreat=0; nCostMana=tSkillData[dwSkillLevel].nCostMana; nMinRadius=0 * LENGTH_BASE; nMaxRadius=30 * LENGTH_BASE; nAngleRange=256; nAreaRadius=30 * LENGTH_BASE; nTargetCountLimit=2; nPrepareFrames=48; nChannelFrame=0; nWeaponDamagePercent=0	EXECUTE_SCRIPT(0)	L2:nDamageBase=0,nDamageRand=0,nCostMana=0; L3:nDamageBase=0,nDamageRand=0,nCostMana=0; L4:nDamageBase=0,nDamageRand=0,nCostMana=0
Quest\黑山林海\技能打任务变量.lua	nMaxRadius=30 * LENGTH_BASE; nAngleRange=256; nAreaRadius=30 * LENGTH_BASE; nTargetCountLimit=-1; nPrepareFrames=0     --读条

	----------------- 打退打断落马相关 -------------------------------------------------
	skill.nBeatBackRate = 0 * PERCENT_BASE; nWeaponDamagePercent=0	EXECUTE_SCRIPT(1,0)	
Quest\黑山林海\断修_普攻.lua	nDamageBase=7777, nDamageRand = 0, nCostMana = 0}, --level 1
	{nDamageBase = 10000, nDamageRand = 0, nCostMana = 0}, --level 1
}; nMinRadius=0 * LENGTH_BASE; nMaxRadius=8 * LENGTH_BASE; nAngleRange=42; nAreaRadius=8 * LENGTH_BASE; nTargetCountLimit=-1; nPrepareFrames=32; nWeaponDamagePercent=2048	SKILL_PHYSICS_DAMAGE(0); SKILL_PHYSICS_DAMAGE_RAND(0,0); CALL_PHYSICS_DAMAGE(0,0)	L2:nDamageBase=7777,nDamageRand=0,nCostMana=0; L3:nDamageBase=10000,nDamageRand=0,nCostMana=0
Quest\黑山林海\断修_百斩.lua	nDamageBase=1000, nDamageRand = 0, nCostMana = 0}, --level 1
	{nDamageBase = 0, nDamageRand = 0, nCostMana = 0}, --level 2
	{nDamageBase = 0, nDamageRand = 0, nCostMana = 0}, --level 3
}; nMaxRadius=40 * LENGTH_BASE; nAngleRange=256; nTargetCountLimit=-1; nAreaRadius=30 * LENGTH_BASE; nPrepareFrames=32	SKILL_PHYSICS_DAMAGE(0); SKILL_PHYSICS_DAMAGE_RAND(0,0); CALL_PHYSICS_DAMAGE(0,0); EXECUTE_SCRIPT(0)	L2:nDamageBase=1000,nDamageRand=0,nCostMana=0; L3:nDamageBase=0,nDamageRand=0,nCostMana=0; L4:nDamageBase=0,nDamageRand=0,nCostMana=0
Quest\龙门_徐如林.lua	nDamageBase=0, nDamageRand = 0, nCostMana = 38,	nBuffID = 1174,	nBuffLevel = 1},		--level 1		0-4

}; nCostMana=tSkillData[dwSkillLevel].nCostMana; nMinRadius=0 * LENGTH_BASE; nMaxRadius=5 * LENGTH_BASE; nAngleRange=256; nAreaRadius=0 * LENGTH_BASE; nTargetCountLimit=5				-- 技能作用目标数量限制,(小于0 代表目标数量不限制) 
    
    ----------------- 时间相关 -------------------------------------------------
    --skill.nPrepareFrames  	= 0; nChannelFrame=0; nWeaponDamagePercent=0		L2:nDamageBase=0,nDamageRand=0,nCostMana=38,nBuffID=1174,nBuffLevel=1
test\四象.lua	nDamageBase=0, nDamageRand = 0, nCostMana = 0}, --level 1
	{nDamageBase = 0, nDamageRand = 0, nCostMana = 0}, --level 2
	{nDamageBase = 0, nDamageRand = 0, nCostMana = 0}, --level 3
	{nDamageBase = 0, nDamageRand = 0, nCostMana = 0}, --level 4
	{nDamageBase = 0, nDamageRand = 0, nCostMana = 0}, --level 5
	{nDamageBase = 0, nDamageRand = 0, nCostMana = 0}, --level 6
	{nDamageBase = 0, nDamageRand = 0, nCostMana = 0}, --level 7
	{nDamageBase = 0, nDamageRand = 0, nCostMana = 0}, --level 8
	{nDamageBase = 0, nDamageRand = 0, nCostMana = 0}, --level 9
	{nDamageBase = 0, nDamageRand = 0, nCostMana = 0}, --level 10
}; nBaseThreat=0; nCostMana=tSkillData[dwSkillLevel].nCostMana; nMinRadius=0 * LENGTH_BASE; nMaxRadius=40 * LENGTH_BASE; nAngleRange=128; nAreaRadius=0 * LENGTH_BASE; nTargetCountLimit=2; nPrepareFrames=24; nChannelFrame=0; nWeaponDamagePercent=0	CALL_NEUTRAL_DAMAGE(8000000,0); EXECUTE_SCRIPT(1,0)	L2:nDamageBase=0,nDamageRand=0,nCostMana=0; L3:nDamageBase=0,nDamageRand=0,nCostMana=0; L4:nDamageBase=0,nDamageRand=0,nCostMana=0
test\斗转星移_前.lua	nMinRadius=0 * LENGTH_BASE; nMaxRadius=5 * LENGTH_BASE; nAngleRange=256; nPrepareFrames=0	DASH_FORWARD(6,128)	
test\斗转星移_右.lua	nMaxRadius=4 * LENGTH_BASE; nAngleRange=64; nPrepareFrames=0	DASH_RIGHT(6,128)	
test\斗转星移_后.lua	nMaxRadius=4 * LENGTH_BASE; nAngleRange=64; nPrepareFrames=0	DASH_BACKWARD(6,128)	
test\斗转星移_左.lua	nMaxRadius=4 * LENGTH_BASE; nAngleRange=64; nPrepareFrames=0	DASH_LEFT(6,128)	
七秀\90级奇穴\剑破4层DOT.lua	nDamageBase=0, nDamageRand = 0, nCostMana = 0}, --level 1
	{nDamageBase = 0, nDamageRand = 0, nCostMana = 0}, --level 2
	{nDamageBase = 0, nDamageRand = 0, nCostMana = 0}, --level 3
	{nDamageBase = 0, nDamageRand = 0, nCostMana = 0}, --level 4
	{nDamageBase = 0, nDamageRand = 0, nCostMana = 0}, --level 5
	{nDamageBase = 0, nDamageRand = 0, nCostMana = 0}, --level 6
	{nDamageBase = 0, nDamageRand = 0, nCostMana = 0}, --level 7
	{nDamageBase = 0, nDamageRand = 0, nCostMana = 0}, --level 8
	{nDamageBase = 0, nDamageRand = 0, nCostMana = 0}, --level 9
	{nDamageBase = 0, nDamageRand = 0, nCostMana = 0}, --level 10
}; nBaseThreat=0; nCostMana=tSkillData[dwSkillLevel].nCostMana; nMinRadius=0 * LENGTH_BASE; nMaxRadius=22 * LENGTH_BASE; nAngleRange=256; nAreaRadius=0 * LENGTH_BASE; nTargetCountLimit=2; nPrepareFrames=0; nChannelFrame=0; nWeaponDamagePercent=0	EXECUTE_SCRIPT(90,0)	L2:nDamageBase=0,nDamageRand=0,nCostMana=0; L3:nDamageBase=0,nDamageRand=0,nCostMana=0; L4:nDamageBase=0,nDamageRand=0,nCostMana=0
七秀\90级奇穴\剑舞界面加1格.lua	nDamageBase=0, nDamageRand = 0, nCostMana = 0}, --level 1
	{nDamageBase = 0, nDamageRand = 0, nCostMana = 0}, --level 2
	{nDamageBase = 0, nDamageRand = 0, nCostMana = 0}, --level 3
	{nDamageBase = 0, nDamageRand = 0, nCostMana = 0}, --level 4
	{nDamageBase = 0, nDamageRand = 0, nCostMana = 0}, --level 5
	{nDamageBase = 0, nDamageRand = 0, nCostMana = 0}, --level 6
	{nDamageBase = 0, nDamageRand = 0, nCostMana = 0}, --level 7
	{nDamageBase = 0, nDamageRand = 0, nCostMana = 0}, --level 8
	{nDamageBase = 0, nDamageRand = 0, nCostMana = 0}, --level 9
	{nDamageBase = 0, nDamageRand = 0, nCostMana = 0}, --level 10
}; nBaseThreat=0; nCostMana=tSkillData[dwSkillLevel].nCostMana; nMinRadius=0 * LENGTH_BASE; nMaxRadius=4 * LENGTH_BASE; nAngleRange=256; nAreaRadius=0 * LENGTH_BASE; nTargetCountLimit=2; nPrepareFrames=0; nChannelFrame=0; nWeaponDamagePercent=0	ACCUMULATE(1,1)	L2:nDamageBase=0,nDamageRand=0,nCostMana=0; L3:nDamageBase=0,nDamageRand=0,nCostMana=0; L4:nDamageBase=0,nDamageRand=0,nCostMana=0
七秀\七秀_七诀剑气.lua	nMinRadius=0											--技能施放最小半径
	skill.nMaxRadius = 20 * LENGTH_BASE; nAngleRange=128; nPrepareFrames=0; nChannelFrame=0	SKILL_LUNAR_DAMAGE(0); SKILL_LUNAR_DAMAGE_RAND(0,0); CALL_LUNAR_DAMAGE(0,0); DETACH_MULTI_GROUP_BUFF(52)	L2:nLunarDamage=368 * 0.95,nLunarDamageRand=368 * 0.1,nBuffStackNum=1; L3:nLunarDamage=416 * 0.95,nLunarDamageRand=416 * 0.1,nBuffStackNum=2; L4:nLunarDamage=464 * 0.95,nLunarDamageRand=464 * 0.1,nBuffStackNum=3
七秀\七秀_绛唇珠袖_伤害效果.lua	nMinRadius=0; nMaxRadius=5 * LENGTH_BASE; nAngleRange=256; nPrepareFrames=0	SKILL_LUNAR_DAMAGE(0); SKILL_LUNAR_DAMAGE_RAND(0); CALL_LUNAR_DAMAGE(0,0); DEL_SINGLE_BUFF_BY_ID_AND_LEVEL(535); EXECUTE_SCRIPT(1,0)	L2:nDamage=115,nDamageRand=5; L3:nDamage=163,nDamageRand=5; L4:nDamage=211,nDamageRand=5
万灵山庄\万灵山庄_通用换弹延迟.lua	nDamageBase=0, nDamageRand = 0, nCostMana = 0}, --level 1
	{nDamageBase = 0, nDamageRand = 0, nCostMana = 0}, --level 2
	{nDamageBase = 0, nDamageRand = 0, nCostMana = 0}, --level 3
	{nDamageBase = 0, nDamageRand = 0, nCostMana = 0}, --level 4
	{nDamageBase = 0, nDamageRand = 0, nCostMana = 0}, --level 5
	{nDamageBase = 0, nDamageRand = 0, nCostMana = 0}, --level 6
	{nDamageBase = 0, nDamageRand = 0, nCostMana = 0}, --level 7
	{nDamageBase = 0, nDamageRand = 0, nCostMana = 0}, --level 8
	{nDamageBase = 0, nDamageRand = 0, nCostMana = 0}, --level 9
	{nDamageBase = 0, nDamageRand = 0, nCostMana = 0}, --level 10
}; nBaseThreat=0; nCostMana=tSkillData[dwSkillLevel].nCostMana; nMinRadius=0 * LENGTH_BASE; nMaxRadius=0 * LENGTH_BASE; nAngleRange=256; nAreaRadius=0 * LENGTH_BASE; nTargetCountLimit=2; nPrepareFrames=0; nChannelFrame=0; nWeaponDamagePercent=0		L2:nDamageBase=0,nDamageRand=0,nCostMana=0; L3:nDamageBase=0,nDamageRand=0,nCostMana=0; L4:nDamageBase=0,nDamageRand=0,nCostMana=0
万灵山庄\山海心诀奇穴套路\万灵09-3兴游_汇灵合契需求唤灵印减一.lua	nDamageBase=0, nDamageRand = 0, nCostMana = 0}, --level 1
	{nDamageBase = 0, nDamageRand = 0, nCostMana = 0}, --level 2
	{nDamageBase = 0, nDamageRand = 0, nCostMana = 0}, --level 3
	{nDamageBase = 0, nDamageRand = 0, nCostMana = 0}, --level 4
	{nDamageBase = 0, nDamageRand = 0, nCostMana = 0}, --level 5
	{nDamageBase = 0, nDamageRand = 0, nCostMana = 0}, --level 6
	{nDamageBase = 0, nDamageRand = 0, nCostMana = 0}, --level 7
	{nDamageBase = 0, nDamageRand = 0, nCostMana = 0}, --level 8
	{nDamageBase = 0, nDamageRand = 0, nCostMana = 0}, --level 9
	{nDamageBase = 0, nDamageRand = 0, nCostMana = 0}, --level 10
}; nBaseThreat=0; nCostMana=tSkillData[dwSkillLevel].nCostMana; nMinRadius=0 * LENGTH_BASE; nMaxRadius=20 * LENGTH_BASE; nAngleRange=256; nAreaRadius=50 * LENGTH_BASE; nTargetCountLimit=2; nPrepareFrames=0; nChannelFrame=0; nWeaponDamagePercent=0	SET_TALENT_RECIPE(5500,1); SET_TALENT_RECIPE(-5388,-1)	L2:nDamageBase=0,nDamageRand=0,nCostMana=0; L3:nDamageBase=0,nDamageRand=0,nCostMana=0; L4:nDamageBase=0,nDamageRand=0,nCostMana=0
万花\90级奇穴\刷新商阳指.lua	nCostMana=26, nDotID = 666, nDotLevel = 1 }, -- Level 1
	{nCostMana = 38, nDotID = 666, nDotLevel = 2 }, -- Level 2
	{nCostMana = 53, nDotID = 666, nDotLevel = 3 }, -- Level 3
	{nCostMana = 74, nDotID = 666, nDotLevel = 4 }, -- Level 4
	{nCostMana = 90, nDotID = 666, nDotLevel = 5 }, -- Level 5
	{nCostMana = 106, nDotID = 666, nDotLevel = 6 }, -- Level 6
	{nCostMana = 122, nDotID = 666, nDotLevel = 7 }, -- Level 7
	{nCostMana = 138, nDotID = 666, nDotLevel = 8 }, -- Level 8
	{nCostMana = 154, nDotID = 666, nDotLevel = 9 }, -- Level 9
	{nCostMana = 170, nDotID = 666, nDotLevel = 10 }, -- Level 10
	{nCostMana = 170, nDotID = 666, nDotLevel = 11 }, -- Level 10
	{nCostMana = 170, nDotID = 666, nDotLevel = 12 }, -- Level 10
	{nCostMana = 170, nDotID = 666, nDotLevel = 13 }, -- Level 13
	{nCostMana = 26, nDotID = 666, nDotLevel = 1 }, -- Level 1
	{nCostMana = 38, nDotID = 666, nDotLevel = 2 }, -- Level 2
	{nCostMana = 53, nDotID = 666, nDotLevel = 3 }, -- Level 3
	{nCostMana = 74, nDotID = 666, nDotLevel = 4 }, -- Level 4
	{nCostMana = 90, nDotID = 666, nDotLevel = 5 }, -- Level 5
	{nCostMana = 106, nDotID = 666, nDotLevel = 6 }, -- Level 6
	{nCostMana = 122, nDotID = 666, nDotLevel = 7 }, -- Level 7
	{nCostMana = 138, nDotID = 666, nDotLevel = 8 }, -- Level 8
	{nCostMana = 154, nDotID = 666, nDotLevel = 9 }, -- Level 9
	{nCostMana = 170, nDotID = 666, nDotLevel = 10 }, -- Level 10
	{nCostMana = 170, nDotID = 666, nDotLevel = 11 }, -- Level 10
	{nCostMana = 170, nDotID = 666, nDotLevel = 12 }, -- Level 10
	{nCostMana = 170, nDotID = 666, nDotLevel = 13 }, -- Level 13
	{nCostMana = 26, nDotID = 666, nDotLevel = 1 }, -- Level 1
	{nCostMana = 38, nDotID = 666, nDotLevel = 2 }, -- Level 2
	{nCostMana = 53, nDotID = 666, nDotLevel = 3 }, -- Level 3
	{nCostMana = 74, nDotID = 666, nDotLevel = 4 }, -- Level 4
	{nCostMana = 90, nDotID = 666, nDotLevel = 5 }, -- Level 5
	{nCostMana = 106, nDotID = 666, nDotLevel = 6 }, -- Level 6
	{nCostMana = 122, nDotID = 666, nDotLevel = 7 }, -- Level 7
	{nCostMana = 138, nDotID = 666, nDotLevel = 8 }, -- Level 8
	{nCostMana = 154, nDotID = 666, nDotLevel = 9 }, -- Level 9
	{nCostMana = 170, nDotID = 666, nDotLevel = 10 }, -- Level 10
	{nCostMana = 170, nDotID = 666, nDotLevel = 11 }, -- Level 10
	{nCostMana = 170, nDotID = 666, nDotLevel = 12 }, -- Level 10

	{nCostMana = 26, nDotID = 666, nDotLevel = 1 }, -- Level 1
	{nCostMana = 38, nDotID = 666, nDotLevel = 2 }, -- Level 2
	{nCostMana = 53, nDotID = 666, nDotLevel = 3 }, -- Level 3
	{nCostMana = 74, nDotID = 666, nDotLevel = 4 }, -- Level 4
	{nCostMana = 90, nDotID = 666, nDotLevel = 5 }, -- Level 5
	{nCostMana = 106, nDotID = 666, nDotLevel = 6 }, -- Level 6
	{nCostMana = 122, nDotID = 666, nDotLevel = 7 }, -- Level 7
	{nCostMana = 138, nDotID = 666, nDotLevel = 8 }, -- Level 8
	{nCostMana = 154, nDotID = 666, nDotLevel = 9 }, -- Level 9
	{nCostMana = 170, nDotID = 666, nDotLevel = 10 }, -- Level 10
	{nCostMana = 170, nDotID = 666, nDotLevel = 11 }, -- Level 10
	{nCostMana = 170, nDotID = 666, nDotLevel = 12 }, -- Level 10
	{nCostMana = 170, nDotID = 666, nDotLevel = 13 }, -- Level 13
	{nCostMana = 170, nDotID = 666, nDotLevel = 13 }, -- Level 13
}; nMinRadius=0 * LENGTH_BASE; nMaxRadius=30 * LENGTH_BASE; nAngleRange=128; nAreaRadius=0 * LENGTH_BASE; nTargetCountLimit=2; nPrepareFrames=0; nWeaponDamagePercent=0	SKILL_NEUTRAL_DAMAGE(1,0); SKILL_NEUTRAL_DAMAGE_RAND(1,0); CALL_NEUTRAL_DAMAGE(0,1); EXECUTE_SCRIPT(90,0); EXECUTE_SCRIPT(0,666)	L2:nCostMana=26,nDotID=666,nDotLevel=1; L3:nCostMana=38,nDotID=666,nDotLevel=2; L4:nCostMana=53,nDotID=666,nDotLevel=3
万花\万花_子技能_傍花随柳_施技定身.lua	nCostMana=tSkillData[dwSkillLevel].nCostMana; nMinRadius=0; nMaxRadius=20 * LENGTH_BASE; nAngleRange=128; nAreaRadius=5 * LENGTH_BASE; nTargetCountLimit=5; nPrepareFrames=0; nChannelFrame=0; nWeaponDamagePercent=0	CURRENT_MANA(1,0); EXECUTE_SCRIPT(1,0)	L2:nCutMana=231; L3:nCutMana=314; L4:nCutMana=396
万花\万花_子技能_阳明指_花间中性易伤DEBUFF.lua	nBaseThreat=0; nCostMana=tSkillData[dwSkillLevel].nCostMana; nMinRadius=0 * LENGTH_BASE; nMaxRadius=25* LENGTH_BASE; nAngleRange=256; nAreaRadius=6 * LENGTH_BASE; nTargetCountLimit=10							-- 技能作用目标数量限制,(小于0 代表目标数量不限制) 
    
    ----------------- 时间相关 -------------------------------------------------
    --skill.nPrepareFrames  	= 0				-- 吟唱帧数
    --skill.nChannelInterval	= 0; nChannelFrame=0	 			-- 通道技持续时间，单位帧数 
    --skill.nBulletVelocity		= 0; nWeaponDamagePercent=0		
万花\万花_子技能_阳明指_花间刷新傍花随柳.lua	nBaseThreat=0; nCostMana=tSkillData[dwSkillLevel].nCostMana; nMinRadius=0 * LENGTH_BASE; nMaxRadius=25* LENGTH_BASE; nAngleRange=256; nAreaRadius=6 * LENGTH_BASE; nTargetCountLimit=10							-- 技能作用目标数量限制,(小于0 代表目标数量不限制) 
    
    ----------------- 时间相关 -------------------------------------------------
    --skill.nPrepareFrames  	= 0				-- 吟唱帧数
    --skill.nChannelInterval	= 0; nChannelFrame=0	 			-- 通道技持续时间，单位帧数 
    --skill.nBulletVelocity		= 0; nWeaponDamagePercent=0		
万花\子技能_乱洒阳明附带商阳.lua	nCostMana=26, nDotID = 666, nDotLevel = 1 }, -- Level 1
	{nCostMana = 38, nDotID = 666, nDotLevel = 2 }, -- Level 2
	{nCostMana = 53, nDotID = 666, nDotLevel = 3 }, -- Level 3
	{nCostMana = 74, nDotID = 666, nDotLevel = 4 }, -- Level 4
	{nCostMana = 90, nDotID = 666, nDotLevel = 5 }, -- Level 5
	{nCostMana = 106, nDotID = 666, nDotLevel = 6 }, -- Level 6
	{nCostMana = 122, nDotID = 666, nDotLevel = 7 }, -- Level 7
	{nCostMana = 138, nDotID = 666, nDotLevel = 8 }, -- Level 8
	{nCostMana = 154, nDotID = 666, nDotLevel = 9 }, -- Level 9
	{nCostMana = 170, nDotID = 666, nDotLevel = 10 }, -- Level 10
	{nCostMana = 170, nDotID = 666, nDotLevel = 11 }, -- Level 10
	{nCostMana = 170, nDotID = 666, nDotLevel = 12 }, -- Level 10
	{nCostMana = 170, nDotID = 666, nDotLevel = 13 }, -- Level 13
	{nCostMana = 26, nDotID = 666, nDotLevel = 14 }, -- Level 14
	{nCostMana = 38, nDotID = 666, nDotLevel = 15 }, -- Level 15
	{nCostMana = 53, nDotID = 666, nDotLevel = 16 }, -- Level 16
	{nCostMana = 74, nDotID = 666, nDotLevel = 17 }, -- Level 17
	{nCostMana = 90, nDotID = 666, nDotLevel = 18 }, -- Level 18
	{nCostMana = 106, nDotID = 666, nDotLevel = 19 }, -- Level 19
	{nCostMana = 122, nDotID = 666, nDotLevel = 20 }, -- Level 20
	{nCostMana = 138, nDotID = 666, nDotLevel = 21 }, -- Level 21
	{nCostMana = 154, nDotID = 666, nDotLevel = 22 }, -- Level 22
	{nCostMana = 170, nDotID = 666, nDotLevel = 23 }, -- Level 23
	{nCostMana = 170, nDotID = 666, nDotLevel = 24 }, -- Level 24
	{nCostMana = 170, nDotID = 666, nDotLevel = 25 }, -- Level 25
	{nCostMana = 170, nDotID = 666, nDotLevel = 26 }, -- Level 26
	{nCostMana = 170, nDotID = 666, nDotLevel = 27 }, -- Level 27
	{nCostMana = 170, nDotID = 666, nDotLevel = 28 }, -- Level 28
	{nCostMana = 170, nDotID = 666, nDotLevel = 29 }, -- Level 29
}; nMinRadius=0 * LENGTH_BASE; nMaxRadius=25 * LENGTH_BASE; nAngleRange=256; nAreaRadius=0 * LENGTH_BASE; nTargetCountLimit=2; nPrepareFrames=0; nChannelFrame=0; nWeaponDamagePercent=0	EXECUTE_SCRIPT(0,90); EXECUTE_SCRIPT(90,0); EXECUTE_SCRIPT(0); SKILL_NEUTRAL_DAMAGE(1,0); SKILL_NEUTRAL_DAMAGE_RAND(1,0); CALL_NEUTRAL_DAMAGE(0,1)	L2:nCostMana=26,nDotID=666,nDotLevel=1; L3:nCostMana=38,nDotID=666,nDotLevel=2; L4:nCostMana=53,nDotID=666,nDotLevel=3
万花\子技能_傍花随柳降低5秒调息时间.lua	nDamageBase=0, nDamageRand = 0, nCostMana = 0}, --level 1
	{nDamageBase = 0, nDamageRand = 0, nCostMana = 0}, --level 2
	{nDamageBase = 0, nDamageRand = 0, nCostMana = 0}, --level 3
	{nDamageBase = 0, nDamageRand = 0, nCostMana = 0}, --level 4
	{nDamageBase = 0, nDamageRand = 0, nCostMana = 0}, --level 5
	{nDamageBase = 0, nDamageRand = 0, nCostMana = 0}, --level 6
	{nDamageBase = 0, nDamageRand = 0, nCostMana = 0}, --level 7
	{nDamageBase = 0, nDamageRand = 0, nCostMana = 0}, --level 8
	{nDamageBase = 0, nDamageRand = 0, nCostMana = 0}, --level 9
	{nDamageBase = 0, nDamageRand = 0, nCostMana = 0}, --level 10
}; nBaseThreat=0; nCostMana=tSkillData[dwSkillLevel].nCostMana; nMinRadius=0 * LENGTH_BASE; nMaxRadius=0 * LENGTH_BASE; nAngleRange=256; nAreaRadius=0 * LENGTH_BASE; nTargetCountLimit=2; nPrepareFrames=0; nChannelFrame=0; nWeaponDamagePercent=0	MODIFY_COOL_DOWN(179,1)	L2:nDamageBase=0,nDamageRand=0,nCostMana=0; L3:nDamageBase=0,nDamageRand=0,nCostMana=0; L4:nDamageBase=0,nDamageRand=0,nCostMana=0
万花\子技能_商阳指监控界面处理.lua	nDamageBase=0, nDamageRand = 0, nCostMana = 0}, --level 1
	{nDamageBase = 0, nDamageRand = 0, nCostMana = 0}, --level 2
	{nDamageBase = 0, nDamageRand = 0, nCostMana = 0}, --level 3
	{nDamageBase = 0, nDamageRand = 0, nCostMana = 0}, --level 4
	{nDamageBase = 0, nDamageRand = 0, nCostMana = 0}, --level 5
	{nDamageBase = 0, nDamageRand = 0, nCostMana = 0}, --level 6
	{nDamageBase = 0, nDamageRand = 0, nCostMana = 0}, --level 7
	{nDamageBase = 0, nDamageRand = 0, nCostMana = 0}, --level 8
	{nDamageBase = 0, nDamageRand = 0, nCostMana = 0}, --level 9
	{nDamageBase = 0, nDamageRand = 0, nCostMana = 0}, --level 10
}; nBaseThreat=0; nCostMana=tSkillData[dwSkillLevel].nCostMana; nMinRadius=0 * LENGTH_BASE; nMaxRadius=0 * LENGTH_BASE; nAngleRange=256; nAreaRadius=0 * LENGTH_BASE; nTargetCountLimit=2; nPrepareFrames=0; nChannelFrame=0; nWeaponDamagePercent=0	EXECUTE_SCRIPT(0)	L2:nDamageBase=0,nDamageRand=0,nCostMana=0; L3:nDamageBase=0,nDamageRand=0,nCostMana=0; L4:nDamageBase=0,nDamageRand=0,nCostMana=0
万花\子技能_飞白后商阳DOT.lua	nCostMana=26, nDotID = 666, nDotLevel = 1 }, -- Level 1
	{nCostMana = 38, nDotID = 666, nDotLevel = 2 }, -- Level 2
	{nCostMana = 53, nDotID = 666, nDotLevel = 3 }, -- Level 3
	{nCostMana = 74, nDotID = 666, nDotLevel = 4 }, -- Level 4
	{nCostMana = 90, nDotID = 666, nDotLevel = 5 }, -- Level 5
	{nCostMana = 106, nDotID = 666, nDotLevel = 6 }, -- Level 6
	{nCostMana = 122, nDotID = 666, nDotLevel = 7 }, -- Level 7
	{nCostMana = 138, nDotID = 666, nDotLevel = 8 }, -- Level 8
	{nCostMana = 154, nDotID = 666, nDotLevel = 9 }, -- Level 9
	{nCostMana = 170, nDotID = 666, nDotLevel = 10 }, -- Level 10
	{nCostMana = 170, nDotID = 666, nDotLevel = 11 }, -- Level 10
	{nCostMana = 170, nDotID = 666, nDotLevel = 12 }, -- Level 10
	{nCostMana = 170, nDotID = 666, nDotLevel = 13 }, -- Level 13
	{nCostMana = 26, nDotID = 666, nDotLevel = 1 }, -- Level 1
	{nCostMana = 38, nDotID = 666, nDotLevel = 2 }, -- Level 2
	{nCostMana = 53, nDotID = 666, nDotLevel = 3 }, -- Level 3
	{nCostMana = 74, nDotID = 666, nDotLevel = 4 }, -- Level 4
	{nCostMana = 90, nDotID = 666, nDotLevel = 5 }, -- Level 5
	{nCostMana = 106, nDotID = 666, nDotLevel = 6 }, -- Level 6
	{nCostMana = 122, nDotID = 666, nDotLevel = 7 }, -- Level 7
	{nCostMana = 138, nDotID = 666, nDotLevel = 8 }, -- Level 8
	{nCostMana = 154, nDotID = 666, nDotLevel = 9 }, -- Level 9
	{nCostMana = 170, nDotID = 666, nDotLevel = 10 }, -- Level 10
	{nCostMana = 170, nDotID = 666, nDotLevel = 11 }, -- Level 10
	{nCostMana = 170, nDotID = 666, nDotLevel = 12 }, -- Level 10
	{nCostMana = 170, nDotID = 666, nDotLevel = 13 }, -- Level 13
	{nCostMana = 26, nDotID = 666, nDotLevel = 1 }, -- Level 1
	{nCostMana = 38, nDotID = 666, nDotLevel = 2 }, -- Level 2
	{nCostMana = 53, nDotID = 666, nDotLevel = 3 }, -- Level 3
	{nCostMana = 74, nDotID = 666, nDotLevel = 4 }, -- Level 4
	{nCostMana = 90, nDotID = 666, nDotLevel = 5 }, -- Level 5
	{nCostMana = 106, nDotID = 666, nDotLevel = 6 }, -- Level 6
	{nCostMana = 122, nDotID = 666, nDotLevel = 7 }, -- Level 7
	{nCostMana = 138, nDotID = 666, nDotLevel = 8 }, -- Level 8
	{nCostMana = 154, nDotID = 666, nDotLevel = 9 }, -- Level 9
	{nCostMana = 170, nDotID = 666, nDotLevel = 10 }, -- Level 10
	{nCostMana = 170, nDotID = 666, nDotLevel = 11 }, -- Level 10
	{nCostMana = 170, nDotID = 666, nDotLevel = 12 }, -- Level 10

	{nCostMana = 26, nDotID = 666, nDotLevel = 1 }, -- Level 1
	{nCostMana = 38, nDotID = 666, nDotLevel = 2 }, -- Level 2
	{nCostMana = 53, nDotID = 666, nDotLevel = 3 }, -- Level 3
	{nCostMana = 74, nDotID = 666, nDotLevel = 4 }, -- Level 4
	{nCostMana = 90, nDotID = 666, nDotLevel = 5 }, -- Level 5
	{nCostMana = 106, nDotID = 666, nDotLevel = 6 }, -- Level 6
	{nCostMana = 122, nDotID = 666, nDotLevel = 7 }, -- Level 7
	{nCostMana = 138, nDotID = 666, nDotLevel = 8 }, -- Level 8
	{nCostMana = 154, nDotID = 666, nDotLevel = 9 }, -- Level 9
	{nCostMana = 170, nDotID = 666, nDotLevel = 10 }, -- Level 10
	{nCostMana = 170, nDotID = 666, nDotLevel = 11 }, -- Level 10
	{nCostMana = 170, nDotID = 666, nDotLevel = 12 }, -- Level 10
	{nCostMana = 170, nDotID = 666, nDotLevel = 13 }, -- Level 13
	{nCostMana = 170, nDotID = 666, nDotLevel = 13 }, -- Level 13
}; nMinRadius=0 * LENGTH_BASE; nMaxRadius=30 * LENGTH_BASE; nAngleRange=128; nAreaRadius=0 * LENGTH_BASE; nTargetCountLimit=2; nPrepareFrames=0; nWeaponDamagePercent=0	SKILL_NEUTRAL_DAMAGE(1,0); SKILL_NEUTRAL_DAMAGE_RAND(1,0); CALL_NEUTRAL_DAMAGE(0,1); EXECUTE_SCRIPT(90,0); EXECUTE_SCRIPT(0,30261)	L2:nCostMana=26,nDotID=666,nDotLevel=1; L3:nCostMana=38,nDotID=666,nDotLevel=2; L4:nCostMana=53,nDotID=666,nDotLevel=3
万花\春泥秘籍hot.lua	nBaseThreat=0; nCostMana=tSkillData[dwSkillLevel].nCostMana; nMinRadius=0 * LENGTH_BASE; nMaxRadius=30 * LENGTH_BASE; nAngleRange=256; nAreaRadius=0 * LENGTH_BASE; nTargetCountLimit=2; nPrepareFrames=0; nChannelFrame=0; nWeaponDamagePercent=0	SKILL_THERAPY(0); SKILL_THERAPY_RAND(0,0); CALL_THERAPY(0,0)	L2:nTherapy=100,nTherapyRand=0,nTherapyPowerPercent=51 * 2; L3:nTherapy=64 * 0.95,nTherapyRand=0,nTherapyPowerPercent=102 * 2; L4:nTherapy=86 * 0.95,nTherapyRand=0,nTherapyPowerPercent=153 * 2
丐帮\6395_落水打狗_伤害2.lua	nBaseThreat=0; nCostMana=tSkillData[dwSkillLevel].nCostMana; nMinRadius=0 * LENGTH_BASE; nMaxRadius=4 * LENGTH_BASE; nAngleRange=256; nAreaRadius=6 * LENGTH_BASE; nTargetCountLimit=5; nPrepareFrames=0; nChannelFrame=0; nWeaponDamagePercent=0	SKILL_PHYSICS_DAMAGE(3,0); SKILL_PHYSICS_DAMAGE_RAND(3,0); CALL_PHYSICS_DAMAGE(0,0); EXECUTE_SCRIPT(0,6351); EXECUTE_SCRIPT(6351,2); DEL_SINGLE_BUFF_BY_ID_AND_LEVEL(6153,1); DEL_SINGLE_BUFF_BY_ID_AND_LEVEL(6153,1)	L2:nAddRage=35,nCostRage=20,nDamage=37 * 0.95,nDamageRand=37 * 0.1; L3:nAddRage=35,nCostRage=20,nDamage=45 * 0.95,nDamageRand=45 * 0.1; L4:nAddRage=35,nCostRage=20,nDamage=53 * 0.95,nDamageRand=53 * 0.1
丐帮\6396_落水打狗_伤害3.lua	nBaseThreat=0; nCostMana=tSkillData[dwSkillLevel].nCostMana; nMinRadius=0 * LENGTH_BASE; nMaxRadius=4 * LENGTH_BASE; nAngleRange=256; nAreaRadius=6 * LENGTH_BASE; nTargetCountLimit=5; nPrepareFrames=0; nChannelFrame=0; nWeaponDamagePercent=0	SKILL_PHYSICS_DAMAGE(3,0); SKILL_PHYSICS_DAMAGE_RAND(3,0); CALL_PHYSICS_DAMAGE(0,0); CAST_SKILL_TARGET_DST(13519,-6153); DEL_SINGLE_BUFF_BY_ID_AND_LEVEL(-6153,-1); EXECUTE_SCRIPT(0); DEL_SINGLE_BUFF_BY_ID_AND_LEVEL(-6153,1); DEL_SINGLE_BUFF_BY_ID_AND_LEVEL(-6153,1)	L2:nAddRage=35,nCostRage=20,nDamage=37 * 0.95,nDamageRand=37 * 0.1; L3:nAddRage=35,nCostRage=20,nDamage=45 * 0.95,nDamageRand=45 * 0.1; L4:nAddRage=35,nCostRage=20,nDamage=53 * 0.95,nDamageRand=53 * 0.1
丐帮\6396_落水打狗_伤害3_真实伤害.lua	nBaseThreat=0; nCostMana=tSkillData[dwSkillLevel].nCostMana; nMinRadius=0 * LENGTH_BASE; nMaxRadius=10 * LENGTH_BASE; nAngleRange=256; nAreaRadius=6 * LENGTH_BASE; nTargetCountLimit=5; nPrepareFrames=0; nChannelFrame=0; nWeaponDamagePercent=0	SKILL_PHYSICS_DAMAGE(3,0); SKILL_PHYSICS_DAMAGE_RAND(3,0); CALL_PHYSICS_DAMAGE(0,0); EXECUTE_SCRIPT(6351,2)	L2:nAddRage=35,nCostRage=20,nDamage=37 * 0.95,nDamageRand=37 * 0.1; L3:nAddRage=35,nCostRage=20,nDamage=45 * 0.95,nDamageRand=45 * 0.1; L4:nAddRage=35,nCostRage=20,nDamage=53 * 0.95,nDamageRand=53 * 0.1
丐帮\6397_恶狗拦路_伤害1_真实伤害.lua	nBaseThreat=0; nCostMana=tSkillData[dwSkillLevel].nCostMana; nMinRadius=0 * LENGTH_BASE; nMaxRadius=12 * LENGTH_BASE; nAngleRange=256; nAreaRadius=8 * LENGTH_BASE; nTargetCountLimit=5; nPrepareFrames=0; nChannelFrame=0; nWeaponDamagePercent=0	SKILL_PHYSICS_DAMAGE(0); SKILL_PHYSICS_DAMAGE_RAND(0,0); CALL_PHYSICS_DAMAGE(0,0); EXECUTE_SCRIPT(6351,2)	L2:nAddRage=35,nCostRage=20,nDamage=69 * 0.95,nDamageRand=69 * 0.1; L3:nAddRage=35,nCostRage=20,nDamage=77 * 0.95,nDamageRand=77 * 0.1; L4:nAddRage=35,nCostRage=20,nDamage=85 * 0.95,nDamageRand=85 * 0.1
丐帮\丐帮_狂龙乱舞_伤害1.lua	nDamageBase=151 * 0.8, nDamageRand = 151 * 0.4, nCostMana = 0}, --level 3
	{nDamageBase = 223 * 0.8, nDamageRand = 223 * 0.4, nCostMana = 0}, --level 4
	{nDamageBase = 295 * 0.8, nDamageRand = 295 * 0.4, nCostMana = 0}, --level 5
	{nDamageBase = 367 * 0.8, nDamageRand = 367 * 0.4, nCostMana = 0}, --level 6
	{nDamageBase = 439 * 0.8, nDamageRand = 439 * 0.4, nCostMana = 0}, --level 7
	{nDamageBase = 511 * 0.8, nDamageRand = 511 * 0.4, nCostMana = 0}, --level 8
	{nDamageBase = 583 * 0.8, nDamageRand = 583 * 0.4, nCostMana = 0}, --level 9
	{nDamageBase = 655 * 0.8, nDamageRand = 655 * 0.4, nCostMana = 0}, --level 8
	{nDamageBase = 727 * 0.8, nDamageRand = 727 * 0.4, nCostMana = 0}, --level 9
}; nBaseThreat=0; nCostMana=tSkillData[dwSkillLevel].nCostMana; nMinRadius=0 * LENGTH_BASE; nMaxRadius=8 * LENGTH_BASE; nAngleRange=256; nAreaRadius=5 * LENGTH_BASE; nTargetCountLimit=5; nChannelFrame=0; nWeaponDamagePercent=0	SKILL_PHYSICS_DAMAGE(15,0); SKILL_PHYSICS_DAMAGE_RAND(15,0); CALL_PHYSICS_DAMAGE(0,0); EXECUTE_SCRIPT(0,6351); EXECUTE_SCRIPT(6351,2); EXECUTE_SCRIPT(0)	L2:nDamageBase=151 * 0.8,nDamageRand=151 * 0.4,nCostMana=0; L3:nDamageBase=223 * 0.8,nDamageRand=223 * 0.4,nCostMana=0; L4:nDamageBase=295 * 0.8,nDamageRand=295 * 0.4,nCostMana=0
丐帮\丐帮_狂龙乱舞_伤害3.lua	nDamageBase=151 * 0.8, nDamageRand = 151 * 0.4, nCostMana = 0}, --level 3
	{nDamageBase = 223 * 0.8, nDamageRand = 223 * 0.4, nCostMana = 0}, --level 4
	{nDamageBase = 295 * 0.8, nDamageRand = 295 * 0.4, nCostMana = 0}, --level 5
	{nDamageBase = 367 * 0.8, nDamageRand = 367 * 0.4, nCostMana = 0}, --level 6
	{nDamageBase = 439 * 0.8, nDamageRand = 439 * 0.4, nCostMana = 0}, --level 7
	{nDamageBase = 511 * 0.8, nDamageRand = 511 * 0.4, nCostMana = 0}, --level 8
	{nDamageBase = 583 * 0.8, nDamageRand = 583 * 0.4, nCostMana = 0}, --level 9
	{nDamageBase = 655 * 0.8, nDamageRand = 655 * 0.4, nCostMana = 0}, --level 8
	{nDamageBase = 727 * 0.8, nDamageRand = 727 * 0.4, nCostMana = 0}, --level 9
}; nBaseThreat=0; nCostMana=tSkillData[dwSkillLevel].nCostMana; nMinRadius=0 * LENGTH_BASE; nMaxRadius=8 * LENGTH_BASE; nAngleRange=256; nAreaRadius=5 * LENGTH_BASE; nTargetCountLimit=5; nPrepareFrames=0; nChannelFrame=0; nWeaponDamagePercent=0	SKILL_PHYSICS_DAMAGE(15,0); SKILL_PHYSICS_DAMAGE_RAND(15,0); CALL_PHYSICS_DAMAGE(0,0); EXECUTE_SCRIPT(0,6351); EXECUTE_SCRIPT(6351,2); EXECUTE_SCRIPT(0)	L2:nDamageBase=151 * 0.8,nDamageRand=151 * 0.4,nCostMana=0; L3:nDamageBase=223 * 0.8,nDamageRand=223 * 0.4,nCostMana=0; L4:nDamageBase=295 * 0.8,nDamageRand=295 * 0.4,nCostMana=0
丐帮\丐帮_狂龙乱舞_伤害4.lua	nDamageBase=151 * 0.8, nDamageRand = 151 * 0.4, nCostMana = 0}, --level 3
	{nDamageBase = 223 * 0.8, nDamageRand = 223 * 0.4, nCostMana = 0}, --level 4
	{nDamageBase = 295 * 0.8, nDamageRand = 295 * 0.4, nCostMana = 0}, --level 5
	{nDamageBase = 367 * 0.8, nDamageRand = 367 * 0.4, nCostMana = 0}, --level 6
	{nDamageBase = 439 * 0.8, nDamageRand = 439 * 0.4, nCostMana = 0}, --level 7
	{nDamageBase = 511 * 0.8, nDamageRand = 511 * 0.4, nCostMana = 0}, --level 8
	{nDamageBase = 583 * 0.8, nDamageRand = 583 * 0.4, nCostMana = 0}, --level 9
	{nDamageBase = 655 * 0.8, nDamageRand = 655 * 0.4, nCostMana = 0}, --level 8
	{nDamageBase = 727 * 0.8, nDamageRand = 727 * 0.4, nCostMana = 0}, --level 9
}; nBaseThreat=0; nCostMana=tSkillData[dwSkillLevel].nCostMana; nMinRadius=0 * LENGTH_BASE; nMaxRadius=8 * LENGTH_BASE; nAngleRange=256; nAreaRadius=5 * LENGTH_BASE; nTargetCountLimit=5; nPrepareFrames=0; nChannelFrame=0; nWeaponDamagePercent=0	SKILL_PHYSICS_DAMAGE(15,0); SKILL_PHYSICS_DAMAGE_RAND(15,0); CALL_PHYSICS_DAMAGE(0,0); EXECUTE_SCRIPT(0,6351); EXECUTE_SCRIPT(6351,2); EXECUTE_SCRIPT(0)	L2:nDamageBase=151 * 0.8,nDamageRand=151 * 0.4,nCostMana=0; L3:nDamageBase=223 * 0.8,nDamageRand=223 * 0.4,nCostMana=0; L4:nDamageBase=295 * 0.8,nDamageRand=295 * 0.4,nCostMana=0
丐帮\丐帮_狂龙乱舞追加伤害.lua	nDamageBase=727 * 0.8, nDamageRand = 727 * 0.4, nCostMana = 0}, --level 3
	{nDamageBase = 727 * 0.8, nDamageRand = 727 * 0.4, nCostMana = 0}, --level 4
	{nDamageBase = 727 * 0.8, nDamageRand = 727 * 0.4, nCostMana = 0}, --level 5
	{nDamageBase = 727 * 0.8, nDamageRand = 727 * 0.4, nCostMana = 0}, --level 6
	{nDamageBase = 727 * 0.8, nDamageRand = 727 * 0.4, nCostMana = 0}, --level 7
	{nDamageBase = 727 * 0.8, nDamageRand = 727 * 0.4, nCostMana = 0}, --level 8
	{nDamageBase = 727 * 0.8, nDamageRand = 727 * 0.4, nCostMana = 0}, --level 9
	{nDamageBase = 727 * 0.8, nDamageRand = 727 * 0.4, nCostMana = 0}, --level 8
	{nDamageBase = 727 * 0.8, nDamageRand = 727 * 0.4, nCostMana = 0}, --level 9
	{nDamageBase = 727 * 0.8, nDamageRand = 727 * 0.4, nCostMana = 0}, --level 3
	{nDamageBase = 727 * 0.8, nDamageRand = 727 * 0.4, nCostMana = 0}, --level 4
	{nDamageBase = 727 * 0.8, nDamageRand = 727 * 0.4, nCostMana = 0}, --level 5
	{nDamageBase = 727 * 0.8, nDamageRand = 727 * 0.4, nCostMana = 0}, --level 6
	{nDamageBase = 727 * 0.8, nDamageRand = 727 * 0.4, nCostMana = 0}, --level 7
	{nDamageBase = 727 * 0.8, nDamageRand = 727 * 0.4, nCostMana = 0}, --level 8
	{nDamageBase = 727 * 0.8, nDamageRand = 727 * 0.4, nCostMana = 0}, --level 9
	{nDamageBase = 727 * 0.8, nDamageRand = 727 * 0.4, nCostMana = 0}, --level 8
	{nDamageBase = 727 * 0.8, nDamageRand = 727 * 0.4, nCostMana = 0}, --level 9
	{nDamageBase = 727 * 0.8, nDamageRand = 727 * 0.4, nCostMana = 0}, --level 8
	{nDamageBase = 727 * 0.8, nDamageRand = 727 * 0.4, nCostMana = 0}, --level 9
}; nBaseThreat=0; nCostMana=tSkillData[dwSkillLevel].nCostMana; nMinRadius=0 * LENGTH_BASE; nMaxRadius=5 * LENGTH_BASE; nAngleRange=256; nAreaRadius=5 * LENGTH_BASE; nTargetCountLimit=5; nPrepareFrames=0; nChannelFrame=0; nWeaponDamagePercent=0	SKILL_PHYSICS_DAMAGE(15,0); SKILL_PHYSICS_DAMAGE_RAND(15,0); CALL_PHYSICS_DAMAGE(0,0)	L2:nDamageBase=727 * 0.8,nDamageRand=727 * 0.4,nCostMana=0; L3:nDamageBase=727 * 0.8,nDamageRand=727 * 0.4,nCostMana=0; L4:nDamageBase=727 * 0.8,nDamageRand=727 * 0.4,nCostMana=0
丐帮\丐帮_飞龙在天·四段.lua	nDamageBase=0, nDamageRand = 0, nCostMana = 0}, --level 1
	{nDamageBase = 0, nDamageRand = 0, nCostMana = 0}, --level 2
	{nDamageBase = 0, nDamageRand = 0, nCostMana = 0}, --level 3
	{nDamageBase = 0, nDamageRand = 0, nCostMana = 0}, --level 4
	{nDamageBase = 0, nDamageRand = 0, nCostMana = 0}, --level 5
	{nDamageBase = 0, nDamageRand = 0, nCostMana = 0}, --level 6
	{nDamageBase = 0, nDamageRand = 0, nCostMana = 0}, --level 7
	{nDamageBase = 0, nDamageRand = 0, nCostMana = 0}, --level 8
	{nDamageBase = 0, nDamageRand = 0, nCostMana = 0}, --level 9
	{nDamageBase = 0, nDamageRand = 0, nCostMana = 0}, --level 10
}; nBaseThreat=0; nMinRadius=7 * LENGTH_BASE; nMaxRadius=12 * LENGTH_BASE; nAngleRange=128; nAreaRadius=0 * LENGTH_BASE; nTargetCountLimit=2; nPrepareFrames=0; nChannelFrame=0; nWeaponDamagePercent=0	EXECUTE_SCRIPT(0,50); DASH_TO_DST_BACK(50,16); SKILL_MOVE(303,1); SKILL_MOVE(305,0); SKILL_PHYSICS_DAMAGE(0); SKILL_PHYSICS_DAMAGE_RAND(0,0); CALL_PHYSICS_DAMAGE(0,0); EXECUTE_SCRIPT(6351,2); SKILL_MOVE(54,0); SKILL_MOVE(53,1)	L2:nDamageBase=0,nDamageRand=0,nCostMana=0; L3:nDamageBase=0,nDamageRand=0,nCostMana=0; L4:nDamageBase=0,nDamageRand=0,nCostMana=0
丐帮\亢龙6.lua	nDamageBase=11 * 0.95, nDamageRand = 30 * 0.1, nCostMana = 0}, --level 1
	{nDamageBase = 14 * 0.95, nDamageRand = 30 * 0.1, nCostMana = 0}, --level 2
	{nDamageBase = 16 * 0.95, nDamageRand = 30 * 0.1, nCostMana = 0}, --level 3
	{nDamageBase = 18 * 0.95, nDamageRand = 30 * 0.1, nCostMana = 0}, --level 4
	{nDamageBase = 20 * 0.95, nDamageRand = 30 * 0.1, nCostMana = 0}, --level 5
	{nDamageBase = 22 * 0.95, nDamageRand = 30 * 0.1, nCostMana = 0}, --level 6
	{nDamageBase = 24 * 0.95, nDamageRand = 30 * 0.1, nCostMana = 0}, --level 7
	{nDamageBase = 26 * 0.95, nDamageRand = 30 * 0.1, nCostMana = 0}, --level 8
	{nDamageBase = 28 * 0.95, nDamageRand = 30 * 0.1, nCostMana = 0}, --level 9
	{nDamageBase = 30 * 0.95, nDamageRand = 30 * 0.1, nCostMana = 0}, --level 10
	{nDamageBase = 32 * 0.95, nDamageRand = 30 * 0.1, nCostMana = 0}, --level 11
	{nDamageBase = 34 * 0.95, nDamageRand = 30 * 0.1, nCostMana = 0}, --level 12
	{nDamageBase = 36 * 0.95, nDamageRand = 30 * 0.1, nCostMana = 0}, --level 12
	{nDamageBase = 38 * 0.95, nDamageRand = 30 * 0.1, nCostMana = 0}, --level 1
	{nDamageBase = 40 * 0.95, nDamageRand = 30 * 0.1, nCostMana = 0}, --level 2
	{nDamageBase = 42 * 0.95, nDamageRand = 30 * 0.1, nCostMana = 0}, --level 3
	{nDamageBase = 44 * 0.95, nDamageRand = 30 * 0.1, nCostMana = 0}, --level 4
	{nDamageBase = 46 * 0.95, nDamageRand = 30 * 0.1, nCostMana = 0}, --level 5
	{nDamageBase = 48 * 0.95, nDamageRand = 30 * 0.1, nCostMana = 0}, --level 6
	{nDamageBase = 50 * 0.95, nDamageRand = 30 * 0.1, nCostMana = 0}, --level 7
}; nBaseThreat=0; nCostMana=tSkillData[dwSkillLevel].nCostMana; nMinRadius=0 * LENGTH_BASE; nMaxRadius=8 * LENGTH_BASE; nAngleRange=100; nAreaRadius=0 * LENGTH_BASE; nTargetCountLimit=2; nPrepareFrames=0; nChannelFrame=0; nWeaponDamagePercent=2048	CALL_BUFF(6393,1); EXECUTE_SCRIPT(0,1.0); SKILL_PHYSICS_DAMAGE(1.05,0); SKILL_PHYSICS_DAMAGE_RAND(1.05,0); CALL_PHYSICS_DAMAGE(0,0); DEL_SINGLE_GROUP_BUFF_BY_ID_AND_LEVEL(6381,1); EXECUTE_SCRIPT(0,6351); EXECUTE_SCRIPT(6351,2); DEL_SINGLE_BUFF_BY_ID_AND_LEVEL(17077,1)	L2:nDamageBase=11 * 0.95,nDamageRand=30 * 0.1,nCostMana=0; L3:nDamageBase=14 * 0.95,nDamageRand=30 * 0.1,nCostMana=0; L4:nDamageBase=16 * 0.95,nDamageRand=30 * 0.1,nCostMana=0
丐帮\凤歌_狂龙乱舞加dot.lua	nDamageBase=0, nDamageRand = 0, nCostMana = 0}, --level 1
	{nDamageBase = 0, nDamageRand = 0, nCostMana = 0}, --level 2
	{nDamageBase = 0, nDamageRand = 0, nCostMana = 0}, --level 3
	{nDamageBase = 0, nDamageRand = 0, nCostMana = 0}, --level 4
	{nDamageBase = 0, nDamageRand = 0, nCostMana = 0}, --level 5
	{nDamageBase = 0, nDamageRand = 0, nCostMana = 0}, --level 6
	{nDamageBase = 0, nDamageRand = 0, nCostMana = 0}, --level 7
	{nDamageBase = 0, nDamageRand = 0, nCostMana = 0}, --level 8
	{nDamageBase = 0, nDamageRand = 0, nCostMana = 0}, --level 9
	{nDamageBase = 0, nDamageRand = 0, nCostMana = 0}, --level 10
}; nBaseThreat=0; nCostMana=tSkillData[dwSkillLevel].nCostMana; nMinRadius=0 * LENGTH_BASE; nMaxRadius=20 * LENGTH_BASE; nAngleRange=256; nAreaRadius=0 * LENGTH_BASE; nTargetCountLimit=2; nPrepareFrames=0; nChannelFrame=0; nWeaponDamagePercent=0	EXECUTE_SCRIPT(0)	L2:nDamageBase=0,nDamageRand=0,nCostMana=0; L3:nDamageBase=0,nDamageRand=0,nCostMana=0; L4:nDamageBase=0,nDamageRand=0,nCostMana=0
丐帮\烟雨行.lua	nDamageBase=0, nDamageRand = 0, nCostMana = 0}, --level 1
	{nDamageBase = 0, nDamageRand = 0, nCostMana = 0}, --level 2
	{nDamageBase = 0, nDamageRand = 0, nCostMana = 0}, --level 3
	{nDamageBase = 0, nDamageRand = 0, nCostMana = 0}, --level 4
	{nDamageBase = 0, nDamageRand = 0, nCostMana = 0}, --level 5
	{nDamageBase = 0, nDamageRand = 0, nCostMana = 0}, --level 6
	{nDamageBase = 0, nDamageRand = 0, nCostMana = 0}, --level 7
	{nDamageBase = 0, nDamageRand = 0, nCostMana = 0}, --level 8
	{nDamageBase = 0, nDamageRand = 0, nCostMana = 0}, --level 9
	{nDamageBase = 0, nDamageRand = 0, nCostMana = 0}, --level 10
}; nBaseThreat=0; nCostMana=tSkillData[dwSkillLevel].nCostMana; nMinRadius=0 * LENGTH_BASE; nMaxRadius=4 * LENGTH_BASE; nAngleRange=256; nAreaRadius=0 * LENGTH_BASE; nTargetCountLimit=2; nPrepareFrames=0; nChannelFrame=0; nWeaponDamagePercent=0	EXECUTE_SCRIPT(0,562)	L2:nDamageBase=0,nDamageRand=0,nCostMana=0; L3:nDamageBase=0,nDamageRand=0,nCostMana=0; L4:nDamageBase=0,nDamageRand=0,nCostMana=0
丐帮\醉拳造成伤害次数判定.lua	nBaseThreat=0; nCostMana=tSkillData[dwSkillLevel].nCostMana; nMinRadius=0 * LENGTH_BASE; nMaxRadius=8 * LENGTH_BASE; nAngleRange=256; nAreaRadius=25 * LENGTH_BASE; nTargetCountLimit=5; nPrepareFrames=24; nChannelFrame=0; nWeaponDamagePercent=(1024 * (0.6 + 0.4 * dwSkillLevel))*1.5	EXECUTE_SCRIPT(0,24382)	L2:nAddRage=0,nCostRage=10,nDamageBase=16 * 0.95,nDamageRand=16 * 0.1; L3:nAddRage=0,nCostRage=10,nDamageBase=22 * 0.95,nDamageRand=22 * 0.1; L4:nAddRage=0,nCostRage=10,nDamageBase=16 * 0.95,nDamageRand=16 * 0.1
丐帮\醉拳造成伤害次数判定2.lua	nBaseThreat=0; nCostMana=tSkillData[dwSkillLevel].nCostMana; nMinRadius=0 * LENGTH_BASE; nMaxRadius=8 * LENGTH_BASE; nAngleRange=128; nAreaRadius=8 * LENGTH_BASE; nTargetCountLimit=10; nPrepareFrames=24; nChannelFrame=0; nWeaponDamagePercent=(1024 * (0.6 + 0.4 * dwSkillLevel))*1.5	EXECUTE_SCRIPT(2,0)	L2:nAddRage=0,nCostRage=10,nDamageBase=16 * 0.95,nDamageRand=16 * 0.1; L3:nAddRage=0,nCostRage=10,nDamageBase=22 * 0.95,nDamageRand=22 * 0.1; L4:nAddRage=0,nCostRage=10,nDamageBase=16 * 0.95,nDamageRand=16 * 0.1
丐帮\龙跃DOT溢出伤害.lua	nBaseThreat=0; nCostMana=tSkillData[dwSkillLevel].nCostMana; nMinRadius=0 * LENGTH_BASE; nMaxRadius=40 * LENGTH_BASE; nAngleRange=256; nAreaRadius=40 * LENGTH_BASE; nTargetCountLimit=1; nPrepareFrames=24; nChannelFrame=0; nWeaponDamagePercent=(1024 * (0.6 + 0.4 * dwSkillLevel))*1.5	SKILL_PHYSICS_DAMAGE(0); SKILL_PHYSICS_DAMAGE_RAND(0,0); CALL_PHYSICS_DAMAGE(0,0); CAST_SKILL_TARGET_DST(-32732,-1)	L2:nAddRage=0,nCostRage=10,nDamageBase=160 * 0.95,nDamageRand=160 * 0.1; L3:nAddRage=0,nCostRage=10,nDamageBase=220 * 0.95,nDamageRand=220 * 0.1
世界规则\无仇恨技能通用添加第一击.lua	nDamageBase=0, nDamageRand = 0, nCostMana = 0}, --level 1
	{nDamageBase = 0, nDamageRand = 0, nCostMana = 0}, --level 2
	{nDamageBase = 0, nDamageRand = 0, nCostMana = 0}, --level 3
	{nDamageBase = 0, nDamageRand = 0, nCostMana = 0}, --level 4
	{nDamageBase = 0, nDamageRand = 0, nCostMana = 0}, --level 5
	{nDamageBase = 0, nDamageRand = 0, nCostMana = 0}, --level 6
	{nDamageBase = 0, nDamageRand = 0, nCostMana = 0}, --level 7
	{nDamageBase = 0, nDamageRand = 0, nCostMana = 0}, --level 8
	{nDamageBase = 0, nDamageRand = 0, nCostMana = 0}, --level 9
	{nDamageBase = 0, nDamageRand = 0, nCostMana = 0}, --level 10
}; nBaseThreat=0; nCostMana=tSkillData[dwSkillLevel].nCostMana; nMinRadius=0 * LENGTH_BASE; nMaxRadius=0 * LENGTH_BASE; nAngleRange=256; nAreaRadius=0 * LENGTH_BASE; nTargetCountLimit=2; nPrepareFrames=0; nChannelFrame=0; nWeaponDamagePercent=0		L2:nDamageBase=0,nDamageRand=0,nCostMana=0; L3:nDamageBase=0,nDamageRand=0,nCostMana=0; L4:nDamageBase=0,nDamageRand=0,nCostMana=0
五毒\90级奇穴\五毒_毒经_夺命蛊对队友.lua	nDamageBase=0, nDamageRand = 0, nCostMana = 0},		--level 1
	{nDamageBase = 0, nDamageRand = 0, nCostMana = 0},		--level 2
	{nDamageBase = 0, nDamageRand = 0, nCostMana = 0},		--level 3
	{nDamageBase = 0, nDamageRand = 0, nCostMana = 0},		--level 4
	{nDamageBase = 0, nDamageRand = 0, nCostMana = 0},		--level 5
	{nDamageBase = 0, nDamageRand = 0, nCostMana = 0},		--level 6
	{nDamageBase = 0, nDamageRand = 0, nCostMana = 0},		--level 7
	{nDamageBase = 0, nDamageRand = 0, nCostMana = 0},		--level 8
	{nDamageBase = 0, nDamageRand = 0, nCostMana = 0},		--level 9
	{nDamageBase = 0, nDamageRand = 0, nCostMana = 0},		--level 10
}; nBaseThreat=0; nCostMana=tSkillData[dwSkillLevel].nCostMana; nMinRadius=0 * LENGTH_BASE; nMaxRadius=0 * LENGTH_BASE; nAngleRange=256; nAreaRadius=0 * LENGTH_BASE; nTargetCountLimit=2; nPrepareFrames=0; nChannelFrame=0; nWeaponDamagePercent=0	SET_TALENT_RECIPE(1296,1)	L2:nDamageBase=0,nDamageRand=0,nCostMana=0; L3:nDamageBase=0,nDamageRand=0,nCostMana=0; L4:nDamageBase=0,nDamageRand=0,nCostMana=0
五毒\90级奇穴\五毒_毒经_枯残蛊对队友.lua	nDamageBase=0, nDamageRand = 0, nCostMana = 0},		--level 1
	{nDamageBase = 0, nDamageRand = 0, nCostMana = 0},		--level 2
	{nDamageBase = 0, nDamageRand = 0, nCostMana = 0},		--level 3
	{nDamageBase = 0, nDamageRand = 0, nCostMana = 0},		--level 4
	{nDamageBase = 0, nDamageRand = 0, nCostMana = 0},		--level 5
	{nDamageBase = 0, nDamageRand = 0, nCostMana = 0},		--level 6
	{nDamageBase = 0, nDamageRand = 0, nCostMana = 0},		--level 7
	{nDamageBase = 0, nDamageRand = 0, nCostMana = 0},		--level 8
	{nDamageBase = 0, nDamageRand = 0, nCostMana = 0},		--level 9
	{nDamageBase = 0, nDamageRand = 0, nCostMana = 0},		--level 10
}; nBaseThreat=0; nCostMana=tSkillData[dwSkillLevel].nCostMana; nMinRadius=0 * LENGTH_BASE; nMaxRadius=0 * LENGTH_BASE; nAngleRange=256; nAreaRadius=0 * LENGTH_BASE; nTargetCountLimit=2; nPrepareFrames=0; nChannelFrame=0; nWeaponDamagePercent=0	SET_TALENT_RECIPE(1298,1)	L2:nDamageBase=0,nDamageRand=0,nCostMana=0; L3:nDamageBase=0,nDamageRand=0,nCostMana=0; L4:nDamageBase=0,nDamageRand=0,nCostMana=0
五毒\90级奇穴\篾片蛊通用触发入口.lua	nDamageBase=0, nDamageRand = 0, nCostMana = 0}, --level 1
	{nDamageBase = 0, nDamageRand = 0, nCostMana = 0}, --level 2
	{nDamageBase = 0, nDamageRand = 0, nCostMana = 0}, --level 3
	{nDamageBase = 0, nDamageRand = 0, nCostMana = 0}, --level 4
	{nDamageBase = 0, nDamageRand = 0, nCostMana = 0}, --level 5
	{nDamageBase = 0, nDamageRand = 0, nCostMana = 0}, --level 6
	{nDamageBase = 0, nDamageRand = 0, nCostMana = 0}, --level 7
	{nDamageBase = 0, nDamageRand = 0, nCostMana = 0}, --level 8
	{nDamageBase = 0, nDamageRand = 0, nCostMana = 0}, --level 9
	{nDamageBase = 0, nDamageRand = 0, nCostMana = 0}, --level 10
}; nBaseThreat=0; nCostMana=tSkillData[dwSkillLevel].nCostMana; nMinRadius=0 * LENGTH_BASE; nMaxRadius=0 * LENGTH_BASE; nAngleRange=256; nAreaRadius=0 * LENGTH_BASE; nTargetCountLimit=2; nPrepareFrames=0; nChannelFrame=0; nWeaponDamagePercent=0		L2:nDamageBase=0,nDamageRand=0,nCostMana=0; L3:nDamageBase=0,nDamageRand=0,nCostMana=0; L4:nDamageBase=0,nDamageRand=0,nCostMana=0
五毒\五毒_夺命蛊_对友方.lua	nDamageBase=34 * 0.95, nDamageRand = 34 * 0.1, nCostMana = 13 }, --level 1
	{nDamageBase = 62 * 0.95, nDamageRand = 62 * 0.1, nCostMana = 24 }, --level 2
	{nDamageBase = 87 * 0.95, nDamageRand = 87 * 0.1, nCostMana = 38 }, --level 3
	{nDamageBase = 113 * 0.95, nDamageRand = 113 * 0.1, nCostMana = 49 }, --level 4
	{nDamageBase = 138 * 0.95, nDamageRand = 138 * 0.1, nCostMana = 60 }, --level 5
	{nDamageBase = 163 * 0.95, nDamageRand = 163 * 0.1, nCostMana = 70 }, --level 6
	{nDamageBase = 188 * 0.95, nDamageRand = 188 * 0.1, nCostMana = 81 }, --level 7
	{nDamageBase = 230 * 0.95, nDamageRand = 230 * 0.1, nCostMana = 92 }, --level 8
	{nDamageBase = 384 * 0.95, nDamageRand = 384 * 0.1, nCostMana = 102}, --level 9
}; nBaseThreat=0; nCostMana=tSkillData[dwSkillLevel].nCostMana; nMinRadius=0 * LENGTH_BASE; nMaxRadius=20 * LENGTH_BASE; nAngleRange=256; nAreaRadius=6 * LENGTH_BASE; nTargetCountLimit=5; nPrepareFrames=24; nChannelFrame=0; nWeaponDamagePercent=0	EXECUTE_SCRIPT(0,2315)	L2:nDamageBase=34 * 0.95,nDamageRand=34 * 0.1,nCostMana=13; L3:nDamageBase=62 * 0.95,nDamageRand=62 * 0.1,nCostMana=24; L4:nDamageBase=87 * 0.95,nDamageRand=87 * 0.1,nCostMana=38
五毒\五毒_夺命蛊_对敌方.lua	nDamageBase=34  * 0.95, nDamageRand = 34  * 0.1, nCostMana = 13 },		--level 1
	{nDamageBase = 62  * 0.95, nDamageRand = 62  * 0.1, nCostMana = 24 },		--level 2
	{nDamageBase = 87  * 0.95, nDamageRand = 87  * 0.1, nCostMana = 38 },		--level 3
	{nDamageBase = 113 * 0.95, nDamageRand = 113 * 0.1, nCostMana = 49 },		--level 4
	{nDamageBase = 138 * 0.95, nDamageRand = 138 * 0.1, nCostMana = 60 },		--level 5
	{nDamageBase = 163 * 0.95, nDamageRand = 163 * 0.1, nCostMana = 70 },		--level 6
	{nDamageBase = 188 * 0.95, nDamageRand = 188 * 0.1, nCostMana = 81 },		--level 7
	{nDamageBase = 230 * 0.95, nDamageRand = 230 * 0.1, nCostMana = 92 },		--level 8
	{nDamageBase = 384 * 0.95, nDamageRand = 384 * 0.1, nCostMana = 102},		--level 9
}; nBaseThreat=0; nCostMana=tSkillData[dwSkillLevel].nCostMana; nMinRadius=0 * LENGTH_BASE; nMaxRadius=30 * LENGTH_BASE; nAngleRange=256; nAreaRadius=6 * LENGTH_BASE; nTargetCountLimit=5; nPrepareFrames=24; nChannelFrame=0; nWeaponDamagePercent=0	SKILL_POISON_DAMAGE(0); SKILL_POISON_DAMAGE_RAND(0,0); CALL_POISON_DAMAGE(0,0)	L2:nDamageBase=34  * 0.95,nDamageRand=34  * 0.1,nCostMana=13; L3:nDamageBase=62  * 0.95,nDamageRand=62  * 0.1,nCostMana=24; L4:nDamageBase=87  * 0.95,nDamageRand=87  * 0.1,nCostMana=38
五毒\五毒_枯残蛊_对友方.lua	nDamageBase=34  * 0.95, nDamageRand = 34  * 0.1, nCostMana = 13 },		--level 1
	{nDamageBase = 62  * 0.95, nDamageRand = 62  * 0.1, nCostMana = 24 },		--level 2
	{nDamageBase = 87  * 0.95, nDamageRand = 87  * 0.1, nCostMana = 38 },		--level 3
	{nDamageBase = 113 * 0.95, nDamageRand = 113 * 0.1, nCostMana = 49 },		--level 4
	{nDamageBase = 138 * 0.95, nDamageRand = 138 * 0.1, nCostMana = 60 },		--level 5
	{nDamageBase = 163 * 0.95, nDamageRand = 163 * 0.1, nCostMana = 70 },		--level 6
	{nDamageBase = 188 * 0.95, nDamageRand = 188 * 0.1, nCostMana = 81 },		--level 7
	{nDamageBase = 230 * 0.95, nDamageRand = 230 * 0.1, nCostMana = 92 },		--level 8
	{nDamageBase = 384 * 0.95, nDamageRand = 384 * 0.1, nCostMana = 102},		--level 9
}; nBaseThreat=0; nCostMana=tSkillData[dwSkillLevel].nCostMana; nMinRadius=0 * LENGTH_BASE; nMaxRadius=20 * LENGTH_BASE; nAngleRange=256; nAreaRadius=6 * LENGTH_BASE; nTargetCountLimit=5; nPrepareFrames=24; nChannelFrame=0; nWeaponDamagePercent=0	DETACH_SINGLE_BUFF(4,1); DETACH_SINGLE_BUFF(6,1); DETACH_SINGLE_BUFF(8,1); DETACH_SINGLE_BUFF(10,1); DETACH_SINGLE_BUFF(12,1)	L2:nDamageBase=34  * 0.95,nDamageRand=34  * 0.1,nCostMana=13; L3:nDamageBase=62  * 0.95,nDamageRand=62  * 0.1,nCostMana=24; L4:nDamageBase=87  * 0.95,nDamageRand=87  * 0.1,nCostMana=38
五毒\五毒_枯残蛊_对敌方.lua	nDamageBase=28  * 0.95, nDamageRand = 28  * 0.1, nCostMana = 22 },		--level 1
	{nDamageBase = 75  * 0.95, nDamageRand = 75  * 0.1, nCostMana = 35 },		--level 2
	{nDamageBase = 92  * 0.95, nDamageRand = 92  * 0.1, nCostMana = 46 },		--level 3
	{nDamageBase = 108 * 0.95, nDamageRand = 108 * 0.1, nCostMana = 57 },		--level 4
	{nDamageBase = 125 * 0.95, nDamageRand = 125 * 0.1, nCostMana = 68 },		--level 5
	{nDamageBase = 153 * 0.95, nDamageRand = 153 * 0.1, nCostMana = 79 },		--level 6
	{nDamageBase = 256 * 0.95, nDamageRand = 256 * 0.1, nCostMana = 90 },		--level 7
	{nDamageBase = 230 * 0.95, nDamageRand = 230 * 0.1, nCostMana = 100},		--level 8
}; nBaseThreat=0; nCostMana=tSkillData[dwSkillLevel].nCostMana; nMinRadius=0 * LENGTH_BASE; nMaxRadius=30 * LENGTH_BASE; nAngleRange=256; nAreaRadius=6 * LENGTH_BASE; nTargetCountLimit=5; nPrepareFrames=24; nChannelFrame=0; nWeaponDamagePercent=0	SKILL_POISON_DAMAGE(0); SKILL_POISON_DAMAGE_RAND(0,0); CALL_POISON_DAMAGE(0,0)	L2:nDamageBase=28  * 0.95,nDamageRand=28  * 0.1,nCostMana=22; L3:nDamageBase=75  * 0.95,nDamageRand=75  * 0.1,nCostMana=35; L4:nDamageBase=92  * 0.95,nDamageRand=92  * 0.1,nCostMana=46
五毒\五毒_毒蛊触发_蝎心夺命.lua	nBaseThreat=0; nCostMana=tSkillData[dwSkillLevel].nCostMana; nMinRadius=0 * LENGTH_BASE; nMaxRadius=30 * LENGTH_BASE; nAngleRange=256; nAreaRadius=0 * LENGTH_BASE; nTargetCountLimit=2; nPrepareFrames=32; nChannelFrame=0; nWeaponDamagePercent=0	SKILL_POISON_DAMAGE(0); SKILL_POISON_DAMAGE_RAND(0,0); CALL_POISON_DAMAGE(0,0); EXECUTE_SCRIPT(1,0)	L2:nAddRage=0,nCostRage=10,nDamageBase=51/7*0.95,nDamageRand=51/7*0.1; L3:nAddRage=0,nCostRage=10,nDamageBase=66/7*0.95,nDamageRand=66/7*0.1; L4:nAddRage=0,nCostRage=10,nDamageBase=80/7*0.95,nDamageRand=80/7*0.1
五毒\五毒_毒蛊触发_蝎心枯残.lua	nBaseThreat=0; nCostMana=tSkillData[dwSkillLevel].nCostMana; nMinRadius=0 * LENGTH_BASE; nMaxRadius=30 * LENGTH_BASE; nAngleRange=256; nAreaRadius=0 * LENGTH_BASE; nTargetCountLimit=2; nPrepareFrames=32; nChannelFrame=0; nWeaponDamagePercent=0		L2:nAddRage=0,nCostRage=10,nDamageBase=51/3*0.95,nDamageRand=51/3*0.1; L3:nAddRage=0,nCostRage=10,nDamageBase=66/3*0.95,nDamageRand=66/3*0.1; L4:nAddRage=0,nCostRage=10,nDamageBase=80/3*0.95,nDamageRand=80/3*0.1
五毒\五毒_毒蛊触发_蝎心迷心.lua	nBaseThreat=0; nCostMana=tSkillData[dwSkillLevel].nCostMana; nMinRadius=0 * LENGTH_BASE; nMaxRadius=30 * LENGTH_BASE; nAngleRange=256; nAreaRadius=0 * LENGTH_BASE; nTargetCountLimit=2; nPrepareFrames=32; nChannelFrame=0; nWeaponDamagePercent=0	CALL_BUFF(4678,1); CAST_SKILL_TARGET_DST(14011,1); EXECUTE_SCRIPT(1,0)	L2:nAddRage=0,nCostRage=10,nDamageBase=51/3*0.95,nDamageRand=51/3*0.1; L3:nAddRage=0,nCostRage=10,nDamageBase=66/3*0.95,nDamageRand=66/3*0.1; L4:nAddRage=0,nCostRage=10,nDamageBase=80/3*0.95,nDamageRand=80/3*0.1
五毒\五毒_迷心蛊_对友方.lua	nDamageBase=34 * 0.95, nDamageRand = 34 * 0.1, nCostMana = 13 }, --level 1
	{nDamageBase = 62 * 0.95, nDamageRand = 62 * 0.1, nCostMana = 24 }, --level 2
	{nDamageBase = 87 * 0.95, nDamageRand = 87 * 0.1, nCostMana = 38 }, --level 3
	{nDamageBase = 113 * 0.95, nDamageRand = 113 * 0.1, nCostMana = 49 }, --level 4
	{nDamageBase = 138 * 0.95, nDamageRand = 138 * 0.1, nCostMana = 60 }, --level 5
	{nDamageBase = 163 * 0.95, nDamageRand = 163 * 0.1, nCostMana = 70 }, --level 6
	{nDamageBase = 188 * 0.95, nDamageRand = 188 * 0.1, nCostMana = 81 }, --level 7
	{nDamageBase = 230 * 0.95, nDamageRand = 230 * 0.1, nCostMana = 92 }, --level 8
	{nDamageBase = 384 * 0.95, nDamageRand = 384 * 0.1, nCostMana = 102}, --level 9
}; nBaseThreat=0; nCostMana=tSkillData[dwSkillLevel].nCostMana; nMinRadius=0 * LENGTH_BASE; nMaxRadius=20 * LENGTH_BASE; nAngleRange=256; nAreaRadius=6 * LENGTH_BASE; nTargetCountLimit=5; nPrepareFrames=24; nChannelFrame=0; nWeaponDamagePercent=0	EXECUTE_SCRIPT(0,2315)	L2:nDamageBase=34 * 0.95,nDamageRand=34 * 0.1,nCostMana=13; L3:nDamageBase=62 * 0.95,nDamageRand=62 * 0.1,nCostMana=24; L4:nDamageBase=87 * 0.95,nDamageRand=87 * 0.1,nCostMana=38
五毒\五毒_迷心蛊_对敌方.lua	nDamageBase=30  * 0.95, nDamageRand = 30  * 0.1, nCostMana = 22 },		--level 1
	{nDamageBase = 54  * 0.95, nDamageRand = 54  * 0.1, nCostMana = 35 },		--level 2
	{nDamageBase = 71  * 0.95, nDamageRand = 71  * 0.1, nCostMana = 46 },		--level 3
	{nDamageBase = 87  * 0.95, nDamageRand = 87  * 0.1, nCostMana = 57 },		--level 4
	{nDamageBase = 104 * 0.95, nDamageRand = 104 * 0.1, nCostMana = 68 },		--level 5
	{nDamageBase = 121 * 0.95, nDamageRand = 121 * 0.1, nCostMana = 79 },		--level 6
	{nDamageBase = 138 * 0.95, nDamageRand = 138 * 0.1, nCostMana = 90 },		--level 7
	{nDamageBase = 230 * 0.95, nDamageRand = 230 * 0.1, nCostMana = 100},		--level 8
}; nBaseThreat=0; nCostMana=tSkillData[dwSkillLevel].nCostMana; nMinRadius=0 * LENGTH_BASE; nMaxRadius=30 * LENGTH_BASE; nAngleRange=256; nAreaRadius=6 * LENGTH_BASE; nTargetCountLimit=5; nPrepareFrames=24; nChannelFrame=0; nWeaponDamagePercent=0	SKILL_POISON_DAMAGE(0); SKILL_POISON_DAMAGE_RAND(0,0); CALL_POISON_DAMAGE(0,0)	L2:nDamageBase=30  * 0.95,nDamageRand=30  * 0.1,nCostMana=22; L3:nDamageBase=54  * 0.95,nDamageRand=54  * 0.1,nCostMana=35; L4:nDamageBase=71  * 0.95,nDamageRand=71  * 0.1,nCostMana=46
五毒\毒经小附魔.lua	nDamageBase=0, nDamageRand = 0, nCostMana = 0}, --level 1
	{nDamageBase = 0, nDamageRand = 0, nCostMana = 0}, --level 2
	{nDamageBase = 0, nDamageRand = 0, nCostMana = 0}, --level 3
	{nDamageBase = 0, nDamageRand = 0, nCostMana = 0}, --level 4
	{nDamageBase = 0, nDamageRand = 0, nCostMana = 0}, --level 5
	{nDamageBase = 0, nDamageRand = 0, nCostMana = 0}, --level 6
	{nDamageBase = 0, nDamageRand = 0, nCostMana = 0}, --level 7
	{nDamageBase = 0, nDamageRand = 0, nCostMana = 0}, --level 8
	{nDamageBase = 0, nDamageRand = 0, nCostMana = 0}, --level 9
	{nDamageBase = 0, nDamageRand = 0, nCostMana = 0}, --level 10
}; nBaseThreat=0; nCostMana=tSkillData[dwSkillLevel].nCostMana; nMinRadius=0 * LENGTH_BASE; nMaxRadius=0 * LENGTH_BASE; nAngleRange=256; nAreaRadius=0 * LENGTH_BASE; nTargetCountLimit=2; nPrepareFrames=0; nChannelFrame=0; nWeaponDamagePercent=0	SET_TALENT_RECIPE(2867,1)	L2:nDamageBase=0,nDamageRand=0,nCostMana=0; L3:nDamageBase=0,nDamageRand=0,nCostMana=0; L4:nDamageBase=0,nDamageRand=0,nCostMana=0
五毒\百足被击.lua	nDamageBase=0, nDamageRand = 0, nCostMana = 0}, --level 1
	{nDamageBase = 0, nDamageRand = 0, nCostMana = 0}, --level 2
	{nDamageBase = 0, nDamageRand = 0, nCostMana = 0}, --level 3
	{nDamageBase = 0, nDamageRand = 0, nCostMana = 0}, --level 4
	{nDamageBase = 0, nDamageRand = 0, nCostMana = 0}, --level 5
	{nDamageBase = 0, nDamageRand = 0, nCostMana = 0}, --level 6
	{nDamageBase = 0, nDamageRand = 0, nCostMana = 0}, --level 7
	{nDamageBase = 0, nDamageRand = 0, nCostMana = 0}, --level 8
	{nDamageBase = 0, nDamageRand = 0, nCostMana = 0}, --level 9
	{nDamageBase = 0, nDamageRand = 0, nCostMana = 0}, --level 10
}; nBaseThreat=0; nCostMana=tSkillData[dwSkillLevel].nCostMana; nMinRadius=0 * LENGTH_BASE; nMaxRadius=0 * LENGTH_BASE; nAngleRange=256; nAreaRadius=0 * LENGTH_BASE; nTargetCountLimit=2; nPrepareFrames=0; nChannelFrame=0; nWeaponDamagePercent=0		L2:nDamageBase=0,nDamageRand=0,nCostMana=0; L3:nDamageBase=0,nDamageRand=0,nCostMana=0; L4:nDamageBase=0,nDamageRand=0,nCostMana=0
八荒衡鉴\肉鸽门派技能\万花_1段实际效果.lua	nDamageBase=0, nDamageRand = 0, nCostMana = 0},		--level 1
}; nBaseThreat=0; nCostMana=tSkillData[dwSkillLevel].nCostMana; nMinRadius=0 * LENGTH_BASE; nMaxRadius=15 * LENGTH_BASE; nAngleRange=256; nAreaRadius=14.5 * LENGTH_BASE; nTargetCountLimit=20; nChannelFrame=0; nWeaponDamagePercent=0	SKILL_NEUTRAL_DAMAGE(0); SKILL_NEUTRAL_DAMAGE_RAND(0,1); CALL_ADAPTIVE_DAMAGE(1,0); EXECUTE_SCRIPT(1,0)	L2:nDamageBase=0,nDamageRand=0,nCostMana=0
八荒衡鉴\肉鸽门派技能\万花二段子弹表现.lua	nDamageBase=0, nDamageRand = 0, nCostMana = 0},		--level 1
}; nBaseThreat=0; nCostMana=tSkillData[dwSkillLevel].nCostMana; nMinRadius=0 * LENGTH_BASE; nMaxRadius=30 * LENGTH_BASE; nAngleRange=256; nAreaRadius=30 * LENGTH_BASE; nTargetCountLimit=1; nChannelFrame=0; nWeaponDamagePercent=0		L2:nDamageBase=0,nDamageRand=0,nCostMana=0
八荒衡鉴\肉鸽门派技能\世界技能_凝夜.lua	nDamageBase=0, nDamageRand = 0, nCostMana = 0}, --level 1
}; nMinRadius=0 * LENGTH_BASE; nMaxRadius=20 * LENGTH_BASE; nAngleRange=256; nAreaRadius=20 * LENGTH_BASE; nChannelFrame=16; nTargetCountLimit=-1	CALL_BUFF(50692,1); CALL_BUFF(50693,1); EXECUTE_SCRIPT(1,0)	L2:nDamageBase=0,nDamageRand=0,nCostMana=0
八荒衡鉴\肉鸽门派技能\世界技能_坠日_伤害范围判定.lua	nDamageBase=0, nDamageRand = 0, nCostMana = 0},		--level 1
	{nDamageBase = 0, nDamageRand = 0, nCostMana = 0},		--level 2
	{nDamageBase = 0, nDamageRand = 0, nCostMana = 0},		--level 3
	{nDamageBase = 0, nDamageRand = 0, nCostMana = 0},		--level 4
	{nDamageBase = 0, nDamageRand = 0, nCostMana = 0},		--level 5
	{nDamageBase = 0, nDamageRand = 0, nCostMana = 0},		--level 6
	{nDamageBase = 0, nDamageRand = 0, nCostMana = 0},		--level 7
	{nDamageBase = 0, nDamageRand = 0, nCostMana = 0},		--level 8
	{nDamageBase = 0, nDamageRand = 0, nCostMana = 0},		--level 9
	{nDamageBase = 0, nDamageRand = 0, nCostMana = 0},		--level 10
}; nBaseThreat=0; nCostMana=tSkillData[dwSkillLevel].nCostMana; nMinRadius=0 * LENGTH_BASE; nMaxRadius=8 * LENGTH_BASE; nAngleRange=256; nAreaRadius=8 * LENGTH_BASE; nTargetCountLimit=1; nPrepareFrames=0; nChannelFrame=0; nWeaponDamagePercent=0	EXECUTE_SCRIPT(1,0)	L2:nDamageBase=0,nDamageRand=0,nCostMana=0; L3:nDamageBase=0,nDamageRand=0,nCostMana=0; L4:nDamageBase=0,nDamageRand=0,nCostMana=0
八荒衡鉴\肉鸽门派技能\世界技能_坠日_落实实际伤害.lua	nDamageBase=0, nDamageRand = 0, nCostMana = 0}, --level 1
}; nMinRadius=0 * LENGTH_BASE; nMaxRadius=8 * LENGTH_BASE; nAngleRange=256; nAreaRadius=8 * LENGTH_BASE; nChannelFrame=32; nTargetCountLimit=-1	SKILL_PHYSICS_DAMAGE(1,0); SKILL_PHYSICS_DAMAGE_RAND(1,0); CALL_ADAPTIVE_DAMAGE(1,0); EXECUTE_SCRIPT(0)	L2:nDamageBase=0,nDamageRand=0,nCostMana=0
八荒衡鉴\肉鸽门派技能\世界技能_坠日实际运功效果.lua	nDamageBase=0, nDamageRand = 0, nCostMana = 0}, --level 1
}; nMinRadius=0 * LENGTH_BASE; nMaxRadius=8 * LENGTH_BASE; nAngleRange=256; nAreaRadius=8 * LENGTH_BASE; nChannelFrame=32; nTargetCountLimit=-1	EXECUTE_SCRIPT(0,50764)	L2:nDamageBase=0,nDamageRand=0,nCostMana=0
八荒衡鉴\肉鸽门派技能\世界技能_百川.lua	nChannelFrame=112; nMinRadius=0* LENGTH_BASE; nMaxRadius=20 * LENGTH_BASE; nAngleRange=256; nWeaponDamagePercent=2048; nPrepareFrames=24; nAreaRadius=20 * LENGTH_BASE; nTargetCountLimit=35	EXECUTE_SCRIPT(0); EXECUTE_SCRIPT(0)	L2:nAddRage=0,nCostRage=50,nDamage=94 *0.98*1.1,nDamageRand=94 *0.04; L3:nAddRage=0,nCostRage=50,nDamage=109*0.98*1.1,nDamageRand=109*0.04; L4:nAddRage=0,nCostRage=50,nDamage=125*0.98*1.1,nDamageRand=125*0.04
八荒衡鉴\肉鸽门派技能\世界技能_百川自身判定.lua	nDamageBase=0, nDamageRand = 0, nCostMana = 0},		--level 1
	{nDamageBase = 0, nDamageRand = 0, nCostMana = 0},		--level 2
	{nDamageBase = 0, nDamageRand = 0, nCostMana = 0},		--level 3
	{nDamageBase = 0, nDamageRand = 0, nCostMana = 0},		--level 4
	{nDamageBase = 0, nDamageRand = 0, nCostMana = 0},		--level 5
	{nDamageBase = 0, nDamageRand = 0, nCostMana = 0},		--level 6
	{nDamageBase = 0, nDamageRand = 0, nCostMana = 0},		--level 7
	{nDamageBase = 0, nDamageRand = 0, nCostMana = 0},		--level 8
	{nDamageBase = 0, nDamageRand = 0, nCostMana = 0},		--level 9
	{nDamageBase = 0, nDamageRand = 0, nCostMana = 0},		--level 10
}; nBaseThreat=0; nCostMana=tSkillData[dwSkillLevel].nCostMana; nMinRadius=0 * LENGTH_BASE; nMaxRadius=0 * LENGTH_BASE; nAngleRange=256; nAreaRadius=0 * LENGTH_BASE; nTargetCountLimit=2; nPrepareFrames=0; nChannelFrame=0; nWeaponDamagePercent=0		L2:nDamageBase=0,nDamageRand=0,nCostMana=0; L3:nDamageBase=0,nDamageRand=0,nCostMana=0; L4:nDamageBase=0,nDamageRand=0,nCostMana=0
八荒衡鉴\肉鸽门派技能\八荒衡鉴_静止状态增益2.lua	nDamageBase=0, nDamageRand = 0, nCostMana = 0},		--level 1
	{nDamageBase = 0, nDamageRand = 0, nCostMana = 0},		--level 2
	{nDamageBase = 0, nDamageRand = 0, nCostMana = 0},		--level 3
	{nDamageBase = 0, nDamageRand = 0, nCostMana = 0},		--level 4
	{nDamageBase = 0, nDamageRand = 0, nCostMana = 0},		--level 5
	{nDamageBase = 0, nDamageRand = 0, nCostMana = 0},		--level 6
	{nDamageBase = 0, nDamageRand = 0, nCostMana = 0},		--level 7
	{nDamageBase = 0, nDamageRand = 0, nCostMana = 0},		--level 8
	{nDamageBase = 0, nDamageRand = 0, nCostMana = 0},		--level 9
	{nDamageBase = 0, nDamageRand = 0, nCostMana = 0},		--level 10
}; nBaseThreat=0; nCostMana=tSkillData[dwSkillLevel].nCostMana; nMinRadius=0 * LENGTH_BASE; nMaxRadius=0 * LENGTH_BASE; nAngleRange=256; nAreaRadius=0 * LENGTH_BASE; nTargetCountLimit=2; nPrepareFrames=0; nChannelFrame=0; nWeaponDamagePercent=0		L2:nDamageBase=0,nDamageRand=0,nCostMana=0; L3:nDamageBase=0,nDamageRand=0,nCostMana=0; L4:nDamageBase=0,nDamageRand=0,nCostMana=0
八荒衡鉴\肉鸽门派技能\天策_1段实际效果.lua	nDamageBase=0, nDamageRand = 0, nCostMana = 0},		--level 1
	{nDamageBase = 0, nDamageRand = 0, nCostMana = 0},		--level 2
}; nBaseThreat=0; nCostMana=tSkillData[dwSkillLevel].nCostMana; nMinRadius=0 * LENGTH_BASE; nMaxRadius=20 * LENGTH_BASE; nAngleRange=256; nAreaRadius=17 * LENGTH_BASE; nTargetCountLimit=20; nChannelFrame=0; nWeaponDamagePercent=0	SKILL_PHYSICS_DAMAGE(0); SKILL_PHYSICS_DAMAGE_RAND(0,1); CALL_ADAPTIVE_DAMAGE(1,0); CALL_KNOCKED_OFF_PARABOLA(156,8); EXECUTE_SCRIPT(1,-0)	L2:nDamageBase=0,nDamageRand=0,nCostMana=0; L3:nDamageBase=0,nDamageRand=0,nCostMana=0
八荒衡鉴\肉鸽门派技能\天策_2段终点额外伤害.lua	nDamageBase=0, nDamageRand = 0, nValue = 25},		--level 1
	{nDamageBase = 0, nDamageRand = 0, nValue = 35},		--level 2
	{nDamageBase = 0, nDamageRand = 0, nValue = 45},		--level 2
	{nDamageBase = 0, nDamageRand = 0, nValue = 60},		--level 1
	{nDamageBase = 0, nDamageRand = 0, nValue = 70},		--level 2
}; nBaseThreat=0; nCostMana=tSkillData[dwSkillLevel].nCostMana; nMinRadius=0 * LENGTH_BASE; nMaxRadius=20 * LENGTH_BASE; nAngleRange=256; nAreaRadius=8* LENGTH_BASE; nTargetCountLimit=20; nChannelFrame=0; nWeaponDamagePercent=0	SKILL_PHYSICS_DAMAGE(0); SKILL_PHYSICS_DAMAGE_RAND(0,1); CALL_ADAPTIVE_DAMAGE(1,0); CALL_KNOCKED_OFF_PARABOLA(192,8); CALL_KNOCKED_BACK_EXHALE(56,20)	L2:nDamageBase=0,nDamageRand=0,nValue=25; L3:nDamageBase=0,nDamageRand=0,nValue=35; L4:nDamageBase=0,nDamageRand=0,nValue=45
八荒衡鉴\肉鸽门派技能\特殊技能_月.lua	nDamageBase=0, nDamageRand = 0, nCostMana = 0}, --level 1
}; nBaseThreat=0; nCostMana=tSkillData[dwSkillLevel].nCostMana; nMinRadius=0 * LENGTH_BASE; nMaxRadius=12 * LENGTH_BASE; nAngleRange=256; nAreaRadius=10 * LENGTH_BASE; nTargetCountLimit=30; nPrepareFrames=0; nChannelFrame=0; nWeaponDamagePercent=0	SKILL_MOVE(-24,-0); CALL_KNOCKED_OFF_PARABOLA(128,16); SKILL_POISON_DAMAGE(0); SKILL_POISON_DAMAGE_RAND(0,1); CALL_ADAPTIVE_DAMAGE(1,0); EXECUTE_SCRIPT(0)	L2:nDamageBase=0,nDamageRand=0,nCostMana=0
八荒衡鉴\肉鸽门派技能\特殊技能_闪.lua	nDamageBase=0, nDamageRand = 0, nCostMana = 0}, --level 1
}; nMinRadius=0 * LENGTH_BASE; nMaxRadius=12 * LENGTH_BASE; nAngleRange=256; nAreaRadius=12 * LENGTH_BASE; nChannelFrame=32; nTargetCountLimit=-1	EXECUTE_SCRIPT(0)	L2:nDamageBase=0,nDamageRand=0,nCostMana=0
八荒衡鉴\肉鸽门派技能\藏剑_4段母技能.lua	nChannelFrame=64; nMinRadius=0* LENGTH_BASE; nMaxRadius=6 * LENGTH_BASE; nAngleRange=256; nWeaponDamagePercent=2048; nPrepareFrames=0; nAreaRadius=6 * LENGTH_BASE; nTargetCountLimit=10	CAST_SKILL(64333,1); DEL_SINGLE_GROUP_BUFF_BY_ID_AND_LEVEL(50809,1); DEL_SINGLE_BUFF_BY_ID_AND_LEVEL(50810,1)	L2:nAddRage=0,nCostRage=0,nDamage=0,nDamageRand=0
八荒衡鉴\肉鸽门派技能\被动会心效果.lua	nDamageBase=0, nDamageRand = 0, nCostMana = 0},		--level 1
	{nDamageBase = 0, nDamageRand = 0, nCostMana = 0},		--level 2
	{nDamageBase = 0, nDamageRand = 0, nCostMana = 0},		--level 3
	{nDamageBase = 0, nDamageRand = 0, nCostMana = 0},		--level 4
	{nDamageBase = 0, nDamageRand = 0, nCostMana = 0},		--level 5
	{nDamageBase = 0, nDamageRand = 0, nCostMana = 0},		--level 6
	{nDamageBase = 0, nDamageRand = 0, nCostMana = 0},		--level 7
	{nDamageBase = 0, nDamageRand = 0, nCostMana = 0},		--level 8
	{nDamageBase = 0, nDamageRand = 0, nCostMana = 0},		--level 9
	{nDamageBase = 0, nDamageRand = 0, nCostMana = 0},		--level 10
}; nBaseThreat=0; nCostMana=tSkillData[dwSkillLevel].nCostMana; nMinRadius=0 * LENGTH_BASE; nMaxRadius=0 * LENGTH_BASE; nAngleRange=256; nAreaRadius=0 * LENGTH_BASE; nTargetCountLimit=2; nPrepareFrames=0; nChannelFrame=0; nWeaponDamagePercent=0		L2:nDamageBase=0,nDamageRand=0,nCostMana=0; L3:nDamageBase=0,nDamageRand=0,nCostMana=0; L4:nDamageBase=0,nDamageRand=0,nCostMana=0
八荒衡鉴\肉鸽门派技能\被动技能_A技能概率追加伤害.lua	nDamageBase=0, nDamageRand = 0, nCostMana = 0},		--level 1
	{nDamageBase = 0, nDamageRand = 0, nCostMana = 0},		--level 2
	{nDamageBase = 0, nDamageRand = 0, nCostMana = 0},		--level 3
	{nDamageBase = 0, nDamageRand = 0, nCostMana = 0},		--level 4
	{nDamageBase = 0, nDamageRand = 0, nCostMana = 0},		--level 5
	{nDamageBase = 0, nDamageRand = 0, nCostMana = 0},		--level 6
	{nDamageBase = 0, nDamageRand = 0, nCostMana = 0},		--level 7
	{nDamageBase = 0, nDamageRand = 0, nCostMana = 0},		--level 8
	{nDamageBase = 0, nDamageRand = 0, nCostMana = 0},		--level 9
	{nDamageBase = 0, nDamageRand = 0, nCostMana = 0},		--level 10
}; nBaseThreat=0; nCostMana=tSkillData[dwSkillLevel].nCostMana; nMinRadius=0 * LENGTH_BASE; nMaxRadius=0 * LENGTH_BASE; nAngleRange=256; nAreaRadius=0 * LENGTH_BASE; nTargetCountLimit=2; nPrepareFrames=0; nChannelFrame=0; nWeaponDamagePercent=0		L2:nDamageBase=0,nDamageRand=0,nCostMana=0; L3:nDamageBase=0,nDamageRand=0,nCostMana=0; L4:nDamageBase=0,nDamageRand=0,nCostMana=0
八荒衡鉴\肉鸽门派技能\被动技能_基础系_移速快gcd也快.lua	nDamageBase=0, nDamageRand = 0, nCostMana = 0},		--level 1
	{nDamageBase = 0, nDamageRand = 0, nCostMana = 0},		--level 2
	{nDamageBase = 0, nDamageRand = 0, nCostMana = 0},		--level 3
	{nDamageBase = 0, nDamageRand = 0, nCostMana = 0},		--level 4
	{nDamageBase = 0, nDamageRand = 0, nCostMana = 0},		--level 5
	{nDamageBase = 0, nDamageRand = 0, nCostMana = 0},		--level 6
	{nDamageBase = 0, nDamageRand = 0, nCostMana = 0},		--level 7
	{nDamageBase = 0, nDamageRand = 0, nCostMana = 0},		--level 8
	{nDamageBase = 0, nDamageRand = 0, nCostMana = 0},		--level 9
	{nDamageBase = 0, nDamageRand = 0, nCostMana = 0},		--level 10
}; nBaseThreat=0; nCostMana=tSkillData[dwSkillLevel].nCostMana; nMinRadius=0 * LENGTH_BASE; nMaxRadius=0 * LENGTH_BASE; nAngleRange=256; nAreaRadius=0 * LENGTH_BASE; nTargetCountLimit=2; nPrepareFrames=0; nChannelFrame=0; nWeaponDamagePercent=0	SET_TALENT_RECIPE(-7091)	L2:nDamageBase=0,nDamageRand=0,nCostMana=0; L3:nDamageBase=0,nDamageRand=0,nCostMana=0; L4:nDamageBase=0,nDamageRand=0,nCostMana=0
凌雪阁\套路及子技能\中断乱天狼表现技.lua	nDamageBase=0, nDamageRand = 0, nCostMana = 0}, --level 1
	{nDamageBase = 0, nDamageRand = 0, nCostMana = 0}, --level 2
	{nDamageBase = 0, nDamageRand = 0, nCostMana = 0}, --level 3
	{nDamageBase = 0, nDamageRand = 0, nCostMana = 0}, --level 4
	{nDamageBase = 0, nDamageRand = 0, nCostMana = 0}, --level 5
	{nDamageBase = 0, nDamageRand = 0, nCostMana = 0}, --level 6
	{nDamageBase = 0, nDamageRand = 0, nCostMana = 0}, --level 7
	{nDamageBase = 0, nDamageRand = 0, nCostMana = 0}, --level 8
	{nDamageBase = 0, nDamageRand = 0, nCostMana = 0}, --level 9
	{nDamageBase = 0, nDamageRand = 0, nCostMana = 0}, --level 10
}; nBaseThreat=0; nCostMana=tSkillData[dwSkillLevel].nCostMana; nMinRadius=0 * LENGTH_BASE; nMaxRadius=0 * LENGTH_BASE; nAngleRange=256; nAreaRadius=0 * LENGTH_BASE; nTargetCountLimit=2; nPrepareFrames=0; nChannelFrame=0; nWeaponDamagePercent=0		L2:nDamageBase=0,nDamageRand=0,nCostMana=0; L3:nDamageBase=0,nDamageRand=0,nCostMana=0; L4:nDamageBase=0,nDamageRand=0,nCostMana=0
凌雪阁\套路及子技能\乱天狼单手表现.lua	nDamageBase=0, nDamageRand = 0, nCostMana = 0}, --level 1
	{nDamageBase = 0, nDamageRand = 0, nCostMana = 0}, --level 2
	{nDamageBase = 0, nDamageRand = 0, nCostMana = 0}, --level 3
	{nDamageBase = 0, nDamageRand = 0, nCostMana = 0}, --level 4
	{nDamageBase = 0, nDamageRand = 0, nCostMana = 0}, --level 5
	{nDamageBase = 0, nDamageRand = 0, nCostMana = 0}, --level 6
	{nDamageBase = 0, nDamageRand = 0, nCostMana = 0}, --level 7
	{nDamageBase = 0, nDamageRand = 0, nCostMana = 0}, --level 8
	{nDamageBase = 0, nDamageRand = 0, nCostMana = 0}, --level 9
	{nDamageBase = 0, nDamageRand = 0, nCostMana = 0}, --level 10
}; nBaseThreat=0; nCostMana=tSkillData[dwSkillLevel].nCostMana; nMinRadius=0 * LENGTH_BASE; nMaxRadius=0 * LENGTH_BASE; nAngleRange=256; nAreaRadius=0 * LENGTH_BASE; nTargetCountLimit=2; nPrepareFrames=0; nChannelFrame=0; nWeaponDamagePercent=0		L2:nDamageBase=0,nDamageRand=0,nCostMana=0; L3:nDamageBase=0,nDamageRand=0,nCostMana=0; L4:nDamageBase=0,nDamageRand=0,nCostMana=0
凌雪阁\套路及子技能\孤风飒踏冲刺.lua	nDamageBase=0, nDamageRand = 0, nCostMana = 0}, --level 1
	{nDamageBase = 0, nDamageRand = 0, nCostMana = 0}, --level 2
	{nDamageBase = 0, nDamageRand = 0, nCostMana = 0}, --level 3
	{nDamageBase = 0, nDamageRand = 0, nCostMana = 0}, --level 4
	{nDamageBase = 0, nDamageRand = 0, nCostMana = 0}, --level 5
	{nDamageBase = 0, nDamageRand = 0, nCostMana = 0}, --level 6
	{nDamageBase = 0, nDamageRand = 0, nCostMana = 0}, --level 7
	{nDamageBase = 0, nDamageRand = 0, nCostMana = 0}, --level 8
	{nDamageBase = 0, nDamageRand = 0, nCostMana = 0}, --level 9
	{nDamageBase = 0, nDamageRand = 0, nCostMana = 0}, --level 10
}; nBaseThreat=0; nCostMana=tSkillData[dwSkillLevel].nCostMana; nMinRadius=0 * LENGTH_BASE; nMaxRadius=30 * LENGTH_BASE; nAngleRange=256; nAreaRadius=100 * LENGTH_BASE; nTargetCountLimit=5; nPrepareFrames=0; nChannelFrame=0; nWeaponDamagePercent=0	DASH_TO_POINT(120,0); CALL_BUFF(15992,1); EXECUTE_SCRIPT(0)	L2:nDamageBase=0,nDamageRand=0,nCostMana=0; L3:nDamageBase=0,nDamageRand=0,nCostMana=0; L4:nDamageBase=0,nDamageRand=0,nCostMana=0
凌雪阁\套路及子技能\孤风飒踏右手出链表现.lua	nDamageBase=0, nDamageRand = 0, nCostMana = 0}, --level 1
	{nDamageBase = 0, nDamageRand = 0, nCostMana = 0}, --level 2
	{nDamageBase = 0, nDamageRand = 0, nCostMana = 0}, --level 3
	{nDamageBase = 0, nDamageRand = 0, nCostMana = 0}, --level 4
	{nDamageBase = 0, nDamageRand = 0, nCostMana = 0}, --level 5
	{nDamageBase = 0, nDamageRand = 0, nCostMana = 0}, --level 6
	{nDamageBase = 0, nDamageRand = 0, nCostMana = 0}, --level 7
	{nDamageBase = 0, nDamageRand = 0, nCostMana = 0}, --level 8
	{nDamageBase = 0, nDamageRand = 0, nCostMana = 0}, --level 9
	{nDamageBase = 0, nDamageRand = 0, nCostMana = 0}, --level 10
}; nBaseThreat=0; nCostMana=tSkillData[dwSkillLevel].nCostMana; nMinRadius=0 * LENGTH_BASE; nMaxRadius=40 * LENGTH_BASE; nAngleRange=256; nAreaRadius=0 * LENGTH_BASE; nTargetCountLimit=1; nPrepareFrames=0; nChannelFrame=0; nWeaponDamagePercent=0		L2:nDamageBase=0,nDamageRand=0,nCostMana=0; L3:nDamageBase=0,nDamageRand=0,nCostMana=0; L4:nDamageBase=0,nDamageRand=0,nCostMana=0
凌雪阁\套路及子技能\孤风飒踏左手出链表现.lua	nDamageBase=0, nDamageRand = 0, nCostMana = 0}, --level 1
	{nDamageBase = 0, nDamageRand = 0, nCostMana = 0}, --level 2
	{nDamageBase = 0, nDamageRand = 0, nCostMana = 0}, --level 3
	{nDamageBase = 0, nDamageRand = 0, nCostMana = 0}, --level 4
	{nDamageBase = 0, nDamageRand = 0, nCostMana = 0}, --level 5
	{nDamageBase = 0, nDamageRand = 0, nCostMana = 0}, --level 6
	{nDamageBase = 0, nDamageRand = 0, nCostMana = 0}, --level 7
	{nDamageBase = 0, nDamageRand = 0, nCostMana = 0}, --level 8
	{nDamageBase = 0, nDamageRand = 0, nCostMana = 0}, --level 9
	{nDamageBase = 0, nDamageRand = 0, nCostMana = 0}, --level 10
}; nBaseThreat=0; nCostMana=tSkillData[dwSkillLevel].nCostMana; nMinRadius=0 * LENGTH_BASE; nMaxRadius=40 * LENGTH_BASE; nAngleRange=256; nAreaRadius=0 * LENGTH_BASE; nTargetCountLimit=1; nPrepareFrames=0; nChannelFrame=0; nWeaponDamagePercent=0		L2:nDamageBase=0,nDamageRand=0,nCostMana=0; L3:nDamageBase=0,nDamageRand=0,nCostMana=0; L4:nDamageBase=0,nDamageRand=0,nCostMana=0
凌雪阁\套路及子技能\斩无常增益技能.lua	nChannelFrame=80; nMinRadius=0 * LENGTH_BASE; nMaxRadius=6 * LENGTH_BASE; nAngleRange=256; nWeaponDamagePercent=2048; nPrepareFrames=0; nAreaRadius=6 * LENGTH_BASE; nTargetCountLimit=6	EXECUTE_SCRIPT(1,0)	L2:nAddRage=0,nCostRage=0,nDamageBase=108,nDamageRand=3; L3:nAddRage=0,nCostRage=0,nDamageBase=124,nDamageRand=4; L4:nAddRage=0,nCostRage=0,nDamageBase=140,nDamageRand=5
凌雪阁\套路及子技能\无间狱拉目标.lua	nDamageBase=0, nDamageRand = 0, nCostMana = 0}, --level 1
	{nDamageBase = 0, nDamageRand = 0, nCostMana = 0}, --level 2
	{nDamageBase = 0, nDamageRand = 0, nCostMana = 0}, --level 3
	{nDamageBase = 0, nDamageRand = 0, nCostMana = 0}, --level 4
	{nDamageBase = 0, nDamageRand = 0, nCostMana = 0}, --level 5
	{nDamageBase = 0, nDamageRand = 0, nCostMana = 0}, --level 6
	{nDamageBase = 0, nDamageRand = 0, nCostMana = 0}, --level 7
	{nDamageBase = 0, nDamageRand = 0, nCostMana = 0}, --level 8
	{nDamageBase = 0, nDamageRand = 0, nCostMana = 0}, --level 9
	{nDamageBase = 0, nDamageRand = 0, nCostMana = 0}, --level 10
}; nBaseThreat=0; nCostMana=tSkillData[dwSkillLevel].nCostMana; nMinRadius=MELEE_ATTACK_DISTANCE; nMaxRadius=30 * LENGTH_BASE; nAngleRange=256; nAreaRadius=0 * LENGTH_BASE; nTargetCountLimit=2; nPrepareFrames=0; nChannelFrame=0; nWeaponDamagePercent=0	PULL(120,0)	L2:nDamageBase=0,nDamageRand=0,nCostMana=0; L3:nDamageBase=0,nDamageRand=0,nCostMana=0; L4:nDamageBase=0,nDamageRand=0,nCostMana=0
凌雪阁\套路及子技能\暗度通用加十方.lua	nDamageBase=0, nDamageRand = 0, nCostMana = 0}, --level 1
	{nDamageBase = 0, nDamageRand = 0, nCostMana = 0}, --level 2
	{nDamageBase = 0, nDamageRand = 0, nCostMana = 0}, --level 3
	{nDamageBase = 0, nDamageRand = 0, nCostMana = 0}, --level 4
	{nDamageBase = 0, nDamageRand = 0, nCostMana = 0}, --level 5
	{nDamageBase = 0, nDamageRand = 0, nCostMana = 0}, --level 6
	{nDamageBase = 0, nDamageRand = 0, nCostMana = 0}, --level 7
	{nDamageBase = 0, nDamageRand = 0, nCostMana = 0}, --level 8
	{nDamageBase = 0, nDamageRand = 0, nCostMana = 0}, --level 9
	{nDamageBase = 0, nDamageRand = 0, nCostMana = 0}, --level 10
}; nBaseThreat=0; nCostMana=tSkillData[dwSkillLevel].nCostMana; nMinRadius=0 * LENGTH_BASE; nMaxRadius=0 * LENGTH_BASE; nAngleRange=256; nAreaRadius=0 * LENGTH_BASE; nTargetCountLimit=2; nPrepareFrames=0; nChannelFrame=0; nWeaponDamagePercent=0		L2:nDamageBase=0,nDamageRand=0,nCostMana=0; L3:nDamageBase=0,nDamageRand=0,nCostMana=0; L4:nDamageBase=0,nDamageRand=0,nCostMana=0
凌雪阁\套路及子技能\疑战孤风飒踏二段击飞.lua	nDamageBase=186 * 0.95, nDamageRand = 186 * 0.1, nCostMana = 0}, -- level 1
	{nDamageBase = 286 * 0.95, nDamageRand = 286 * 0.1, nCostMana = 0}, --level 2
	{nDamageBase = 386 * 0.95, nDamageRand = 386 * 0.1, nCostMana = 0}, --level 3
	{nDamageBase = 486 * 0.95, nDamageRand = 486 * 0.1, nCostMana = 0}, --level 4
	{nDamageBase = 586 * 0.95, nDamageRand = 586 * 0.1, nCostMana = 0}, --level 5
	{nDamageBase = 686 * 0.95, nDamageRand = 686 * 0.1, nCostMana = 0}, --level 6
	{nDamageBase = 786 * 0.95, nDamageRand = 786 * 0.1, nCostMana = 0}, --level 7
	{nDamageBase = 886 * 0.95, nDamageRand = 886 * 0.1, nCostMana = 0}, --level 7
}; nBaseThreat=0; nCostMana=tSkillData[dwSkillLevel].nCostMana; nMinRadius=0 * LENGTH_BASE; nMaxRadius=20 * LENGTH_BASE; nAngleRange=256; nAreaRadius=6 * LENGTH_BASE; nTargetCountLimit=6; nPrepareFrames=0; nChannelFrame=0; nWeaponDamagePercent=0	SKILL_PHYSICS_DAMAGE(0); SKILL_PHYSICS_DAMAGE_RAND(0,0); CALL_PHYSICS_DAMAGE(0,0); SKILL_MOVE(24,0); EXECUTE_SCRIPT(0,6400)	L2:nDamageBase=186 * 0.95,nDamageRand=186 * 0.1,nCostMana=0; L3:nDamageBase=286 * 0.95,nDamageRand=286 * 0.1,nCostMana=0; L4:nDamageBase=386 * 0.95,nDamageRand=386 * 0.1,nCostMana=0
刀宗\套路及子技能\游风飘踪击倒子技能.lua	nCostMana=tSkillData[dwSkillLevel].nCostMana; nWeaponDamagePercent=0; nMinRadius=0											--技能施放最小半径
	skill.nMaxRadius = 30 * LENGTH_BASE; nAngleRange=256; nAreaRadius=8 * LENGTH_BASE; nPrepareFrames=0	CALL_KNOCKED_DOWN(-80,-0); EXECUTE_SCRIPT_WITH_PARAM()	
刀宗\套路及子技能\破绽产生.lua	nDamageBase=0, nDamageRand = 0, nCostMana = 0}, --level 1
	{nDamageBase = 0, nDamageRand = 0, nCostMana = 0}, --level 2
	{nDamageBase = 0, nDamageRand = 0, nCostMana = 0}, --level 3
	{nDamageBase = 0, nDamageRand = 0, nCostMana = 0}, --level 4
	{nDamageBase = 0, nDamageRand = 0, nCostMana = 0}, --level 5
	{nDamageBase = 0, nDamageRand = 0, nCostMana = 0}, --level 6
	{nDamageBase = 0, nDamageRand = 0, nCostMana = 0}, --level 7
	{nDamageBase = 0, nDamageRand = 0, nCostMana = 0}, --level 8
	{nDamageBase = 0, nDamageRand = 0, nCostMana = 0}, --level 9
	{nDamageBase = 0, nDamageRand = 0, nCostMana = 0}, --level 10
}; nBaseThreat=0; nCostMana=tSkillData[dwSkillLevel].nCostMana; nMinRadius=0 * LENGTH_BASE; nMaxRadius=50 * LENGTH_BASE; nAngleRange=256; nAreaRadius=0 * LENGTH_BASE; nTargetCountLimit=1; nPrepareFrames=0; nChannelFrame=0; nWeaponDamagePercent=0	EXECUTE_SCRIPT(1,0)	L2:nDamageBase=0,nDamageRand=0,nCostMana=0; L3:nDamageBase=0,nDamageRand=0,nCostMana=0; L4:nDamageBase=0,nDamageRand=0,nCostMana=0
剑三moba\龙吟.lua	nDamageBase=103140, nDamageRand = 0, nCostMana = 0}, --level 1
	{nDamageBase = 0, nDamageRand = 0, nCostMana = 0}, --level 2
	{nDamageBase = 0, nDamageRand = 0, nCostMana = 0}, --level 3
	{nDamageBase = 0, nDamageRand = 0, nCostMana = 0}, --level 4
	{nDamageBase = 0, nDamageRand = 0, nCostMana = 0}, --level 5
	{nDamageBase = 0, nDamageRand = 0, nCostMana = 0}, --level 6
	{nDamageBase = 0, nDamageRand = 0, nCostMana = 0}, --level 7
	{nDamageBase = 0, nDamageRand = 0, nCostMana = 0}, --level 8
	{nDamageBase = 0, nDamageRand = 0, nCostMana = 0}, --level 9
	{nDamageBase = 0, nDamageRand = 0, nCostMana = 0}, --level 10
}; nBaseThreat=0; nCostMana=tSkillData[dwSkillLevel].nCostMana; nMinRadius=0 * LENGTH_BASE; nMaxRadius=100 * LENGTH_BASE; nAngleRange=128; nAreaRadius=15 * LENGTH_BASE; nTargetCountLimit=100; nPrepareFrames=0; nChannelFrame=0; nWeaponDamagePercent=0	SKILL_POISON_DAMAGE(0); SKILL_POISON_DAMAGE_RAND(0,0); CALL_POISON_DAMAGE(0,0)	L2:nDamageBase=103140,nDamageRand=0,nCostMana=0; L3:nDamageBase=0,nDamageRand=0,nCostMana=0; L4:nDamageBase=0,nDamageRand=0,nCostMana=0
北天药宗\北天药宗奇穴套路\北天药宗_木通_温性寒性状态加强.lua	nDamageBase=0, nDamageRand = 0, nCostMana = 0}, --level 1
	{nDamageBase = 0, nDamageRand = 0, nCostMana = 0}, -- level 2
	{nDamageBase = 0, nDamageRand = 0, nCostMana = 0}, -- level 3
	{nDamageBase = 0, nDamageRand = 0, nCostMana = 0}, -- level 4
	{nDamageBase = 0, nDamageRand = 0, nCostMana = 0}, -- level 5
	{nDamageBase = 0, nDamageRand = 0, nCostMana = 0}, -- level 6
	{nDamageBase = 0, nDamageRand = 0, nCostMana = 0}, -- level 7
	{nDamageBase = 0, nDamageRand = 0, nCostMana = 0}, -- level 8
	{nDamageBase = 0, nDamageRand = 0, nCostMana = 0}, -- level 9
	{nDamageBase = 0, nDamageRand = 0, nCostMana = 0}, -- level 10
}; nBaseThreat=0; nCostMana=tSkillData[dwSkillLevel].nCostMana; nMinRadius=0 * LENGTH_BASE; nMaxRadius=0 * LENGTH_BASE; nAngleRange=256; nAreaRadius=0 * LENGTH_BASE; nTargetCountLimit=2; nPrepareFrames=0; nChannelFrame=0; nWeaponDamagePercent=0	EXECUTE_SCRIPT(1,0)	L2:nDamageBase=0,nDamageRand=0,nCostMana=0; L3:nDamageBase=0,nDamageRand=0,nCostMana=0; L4:nDamageBase=0,nDamageRand=0,nCostMana=0
北天药宗\北天药宗奇穴套路\北天药宗_飘黄_逐云寒蕊增益.lua	nDamageBase=0, nDamageRand = 0, nCostMana = 0}, --level 1
	{nDamageBase = 0, nDamageRand = 0, nCostMana = 0}, --level 2
	{nDamageBase = 0, nDamageRand = 0, nCostMana = 0}, --level 3
	{nDamageBase = 0, nDamageRand = 0, nCostMana = 0}, --level 4
	{nDamageBase = 0, nDamageRand = 0, nCostMana = 0}, --level 5
	{nDamageBase = 0, nDamageRand = 0, nCostMana = 0}, --level 6
	{nDamageBase = 0, nDamageRand = 0, nCostMana = 0}, --level 7
	{nDamageBase = 0, nDamageRand = 0, nCostMana = 0}, --level 8
	{nDamageBase = 0, nDamageRand = 0, nCostMana = 0}, --level 9
	{nDamageBase = 0, nDamageRand = 0, nCostMana = 0}, --level 10
}; nBaseThreat=0; nCostMana=tSkillData[dwSkillLevel].nCostMana; nMinRadius=0 * LENGTH_BASE; nMaxRadius=20 * LENGTH_BASE; nAngleRange=256; nAreaRadius=50 * LENGTH_BASE; nTargetCountLimit=2; nPrepareFrames=0; nChannelFrame=0; nWeaponDamagePercent=0	SET_TALENT_RECIPE(5602,1); SET_TALENT_RECIPE(-5388,-1)	L2:nDamageBase=0,nDamageRand=0,nCostMana=0; L3:nDamageBase=0,nDamageRand=0,nCostMana=0; L4:nDamageBase=0,nDamageRand=0,nCostMana=0
北天药宗\套路及子技能\北天药宗_棘丛于地目标点方形.lua	nDamageBase=186 * 0.95, nDamageRand = 186 * 0.1, nCostMana = 0}, -- level 1
	{nDamageBase = 286 * 0.95, nDamageRand = 286 * 0.1, nCostMana = 0}, --level 2
	{nDamageBase = 386 * 0.95, nDamageRand = 386 * 0.1, nCostMana = 0}, --level 3
	{nDamageBase = 486 * 0.95, nDamageRand = 486 * 0.1, nCostMana = 0}, --level 4
	{nDamageBase = 586 * 0.95, nDamageRand = 586 * 0.1, nCostMana = 0}, --level 5
	{nDamageBase = 686 * 0.95, nDamageRand = 686 * 0.1, nCostMana = 0}, --level 6
	{nDamageBase = 786 * 0.95, nDamageRand = 786 * 0.1, nCostMana = 0}, --level 7
	{nDamageBase = 886 * 0.95, nDamageRand = 886 * 0.1, nCostMana = 0}, --level 7
}; nBaseThreat=0; nCostMana=tSkillData[dwSkillLevel].nCostMana; nMinRadius=0 * LENGTH_BASE; nMaxRadius=50 * LENGTH_BASE; nAngleRange=256; nAreaRadius=5 * LENGTH_BASE; nTargetCountLimit=5; nPrepareFrames=0; nChannelFrame=0; nWeaponDamagePercent=0	EXECUTE_SCRIPT(1,0)	L2:nDamageBase=186 * 0.95,nDamageRand=186 * 0.1,nCostMana=0; L3:nDamageBase=286 * 0.95,nDamageRand=286 * 0.1,nCostMana=0; L4:nDamageBase=386 * 0.95,nDamageRand=386 * 0.1,nCostMana=0
北天药宗\套路及子技能\北天药宗_棘丛于地目标点方形0-5.lua	nDamageBase=186 * 0.95, nDamageRand = 186 * 0.1, nCostMana = 0}, -- level 1
	{nDamageBase = 286 * 0.95, nDamageRand = 286 * 0.1, nCostMana = 0}, --level 2
	{nDamageBase = 386 * 0.95, nDamageRand = 386 * 0.1, nCostMana = 0}, --level 3
	{nDamageBase = 486 * 0.95, nDamageRand = 486 * 0.1, nCostMana = 0}, --level 4
	{nDamageBase = 586 * 0.95, nDamageRand = 586 * 0.1, nCostMana = 0}, --level 5
	{nDamageBase = 686 * 0.95, nDamageRand = 686 * 0.1, nCostMana = 0}, --level 6
	{nDamageBase = 786 * 0.95, nDamageRand = 786 * 0.1, nCostMana = 0}, --level 7
	{nDamageBase = 886 * 0.95, nDamageRand = 886 * 0.1, nCostMana = 0}, --level 7
}; nBaseThreat=0; nCostMana=tSkillData[dwSkillLevel].nCostMana; nMinRadius=0 * LENGTH_BASE; nMaxRadius=50 * LENGTH_BASE; nAngleRange=256; nAreaRadius=5 * LENGTH_BASE; nTargetCountLimit=5; nPrepareFrames=0; nChannelFrame=0; nWeaponDamagePercent=0	EXECUTE_SCRIPT(1,0)	L2:nDamageBase=186 * 0.95,nDamageRand=186 * 0.1,nCostMana=0; L3:nDamageBase=286 * 0.95,nDamageRand=286 * 0.1,nCostMana=0; L4:nDamageBase=386 * 0.95,nDamageRand=386 * 0.1,nCostMana=0
北天药宗\套路及子技能\北天药宗_棘丛于地目标点方形5-10.lua	nDamageBase=186 * 0.95, nDamageRand = 186 * 0.1, nCostMana = 0}, -- level 1
	{nDamageBase = 286 * 0.95, nDamageRand = 286 * 0.1, nCostMana = 0}, --level 2
	{nDamageBase = 386 * 0.95, nDamageRand = 386 * 0.1, nCostMana = 0}, --level 3
	{nDamageBase = 486 * 0.95, nDamageRand = 486 * 0.1, nCostMana = 0}, --level 4
	{nDamageBase = 586 * 0.95, nDamageRand = 586 * 0.1, nCostMana = 0}, --level 5
	{nDamageBase = 686 * 0.95, nDamageRand = 686 * 0.1, nCostMana = 0}, --level 6
	{nDamageBase = 786 * 0.95, nDamageRand = 786 * 0.1, nCostMana = 0}, --level 7
	{nDamageBase = 886 * 0.95, nDamageRand = 886 * 0.1, nCostMana = 0}, --level 7
}; nBaseThreat=0; nCostMana=tSkillData[dwSkillLevel].nCostMana; nMinRadius=0 * LENGTH_BASE; nMaxRadius=50 * LENGTH_BASE; nAngleRange=256; nAreaRadius=5 * LENGTH_BASE; nTargetCountLimit=5; nPrepareFrames=0; nChannelFrame=0; nWeaponDamagePercent=0	EXECUTE_SCRIPT(1,0)	L2:nDamageBase=186 * 0.95,nDamageRand=186 * 0.1,nCostMana=0; L3:nDamageBase=286 * 0.95,nDamageRand=286 * 0.1,nCostMana=0; L4:nDamageBase=386 * 0.95,nDamageRand=386 * 0.1,nCostMana=0
北天药宗\套路及子技能\北天药宗_浅碧目标范围群免死.lua	nBaseThreat=30000; nCostMana=tSkillData[dwSkillLevel].nCostMana; nMinRadius=0 * LENGTH_BASE; nMaxRadius=6 * LENGTH_BASE; nAngleRange=256; nAreaRadius=6 * LENGTH_BASE; nTargetCountLimit=3; nPrepareFrames=0; nChannelFrame=0; nWeaponDamagePercent=0		L2:nTherapyBase=104,nTherapyRand=10,nCostMana=0; L3:nTherapyBase=129,nTherapyRand=13,nCostMana=0; L4:nTherapyBase=154,nTherapyRand=15,nCostMana=0
北天药宗\套路及子技能\北天药宗_清嘉青川濯莲消耗自身气血治疗子技能.lua	nCostMana=tSkillData[dwSkillLevel].nCostMana; nMinRadius=0; nMaxRadius=50 * LENGTH_BASE; nAngleRange=256; nAreaRadius=6 * LENGTH_BASE; nTargetCountLimit=3; nPrepareFrames=56; nChannelFrame=0; nWeaponDamagePercent=0	SKILL_THERAPY(1,0); SKILL_THERAPY_RAND(1,0); CALL_THERAPY(0,1)	L2:nTherapy=105,nTherapyRand=2,nCostMana=115; L3:nTherapy=108,nTherapyRand=3,nCostMana=166; L4:nTherapy=112,nTherapyRand=4,nCostMana=205
北天药宗\套路及子技能\北天药宗_游泽目标点群定身伤害子技能.lua	nDamageBase=30, nDamageRand = 10, nCostMana = 0},
	{nDamageBase = 39, nDamageRand = 10, nCostMana = 0},
	{nDamageBase = 48, nDamageRand = 10, nCostMana = 0},
	{nDamageBase = 57, nDamageRand = 10, nCostMana = 0},
	{nDamageBase = 66, nDamageRand = 10, nCostMana = 0},
	{nDamageBase = 75, nDamageRand = 10, nCostMana = 0},
	{nDamageBase = 84, nDamageRand = 10, nCostMana = 0},
	{nDamageBase = 93, nDamageRand = 10, nCostMana = 0},
	{nDamageBase = 102, nDamageRand = 10, nCostMana = 0},
	{nDamageBase = 111, nDamageRand = 10, nCostMana = 0},
	{nDamageBase = 120, nDamageRand = 15, nCostMana = 0},
	{nDamageBase = 129, nDamageRand = 15, nCostMana = 0},
	{nDamageBase = 138, nDamageRand = 15, nCostMana = 0},
	{nDamageBase = 147, nDamageRand = 15, nCostMana = 0},
	{nDamageBase = 156, nDamageRand = 15, nCostMana = 0},
}; nBaseThreat=0; nCostMana=tSkillData[dwSkillLevel].nCostMana; nMinRadius=0 * LENGTH_BASE; nMaxRadius=30 * LENGTH_BASE; nAngleRange=256; nAreaRadius=6 * LENGTH_BASE; nTargetCountLimit=5; nPrepareFrames=24; nChannelFrame=0; nWeaponDamagePercent=0	THERAPY_POWER_TO_MAGIC_ATTACK_POWER_COF(3072,0); SKILL_POISON_DAMAGE(0); SKILL_POISON_DAMAGE_RAND(0,0); CALL_POISON_DAMAGE(0,0)	L2:nDamageBase=30,nDamageRand=10,nCostMana=0; L3:nDamageBase=39,nDamageRand=10,nCostMana=0; L4:nDamageBase=48,nDamageRand=10,nCostMana=0
北天药宗\套路及子技能\北天药宗_灵素反佐目标点范围中和治疗子技能.lua	nCostMana=tSkillData[dwSkillLevel].nCostMana; nMinRadius=0 * LENGTH_BASE; nMaxRadius=50 * LENGTH_BASE; nAngleRange=256; nAreaRadius=6 * LENGTH_BASE; nTargetCountLimit=2; nPrepareFrames=56; nChannelFrame=0; nWeaponDamagePercent=0	EXECUTE_SCRIPT(1,0)	L2:nTherapy=105,nTherapyRand=2,nCostMana=115; L3:nTherapy=108,nTherapyRand=3,nCostMana=166; L4:nTherapy=112,nTherapyRand=4,nCostMana=205
北天药宗\套路及子技能\北天药宗_生地棘丛于地高额仇恨子技能.lua	nDamageBase=33, nDamageRand = 5, nCostMana = 0},
	{nDamageBase = 33, nDamageRand = 5, nCostMana = 0},
}; nBaseThreat=100000; nCostMana=tSkillData[dwSkillLevel].nCostMana; nMinRadius=0 * LENGTH_BASE; nMaxRadius=50 * LENGTH_BASE; nAngleRange=256; nAreaRadius=4 * LENGTH_BASE; nTargetCountLimit=5; nPrepareFrames=0; nChannelFrame=0; nWeaponDamagePercent=0	SPOOF(0,0); EXECUTE_SCRIPT(1,0)	L2:nDamageBase=33,nDamageRand=5,nCostMana=0; L3:nDamageBase=33,nDamageRand=5,nCostMana=0
北天药宗\套路及子技能\北天药宗_腐生予馈持续添加温毒子技能.lua	nBaseThreat=0; nCostMana=tSkillData[dwSkillLevel].nCostMana; nMinRadius=0 * LENGTH_BASE; nMaxRadius=50 * LENGTH_BASE; nAngleRange=256; nAreaRadius=8 * LENGTH_BASE; nTargetCountLimit=5; nPrepareFrames=24; nChannelFrame=0; nWeaponDamagePercent=0	EXECUTE_SCRIPT(1,0)	L2:nAddRage=0,nCostRage=10,nDamageBase=16 * 0.95,nDamageRand=16 * 0.1; L3:nAddRage=0,nCostRage=10,nDamageBase=22 * 0.95,nDamageRand=22 * 0.1; L4:nAddRage=0,nCostRage=10,nDamageBase=16 * 0.95,nDamageRand=16 * 0.1
北天药宗\套路及子技能\北天药宗_逐云寒睿破隐一击伤害子技能.lua	nDamageBase=33, nDamageRand = 5, nCostMana = 0},
	{nDamageBase = 45, nDamageRand = 5, nCostMana = 0},
	{nDamageBase = 58, nDamageRand = 5, nCostMana = 0},
	{nDamageBase = 70, nDamageRand = 5, nCostMana = 0},
	{nDamageBase = 83, nDamageRand = 5, nCostMana = 0},
	{nDamageBase = 95, nDamageRand = 5, nCostMana = 0},
	{nDamageBase = 107, nDamageRand = 5, nCostMana = 0},
	{nDamageBase = 120, nDamageRand = 5, nCostMana = 0},
	{nDamageBase = 132, nDamageRand = 10, nCostMana = 0},
	{nDamageBase = 144, nDamageRand = 10, nCostMana = 0},
	{nDamageBase = 157, nDamageRand = 10, nCostMana = 0},
	{nDamageBase = 169, nDamageRand = 10, nCostMana = 0},
	{nDamageBase = 182, nDamageRand = 10, nCostMana = 0},
	{nDamageBase = 194, nDamageRand = 10, nCostMana = 0},
	{nDamageBase = 206, nDamageRand = 10, nCostMana = 0},
	{nDamageBase = 219, nDamageRand = 10, nCostMana = 0},
	{nDamageBase = 231, nDamageRand = 10, nCostMana = 0},
	{nDamageBase = 244, nDamageRand = 10, nCostMana = 0},
	{nDamageBase = 256, nDamageRand = 15, nCostMana = 0},
	{nDamageBase = 268, nDamageRand = 15, nCostMana = 0},
	{nDamageBase = 281, nDamageRand = 15, nCostMana = 0},
	{nDamageBase = 293, nDamageRand = 15, nCostMana = 0},
	{nDamageBase = 306, nDamageRand = 15, nCostMana = 0},
	{nDamageBase = 318, nDamageRand = 15, nCostMana = 0},
	{nDamageBase = 330, nDamageRand = 15, nCostMana = 0},
	{nDamageBase = 343, nDamageRand = 15, nCostMana = 0},
	{nDamageBase = 355, nDamageRand = 15, nCostMana = 0},
	{nDamageBase = 367, nDamageRand = 15, nCostMana = 0},
	{nDamageBase = 380, nDamageRand = 15, nCostMana = 0},
	{nDamageBase = 392, nDamageRand = 15, nCostMana = 0},
	{nDamageBase = 405, nDamageRand = 15, nCostMana = 0},
	{nDamageBase = 417, nDamageRand = 15, nCostMana = 0},

}; nBaseThreat=30000; nCostMana=tSkillData[dwSkillLevel].nCostMana; nMinRadius=0 * LENGTH_BASE; nMaxRadius=50 * LENGTH_BASE; nAngleRange=256; nAreaRadius=4 * LENGTH_BASE; nTargetCountLimit=5; nPrepareFrames=0; nChannelFrame=0; nWeaponDamagePercent=0	SKILL_POISON_DAMAGE(0); SKILL_POISON_DAMAGE_RAND(0,0); CALL_POISON_DAMAGE(0,0)	L2:nDamageBase=33,nDamageRand=5,nCostMana=0; L3:nDamageBase=45,nDamageRand=5,nCostMana=0; L4:nDamageBase=58,nDamageRand=5,nCostMana=0
唐门\90级奇穴\会心刷新化血镖事件.lua	nDamageBase=0, nDamageRand = 0, nCostMana = 0}, --level 1
	{nDamageBase = 0, nDamageRand = 0, nCostMana = 0}, --level 2
	{nDamageBase = 0, nDamageRand = 0, nCostMana = 0}, --level 3
	{nDamageBase = 0, nDamageRand = 0, nCostMana = 0}, --level 4
	{nDamageBase = 0, nDamageRand = 0, nCostMana = 0}, --level 5
	{nDamageBase = 0, nDamageRand = 0, nCostMana = 0}, --level 6
	{nDamageBase = 0, nDamageRand = 0, nCostMana = 0}, --level 7
	{nDamageBase = 0, nDamageRand = 0, nCostMana = 0}, --level 8
	{nDamageBase = 0, nDamageRand = 0, nCostMana = 0}, --level 9
	{nDamageBase = 0, nDamageRand = 0, nCostMana = 0}, --level 10
}; nBaseThreat=0; nCostMana=tSkillData[dwSkillLevel].nCostMana; nMinRadius=0 * LENGTH_BASE; nMaxRadius=0 * LENGTH_BASE; nAngleRange=256; nAreaRadius=0 * LENGTH_BASE; nTargetCountLimit=2; nPrepareFrames=0; nChannelFrame=0; nWeaponDamagePercent=0	SKILL_EVENT_HANDLER(950,1)	L2:nDamageBase=0,nDamageRand=0,nCostMana=0; L3:nDamageBase=0,nDamageRand=0,nCostMana=0; L4:nDamageBase=0,nDamageRand=0,nCostMana=0
唐门\90级奇穴\唐门_90奇穴_夺魄箭刷新穿心弩.lua	nDamageBase=0, nDamageRand = 0, nCostMana = 0},		--level 1
	{nDamageBase = 0, nDamageRand = 0, nCostMana = 0},		--level 2
	{nDamageBase = 0, nDamageRand = 0, nCostMana = 0},		--level 3
	{nDamageBase = 0, nDamageRand = 0, nCostMana = 0},		--level 4
	{nDamageBase = 0, nDamageRand = 0, nCostMana = 0},		--level 5
	{nDamageBase = 0, nDamageRand = 0, nCostMana = 0},		--level 6
	{nDamageBase = 0, nDamageRand = 0, nCostMana = 0},		--level 7
	{nDamageBase = 0, nDamageRand = 0, nCostMana = 0},		--level 8
	{nDamageBase = 0, nDamageRand = 0, nCostMana = 0},		--level 9
	{nDamageBase = 0, nDamageRand = 0, nCostMana = 0},		--level 10
}; nBaseThreat=0; nCostMana=tSkillData[dwSkillLevel].nCostMana; nMinRadius=0 * LENGTH_BASE; nMaxRadius=30 * LENGTH_BASE; nAngleRange=256; nAreaRadius=0 * LENGTH_BASE; nTargetCountLimit=2; nPrepareFrames=0; nChannelFrame=0; nWeaponDamagePercent=0		L2:nDamageBase=0,nDamageRand=0,nCostMana=0; L3:nDamageBase=0,nDamageRand=0,nCostMana=0; L4:nDamageBase=0,nDamageRand=0,nCostMana=0
唐门\90级奇穴\唐门_天罗_给天绝地灭添加伤害效果.lua	nDamageBase=0, nDamageRand = 0, nCostMana = 0}, --level 1
	{nDamageBase = 0, nDamageRand = 0, nCostMana = 0}, --level 2
	{nDamageBase = 0, nDamageRand = 0, nCostMana = 0}, --level 3
	{nDamageBase = 0, nDamageRand = 0, nCostMana = 0}, --level 4
	{nDamageBase = 0, nDamageRand = 0, nCostMana = 0}, --level 5
	{nDamageBase = 0, nDamageRand = 0, nCostMana = 0}, --level 6
	{nDamageBase = 0, nDamageRand = 0, nCostMana = 0}, --level 7
	{nDamageBase = 0, nDamageRand = 0, nCostMana = 0}, --level 8
	{nDamageBase = 0, nDamageRand = 0, nCostMana = 0}, --level 9
	{nDamageBase = 0, nDamageRand = 0, nCostMana = 0}, --level 10
}; nBaseThreat=0; nCostMana=tSkillData[dwSkillLevel].nCostMana; nMinRadius=0 * LENGTH_BASE; nMaxRadius=50 * LENGTH_BASE; nAngleRange=256; nAreaRadius=0 * LENGTH_BASE; nTargetCountLimit=2; nPrepareFrames=0; nChannelFrame=0; nWeaponDamagePercent=0		L2:nDamageBase=0,nDamageRand=0,nCostMana=0; L3:nDamageBase=0,nDamageRand=0,nCostMana=0; L4:nDamageBase=0,nDamageRand=0,nCostMana=0
唐门\90级奇穴\唐门_天罗_蚀肌弹千机变重置化血镖.lua	nDamageBase=0, nDamageRand = 0, nCostMana = 0}, --level 1
	{nDamageBase = 0, nDamageRand = 0, nCostMana = 0}, --level 2
	{nDamageBase = 0, nDamageRand = 0, nCostMana = 0}, --level 3
	{nDamageBase = 0, nDamageRand = 0, nCostMana = 0}, --level 4
	{nDamageBase = 0, nDamageRand = 0, nCostMana = 0}, --level 5
	{nDamageBase = 0, nDamageRand = 0, nCostMana = 0}, --level 6
	{nDamageBase = 0, nDamageRand = 0, nCostMana = 0}, --level 7
	{nDamageBase = 0, nDamageRand = 0, nCostMana = 0}, --level 8
	{nDamageBase = 0, nDamageRand = 0, nCostMana = 0}, --level 9
	{nDamageBase = 0, nDamageRand = 0, nCostMana = 0}, --level 10
}; nBaseThreat=0; nCostMana=tSkillData[dwSkillLevel].nCostMana; nMinRadius=0 * LENGTH_BASE; nMaxRadius=0 * LENGTH_BASE; nAngleRange=256; nAreaRadius=0 * LENGTH_BASE; nTargetCountLimit=2; nPrepareFrames=0; nChannelFrame=0; nWeaponDamagePercent=0	SKILL_EVENT_HANDLER(599,1); SKILL_EVENT_HANDLER(600,1); SKILL_EVENT_HANDLER(601,1); SKILL_EVENT_HANDLER(988,1); SKILL_EVENT_HANDLER(1550,1); SKILL_EVENT_HANDLER(1689,1); SKILL_EVENT_HANDLER(1691,1); SKILL_EVENT_HANDLER(1692,1)	L2:nDamageBase=0,nDamageRand=0,nCostMana=0; L3:nDamageBase=0,nDamageRand=0,nCostMana=0; L4:nDamageBase=0,nDamageRand=0,nCostMana=0
唐门\90级奇穴\唐门_惊羽_孔雀翎减CD.lua	nDamageBase=0, nDamageRand = 0, nCostMana = 0}, --level 1
	{nDamageBase = 0, nDamageRand = 0, nCostMana = 0}, --level 2
	{nDamageBase = 0, nDamageRand = 0, nCostMana = 0}, --level 3
	{nDamageBase = 0, nDamageRand = 0, nCostMana = 0}, --level 4
	{nDamageBase = 0, nDamageRand = 0, nCostMana = 0}, --level 5
	{nDamageBase = 0, nDamageRand = 0, nCostMana = 0}, --level 6
	{nDamageBase = 0, nDamageRand = 0, nCostMana = 0}, --level 7
	{nDamageBase = 0, nDamageRand = 0, nCostMana = 0}, --level 8
	{nDamageBase = 0, nDamageRand = 0, nCostMana = 0}, --level 9
	{nDamageBase = 0, nDamageRand = 0, nCostMana = 0}, --level 10
}; nBaseThreat=0; nCostMana=tSkillData[dwSkillLevel].nCostMana; nMinRadius=0 * LENGTH_BASE; nMaxRadius=0 * LENGTH_BASE; nAngleRange=256; nAreaRadius=0 * LENGTH_BASE; nTargetCountLimit=2; nPrepareFrames=0; nChannelFrame=0; nWeaponDamagePercent=0	SET_TALENT_RECIPE(4878,1)	L2:nDamageBase=0,nDamageRand=0,nCostMana=0; L3:nDamageBase=0,nDamageRand=0,nCostMana=0; L4:nDamageBase=0,nDamageRand=0,nCostMana=0
唐门\90级奇穴\唐门_惊羽_招式会心回内.lua	nDamageBase=0, nDamageRand = 0, nCostMana = 0},		--level 1
	{nDamageBase = 0, nDamageRand = 0, nCostMana = 0},		--level 2
	{nDamageBase = 0, nDamageRand = 0, nCostMana = 0},		--level 3
	{nDamageBase = 0, nDamageRand = 0, nCostMana = 0},		--level 4
	{nDamageBase = 0, nDamageRand = 0, nCostMana = 0},		--level 5
	{nDamageBase = 0, nDamageRand = 0, nCostMana = 0},		--level 6
	{nDamageBase = 0, nDamageRand = 0, nCostMana = 0},		--level 7
	{nDamageBase = 0, nDamageRand = 0, nCostMana = 0},		--level 8
	{nDamageBase = 0, nDamageRand = 0, nCostMana = 0},		--level 9
	{nDamageBase = 0, nDamageRand = 0, nCostMana = 0},		--level 10
}; nBaseThreat=0; nCostMana=tSkillData[dwSkillLevel].nCostMana; nMinRadius=0 * LENGTH_BASE; nMaxRadius=0 * LENGTH_BASE; nAngleRange=256; nAreaRadius=0 * LENGTH_BASE; nTargetCountLimit=2; nPrepareFrames=0; nChannelFrame=0; nWeaponDamagePercent=0	SKILL_EVENT_HANDLER(975,1); MAX_ENERGY(10,0)	L2:nDamageBase=0,nDamageRand=0,nCostMana=0; L3:nDamageBase=0,nDamageRand=0,nCostMana=0; L4:nDamageBase=0,nDamageRand=0,nCostMana=0
唐门\90级奇穴\引爆dot事件.lua	nDamageBase=0, nDamageRand = 0, nCostMana = 0}, --level 1
	{nDamageBase = 0, nDamageRand = 0, nCostMana = 0}, --level 2
	{nDamageBase = 0, nDamageRand = 0, nCostMana = 0}, --level 3
	{nDamageBase = 0, nDamageRand = 0, nCostMana = 0}, --level 4
	{nDamageBase = 0, nDamageRand = 0, nCostMana = 0}, --level 5
	{nDamageBase = 0, nDamageRand = 0, nCostMana = 0}, --level 6
	{nDamageBase = 0, nDamageRand = 0, nCostMana = 0}, --level 7
	{nDamageBase = 0, nDamageRand = 0, nCostMana = 0}, --level 8
	{nDamageBase = 0, nDamageRand = 0, nCostMana = 0}, --level 9
	{nDamageBase = 0, nDamageRand = 0, nCostMana = 0}, --level 10
}; nBaseThreat=0; nCostMana=tSkillData[dwSkillLevel].nCostMana; nMinRadius=0 * LENGTH_BASE; nMaxRadius=0 * LENGTH_BASE; nAngleRange=256; nAreaRadius=0 * LENGTH_BASE; nTargetCountLimit=2; nPrepareFrames=0; nChannelFrame=0; nWeaponDamagePercent=0	SKILL_EVENT_HANDLER(951,0)	L2:nDamageBase=0,nDamageRand=0,nCostMana=0; L3:nDamageBase=0,nDamageRand=0,nCostMana=0; L4:nDamageBase=0,nDamageRand=0,nCostMana=0
唐门\唐门_幽影应神_额外范围孔雀翎.lua	nDamageBase=100, nDamageRand = 0, nCostMana = 0}, --level 1
	{nDamageBase = 0, nDamageRand = 0, nCostMana = 0}, --level 2
	{nDamageBase = 0, nDamageRand = 0, nCostMana = 0}, --level 3
	{nDamageBase = 0, nDamageRand = 0, nCostMana = 0}, --level 4
	{nDamageBase = 0, nDamageRand = 0, nCostMana = 0}, --level 5
	{nDamageBase = 0, nDamageRand = 0, nCostMana = 0}, --level 6
	{nDamageBase = 0, nDamageRand = 0, nCostMana = 0}, --level 7
	{nDamageBase = 0, nDamageRand = 0, nCostMana = 0}, --level 8
	{nDamageBase = 0, nDamageRand = 0, nCostMana = 0}, --level 9
	{nDamageBase = 0, nDamageRand = 0, nCostMana = 0}, --level 10
}; nBaseThreat=0; nCostMana=tSkillData[dwSkillLevel].nCostMana; nMinRadius=0 * LENGTH_BASE; nMaxRadius=25 * LENGTH_BASE; nAngleRange=128; nAreaRadius=8 * LENGTH_BASE; nTargetCountLimit=6; nPrepareFrames=0; nChannelFrame=40; nWeaponDamagePercent=0	CAST_SKILL_TARGET_DST(3091,1); EXECUTE_SCRIPT(1,0)	L2:nDamageBase=100,nDamageRand=0,nCostMana=0; L3:nDamageBase=0,nDamageRand=0,nCostMana=0; L4:nDamageBase=0,nDamageRand=0,nCostMana=0
唐门\唐门_幽影应神_额外范围雷震子.lua	nDamageBase=100, nDamageRand = 0, nCostMana = 0}, --level 1
	{nDamageBase = 0, nDamageRand = 0, nCostMana = 0}, --level 2
	{nDamageBase = 0, nDamageRand = 0, nCostMana = 0}, --level 3
	{nDamageBase = 0, nDamageRand = 0, nCostMana = 0}, --level 4
	{nDamageBase = 0, nDamageRand = 0, nCostMana = 0}, --level 5
	{nDamageBase = 0, nDamageRand = 0, nCostMana = 0}, --level 6
	{nDamageBase = 0, nDamageRand = 0, nCostMana = 0}, --level 7
	{nDamageBase = 0, nDamageRand = 0, nCostMana = 0}, --level 8
	{nDamageBase = 0, nDamageRand = 0, nCostMana = 0}, --level 9
	{nDamageBase = 0, nDamageRand = 0, nCostMana = 0}, --level 10
}; nBaseThreat=0; nCostMana=tSkillData[dwSkillLevel].nCostMana; nMinRadius=0 * LENGTH_BASE; nMaxRadius=25 * LENGTH_BASE; nAngleRange=128; nAreaRadius=8 * LENGTH_BASE; nTargetCountLimit=6; nPrepareFrames=0; nChannelFrame=40; nWeaponDamagePercent=0	CAST_SKILL_TARGET_DST(3089,1); EXECUTE_SCRIPT(1,0)	L2:nDamageBase=100,nDamageRand=0,nCostMana=0; L3:nDamageBase=0,nDamageRand=0,nCostMana=0; L4:nDamageBase=0,nDamageRand=0,nCostMana=0
唐门\唐门_暗器_化血镖.lua	nDamageBase=28 * 0.95, nDamageRand = 28 * 0.1, nCostMana = 147},		--level 1
	{nDamageBase = 42 * 0.95, nDamageRand = 42 * 0.1, nCostMana = 220},		--level 2
	{nDamageBase = 56 * 0.95, nDamageRand = 56 * 0.1, nCostMana = 327},		--level 3
	{nDamageBase = 70 * 0.95, nDamageRand = 70 * 0.1, nCostMana = 409},		--level 4
	{nDamageBase = 84 * 0.95, nDamageRand = 84 * 0.1, nCostMana = 490},		--level 5
	{nDamageBase = 98 * 0.95, nDamageRand = 98 * 0.1, nCostMana = 572},		--level 6
	{nDamageBase = 112* 0.95, nDamageRand = 112* 0.1, nCostMana = 654},	--level 7
	{nDamageBase = 171 * 0.95, nDamageRand = 171 * 0.1, nCostMana = 731}, --level 8
	{nDamageBase = 228 * 0.95, nDamageRand = 228 * 0.1, nCostMana = 147},		--level 9
	{nDamageBase = 242 * 0.95, nDamageRand = 242 * 0.1, nCostMana = 220},		--level 10
	{nDamageBase = 256 * 0.95, nDamageRand = 256 * 0.1, nCostMana = 327},		--level 11
	{nDamageBase = 270 * 0.95, nDamageRand = 270 * 0.1, nCostMana = 409},		--level 12
	{nDamageBase = 284 * 0.95, nDamageRand = 284 * 0.1, nCostMana = 490},		--level 13
	{nDamageBase = 298 * 0.95, nDamageRand = 298 * 0.1, nCostMana = 572},		--level 14
	{nDamageBase = 312* 0.95, nDamageRand = 312* 0.1, nCostMana = 654},	--level 15
	{nDamageBase = 371 * 0.95, nDamageRand = 371 * 0.1, nCostMana = 731}, --level 16
	{nDamageBase = 428 * 0.95, nDamageRand = 428 * 0.1, nCostMana = 147},		--level 17
	{nDamageBase = 442 * 0.95, nDamageRand = 442 * 0.1, nCostMana = 220},		--level 18
	{nDamageBase = 456 * 0.95, nDamageRand = 456 * 0.1, nCostMana = 327},		--level 19
}; nBaseThreat=0; nMinRadius=0 * LENGTH_BASE; nMaxRadius=20 * LENGTH_BASE; nAngleRange=128; nAreaRadius=6 * LENGTH_BASE; nTargetCountLimit=5; nPrepareFrames=24; nChannelFrame=0; nWeaponDamagePercent=0	CAST_SKILL_TARGET_DST(3125,1); CAST_SKILL_TARGET_DST(3126,1)	L2:nDamageBase=28 * 0.95,nDamageRand=28 * 0.1,nCostMana=147; L3:nDamageBase=42 * 0.95,nDamageRand=42 * 0.1,nCostMana=220; L4:nDamageBase=56 * 0.95,nDamageRand=56 * 0.1,nCostMana=327
唐门\唐门_暗器_孔雀翎.lua	nDamageBase=100, nDamageRand = 0, nCostMana = 0},		--level 1
	{nDamageBase = 0, nDamageRand = 0, nCostMana = 0},		--level 2
	{nDamageBase = 0, nDamageRand = 0, nCostMana = 0},		--level 3
	{nDamageBase = 0, nDamageRand = 0, nCostMana = 0},		--level 4
	{nDamageBase = 0, nDamageRand = 0, nCostMana = 0},		--level 5
	{nDamageBase = 0, nDamageRand = 0, nCostMana = 0},		--level 6
	{nDamageBase = 0, nDamageRand = 0, nCostMana = 0},		--level 7
	{nDamageBase = 0, nDamageRand = 0, nCostMana = 0},		--level 8
	{nDamageBase = 0, nDamageRand = 0, nCostMana = 0},		--level 9
	{nDamageBase = 0, nDamageRand = 0, nCostMana = 0},		--level 10
}; nBaseThreat=0; nCostMana=tSkillData[dwSkillLevel].nCostMana; nMinRadius=0 * LENGTH_BASE; nMaxRadius=20 * LENGTH_BASE; nAngleRange=128; nAreaRadius=0 * LENGTH_BASE; nTargetCountLimit=2; nPrepareFrames=0; nChannelFrame=0; nWeaponDamagePercent=0	CAST_SKILL_TARGET_DST(3222,1); CAST_SKILL_TARGET_DST(3223,1); EXECUTE_SCRIPT_WITH_PARAM(7,12481)	L2:nDamageBase=100,nDamageRand=0,nCostMana=0; L3:nDamageBase=0,nDamageRand=0,nCostMana=0; L4:nDamageBase=0,nDamageRand=0,nCostMana=0
唐门\唐门_机关_飞星发动天绝地灭.lua	nDamageBase=0, nDamageRand = 0, nCostMana = 0}, --level 1
	{nDamageBase = 0, nDamageRand = 0, nCostMana = 0}, --level 2
	{nDamageBase = 0, nDamageRand = 0, nCostMana = 0}, --level 3
	{nDamageBase = 0, nDamageRand = 0, nCostMana = 0}, --level 4
	{nDamageBase = 0, nDamageRand = 0, nCostMana = 0}, --level 5
	{nDamageBase = 0, nDamageRand = 0, nCostMana = 0}, --level 6
	{nDamageBase = 0, nDamageRand = 0, nCostMana = 0}, --level 7
	{nDamageBase = 0, nDamageRand = 0, nCostMana = 0}, --level 8
	{nDamageBase = 0, nDamageRand = 0, nCostMana = 0}, --level 9
	{nDamageBase = 0, nDamageRand = 0, nCostMana = 0}, --level 10
}; nBaseThreat=0; nCostMana=tSkillData[dwSkillLevel].nCostMana; nMinRadius=0 * LENGTH_BASE; nMaxRadius=20 * LENGTH_BASE; nAngleRange=256; nAreaRadius=6 * LENGTH_BASE; nTargetCountLimit=1; nPrepareFrames=0; nChannelFrame=0; nWeaponDamagePercent=0	CAST_SKILL_TARGET_SRC(3301,1); EXECUTE_SCRIPT(1,0)	L2:nDamageBase=0,nDamageRand=0,nCostMana=0; L3:nDamageBase=0,nDamageRand=0,nCostMana=0; L4:nDamageBase=0,nDamageRand=0,nCostMana=0
唐门\唐门_诡道_惊鸿游龙.lua	nDamageBase=0, nDamageRand = 0, nCostMana = 0}, --level 1
	{nDamageBase = 0, nDamageRand = 0, nCostMana = 0}, --level 2
	{nDamageBase = 0, nDamageRand = 0, nCostMana = 0}, --level 3
	{nDamageBase = 0, nDamageRand = 0, nCostMana = 0}, --level 4
	{nDamageBase = 0, nDamageRand = 0, nCostMana = 0}, --level 5
	{nDamageBase = 0, nDamageRand = 0, nCostMana = 0}, --level 6
	{nDamageBase = 0, nDamageRand = 0, nCostMana = 0}, --level 7
	{nDamageBase = 0, nDamageRand = 0, nCostMana = 0}, --level 8
	{nDamageBase = 0, nDamageRand = 0, nCostMana = 0}, --level 9
	{nDamageBase = 0, nDamageRand = 0, nCostMana = 0}, --level 10
}; nBaseThreat=0; nCostMana=tSkillData[dwSkillLevel].nCostMana; nMinRadius=0 * LENGTH_BASE; nMaxRadius=4 * LENGTH_BASE; nAngleRange=256; nAreaRadius=0 * LENGTH_BASE; nTargetCountLimit=2; nPrepareFrames=0; nChannelFrame=0; nWeaponDamagePercent=0	CAST_SKILL_TARGET_DST(3333,1); EXECUTE_SCRIPT(1,0)	L2:nDamageBase=0,nDamageRand=0,nCostMana=0; L3:nDamageBase=0,nDamageRand=0,nCostMana=0; L4:nDamageBase=0,nDamageRand=0,nCostMana=0
唐门\套路及子技能\孔雀翎转移标记.lua	nBaseThreat=0; nCostMana=tSkillData[dwSkillLevel].nCostMana; nMinRadius=0 * LENGTH_BASE; nMaxRadius=30 * LENGTH_BASE; nAreaRadius=30 * LENGTH_BASE; nTargetCountLimit=10; nPrepareFrames=0; nChannelFrame=0; nWeaponDamagePercent=2048	EXECUTE_SCRIPT(0)	L2:nAddRage=0,nCostRage=10,nDamage=380,nDamageRand=15; L3:nAddRage=0,nCostRage=10,nDamage=393,nDamageRand=15; L4:nAddRage=0,nCostRage=10,nDamage=406,nDamageRand=20
唐门\孔雀翎_内功.lua	nDamageBase=366 * 0.95, nDamageRand = 366 * 0.1, nCostMana = 0}, --level 8
	{nDamageBase = 48 * 0.95, nDamageRand = 48 * 0.1, nCostMana = 0}, --level 2
	{nDamageBase = 82 * 0.95, nDamageRand = 82 * 0.1, nCostMana = 0}, --level 3
	{nDamageBase = 117 * 0.95, nDamageRand = 117 * 0.1, nCostMana = 0}, --level 4
	{nDamageBase = 170 * 0.95, nDamageRand = 170 * 0.1, nCostMana = 0}, --level 5
	{nDamageBase = 223 * 0.95, nDamageRand = 223 * 0.1, nCostMana = 0}, --level 6
	{nDamageBase = 307 * 0.95, nDamageRand = 307 * 0.1, nCostMana = 0}, --level 7
	{nDamageBase = 366 * 0.95, nDamageRand = 366 * 0.1, nCostMana = 0}, --level 8

}; nBaseThreat=0; nCostMana=tSkillData[dwSkillLevel].nCostMana; nMinRadius=0 * LENGTH_BASE; nMaxRadius=30 * LENGTH_BASE; nAngleRange=128; nAreaRadius=10 * LENGTH_BASE; nTargetCountLimit=1; nPrepareFrames=0; nChannelFrame=0; nWeaponDamagePercent=0	SKILL_POISON_DAMAGE(0); SKILL_POISON_DAMAGE_RAND(0,0); CALL_POISON_DAMAGE(0,0)	L3:nDamageBase=366 * 0.95,nDamageRand=366 * 0.1,nCostMana=0; L4:nDamageBase=48 * 0.95,nDamageRand=48 * 0.1,nCostMana=0; L5:nDamageBase=82 * 0.95,nDamageRand=82 * 0.1,nCostMana=0
唐门\孔雀翎_内功_子技能.lua	nDamageBase=35 * 0.95, nDamageRand = 35 * 0.1, nCostMana = 0},		--level 1
	{nDamageBase = 48 * 0.95, nDamageRand = 48 * 0.1, nCostMana = 0},		--level 2
	{nDamageBase = 82 * 0.95, nDamageRand = 82 * 0.1, nCostMana = 0},		--level 3
	{nDamageBase = 117 * 0.95, nDamageRand = 117 * 0.1, nCostMana = 0},		--level 4
	{nDamageBase = 170 * 0.95, nDamageRand = 170 * 0.1, nCostMana = 0},		--level 5
	{nDamageBase = 223 * 0.95, nDamageRand = 223 * 0.1, nCostMana = 0},		--level 6
	{nDamageBase = 307 * 0.95, nDamageRand = 307 * 0.1, nCostMana = 0},		--level 7
	{nDamageBase = 366 * 0.95, nDamageRand = 366 * 0.1, nCostMana = 0},		--level 8
}; nBaseThreat=0; nCostMana=tSkillData[dwSkillLevel].nCostMana; nMinRadius=0 * LENGTH_BASE; nMaxRadius=4 * LENGTH_BASE; nAngleRange=256; nAreaRadius=0 * LENGTH_BASE; nTargetCountLimit=2; nPrepareFrames=0; nChannelFrame=0; nWeaponDamagePercent=0	SKILL_POISON_DAMAGE(0); SKILL_POISON_DAMAGE_RAND(0,0); CALL_POISON_DAMAGE(0,0)	L2:nDamageBase=35 * 0.95,nDamageRand=35 * 0.1,nCostMana=0; L3:nDamageBase=48 * 0.95,nDamageRand=48 * 0.1,nCostMana=0; L4:nDamageBase=82 * 0.95,nDamageRand=82 * 0.1,nCostMana=0
唐门\孔雀翎_外功.lua	nDamageBase=310 * 0.95, nDamageRand = 310 * 0.1, nCostMana = 0}, --level 8
	{nDamageBase = 41 * 0.95, nDamageRand = 41 * 0.1, nCostMana = 0}, --level 2
	{nDamageBase = 69 * 0.95, nDamageRand = 69 * 0.1, nCostMana = 0}, --level 3
	{nDamageBase = 99 * 0.95, nDamageRand = 99 * 0.1, nCostMana = 0}, --level 4
	{nDamageBase = 144 * 0.95, nDamageRand = 144 * 0.1, nCostMana = 0}, --level 5
	{nDamageBase = 189 * 0.95, nDamageRand = 189 * 0.1, nCostMana = 0}, --level 6
	{nDamageBase = 260 * 0.95, nDamageRand = 260 * 0.1, nCostMana = 0}, --level 7
	{nDamageBase = 310 * 0.95, nDamageRand = 310 * 0.1, nCostMana = 0}, --level 8
}; nBaseThreat=0; nCostMana=tSkillData[dwSkillLevel].nCostMana; nMinRadius=0 * LENGTH_BASE; nMaxRadius=40 * LENGTH_BASE; nAngleRange=128; nAreaRadius=10 * LENGTH_BASE; nTargetCountLimit=1; nPrepareFrames=0; nChannelFrame=0; nWeaponDamagePercent=0	SKILL_PHYSICS_DAMAGE(2,0); SKILL_PHYSICS_DAMAGE_RAND(2,0); CALL_PHYSICS_DAMAGE(0,0); EXECUTE_SCRIPT_WITH_PARAM(7)	L2:nDamageBase=310 * 0.95,nDamageRand=310 * 0.1,nCostMana=0; L3:nDamageBase=41 * 0.95,nDamageRand=41 * 0.1,nCostMana=0; L4:nDamageBase=69 * 0.95,nDamageRand=69 * 0.1,nCostMana=0
唐门\孔雀翎_外功_子技能.lua	nDamageBase=30 * 0.95, nDamageRand = 30 * 0.1, nCostMana = 0},		--level 1
	{nDamageBase = 41 * 0.95, nDamageRand = 41 * 0.1, nCostMana = 0},		--level 2
	{nDamageBase = 69 * 0.95, nDamageRand = 69 * 0.1, nCostMana = 0},		--level 3
	{nDamageBase = 99 * 0.95, nDamageRand = 99 * 0.1, nCostMana = 0},		--level 4
	{nDamageBase = 144 * 0.95, nDamageRand = 144 * 0.1, nCostMana = 0},		--level 5
	{nDamageBase = 189 * 0.95, nDamageRand = 189 * 0.1, nCostMana = 0},		--level 6
	{nDamageBase = 260 * 0.95, nDamageRand = 260 * 0.1, nCostMana = 0},		--level 7
	{nDamageBase = 310 * 0.95, nDamageRand = 310 * 0.1, nCostMana = 0},		--level 8
}; nBaseThreat=0; nCostMana=tSkillData[dwSkillLevel].nCostMana; nMinRadius=0 * LENGTH_BASE; nMaxRadius=4 * LENGTH_BASE; nAngleRange=256; nAreaRadius=0 * LENGTH_BASE; nTargetCountLimit=2; nPrepareFrames=0; nChannelFrame=0; nWeaponDamagePercent=0	SKILL_PHYSICS_DAMAGE(0); SKILL_PHYSICS_DAMAGE_RAND(0,0); CALL_PHYSICS_DAMAGE(0,0)	L2:nDamageBase=30 * 0.95,nDamageRand=30 * 0.1,nCostMana=0; L3:nDamageBase=41 * 0.95,nDamageRand=41 * 0.1,nCostMana=0; L4:nDamageBase=69 * 0.95,nDamageRand=69 * 0.1,nCostMana=0
唐门\连环弩_子技能_1级.lua	nDamageBase=100, nDamageRand = 0, nCostMana = 0},		--level 1
	{nDamageBase = 0, nDamageRand = 0, nCostMana = 0},		--level 2
	{nDamageBase = 0, nDamageRand = 0, nCostMana = 0},		--level 3
	{nDamageBase = 0, nDamageRand = 0, nCostMana = 0},		--level 4
	{nDamageBase = 0, nDamageRand = 0, nCostMana = 0},		--level 5
	{nDamageBase = 0, nDamageRand = 0, nCostMana = 0},		--level 6
	{nDamageBase = 0, nDamageRand = 0, nCostMana = 0},		--level 7
	{nDamageBase = 0, nDamageRand = 0, nCostMana = 0},		--level 8
	{nDamageBase = 0, nDamageRand = 0, nCostMana = 0},		--level 9
	{nDamageBase = 0, nDamageRand = 0, nCostMana = 0},		--level 10
}; nBaseThreat=0; nCostMana=tSkillData[dwSkillLevel].nCostMana; nMinRadius=0 * LENGTH_BASE; nMaxRadius=25 * LENGTH_BASE; nAngleRange=128; nAreaRadius=0 * LENGTH_BASE; nTargetCountLimit=2; nPrepareFrames=24; nChannelFrame=0; nWeaponDamagePercent=1024	SKILL_PHYSICS_DAMAGE(0); SKILL_PHYSICS_DAMAGE_RAND(0,0); CALL_PHYSICS_DAMAGE(0,0); CALL_BUFF(3200,1)	L2:nDamageBase=100,nDamageRand=0,nCostMana=0; L3:nDamageBase=0,nDamageRand=0,nCostMana=0; L4:nDamageBase=0,nDamageRand=0,nCostMana=0
唐门\连环弩_子技能_2级.lua	nDamageBase=187, nDamageRand = 187, nCostMana = 0},		--level 1
	{nDamageBase = 0, nDamageRand = 0, nCostMana = 0},		--level 2
	{nDamageBase = 0, nDamageRand = 0, nCostMana = 0},		--level 3
	{nDamageBase = 0, nDamageRand = 0, nCostMana = 0},		--level 4
	{nDamageBase = 0, nDamageRand = 0, nCostMana = 0},		--level 5
	{nDamageBase = 0, nDamageRand = 0, nCostMana = 0},		--level 6
	{nDamageBase = 0, nDamageRand = 0, nCostMana = 0},		--level 7
	{nDamageBase = 0, nDamageRand = 0, nCostMana = 0},		--level 8
	{nDamageBase = 0, nDamageRand = 0, nCostMana = 0},		--level 9
	{nDamageBase = 0, nDamageRand = 0, nCostMana = 0},		--level 10
}; nBaseThreat=0; nCostMana=tSkillData[dwSkillLevel].nCostMana; nMinRadius=0 * LENGTH_BASE; nMaxRadius=25 * LENGTH_BASE; nAngleRange=128; nAreaRadius=0 * LENGTH_BASE; nTargetCountLimit=2; nPrepareFrames=24; nChannelFrame=0; nWeaponDamagePercent=1024	SKILL_PHYSICS_DAMAGE(0); SKILL_PHYSICS_DAMAGE_RAND(0,0); CALL_PHYSICS_DAMAGE(0,0); CALL_BUFF(3200,1)	L2:nDamageBase=187,nDamageRand=187,nCostMana=0; L3:nDamageBase=0,nDamageRand=0,nCostMana=0; L4:nDamageBase=0,nDamageRand=0,nCostMana=0
唐门\连环弩_子技能_3级.lua	nDamageBase=364, nDamageRand = 364, nCostMana = 0},		--level 1
	{nDamageBase = 0, nDamageRand = 0, nCostMana = 0},		--level 2
	{nDamageBase = 0, nDamageRand = 0, nCostMana = 0},		--level 3
	{nDamageBase = 0, nDamageRand = 0, nCostMana = 0},		--level 4
	{nDamageBase = 0, nDamageRand = 0, nCostMana = 0},		--level 5
	{nDamageBase = 0, nDamageRand = 0, nCostMana = 0},		--level 6
	{nDamageBase = 0, nDamageRand = 0, nCostMana = 0},		--level 7
	{nDamageBase = 0, nDamageRand = 0, nCostMana = 0},		--level 8
	{nDamageBase = 0, nDamageRand = 0, nCostMana = 0},		--level 9
	{nDamageBase = 0, nDamageRand = 0, nCostMana = 0},		--level 10
}; nBaseThreat=0; nCostMana=tSkillData[dwSkillLevel].nCostMana; nMinRadius=0 * LENGTH_BASE; nMaxRadius=25 * LENGTH_BASE; nAngleRange=128; nAreaRadius=0 * LENGTH_BASE; nTargetCountLimit=2; nPrepareFrames=24; nChannelFrame=0; nWeaponDamagePercent=1024	SKILL_PHYSICS_DAMAGE(0); SKILL_PHYSICS_DAMAGE_RAND(0,0); CALL_PHYSICS_DAMAGE(0,0)	L2:nDamageBase=364,nDamageRand=364,nCostMana=0; L3:nDamageBase=0,nDamageRand=0,nCostMana=0; L4:nDamageBase=0,nDamageRand=0,nCostMana=0
唐门\连环弩_子技能_击退.lua	nDamageBase=100, nDamageRand = 0, nCostMana = 0},		--level 1
	{nDamageBase = 0, nDamageRand = 0, nCostMana = 0},		--level 2
	{nDamageBase = 0, nDamageRand = 0, nCostMana = 0},		--level 3
	{nDamageBase = 0, nDamageRand = 0, nCostMana = 0},		--level 4
	{nDamageBase = 0, nDamageRand = 0, nCostMana = 0},		--level 5
	{nDamageBase = 0, nDamageRand = 0, nCostMana = 0},		--level 6
	{nDamageBase = 0, nDamageRand = 0, nCostMana = 0},		--level 7
	{nDamageBase = 0, nDamageRand = 0, nCostMana = 0},		--level 8
	{nDamageBase = 0, nDamageRand = 0, nCostMana = 0},		--level 9
	{nDamageBase = 0, nDamageRand = 0, nCostMana = 0},		--level 10
}; nBaseThreat=0; nCostMana=tSkillData[dwSkillLevel].nCostMana; nMinRadius=0 * LENGTH_BASE; nMaxRadius=15 * LENGTH_BASE; nAngleRange=128; nAreaRadius=0 * LENGTH_BASE; nTargetCountLimit=2; nPrepareFrames=24; nChannelFrame=0; nWeaponDamagePercent=0	CALL_KNOCKED_BACK_SRC_FACE(256,50)	L2:nDamageBase=100,nDamageRand=0,nCostMana=0; L3:nDamageBase=0,nDamageRand=0,nCostMana=0; L4:nDamageBase=0,nDamageRand=0,nCostMana=0
唐门\追命箭群攻实际伤害_外功.lua	nDamageBase=1625, nDamageRand = 10, nCostMana = 0}, --level 1
	{nDamageBase = 237, nDamageRand = 5, nCostMana = 0}, --level 2
	{nDamageBase = 344, nDamageRand = 5, nCostMana = 0}, --level 3
	{nDamageBase = 450, nDamageRand = 5, nCostMana = 0}, --level 4
	{nDamageBase = 557, nDamageRand = 5, nCostMana = 0}, --level 5
	{nDamageBase = 664, nDamageRand = 5, nCostMana = 0}, --level 6
	{nDamageBase = 771, nDamageRand = 5, nCostMana = 0}, --level 7
	{nDamageBase = 878, nDamageRand = 5, nCostMana = 0}, --level 8
	{nDamageBase = 984, nDamageRand = 10, nCostMana = 0}, --level 9
	{nDamageBase = 1091, nDamageRand = 10, nCostMana = 0}, --level 10
	{nDamageBase = 1198, nDamageRand = 10, nCostMana = 0}, --level 11
	{nDamageBase = 1305, nDamageRand = 10, nCostMana = 0}, --level 12
	{nDamageBase = 1411, nDamageRand = 10, nCostMana = 0}, --level 13
	{nDamageBase = 1518, nDamageRand = 10, nCostMana = 0}, --level 14
	{nDamageBase = 1625, nDamageRand = 10, nCostMana = 0}, --level 15
	{nDamageBase = 1625, nDamageRand = 10, nCostMana = 0}, --level 16
	{nDamageBase = 1625, nDamageRand = 10, nCostMana = 0}, --level 17
	{nDamageBase = 1625, nDamageRand = 10, nCostMana = 0}, --level 18
	{nDamageBase = 1625, nDamageRand = 10, nCostMana = 0}, --level 19
	{nDamageBase = 1625, nDamageRand = 10, nCostMana = 0}, --level 20
	{nDamageBase = 1625, nDamageRand = 10, nCostMana = 0}, --level 21
	{nDamageBase = 1625, nDamageRand = 10, nCostMana = 0}, --level 22
	{nDamageBase = 1625, nDamageRand = 10, nCostMana = 0}, --level 23
	{nDamageBase = 1625, nDamageRand = 10, nCostMana = 0}, --level 24
	{nDamageBase = 1625, nDamageRand = 10, nCostMana = 0}, --level 25
	{nDamageBase = 1625, nDamageRand = 10, nCostMana = 0}, --level 26
	{nDamageBase = 1625, nDamageRand = 10, nCostMana = 0}, --level 27
	{nDamageBase = 1625, nDamageRand = 10, nCostMana = 0}, --level 28
	{nDamageBase = 1625, nDamageRand = 10, nCostMana = 0}, --level 29
	{nDamageBase = 1625, nDamageRand = 10, nCostMana = 0}, --level 30
	{nDamageBase = 1625, nDamageRand = 10, nCostMana = 0}, --level 31
	{nDamageBase = 1625, nDamageRand = 10, nCostMana = 0}, --level 32
	{nDamageBase = 1625, nDamageRand = 10, nCostMana = 0}, --level 33
	{nDamageBase = 1625, nDamageRand = 10, nCostMana = 0}, --level 34
	{nDamageBase = 1625, nDamageRand = 10, nCostMana = 0}, --level 35
	{nDamageBase = 1625, nDamageRand = 10, nCostMana = 0}, --level 36
	{nDamageBase = 1625, nDamageRand = 10, nCostMana = 0}, --level 37
	{nDamageBase = 1625, nDamageRand = 10, nCostMana = 0}, --level 38
	{nDamageBase = 1625, nDamageRand = 10, nCostMana = 0}, --level 39
	{nDamageBase = 1625, nDamageRand = 10, nCostMana = 0}, --level 40
}; nBaseThreat=0; nCostMana=tSkillData[dwSkillLevel].nCostMana; nMinRadius=0 * LENGTH_BASE; nMaxRadius=30 * LENGTH_BASE; nAngleRange=256; nAreaRadius=1 * dwSkillLevel * LENGTH_BASE; nTargetCountLimit=1; nWeaponDamagePercent=2048	SKILL_PHYSICS_DAMAGE(0); SKILL_PHYSICS_DAMAGE_RAND(0,0); CALL_PHYSICS_DAMAGE(0,0); EXECUTE_SCRIPT(0)	L2:nDamageBase=1625,nDamageRand=10,nCostMana=0; L3:nDamageBase=237,nDamageRand=5,nCostMana=0; L4:nDamageBase=344,nDamageRand=5,nCostMana=0
唐门\追命额外伤害5-10.lua	nDamageBase=1625, nDamageRand = 10, nCostMana = 0}, --level 1
	{nDamageBase = 237, nDamageRand = 5, nCostMana = 0}, --level 2
	{nDamageBase = 344, nDamageRand = 5, nCostMana = 0}, --level 3
	{nDamageBase = 450, nDamageRand = 5, nCostMana = 0}, --level 4
	{nDamageBase = 557, nDamageRand = 5, nCostMana = 0}, --level 5
	{nDamageBase = 664, nDamageRand = 5, nCostMana = 0}, --level 6
	{nDamageBase = 771, nDamageRand = 5, nCostMana = 0}, --level 7
	{nDamageBase = 878, nDamageRand = 5, nCostMana = 0}, --level 8
	{nDamageBase = 984, nDamageRand = 10, nCostMana = 0}, --level 9
	{nDamageBase = 1091, nDamageRand = 10, nCostMana = 0}, --level 10
	{nDamageBase = 1198, nDamageRand = 10, nCostMana = 0}, --level 11
	{nDamageBase = 1305, nDamageRand = 10, nCostMana = 0}, --level 12
	{nDamageBase = 1411, nDamageRand = 10, nCostMana = 0}, --level 13
	{nDamageBase = 1518, nDamageRand = 10, nCostMana = 0}, --level 14
	{nDamageBase = 1625, nDamageRand = 10, nCostMana = 0}, --level 15
	{nDamageBase = 1625, nDamageRand = 10, nCostMana = 0}, --level 16
	{nDamageBase = 1625, nDamageRand = 10, nCostMana = 0}, --level 17
	{nDamageBase = 1625, nDamageRand = 10, nCostMana = 0}, --level 18
	{nDamageBase = 1625, nDamageRand = 10, nCostMana = 0}, --level 19
	{nDamageBase = 1625, nDamageRand = 10, nCostMana = 0}, --level 20
	{nDamageBase = 1625, nDamageRand = 10, nCostMana = 0}, --level 21
	{nDamageBase = 1625, nDamageRand = 10, nCostMana = 0}, --level 22
	{nDamageBase = 1625, nDamageRand = 10, nCostMana = 0}, --level 23
	{nDamageBase = 1625, nDamageRand = 10, nCostMana = 0}, --level 24
	{nDamageBase = 1625, nDamageRand = 10, nCostMana = 0}, --level 25
	{nDamageBase = 1625, nDamageRand = 10, nCostMana = 0}, --level 26
	{nDamageBase = 1625, nDamageRand = 10, nCostMana = 0}, --level 27
	{nDamageBase = 1625, nDamageRand = 10, nCostMana = 0}, --level 28
	{nDamageBase = 1625, nDamageRand = 10, nCostMana = 0}, --level 29
	{nDamageBase = 1625, nDamageRand = 10, nCostMana = 0}, --level 30
	{nDamageBase = 1625, nDamageRand = 10, nCostMana = 0}, --level 31
	{nDamageBase = 1625, nDamageRand = 10, nCostMana = 0}, --level 32
	{nDamageBase = 1625, nDamageRand = 10, nCostMana = 0}, --level 33
	{nDamageBase = 1625, nDamageRand = 10, nCostMana = 0}, --level 34
	{nDamageBase = 1625, nDamageRand = 10, nCostMana = 0}, --level 35
	{nDamageBase = 1625, nDamageRand = 10, nCostMana = 0}, --level 36
	{nDamageBase = 1625, nDamageRand = 10, nCostMana = 0}, --level 37
	{nDamageBase = 1625, nDamageRand = 10, nCostMana = 0}, --level 38
	{nDamageBase = 1625, nDamageRand = 10, nCostMana = 0}, --level 39
	{nDamageBase = 1625, nDamageRand = 10, nCostMana = 0}, --level 40
}; nBaseThreat=0; nCostMana=tSkillData[dwSkillLevel].nCostMana; nMinRadius=5 * LENGTH_BASE; nMaxRadius=10 * LENGTH_BASE; nAngleRange=256; nAreaRadius=1 * dwSkillLevel * LENGTH_BASE; nTargetCountLimit=1; nWeaponDamagePercent=2048	SKILL_PHYSICS_DAMAGE(0); SKILL_PHYSICS_DAMAGE_RAND(0,0); CALL_PHYSICS_DAMAGE(0,0)	L2:nDamageBase=1625,nDamageRand=10,nCostMana=0; L3:nDamageBase=237,nDamageRand=5,nCostMana=0; L4:nDamageBase=344,nDamageRand=5,nCostMana=0
唐门\镇派\刷新化血镖.lua	nDamageBase=0, nDamageRand = 0, nCostMana = 0}, --level 1
	{nDamageBase = 0, nDamageRand = 0, nCostMana = 0}, --level 2
	{nDamageBase = 0, nDamageRand = 0, nCostMana = 0}, --level 3
	{nDamageBase = 0, nDamageRand = 0, nCostMana = 0}, --level 4
	{nDamageBase = 0, nDamageRand = 0, nCostMana = 0}, --level 5
	{nDamageBase = 0, nDamageRand = 0, nCostMana = 0}, --level 6
	{nDamageBase = 0, nDamageRand = 0, nCostMana = 0}, --level 7
	{nDamageBase = 0, nDamageRand = 0, nCostMana = 0}, --level 8
	{nDamageBase = 0, nDamageRand = 0, nCostMana = 0}, --level 9
	{nDamageBase = 0, nDamageRand = 0, nCostMana = 0}, --level 10
}; nBaseThreat=0; nCostMana=tSkillData[dwSkillLevel].nCostMana; nMinRadius=0 * LENGTH_BASE; nMaxRadius=35 * LENGTH_BASE; nAngleRange=256; nAreaRadius=0 * LENGTH_BASE; nTargetCountLimit=2; nPrepareFrames=0; nChannelFrame=0; nWeaponDamagePercent=0	EXECUTE_SCRIPT(0)	L2:nDamageBase=0,nDamageRand=0,nCostMana=0; L3:nDamageBase=0,nDamageRand=0,nCostMana=0; L4:nDamageBase=0,nDamageRand=0,nCostMana=0
唐门\镇派\刷新化血镖_内功.lua	nDamageBase=27 * 0.95, nDamageRand = 27 * 0.1, nCostMana = 0}, --level 1
	{nDamageBase = 37 * 0.95, nDamageRand = 37 * 0.1, nCostMana = 0}, --level 2
	{nDamageBase = 63 * 0.95, nDamageRand = 63 * 0.1, nCostMana = 0}, --level 3
	{nDamageBase = 90 * 0.95, nDamageRand = 90 * 0.1, nCostMana = 0}, --level 4
	{nDamageBase = 131 * 0.95, nDamageRand = 131 * 0.1, nCostMana = 0}, --level 5
	{nDamageBase = 172 * 0.95, nDamageRand = 172 * 0.1, nCostMana = 0}, --level 6
	{nDamageBase = 236 * 0.95, nDamageRand = 236 * 0.1, nCostMana = 0}, --level 7
	{nDamageBase = 282 * 0.95, nDamageRand = 282 * 0.1, nCostMana = 0}, --level 8
	{nDamageBase = 327 * 0.95, nDamageRand = 327 * 0.1, nCostMana = 0}, --level 9
}; nBaseThreat=0; nCostMana=tSkillData[dwSkillLevel].nCostMana; nMinRadius=0 * LENGTH_BASE; nMaxRadius=30 * LENGTH_BASE; nAngleRange=256; nAreaRadius=0 * LENGTH_BASE; nTargetCountLimit=2; nPrepareFrames=24; nChannelFrame=0; nWeaponDamagePercent=0		L2:nDamageBase=27 * 0.95,nDamageRand=27 * 0.1,nCostMana=0; L3:nDamageBase=37 * 0.95,nDamageRand=37 * 0.1,nCostMana=0; L4:nDamageBase=63 * 0.95,nDamageRand=63 * 0.1,nCostMana=0
唐门\镇派\刷新化血镖_外功.lua	nDamageBase=27 * 0.95, nDamageRand = 27 * 0.1, nCostMana = 0}, --level 1
	{nDamageBase = 37 * 0.95, nDamageRand = 37 * 0.1, nCostMana = 0}, --level 2
	{nDamageBase = 63 * 0.95, nDamageRand = 63 * 0.1, nCostMana = 0}, --level 3
	{nDamageBase = 90 * 0.95, nDamageRand = 90 * 0.1, nCostMana = 0}, --level 4
	{nDamageBase = 131 * 0.95, nDamageRand = 131 * 0.1, nCostMana = 0}, --level 5
	{nDamageBase = 172 * 0.95, nDamageRand = 172 * 0.1, nCostMana = 0}, --level 6
	{nDamageBase = 236 * 0.95, nDamageRand = 236 * 0.1, nCostMana = 0}, --level 7
	{nDamageBase = 282 * 0.95, nDamageRand = 282 * 0.1, nCostMana = 0}, --level 8
	{nDamageBase = 327 * 0.95, nDamageRand = 327 * 0.1, nCostMana = 0}, --level 9
	{nDamageBase = 334 * 0.95, nDamageRand = 334 * 0.1, nCostMana = 0}, --level 10
	{nDamageBase = 337 * 0.95, nDamageRand = 337 * 0.1, nCostMana = 0}, --level 11
	{nDamageBase = 363 * 0.95, nDamageRand = 363 * 0.1, nCostMana = 0}, --level 12
	{nDamageBase = 390 * 0.95, nDamageRand = 390 * 0.1, nCostMana = 0}, --level 13
	{nDamageBase = 431 * 0.95, nDamageRand = 431 * 0.1, nCostMana = 0}, --level 14
	{nDamageBase = 472 * 0.95, nDamageRand = 472 * 0.1, nCostMana = 0}, --level 15
	{nDamageBase = 536 * 0.95, nDamageRand = 536 * 0.1, nCostMana = 0}, --level 16
	{nDamageBase = 582 * 0.95, nDamageRand = 582 * 0.1, nCostMana = 0}, --level 17
	{nDamageBase = 627 * 0.95, nDamageRand = 627 * 0.1, nCostMana = 0}, --level 18
	{nDamageBase = 634 * 0.95, nDamageRand = 634 * 0.1, nCostMana = 0}, --level 19
	{nDamageBase = 637 * 0.95, nDamageRand = 637 * 0.1, nCostMana = 0}, --level 20
	{nDamageBase = 663 * 0.95, nDamageRand = 663 * 0.1, nCostMana = 0}, --level 21
	{nDamageBase = 690 * 0.95, nDamageRand = 690 * 0.1, nCostMana = 0}, --level 22
	{nDamageBase = 731 * 0.95, nDamageRand = 731 * 0.1, nCostMana = 0}, --level 23
	{nDamageBase = 772 * 0.95, nDamageRand = 772 * 0.1, nCostMana = 0}, --level 24
	{nDamageBase = 836 * 0.95, nDamageRand = 836 * 0.1, nCostMana = 0}, --level 25
	{nDamageBase = 882 * 0.95, nDamageRand = 882 * 0.1, nCostMana = 0}, --level 26
	{nDamageBase = 927 * 0.95, nDamageRand = 927 * 0.1, nCostMana = 0}, --level 27
	{nDamageBase = 934 * 0.95, nDamageRand = 934 * 0.1, nCostMana = 0}, --level 28
	{nDamageBase = 937 * 0.95, nDamageRand = 937 * 0.1, nCostMana = 0}, --level 29
}; nBaseThreat=0; nCostMana=tSkillData[dwSkillLevel].nCostMana; nMinRadius=0 * LENGTH_BASE; nMaxRadius=40 * LENGTH_BASE; nAngleRange=256; nAreaRadius=0 * LENGTH_BASE; nTargetCountLimit=2; nPrepareFrames=24; nChannelFrame=0; nWeaponDamagePercent=0		L2:nDamageBase=27 * 0.95,nDamageRand=27 * 0.1,nCostMana=0; L3:nDamageBase=37 * 0.95,nDamageRand=37 * 0.1,nCostMana=0; L4:nDamageBase=63 * 0.95,nDamageRand=63 * 0.1,nCostMana=0
唐门\镇派\刷新化血镖_外功叠三层.lua	nDamageBase=27 * 0.95, nDamageRand = 27 * 0.1, nCostMana = 0}, --level 1
	{nDamageBase = 37 * 0.95, nDamageRand = 37 * 0.1, nCostMana = 0}, --level 2
	{nDamageBase = 63 * 0.95, nDamageRand = 63 * 0.1, nCostMana = 0}, --level 3
	{nDamageBase = 90 * 0.95, nDamageRand = 90 * 0.1, nCostMana = 0}, --level 4
	{nDamageBase = 131 * 0.95, nDamageRand = 131 * 0.1, nCostMana = 0}, --level 5
	{nDamageBase = 172 * 0.95, nDamageRand = 172 * 0.1, nCostMana = 0}, --level 6
	{nDamageBase = 236 * 0.95, nDamageRand = 236 * 0.1, nCostMana = 0}, --level 7
	{nDamageBase = 282 * 0.95, nDamageRand = 282 * 0.1, nCostMana = 0}, --level 8
	{nDamageBase = 327 * 0.95, nDamageRand = 327 * 0.1, nCostMana = 0}, --level 9
	{nDamageBase = 334 * 0.95, nDamageRand = 334 * 0.1, nCostMana = 0}, --level 10
	{nDamageBase = 337 * 0.95, nDamageRand = 337 * 0.1, nCostMana = 0}, --level 11
	{nDamageBase = 363 * 0.95, nDamageRand = 363 * 0.1, nCostMana = 0}, --level 12
	{nDamageBase = 390 * 0.95, nDamageRand = 390 * 0.1, nCostMana = 0}, --level 13
	{nDamageBase = 431 * 0.95, nDamageRand = 431 * 0.1, nCostMana = 0}, --level 14
	{nDamageBase = 472 * 0.95, nDamageRand = 472 * 0.1, nCostMana = 0}, --level 15
	{nDamageBase = 536 * 0.95, nDamageRand = 536 * 0.1, nCostMana = 0}, --level 16
	{nDamageBase = 582 * 0.95, nDamageRand = 582 * 0.1, nCostMana = 0}, --level 17
	{nDamageBase = 627 * 0.95, nDamageRand = 627 * 0.1, nCostMana = 0}, --level 18
	{nDamageBase = 634 * 0.95, nDamageRand = 634 * 0.1, nCostMana = 0}, --level 19
	{nDamageBase = 637 * 0.95, nDamageRand = 637 * 0.1, nCostMana = 0}, --level 20
	{nDamageBase = 663 * 0.95, nDamageRand = 663 * 0.1, nCostMana = 0}, --level 21
	{nDamageBase = 690 * 0.95, nDamageRand = 690 * 0.1, nCostMana = 0}, --level 22
	{nDamageBase = 731 * 0.95, nDamageRand = 731 * 0.1, nCostMana = 0}, --level 23
	{nDamageBase = 772 * 0.95, nDamageRand = 772 * 0.1, nCostMana = 0}, --level 24
	{nDamageBase = 836 * 0.95, nDamageRand = 836 * 0.1, nCostMana = 0}, --level 25
	{nDamageBase = 882 * 0.95, nDamageRand = 882 * 0.1, nCostMana = 0}, --level 26
	{nDamageBase = 927 * 0.95, nDamageRand = 927 * 0.1, nCostMana = 0}, --level 27
	{nDamageBase = 934 * 0.95, nDamageRand = 934 * 0.1, nCostMana = 0}, --level 28
	{nDamageBase = 937 * 0.95, nDamageRand = 937 * 0.1, nCostMana = 0}, --level 29
}; nBaseThreat=0; nCostMana=tSkillData[dwSkillLevel].nCostMana; nMinRadius=0 * LENGTH_BASE; nMaxRadius=40 * LENGTH_BASE; nAngleRange=256; nAreaRadius=0 * LENGTH_BASE; nTargetCountLimit=2; nPrepareFrames=24; nChannelFrame=0; nWeaponDamagePercent=0		L2:nDamageBase=27 * 0.95,nDamageRand=27 * 0.1,nCostMana=0; L3:nDamageBase=37 * 0.95,nDamageRand=37 * 0.1,nCostMana=0; L4:nDamageBase=63 * 0.95,nDamageRand=63 * 0.1,nCostMana=0
唐门\镇派\追命箭_额外伤害.lua	nDamageBase=250 * 0.95, nDamageRand = 96 * 0.1, nCostMana = 0}, --level 1
	{nDamageBase = 270 * 0.95, nDamageRand = 137 * 0.1, nCostMana = 0}, --level 2
	{nDamageBase = 290 * 0.95, nDamageRand = 178 * 0.1, nCostMana = 0}, --level 3
	{nDamageBase = 310 * 0.95, nDamageRand = 219 * 0.1, nCostMana = 0}, --level 4
	{nDamageBase = 330 * 0.95, nDamageRand = 260 * 0.1, nCostMana = 0}, --level 5
	{nDamageBase = 350 * 0.95, nDamageRand = 301 * 0.1, nCostMana = 0}, --level 6
	{nDamageBase = 370 * 0.95, nDamageRand = 342 * 0.1, nCostMana = 0}, --level 7
	{nDamageBase = 390 * 0.95, nDamageRand = 383 * 0.1, nCostMana = 0}, --level 8
	{nDamageBase = 424 * 0.95, nDamageRand = 424 * 0.1, nCostMana = 0}, --level 1
	{nDamageBase = 465 * 0.95, nDamageRand = 465 * 0.1, nCostMana = 0}, --level 2
	{nDamageBase = 506 * 0.95, nDamageRand = 506 * 0.1, nCostMana = 0}, --level 3
	{nDamageBase = 547 * 0.95, nDamageRand = 547 * 0.1, nCostMana = 0}, --level 4
	{nDamageBase = 588 * 0.95, nDamageRand = 588 * 0.1, nCostMana = 0}, --level 5
	{nDamageBase = 629 * 0.95, nDamageRand = 629 * 0.1, nCostMana = 0}, --level 6
	{nDamageBase = 670 * 0.95, nDamageRand = 670 * 0.1, nCostMana = 0}, --level 7
	{nDamageBase = 711 * 0.95, nDamageRand = 711 * 0.1, nCostMana = 0}, --level 8
	{nDamageBase = 752 * 0.95, nDamageRand = 752 * 0.1, nCostMana = 0}, --level 1
	{nDamageBase = 793 * 0.95, nDamageRand = 793 * 0.1, nCostMana = 0}, --level 2
	{nDamageBase = 834 * 0.95, nDamageRand = 834 * 0.1, nCostMana = 0}, --level 3
	{nDamageBase = 875 * 0.95, nDamageRand = 875 * 0.1, nCostMana = 0}, --level 4
	{nDamageBase = 916 * 0.95, nDamageRand = 916 * 0.1, nCostMana = 0}, --level 5
	{nDamageBase = 957 * 0.95, nDamageRand = 957 * 0.1, nCostMana = 0}, --level 6
	{nDamageBase = 998 * 0.95, nDamageRand = 998 * 0.1, nCostMana = 0}, --level 7
	{nDamageBase = 1039 * 0.95, nDamageRand = 1039 * 0.1, nCostMana = 0}, --level 8
	{nDamageBase = 1080 * 0.95, nDamageRand = 1080 * 0.1, nCostMana = 0}, --level 4
	{nDamageBase = 1121 * 0.95, nDamageRand = 1121 * 0.1, nCostMana = 0}, --level 5
	{nDamageBase = 1162 * 0.95, nDamageRand = 1162 * 0.1, nCostMana = 0}, --level 6
	{nDamageBase = 1203 * 0.95, nDamageRand = 1203 * 0.1, nCostMana = 0}, --level 7
}; nBaseThreat=0; nCostMana=tSkillData[dwSkillLevel].nCostMana; nMinRadius=0 * LENGTH_BASE; nMaxRadius=30 * LENGTH_BASE; nAngleRange=256; nAreaRadius=0 * LENGTH_BASE; nTargetCountLimit=2; nPrepareFrames=48; nChannelFrame=0; nWeaponDamagePercent=1536 * dwSkillLevel	ACTIVE_THREAT_COEFFICIENT(0,1024); SKILL_PHYSICS_DAMAGE(0); SKILL_PHYSICS_DAMAGE_RAND(0,0); CALL_PHYSICS_DAMAGE(0,0)	L2:nDamageBase=250 * 0.95,nDamageRand=96 * 0.1,nCostMana=0; L3:nDamageBase=270 * 0.95,nDamageRand=137 * 0.1,nCostMana=0; L4:nDamageBase=290 * 0.95,nDamageRand=178 * 0.1,nCostMana=0
唐门\镇派\通用打断自己读条.lua	nDamageBase=0, nDamageRand = 0, nCostMana = 0}, --level 1
	{nDamageBase = 0, nDamageRand = 0, nCostMana = 0}, --level 2
	{nDamageBase = 0, nDamageRand = 0, nCostMana = 0}, --level 3
	{nDamageBase = 0, nDamageRand = 0, nCostMana = 0}, --level 4
	{nDamageBase = 0, nDamageRand = 0, nCostMana = 0}, --level 5
	{nDamageBase = 0, nDamageRand = 0, nCostMana = 0}, --level 6
	{nDamageBase = 0, nDamageRand = 0, nCostMana = 0}, --level 7
	{nDamageBase = 0, nDamageRand = 0, nCostMana = 0}, --level 8
	{nDamageBase = 0, nDamageRand = 0, nCostMana = 0}, --level 9
	{nDamageBase = 0, nDamageRand = 0, nCostMana = 0}, --level 10
}; nBaseThreat=0; nCostMana=tSkillData[dwSkillLevel].nCostMana; nMinRadius=0 * LENGTH_BASE; nMaxRadius=20 * LENGTH_BASE; nAngleRange=256; nAreaRadius=4 * LENGTH_BASE; nTargetCountLimit=1; nPrepareFrames=0; nChannelFrame=0; nWeaponDamagePercent=0		L2:nDamageBase=0,nDamageRand=0,nCostMana=0; L3:nDamageBase=0,nDamageRand=0,nCostMana=0; L4:nDamageBase=0,nDamageRand=0,nCostMana=0
唐门\镇派\鸟翔碧空二段技能.lua	nBaseThreat=0; nCostMana=tSkillData[dwSkillLevel].nCostMana; nMinRadius=0 * LENGTH_BASE; nMaxRadius=4 * LENGTH_BASE; nAngleRange=256; nAreaRadius=50 * LENGTH_BASE; nTargetCountLimit=30	SET_TALENT_RECIPE(-5140,-1); EXECUTE_SCRIPT(1,0)	
唐门\鸟翔落地冲刺过程.lua	nDamageBase=0, nDamageRand = 0, nCostMana = 0}, --level 1
	{nDamageBase = 0, nDamageRand = 0, nCostMana = 0}, --level 2
	{nDamageBase = 0, nDamageRand = 0, nCostMana = 0}, --level 3
	{nDamageBase = 0, nDamageRand = 0, nCostMana = 0}, --level 4
	{nDamageBase = 0, nDamageRand = 0, nCostMana = 0}, --level 5
	{nDamageBase = 0, nDamageRand = 0, nCostMana = 0}, --level 6
	{nDamageBase = 0, nDamageRand = 0, nCostMana = 0}, --level 7
	{nDamageBase = 0, nDamageRand = 0, nCostMana = 0}, --level 8
	{nDamageBase = 0, nDamageRand = 0, nCostMana = 0}, --level 9
	{nDamageBase = 0, nDamageRand = 0, nCostMana = 0}, --level 10
}; nBaseThreat=0; nCostMana=tSkillData[dwSkillLevel].nCostMana; nMinRadius=0 * LENGTH_BASE; nMaxRadius=60 * LENGTH_BASE; nAngleRange=256; nAreaRadius=1 * LENGTH_BASE; nTargetCountLimit=1; nPrepareFrames=0; nChannelFrame=0; nWeaponDamagePercent=0	DASH_TO_POINT(120,0); EXECUTE_SCRIPT(0)	L2:nDamageBase=0,nDamageRand=0,nCostMana=0; L3:nDamageBase=0,nDamageRand=0,nCostMana=0; L4:nDamageBase=0,nDamageRand=0,nCostMana=0
天策\90级奇穴\招架重置定军.lua	nBaseThreat=0; nCostMana=tSkillData[dwSkillLevel].nCostMana; nMinRadius=0 * LENGTH_BASE; nMaxRadius=4 * LENGTH_BASE; nAngleRange=256; nAreaRadius=50 * LENGTH_BASE; nTargetCountLimit=30	SKILL_EVENT_HANDLER(455,0)	L2:nParryPercent=51,nParryValuePercent=102,nEventHandleID=453; L3:nParryPercent=102,nParryValuePercent=205,nEventHandleID=454; L4:nParryPercent=153,nParryValuePercent=307,nEventHandleID=455
天策\90级奇穴\渊降低5秒调息时间.lua	nDamageBase=0, nDamageRand = 0, nCostMana = 0}, --level 1
	{nDamageBase = 0, nDamageRand = 0, nCostMana = 0}, --level 2
	{nDamageBase = 0, nDamageRand = 0, nCostMana = 0}, --level 3
	{nDamageBase = 0, nDamageRand = 0, nCostMana = 0}, --level 4
	{nDamageBase = 0, nDamageRand = 0, nCostMana = 0}, --level 5
	{nDamageBase = 0, nDamageRand = 0, nCostMana = 0}, --level 6
	{nDamageBase = 0, nDamageRand = 0, nCostMana = 0}, --level 7
	{nDamageBase = 0, nDamageRand = 0, nCostMana = 0}, --level 8
	{nDamageBase = 0, nDamageRand = 0, nCostMana = 0}, --level 9
	{nDamageBase = 0, nDamageRand = 0, nCostMana = 0}, --level 10
}; nBaseThreat=0; nCostMana=tSkillData[dwSkillLevel].nCostMana; nMinRadius=0 * LENGTH_BASE; nMaxRadius=0 * LENGTH_BASE; nAngleRange=256; nAreaRadius=0 * LENGTH_BASE; nTargetCountLimit=2; nPrepareFrames=0; nChannelFrame=0; nWeaponDamagePercent=0	MODIFY_COOL_DOWN(448,1)	L2:nDamageBase=0,nDamageRand=0,nCostMana=0; L3:nDamageBase=0,nDamageRand=0,nCostMana=0; L4:nDamageBase=0,nDamageRand=0,nCostMana=0
天策\90级奇穴\破风流血减灭CD挂buff.lua	nDamageBase=0, nDamageRand = 0, nCostMana = 0}, --level 1
	{nDamageBase = 0, nDamageRand = 0, nCostMana = 0}, --level 2
	{nDamageBase = 0, nDamageRand = 0, nCostMana = 0}, --level 3
	{nDamageBase = 0, nDamageRand = 0, nCostMana = 0}, --level 4
	{nDamageBase = 0, nDamageRand = 0, nCostMana = 0}, --level 5
	{nDamageBase = 0, nDamageRand = 0, nCostMana = 0}, --level 6
	{nDamageBase = 0, nDamageRand = 0, nCostMana = 0}, --level 7
	{nDamageBase = 0, nDamageRand = 0, nCostMana = 0}, --level 8
	{nDamageBase = 0, nDamageRand = 0, nCostMana = 0}, --level 9
	{nDamageBase = 0, nDamageRand = 0, nCostMana = 0}, --level 10
}; nBaseThreat=0; nCostMana=tSkillData[dwSkillLevel].nCostMana; nMinRadius=0 * LENGTH_BASE; nMaxRadius=5 * LENGTH_BASE; nAngleRange=128; nAreaRadius=0 * LENGTH_BASE; nTargetCountLimit=1; nPrepareFrames=0; nChannelFrame=0; nWeaponDamagePercent=0		L2:nDamageBase=0,nDamageRand=0,nCostMana=0; L3:nDamageBase=0,nDamageRand=0,nCostMana=0; L4:nDamageBase=0,nDamageRand=0,nCostMana=0
天策\天策_奔雷枪术_穿.lua	nMinRadius=0											--技能施放最小半径
    skill.nMaxRadius        = 8 * LENGTH_BASE; nAngleRange=128; nAreaRadius=8 * LENGTH_BASE; nPrepareFrames=0; nWeaponDamagePercent=0; nTargetCountLimit=10	CAST_SKILL_TARGET_DST(2297); SKILL_PHYSICS_DAMAGE(0); SKILL_PHYSICS_DAMAGE_RAND(0); CALL_PHYSICS_DAMAGE(0,0); CAST_SKILL_TARGET_DST(1223,3423); CAST_SKILL(3423,1)	L2:nDamage=54*0.95,nDamageRand=54*0.1,nLevel=1,nCostMana=57,nDebuffID=3463,nDebuffLevel=1; L3:nDamage=65*0.95,nDamageRand=65*0.1,nLevel=1,nCostMana=68,nDebuffID=3463,nDebuffLevel=2; L4:nDamage=75*0.95,nDamageRand=75*0.1,nLevel=1,nCostMana=79,nDebuffID=3463,nDebuffLevel=3
天策\天策_子技能_守如山_傲血战意.lua	nCostMana=tSkillData[dwSkillLevel].nCostMana; nMinRadius=0											--技能施放最小半径
	skill.nMaxRadius        = 4 * LENGTH_BASE; nAngleRange=128; nPrepareFrames=0	CALL_BUFF(367,1)	
天策\天策_子技能_守如山_铁牢律.lua	nCostMana=tSkillData[dwSkillLevel].nCostMana; nMinRadius=0											--技能施放最小半径
	skill.nMaxRadius        = 4 * LENGTH_BASE; nAngleRange=128; nPrepareFrames=0	CURRENT_LIFE(600,0); CALL_BUFF(10228,1)	
天策\天策_子技能_掠如火_重置定军CD.lua	nBaseThreat=0; nCostMana=tSkillData[dwSkillLevel].nCostMana; nMinRadius=0 * LENGTH_BASE; nMaxRadius=25* LENGTH_BASE; nAngleRange=256; nAreaRadius=6 * LENGTH_BASE; nTargetCountLimit=10							-- 技能作用目标数量限制,(小于0 代表目标数量不限制) 
    
    ----------------- 时间相关 -------------------------------------------------
    --skill.nPrepareFrames  	= 0				-- 吟唱帧数
    --skill.nChannelInterval	= 0; nChannelFrame=0	 			-- 通道技持续时间，单位帧数 
    --skill.nBulletVelocity		= 0; nWeaponDamagePercent=0	CLEAR_COOL_DOWN(93,0)	
天策\天策_子技能_穿_扇形伤害.lua	nMinRadius=0											--技能施放最小半径
    skill.nMaxRadius        = 10 * LENGTH_BASE; nAngleRange=64; nAreaRadius=10 * LENGTH_BASE; nPrepareFrames=0; nWeaponDamagePercent=0; nTargetCountLimit=5	SKILL_PHYSICS_DAMAGE(0); SKILL_PHYSICS_DAMAGE_RAND(0); CALL_PHYSICS_DAMAGE(0,0); CAST_SKILL_TARGET_DST(1223)	L2:nDamage=54*0.95,nDamageRand=54*0.1,nLevel=1,nCostMana=57,nDebuffID=549,nDebuffLevel=1; L3:nDamage=65*0.95,nDamageRand=65*0.1,nLevel=1,nCostMana=68,nDebuffID=549,nDebuffLevel=2; L4:nDamage=75*0.95,nDamageRand=75*0.1,nLevel=1,nCostMana=79,nDebuffID=549,nDebuffLevel=3
天策\天策_技能事件_多次AOE破风.lua	nCostMana=14, nDotID = 661, nDotLevel = 1, nThreat = 259   }, -- Level 1
	{nCostMana = 22, nDotID = 661, nDotLevel = 2, nThreat = 389   }, -- Level 2
	{nCostMana = 29, nDotID = 661, nDotLevel = 3, nThreat = 518   }, -- Level 3
	{nCostMana = 40, nDotID = 661, nDotLevel = 4, nThreat = 648   }, -- Level 4
	{nCostMana = 49, nDotID = 661, nDotLevel = 5, nThreat = 778   }, -- Level 5
	{nCostMana = 57, nDotID = 661, nDotLevel = 6, nThreat = 907   }, -- Level 6
	{nCostMana = 65, nDotID = 661, nDotLevel = 7, nThreat = 1037  }, -- Level 7
	{nCostMana = 73, nDotID = 661, nDotLevel = 8, nThreat = 1166  }, -- Level 8
	{nCostMana = 81, nDotID = 661, nDotLevel = 9, nThreat = 1296  }, -- Level 9
	{nCostMana = 90, nDotID = 661, nDotLevel = 10, nThreat = 1426  }, -- Level 10
	{nCostMana = 90, nDotID = 661, nDotLevel = 11, nThreat = 1705  }, -- Level 11
}; nWeaponDamagePercent=0; nMinRadius=0											--技能施放最小半径
	skill.nMaxRadius =MELEE_ATTACK_DISTANCE; nAngleRange=256; nAreaRadius=8 * LENGTH_BASE * 1.1; nPrepareFrames=0; nTargetCountLimit=5	EXECUTE_SCRIPT(90,1); EXECUTE_SCRIPT(90,1); CAST_SKILL_TARGET_DST(407)	L2:nCostMana=14,nDotID=661,nDotLevel=1,nThreat=259; L3:nCostMana=22,nDotID=661,nDotLevel=2,nThreat=389; L4:nCostMana=29,nDotID=661,nDotLevel=3,nThreat=518
天策\天策_技能事件_灭命中后刷新破风.lua	nDamageBase=0, nDamageRand = 0, nCostMana = 0}, --level 1
	{nDamageBase = 0, nDamageRand = 0, nCostMana = 0}, --level 2
	{nDamageBase = 0, nDamageRand = 0, nCostMana = 0}, --level 3
	{nDamageBase = 0, nDamageRand = 0, nCostMana = 0}, --level 4
	{nDamageBase = 0, nDamageRand = 0, nCostMana = 0}, --level 5
	{nDamageBase = 0, nDamageRand = 0, nCostMana = 0}, --level 6
	{nDamageBase = 0, nDamageRand = 0, nCostMana = 0}, --level 7
	{nDamageBase = 0, nDamageRand = 0, nCostMana = 0}, --level 8
	{nDamageBase = 0, nDamageRand = 0, nCostMana = 0}, --level 9
	{nDamageBase = 0, nDamageRand = 0, nCostMana = 0}, --level 10
}; nBaseThreat=0; nCostMana=tSkillData[dwSkillLevel].nCostMana; nMinRadius=0 * LENGTH_BASE; nMaxRadius=4 * LENGTH_BASE; nAngleRange=128; nAreaRadius=0 * LENGTH_BASE; nTargetCountLimit=2; nPrepareFrames=0; nChannelFrame=0; nWeaponDamagePercent=0	EXECUTE_SCRIPT(1,0)	L2:nDamageBase=0,nDamageRand=0,nCostMana=0; L3:nDamageBase=0,nDamageRand=0,nCostMana=0; L4:nDamageBase=0,nDamageRand=0,nCostMana=0
天策\天策_技能事件_灭命中后刷新破风挂DOT.lua	nCostMana=14, nDotID = 661, nDotLevel = 1, nThreat = 259   }, -- Level 1
	{nCostMana = 22, nDotID = 661, nDotLevel = 2, nThreat = 389   }, -- Level 2
	{nCostMana = 29, nDotID = 661, nDotLevel = 3, nThreat = 518   }, -- Level 3
	{nCostMana = 40, nDotID = 661, nDotLevel = 4, nThreat = 648   }, -- Level 4
	{nCostMana = 49, nDotID = 661, nDotLevel = 5, nThreat = 778   }, -- Level 5
	{nCostMana = 57, nDotID = 661, nDotLevel = 6, nThreat = 907   }, -- Level 6
	{nCostMana = 65, nDotID = 661, nDotLevel = 7, nThreat = 1037  }, -- Level 7
	{nCostMana = 73, nDotID = 661, nDotLevel = 8, nThreat = 1166  }, -- Level 8
	{nCostMana = 81, nDotID = 661, nDotLevel = 9, nThreat = 1296  }, -- Level 9
	{nCostMana = 90, nDotID = 661, nDotLevel = 10, nThreat = 1426  }, -- Level 10
	{nCostMana = 90, nDotID = 661, nDotLevel = 11, nThreat = 1705  }, -- Level 11
}; nWeaponDamagePercent=0; nMinRadius=0											--技能施放最小半径
	skill.nMaxRadius = MELEE_ATTACK_DISTANCE; nAngleRange=128; nPrepareFrames=0	EXECUTE_SCRIPT(1,0); EXECUTE_SCRIPT(90,1); CAST_SKILL_TARGET_DST(407)	L2:nCostMana=14,nDotID=661,nDotLevel=1,nThreat=259; L3:nCostMana=22,nDotID=661,nDotLevel=2,nThreat=389; L4:nCostMana=29,nDotID=661,nDotLevel=3,nThreat=518
天策\天策_技能事件_灭命中后刷新破风挂DOT3目标.lua	nCostMana=14, nDotID = 661, nDotLevel = 1, nThreat = 259   }, -- Level 1
	{nCostMana = 22, nDotID = 661, nDotLevel = 2, nThreat = 389   }, -- Level 2
	{nCostMana = 29, nDotID = 661, nDotLevel = 3, nThreat = 518   }, -- Level 3
	{nCostMana = 40, nDotID = 661, nDotLevel = 4, nThreat = 648   }, -- Level 4
	{nCostMana = 49, nDotID = 661, nDotLevel = 5, nThreat = 778   }, -- Level 5
	{nCostMana = 57, nDotID = 661, nDotLevel = 6, nThreat = 907   }, -- Level 6
	{nCostMana = 65, nDotID = 661, nDotLevel = 7, nThreat = 1037  }, -- Level 7
	{nCostMana = 73, nDotID = 661, nDotLevel = 8, nThreat = 1166  }, -- Level 8
	{nCostMana = 81, nDotID = 661, nDotLevel = 9, nThreat = 1296  }, -- Level 9
	{nCostMana = 90, nDotID = 661, nDotLevel = 10, nThreat = 1426  }, -- Level 10
	{nCostMana = 90, nDotID = 661, nDotLevel = 11, nThreat = 1705  }, -- Level 11
}; nWeaponDamagePercent=0; nMinRadius=0											--技能施放最小半径
	skill.nMaxRadius = MELEE_ATTACK_DISTANCE; nAngleRange=256; nAreaRadius=8 * LENGTH_BASE * 1.1; nPrepareFrames=0; nTargetCountLimit=5	EXECUTE_SCRIPT(90,1); EXECUTE_SCRIPT(90,1); CAST_SKILL_TARGET_DST(407)	L2:nCostMana=14,nDotID=661,nDotLevel=1,nThreat=259; L3:nCostMana=22,nDotID=661,nDotLevel=2,nThreat=389; L4:nCostMana=29,nDotID=661,nDotLevel=3,nThreat=518
天策\天策_技能事件_龙城铁壁_驱散.lua	nCostMana=tSkillData[dwSkillLevel].nCostMana; nMaxRadius=20 * LENGTH_BASE; nAngleRange=256; nAreaRadius=20 * LENGTH_BASE; nPrepareFrames=tSkillData[dwSkillLevel].nPrepareFrames	DEL_SINGLE_BUFF_BY_ID_AND_LEVEL(2778,1); EXECUTE_SCRIPT(1,0)	
天策\天策_留侯_格挡重置定军.lua	nBaseThreat=0; nCostMana=tSkillData[dwSkillLevel].nCostMana; nMinRadius=0 * LENGTH_BASE; nMaxRadius=25* LENGTH_BASE; nAngleRange=256; nAreaRadius=6 * LENGTH_BASE; nTargetCountLimit=10							-- 技能作用目标数量限制,(小于0 代表目标数量不限制) 
    
    ----------------- 时间相关 -------------------------------------------------
    --skill.nPrepareFrames  	= 0				-- 吟唱帧数
    --skill.nChannelInterval	= 0; nChannelFrame=0	 			-- 通道技持续时间，单位帧数 
    --skill.nBulletVelocity		= 0; nWeaponDamagePercent=0	CLEAR_COOL_DOWN(93,0)	
天策\天策_虎牙令_徐如林.lua	nCostMana=17, nBuffID = 198, nBuffLevel = 1},		-- Level 1
	{nCostMana = 24, nBuffID = 198, nBuffLevel = 2},		-- Level 2
	{nCostMana = 31, nBuffID = 198, nBuffLevel = 3},		-- Level 3
	{nCostMana = 38, nBuffID = 198, nBuffLevel = 4},		-- Level 4
	{nCostMana = 45, nBuffID = 198, nBuffLevel = 5},		-- Level 5
}; nMinRadius=0											--技能施放最小半径
    skill.nMaxRadius        = MELEE_ATTACK_DISTANCE; nAngleRange=128; nPrepareFrames=0	CAST_SKILL_TARGET_DST(593)	L2:nCostMana=17,nBuffID=198,nBuffLevel=1; L3:nCostMana=24,nBuffID=198,nBuffLevel=2; L4:nCostMana=31,nBuffID=198,nBuffLevel=3
天策\奇穴破风易伤.lua	nDamageBase=0, nDamageRand = 0, nCostMana = 0}, --level 1
	{nDamageBase = 0, nDamageRand = 0, nCostMana = 0}, --level 2
	{nDamageBase = 0, nDamageRand = 0, nCostMana = 0}, --level 3
	{nDamageBase = 0, nDamageRand = 0, nCostMana = 0}, --level 4
	{nDamageBase = 0, nDamageRand = 0, nCostMana = 0}, --level 5
	{nDamageBase = 0, nDamageRand = 0, nCostMana = 0}, --level 6
	{nDamageBase = 0, nDamageRand = 0, nCostMana = 0}, --level 7
	{nDamageBase = 0, nDamageRand = 0, nCostMana = 0}, --level 8
	{nDamageBase = 0, nDamageRand = 0, nCostMana = 0}, --level 9
	{nDamageBase = 0, nDamageRand = 0, nCostMana = 0}, --level 10
}; nBaseThreat=0; nCostMana=tSkillData[dwSkillLevel].nCostMana; nMinRadius=0 * LENGTH_BASE; nMaxRadius=20 * LENGTH_BASE; nAngleRange=256; nAreaRadius=0 * LENGTH_BASE; nTargetCountLimit=2; nPrepareFrames=0; nChannelFrame=0; nWeaponDamagePercent=0		L2:nDamageBase=0,nDamageRand=0,nCostMana=0; L3:nDamageBase=0,nDamageRand=0,nCostMana=0; L4:nDamageBase=0,nDamageRand=0,nCostMana=0
天策\破风立刻造成一次伤害.lua	nCostMana=14, nDotID = 661, nDotLevel = 1, nThreat = 265   }, -- Level 1
	{nCostMana = 22, nDotID = 661, nDotLevel = 2, nThreat = 325   }, -- Level 2
	{nCostMana = 29, nDotID = 661, nDotLevel = 3, nThreat = 385   }, -- Level 3
	{nCostMana = 40, nDotID = 661, nDotLevel = 4, nThreat = 445   }, -- Level 4
	{nCostMana = 49, nDotID = 661, nDotLevel = 5, nThreat = 505   }, -- Level 5
	{nCostMana = 57, nDotID = 661, nDotLevel = 6, nThreat = 565   }, -- Level 6
	{nCostMana = 65, nDotID = 661, nDotLevel = 7, nThreat = 625  }, -- Level 7
	{nCostMana = 73, nDotID = 661, nDotLevel = 8, nThreat = 685  }, -- Level 8
	{nCostMana = 81, nDotID = 661, nDotLevel = 9, nThreat = 745  }, -- Level 9
	{nCostMana = 90, nDotID = 661, nDotLevel = 10, nThreat = 805  }, -- Level 10
	{nCostMana = 90, nDotID = 661, nDotLevel = 11, nThreat = 865  }, -- Level 11
	{nCostMana = 90, nDotID = 661, nDotLevel = 12, nThreat = 925   }, -- Level 12
	{nCostMana = 90, nDotID = 661, nDotLevel = 13, nThreat = 985   }, -- Level 13
	{nCostMana = 90, nDotID = 661, nDotLevel = 14, nThreat = 1045   }, -- Level 14
	{nCostMana = 90, nDotID = 661, nDotLevel = 15, nThreat = 1105   }, -- Level 15
	{nCostMana = 90, nDotID = 661, nDotLevel = 16, nThreat = 1165   }, -- Level 16
	{nCostMana = 90, nDotID = 661, nDotLevel = 17, nThreat = 1225   }, -- Level 17
	{nCostMana = 90, nDotID = 661, nDotLevel = 18, nThreat = 1285  }, -- Level 18
	{nCostMana = 90, nDotID = 661, nDotLevel = 19, nThreat = 1345  }, -- Level 19
	{nCostMana = 90, nDotID = 661, nDotLevel = 20, nThreat = 1405  }, -- Level 20
	{nCostMana = 90, nDotID = 661, nDotLevel = 21, nThreat = 1465  }, -- Level 21
	{nCostMana = 90, nDotID = 661, nDotLevel = 22, nThreat = 1525  }, -- Level 22
	{nCostMana = 90, nDotID = 661, nDotLevel = 23, nThreat = 1585  }, -- Level 23
	{nCostMana = 90, nDotID = 661, nDotLevel = 24, nThreat = 1645  }, -- Level 24
	{nCostMana = 90, nDotID = 661, nDotLevel = 25, nThreat = 1705  }, -- Level 25
	{nCostMana = 90, nDotID = 661, nDotLevel = 26, nThreat = 1765  }, -- Level 26
	{nCostMana = 90, nDotID = 661, nDotLevel = 27, nThreat = 1825  }, -- Level 27
	{nCostMana = 90, nDotID = 661, nDotLevel = 28, nThreat = 1885  }, -- Level 28
}; nWeaponDamagePercent=0; nMinRadius=0 * LENGTH_BASE; nMaxRadius=8 * LENGTH_BASE; nAngleRange=128; nPrepareFrames=0	CALL_PHYSICS_DAMAGE(0,0)	L2:nCostMana=14,nDotID=661,nDotLevel=1,nThreat=265; L3:nCostMana=22,nDotID=661,nDotLevel=2,nThreat=325; L4:nCostMana=29,nDotID=661,nDotLevel=3,nThreat=385
天策\镇派\突重置定军.lua	nDamageBase=0, nDamageRand = 0, nCostMana = 0}, --level 1
	{nDamageBase = 0, nDamageRand = 0, nCostMana = 0}, --level 2
	{nDamageBase = 0, nDamageRand = 0, nCostMana = 0}, --level 3
	{nDamageBase = 0, nDamageRand = 0, nCostMana = 0}, --level 4
	{nDamageBase = 0, nDamageRand = 0, nCostMana = 0}, --level 5
	{nDamageBase = 0, nDamageRand = 0, nCostMana = 0}, --level 6
	{nDamageBase = 0, nDamageRand = 0, nCostMana = 0}, --level 7
	{nDamageBase = 0, nDamageRand = 0, nCostMana = 0}, --level 8
	{nDamageBase = 0, nDamageRand = 0, nCostMana = 0}, --level 9
	{nDamageBase = 0, nDamageRand = 0, nCostMana = 0}, --level 10
}; nBaseThreat=0; nCostMana=tSkillData[dwSkillLevel].nCostMana; nMinRadius=0 * LENGTH_BASE; nMaxRadius=4 * LENGTH_BASE; nAngleRange=256; nAreaRadius=0 * LENGTH_BASE; nTargetCountLimit=2; nPrepareFrames=0; nChannelFrame=0; nWeaponDamagePercent=0	EXECUTE_SCRIPT(1,0)	L2:nDamageBase=0,nDamageRand=0,nCostMana=0; L3:nDamageBase=0,nDamageRand=0,nCostMana=0; L4:nDamageBase=0,nDamageRand=0,nCostMana=0
家园系统\小火车\小火车_后车下车.lua	nBaseThreat=0; nCostMana=tSkillData[dwSkillLevel].nCostMana; nMinRadius=0 * LENGTH_BASE; nMaxRadius=4 * LENGTH_BASE; nAngleRange=256; nAreaRadius=0 * LENGTH_BASE; nTargetCountLimit=2; nPrepareFrames=0; nChannelFrame=0; nWeaponDamagePercent=0	EXECUTE_SCRIPT(0)	L2:nDamageBase=0,nDamageRand=0,nCostMana=0; L3:nDamageBase=0,nDamageRand=0,nCostMana=0; L4:nDamageBase=0,nDamageRand=0,nCostMana=0
家园系统\小火车\小火车_车头下车.lua	nBaseThreat=0; nCostMana=tSkillData[dwSkillLevel].nCostMana; nMinRadius=0 * LENGTH_BASE; nMaxRadius=4 * LENGTH_BASE; nAngleRange=256; nAreaRadius=0 * LENGTH_BASE; nTargetCountLimit=2; nPrepareFrames=0; nChannelFrame=0; nWeaponDamagePercent=0	EXECUTE_SCRIPT(0)	L2:nDamageBase=0,nDamageRand=0,nCostMana=0; L3:nDamageBase=0,nDamageRand=0,nCostMana=0; L4:nDamageBase=0,nDamageRand=0,nCostMana=0
家园系统\帮会联赛大车家具\大车家具_下车.lua	nBaseThreat=0; nCostMana=tSkillData[dwSkillLevel].nCostMana; nMinRadius=0 * LENGTH_BASE; nMaxRadius=4 * LENGTH_BASE; nAngleRange=256; nAreaRadius=0 * LENGTH_BASE; nTargetCountLimit=2; nPrepareFrames=0; nChannelFrame=0; nWeaponDamagePercent=0	EXECUTE_SCRIPT(0)	L2:nDamageBase=0,nDamageRand=0,nCostMana=0; L3:nDamageBase=0,nDamageRand=0,nCostMana=0; L4:nDamageBase=0,nDamageRand=0,nCostMana=0
家园系统\帮会联赛小车家具\小车家具_下车.lua	nBaseThreat=0; nCostMana=tSkillData[dwSkillLevel].nCostMana; nMinRadius=0 * LENGTH_BASE; nMaxRadius=4 * LENGTH_BASE; nAngleRange=256; nAreaRadius=0 * LENGTH_BASE; nTargetCountLimit=2; nPrepareFrames=0; nChannelFrame=0; nWeaponDamagePercent=0	EXECUTE_SCRIPT(0)	L2:nDamageBase=0,nDamageRand=0,nCostMana=0; L3:nDamageBase=0,nDamageRand=0,nCostMana=0; L4:nDamageBase=0,nDamageRand=0,nCostMana=0
家园系统\战斗管家\山寨商阳指.lua	nDamageBase=tGMJL_WenZheZhi.SHANGYANG.nDamageBase, nDamageRand = 500 * 0.2, nCostMana = 0}, --level 1
	{nDamageBase = 0, nDamageRand = 0, nCostMana = 0}, --level 2
	{nDamageBase = 0, nDamageRand = 0, nCostMana = 0}, --level 3
	{nDamageBase = 0, nDamageRand = 0, nCostMana = 0}, --level 4
	{nDamageBase = 0, nDamageRand = 0, nCostMana = 0}, --level 5
	{nDamageBase = 0, nDamageRand = 0, nCostMana = 0}, --level 6
	{nDamageBase = 0, nDamageRand = 0, nCostMana = 0}, --level 7
	{nDamageBase = 0, nDamageRand = 0, nCostMana = 0}, --level 8
	{nDamageBase = 0, nDamageRand = 0, nCostMana = 0}, --level 9
	{nDamageBase = 0, nDamageRand = 0, nCostMana = 0}, --level 10
}; nBaseThreat=0; nCostMana=tSkillData[dwSkillLevel].nCostMana; nMinRadius=0 * LENGTH_BASE; nMaxRadius=20 * LENGTH_BASE; nAngleRange=128; nAreaRadius=0 * LENGTH_BASE; nTargetCountLimit=2; nPrepareFrames=24; nChannelFrame=0; nWeaponDamagePercent=0	SKILL_NEUTRAL_DAMAGE(1,0); SKILL_NEUTRAL_DAMAGE_RAND(1,0); CALL_NEUTRAL_DAMAGE(0,0)	L2:nDamageBase=tGMJL_WenZheZhi.SHANGYANG.nDamageBase,nDamageRand=500 * 0.2,nCostMana=0; L3:nDamageBase=0,nDamageRand=0,nCostMana=0; L4:nDamageBase=0,nDamageRand=0,nCostMana=0
家园系统\拍照马车\下车.lua	nBaseThreat=0; nCostMana=tSkillData[dwSkillLevel].nCostMana; nMinRadius=0 * LENGTH_BASE; nMaxRadius=4 * LENGTH_BASE; nAngleRange=256; nAreaRadius=0 * LENGTH_BASE; nTargetCountLimit=2; nPrepareFrames=0; nChannelFrame=0; nWeaponDamagePercent=0	EXECUTE_SCRIPT(0)	L2:nDamageBase=0,nDamageRand=0,nCostMana=0; L3:nDamageBase=0,nDamageRand=0,nCostMana=0; L4:nDamageBase=0,nDamageRand=0,nCostMana=0
家园系统\摩天轮\摩天轮_后车下车.lua	nBaseThreat=0; nCostMana=tSkillData[dwSkillLevel].nCostMana; nMinRadius=0 * LENGTH_BASE; nMaxRadius=4 * LENGTH_BASE; nAngleRange=256; nAreaRadius=0 * LENGTH_BASE; nTargetCountLimit=2; nPrepareFrames=0; nChannelFrame=0; nWeaponDamagePercent=0	EXECUTE_SCRIPT(0)	L2:nDamageBase=0,nDamageRand=0,nCostMana=0; L3:nDamageBase=0,nDamageRand=0,nCostMana=0; L4:nDamageBase=0,nDamageRand=0,nCostMana=0
家园系统\摩天轮\摩天轮_车头下车.lua	nBaseThreat=0; nCostMana=tSkillData[dwSkillLevel].nCostMana; nMinRadius=0 * LENGTH_BASE; nMaxRadius=4 * LENGTH_BASE; nAngleRange=256; nAreaRadius=0 * LENGTH_BASE; nTargetCountLimit=2; nPrepareFrames=0; nChannelFrame=0; nWeaponDamagePercent=0	EXECUTE_SCRIPT(0)	L2:nDamageBase=0,nDamageRand=0,nCostMana=0; L3:nDamageBase=0,nDamageRand=0,nCostMana=0; L4:nDamageBase=0,nDamageRand=0,nCostMana=0
家园系统\旋转木马\旋转木马_后车下车.lua	nBaseThreat=0; nCostMana=tSkillData[dwSkillLevel].nCostMana; nMinRadius=0 * LENGTH_BASE; nMaxRadius=4 * LENGTH_BASE; nAngleRange=256; nAreaRadius=0 * LENGTH_BASE; nTargetCountLimit=2; nPrepareFrames=0; nChannelFrame=0; nWeaponDamagePercent=0	EXECUTE_SCRIPT(0)	L2:nDamageBase=0,nDamageRand=0,nCostMana=0; L3:nDamageBase=0,nDamageRand=0,nCostMana=0; L4:nDamageBase=0,nDamageRand=0,nCostMana=0
家园系统\旋转木马\旋转木马_车头下车.lua	nBaseThreat=0; nCostMana=tSkillData[dwSkillLevel].nCostMana; nMinRadius=0 * LENGTH_BASE; nMaxRadius=4 * LENGTH_BASE; nAngleRange=256; nAreaRadius=0 * LENGTH_BASE; nTargetCountLimit=2; nPrepareFrames=0; nChannelFrame=0; nWeaponDamagePercent=0	EXECUTE_SCRIPT(0)	L2:nDamageBase=0,nDamageRand=0,nCostMana=0; L3:nDamageBase=0,nDamageRand=0,nCostMana=0; L4:nDamageBase=0,nDamageRand=0,nCostMana=0
家园系统\跳楼机\跳楼机_后车下车.lua	nBaseThreat=0; nCostMana=tSkillData[dwSkillLevel].nCostMana; nMinRadius=0 * LENGTH_BASE; nMaxRadius=4 * LENGTH_BASE; nAngleRange=256; nAreaRadius=0 * LENGTH_BASE; nTargetCountLimit=2; nPrepareFrames=0; nChannelFrame=0; nWeaponDamagePercent=0	EXECUTE_SCRIPT(0)	L2:nDamageBase=0,nDamageRand=0,nCostMana=0; L3:nDamageBase=0,nDamageRand=0,nCostMana=0; L4:nDamageBase=0,nDamageRand=0,nCostMana=0
家园系统\跳楼机\跳楼机_车头下车.lua	nBaseThreat=0; nCostMana=tSkillData[dwSkillLevel].nCostMana; nMinRadius=0 * LENGTH_BASE; nMaxRadius=4 * LENGTH_BASE; nAngleRange=256; nAreaRadius=0 * LENGTH_BASE; nTargetCountLimit=2; nPrepareFrames=0; nChannelFrame=0; nWeaponDamagePercent=0	EXECUTE_SCRIPT(0)	L2:nDamageBase=0,nDamageRand=0,nCostMana=0; L3:nDamageBase=0,nDamageRand=0,nCostMana=0; L4:nDamageBase=0,nDamageRand=0,nCostMana=0
少林\优化眩晕延迟触发.lua	nDamageBase=0, nDamageRand = 0, nCostMana = 0}, --level 1
	{nDamageBase = 0, nDamageRand = 0, nCostMana = 0}, --level 2
	{nDamageBase = 0, nDamageRand = 0, nCostMana = 0}, --level 3
	{nDamageBase = 0, nDamageRand = 0, nCostMana = 0}, --level 4
	{nDamageBase = 0, nDamageRand = 0, nCostMana = 0}, --level 5
	{nDamageBase = 0, nDamageRand = 0, nCostMana = 0}, --level 6
	{nDamageBase = 0, nDamageRand = 0, nCostMana = 0}, --level 7
	{nDamageBase = 0, nDamageRand = 0, nCostMana = 0}, --level 8
	{nDamageBase = 0, nDamageRand = 0, nCostMana = 0}, --level 9
	{nDamageBase = 0, nDamageRand = 0, nCostMana = 0}, --level 10
}; nBaseThreat=0; nCostMana=tSkillData[dwSkillLevel].nCostMana; nMinRadius=0 * LENGTH_BASE; nMaxRadius=0 * LENGTH_BASE; nAngleRange=256; nAreaRadius=0 * LENGTH_BASE; nTargetCountLimit=2; nPrepareFrames=0; nChannelFrame=0; nWeaponDamagePercent=0		L2:nDamageBase=0,nDamageRand=0,nCostMana=0; L3:nDamageBase=0,nDamageRand=0,nCostMana=0; L4:nDamageBase=0,nDamageRand=0,nCostMana=0
少林\判定距离重置捉影.lua	nDamageBase=0, nDamageRand = 0, nCostMana = 0}, --level 1
	{nDamageBase = 0, nDamageRand = 0, nCostMana = 0}, --level 2
	{nDamageBase = 0, nDamageRand = 0, nCostMana = 0}, --level 3
	{nDamageBase = 0, nDamageRand = 0, nCostMana = 0}, --level 4
	{nDamageBase = 0, nDamageRand = 0, nCostMana = 0}, --level 5
	{nDamageBase = 0, nDamageRand = 0, nCostMana = 0}, --level 6
	{nDamageBase = 0, nDamageRand = 0, nCostMana = 0}, --level 7
	{nDamageBase = 0, nDamageRand = 0, nCostMana = 0}, --level 8
	{nDamageBase = 0, nDamageRand = 0, nCostMana = 0}, --level 9
	{nDamageBase = 0, nDamageRand = 0, nCostMana = 0}, --level 10
}; nBaseThreat=0; nCostMana=tSkillData[dwSkillLevel].nCostMana; nMinRadius=0 * LENGTH_BASE; nMaxRadius=100 * LENGTH_BASE; nAngleRange=256; nAreaRadius=0 * LENGTH_BASE; nTargetCountLimit=2; nPrepareFrames=0; nChannelFrame=0; nWeaponDamagePercent=0	EXECUTE_SCRIPT(1,0)	L2:nDamageBase=0,nDamageRand=0,nCostMana=0; L3:nDamageBase=0,nDamageRand=0,nCostMana=0; L4:nDamageBase=0,nDamageRand=0,nCostMana=0
少林\右手舞棍.lua	nBaseThreat=0; nCostMana=tSkillData[dwSkillLevel].nCostMana; nMinRadius=0 * LENGTH_BASE; nMaxRadius=6 * LENGTH_BASE; nAngleRange=256; nAreaRadius=6 * LENGTH_BASE; nTargetCountLimit=5; nPrepareFrames=0; nChannelFrame=0; nWeaponDamagePercent=0	EXECUTE_SCRIPT(1,0); SKILL_SOLAR_DAMAGE(0); SKILL_SOLAR_DAMAGE_RAND(0,0); CALL_SOLAR_DAMAGE(0,0)	L2:nAddRage=0,nCostRage=10,nDamageBase=36,nDamageRand=0; L3:nDamageBase=0,nDamageRand=0,nCostMana=0; L4:nDamageBase=0,nDamageRand=0,nCostMana=0
少林\子技能_少林_外缚印段3.lua	nCostMana=29 , nThreat= 435   },		--level 1
	{ nCostMana = 53 , nThreat= 706   },		--level 2
	{ nCostMana = 73 , nThreat= 978   },		--level 3
	{ nCostMana = 94 , nThreat= 1250  },		--level 4
	{ nCostMana = 114, nThreat= 1521  },		--level 5
	{ nCostMana = 135, nThreat= 1793  },		--level 6                

}; nBaseThreat=tSkillData[dwSkillLevel].nThreat; nMinRadius=0; nMaxRadius=6 * LENGTH_BASE; nAngleRange=256; nAreaRadius=5 * LENGTH_BASE; nTargetCountLimit=5; nPrepareFrames=0; nChannelFrame=0; nWeaponDamagePercent=0	EXECUTE_SCRIPT(3,1); CAST_SKILL_TARGET_DST(40195,3)	L2:nCostMana=29,nThreat=435; L3:nCostMana=53,nThreat=706; L4:nCostMana=73,nThreat=978
少林\子技能_少林_守缺式二段伤害及表现.lua	nCostMana=tSkillData[dwSkillLevel].nCostMana; nPrepareFrames=0; nMinRadius=0											--技能施放最小半径
	skill.nMaxRadius = 10 * LENGTH_BASE; nAngleRange=156; nWeaponDamagePercent=0	CAST_SKILL_TARGET_DST(3816,3814); CAST_SKILL_TARGET_DST(3814,3815); CAST_SKILL_TARGET_DST(3815,1); ACCUMULATE(1,0); CAST_SKILL_TARGET_DST(748,1); EXECUTE_SCRIPT(1,0)	L2:nDamage=120 * 0.95,nDamageRand=120 * 0.1,nCostMana=53
少林\子技能_少林_智拳印段3.lua	nCostMana=0}, --level 1
	{ nCostMana = 0}, --level 2
	{ nCostMana = 0}, --level 3
	{ nCostMana = 0}, --level 4
	{ nCostMana = 0}, --level 5
	{ nCostMana = 0}, --level 6
	{ nCostMana = 0}, --level 7
	{ nCostMana = 0}, --level 8
	{ nCostMana = 0}, --level 9
	{ nCostMana = 0}, --level 10
}; nMinRadius=0; nMaxRadius=8 * LENGTH_BASE; nAngleRange=256; nAreaRadius=20 * LENGTH_BASE; nTargetCountLimit=2; nPrepareFrames=0; nChannelFrame=0; nWeaponDamagePercent=0	EXECUTE_SCRIPT(3,1); CALL_BUFF(1092,1)	L2:nCostMana=0; L3:nCostMana=0; L4:nCostMana=0
少林\少林_六合棍挂buff判定.lua	nDamageBase=0, nDamageRand = 0, nCostMana = 0}, --level 1
	{nDamageBase = 0, nDamageRand = 0, nCostMana = 0}, --level 2
	{nDamageBase = 0, nDamageRand = 0, nCostMana = 0}, --level 3
	{nDamageBase = 0, nDamageRand = 0, nCostMana = 0}, --level 4
	{nDamageBase = 0, nDamageRand = 0, nCostMana = 0}, --level 5
	{nDamageBase = 0, nDamageRand = 0, nCostMana = 0}, --level 6
	{nDamageBase = 0, nDamageRand = 0, nCostMana = 0}, --level 7
	{nDamageBase = 0, nDamageRand = 0, nCostMana = 0}, --level 8
	{nDamageBase = 0, nDamageRand = 0, nCostMana = 0}, --level 9
	{nDamageBase = 0, nDamageRand = 0, nCostMana = 0}, --level 10
}; nBaseThreat=0; nCostMana=tSkillData[dwSkillLevel].nCostMana; nMinRadius=0 * LENGTH_BASE; nMaxRadius=0 * LENGTH_BASE; nAngleRange=256; nAreaRadius=6 * LENGTH_BASE; nTargetCountLimit=5; nPrepareFrames=0; nChannelFrame=0; nWeaponDamagePercent=0	CALL_BUFF(3868,1); EXECUTE_SCRIPT(1,0); EXECUTE_SCRIPT(90,1)	L2:nDamageBase=0,nDamageRand=0,nCostMana=0; L3:nDamageBase=0,nDamageRand=0,nCostMana=0; L4:nDamageBase=0,nDamageRand=0,nCostMana=0
少林\少林_子技能_外缚印段1.lua	nCostMana=29 , nThreat= 435 *0.33  },		--level 1
	{ nCostMana = 53 , nThreat= 706 *0.33  },		--level 2
	{ nCostMana = 73 , nThreat= 978 *0.33  },		--level 3
	{ nCostMana = 94 , nThreat= 1250*0.33  },		--level 4
	{ nCostMana = 114, nThreat= 1521*0.33  },		--level 5
	{ nCostMana = 135, nThreat= 1793*0.33  },		--level 6                
}; nBaseThreat=tSkillData[dwSkillLevel].nThreat; nMinRadius=0; nMaxRadius=6 * LENGTH_BASE; nAngleRange=256; nAreaRadius=5 * LENGTH_BASE; nTargetCountLimit=5; nPrepareFrames=0; nChannelFrame=0; nWeaponDamagePercent=0	CAST_SKILL_TARGET_DST(40195,1)	L2:nCostMana=29,nThreat=435 *0.33; L3:nCostMana=53,nThreat=706 *0.33; L4:nCostMana=73,nThreat=978 *0.33
少林\少林_子技能_外缚印段2.lua	nCostMana=29 , nThreat= 435 *0.66  },		--level 1
	{ nCostMana = 53 , nThreat= 706 *0.66  },		--level 2
	{ nCostMana = 73 , nThreat= 978 *0.66  },		--level 3
	{ nCostMana = 94 , nThreat= 1250*0.66  },		--level 4
	{ nCostMana = 114, nThreat= 1521*0.66  },		--level 5
	{ nCostMana = 135, nThreat= 1793*0.66  },		--level 6                
}; nBaseThreat=tSkillData[dwSkillLevel].nThreat; nMinRadius=0; nMaxRadius=6 * LENGTH_BASE; nAngleRange=256; nAreaRadius=5 * LENGTH_BASE; nTargetCountLimit=5; nPrepareFrames=0; nChannelFrame=0; nWeaponDamagePercent=0	CAST_SKILL_TARGET_DST(40195,2)	L2:nCostMana=29,nThreat=435 *0.66; L3:nCostMana=53,nThreat=706 *0.66; L4:nCostMana=73,nThreat=978 *0.66
少林\少林_子技能_捕风式瞬发捉影式.lua	nCostMana=tSkillData[dwSkillLevel].nCostMana; nMinRadius=0; nMaxRadius=25 * LENGTH_BASE; nAngleRange=128; nAreaRadius=5 * LENGTH_BASE; nTargetCountLimit=5; nPrepareFrames=0; nChannelFrame=0; nWeaponDamagePercent=0		
少林\少林_子技能_智拳印段1.lua	nCostMana=0},		--level 1
	{ nCostMana = 0},		--level 2
	{ nCostMana = 0},		--level 3
	{ nCostMana = 0},		--level 4
	{ nCostMana = 0},		--level 5
	{ nCostMana = 0},		--level 6
	{ nCostMana = 0},		--level 7
	{ nCostMana = 0},		--level 8
	{ nCostMana = 0},		--level 9
	{ nCostMana = 0},		--level 10
}; nMinRadius=0; nMaxRadius=8 * LENGTH_BASE; nAngleRange=256; nAreaRadius=20 * LENGTH_BASE; nTargetCountLimit=2; nPrepareFrames=0; nChannelFrame=0; nWeaponDamagePercent=0	CALL_BUFF(1090,1)	L2:nCostMana=0; L3:nCostMana=0; L4:nCostMana=0
少林\少林_子技能_智拳印段2.lua	nCostMana=0},		--level 1
	{ nCostMana = 0},		--level 2
	{ nCostMana = 0},		--level 3
	{ nCostMana = 0},		--level 4
	{ nCostMana = 0},		--level 5
	{ nCostMana = 0},		--level 6
	{ nCostMana = 0},		--level 7
	{ nCostMana = 0},		--level 8
	{ nCostMana = 0},		--level 9
	{ nCostMana = 0},		--level 10
}; nMinRadius=0; nMaxRadius=8 * LENGTH_BASE; nAngleRange=256; nAreaRadius=20 * LENGTH_BASE; nTargetCountLimit=2; nPrepareFrames=0; nChannelFrame=0; nWeaponDamagePercent=0	CALL_BUFF(1091,1)	L2:nCostMana=0; L3:nCostMana=0; L4:nCostMana=0
少林\少林_心诤表现母技能.lua	nDamageBase=0, nDamageRand = 0, nCostMana = 0}, --level 1
	{nDamageBase = 0, nDamageRand = 0, nCostMana = 0}, --level 2
	{nDamageBase = 0, nDamageRand = 0, nCostMana = 0}, --level 3
	{nDamageBase = 0, nDamageRand = 0, nCostMana = 0}, --level 4
	{nDamageBase = 0, nDamageRand = 0, nCostMana = 0}, --level 5
	{nDamageBase = 0, nDamageRand = 0, nCostMana = 0}, --level 6
	{nDamageBase = 0, nDamageRand = 0, nCostMana = 0}, --level 7
	{nDamageBase = 0, nDamageRand = 0, nCostMana = 0}, --level 8
	{nDamageBase = 0, nDamageRand = 0, nCostMana = 0}, --level 9
	{nDamageBase = 0, nDamageRand = 0, nCostMana = 0}, --level 10
}; nBaseThreat=0; nCostMana=tSkillData[dwSkillLevel].nCostMana; nMinRadius=0 * LENGTH_BASE; nMaxRadius=4 * LENGTH_BASE; nAngleRange=256; nAreaRadius=0 * LENGTH_BASE; nTargetCountLimit=1; nPrepareFrames=0; nChannelFrame=0; nWeaponDamagePercent=0	CAST_SKILL(28532,1)	L2:nDamageBase=0,nDamageRand=0,nCostMana=0; L3:nDamageBase=0,nDamageRand=0,nCostMana=0; L4:nDamageBase=0,nDamageRand=0,nCostMana=0
少林\少林_技能事件_横扫六合_洗髓加点.lua	nCostMana=tSkillData[dwSkillLevel].nCostMana; nMinRadius=0; nMaxRadius=10 * LENGTH_BASE; nAngleRange=256; nAreaRadius=0 * LENGTH_BASE; nTargetCountLimit=2; nPrepareFrames=0; nChannelFrame=0; nWeaponDamagePercent=0	ACCUMULATE(0)	
少林\少林_拿云式增加伤害.lua	nCostMana=0; nMinRadius=0; nMaxRadius=5* LENGTH_BASE; nAngleRange=128; nAreaRadius=0 * LENGTH_BASE; nTargetCountLimit=2; nPrepareFrames=0; nWeaponDamagePercent=1024	SKILL_SOLAR_DAMAGE(0); SKILL_SOLAR_DAMAGE_RAND(0,0); CALL_SOLAR_DAMAGE(0,0)	L2:nDamage=26 * 0.95,nDamageRand=26 * 0.1,nCostMana=191,nFrame=32; L3:nDamage=30 * 0.95,nDamageRand=30 * 0.1,nCostMana=240,nFrame=32; L4:nDamage=37 * 0.95,nDamageRand=37 * 0.1,nCostMana=287,nFrame=32
少林\少林_袈裟伏魔功_五蕴皆空.lua	nCostMana=49},		--level 1
	{ nCostMana = 62},		--level 2
	{ nCostMana = 76},		--level 3
	{ nCostMana = 90},		--level 4
}; nMinRadius=0; nMaxRadius=MELEE_ATTACK_DISTANCE; nAngleRange=128; nAreaRadius=0 * LENGTH_BASE; nTargetCountLimit=2; nPrepareFrames=0; nChannelFrame=0; nWeaponDamagePercent=1024		L2:nCostMana=49; L3:nCostMana=62; L4:nCostMana=76
少林\少林_韦陀献杵段一倒地2.lua	nCostMana=0; nMinRadius=0; nMaxRadius=5* LENGTH_BASE; nAngleRange=128; nAreaRadius=0 * LENGTH_BASE; nTargetCountLimit=2; nPrepareFrames=0; nWeaponDamagePercent=2048	SKILL_SOLAR_DAMAGE(0.4,1.5); SKILL_SOLAR_DAMAGE_RAND(0.4,1.5); CALL_SOLAR_DAMAGE(0,0); PHYSICS_ATTACK_POWER_PERCENT(-1024,0); CALL_PHYSICS_DAMAGE(0,0); EXECUTE_SCRIPT(0,-2010.05); CAST_SKILL_TARGET_DST(1876,1)	L2:nAddRage=0,nCostRage=10,nDamageBase=73/3,nDamageRand=0; L3:nAddRage=0,nCostRage=10,nDamageBase=87/3,nDamageRand=0; L4:nAddRage=0,nCostRage=10,nDamageBase=100/3,nDamageRand=0
少林\少林_龙爪功_抱残式.lua	nCostMana=tSkillData[dwSkillLevel].nCostMana; nPrepareFrames=0; nMinRadius=0											--技能施放最小半径
    skill.nMaxRadius        = 8* LENGTH_BASE; nAngleRange=128; nWeaponDamagePercent=0	SKILL_SOLAR_DAMAGE(0); SKILL_SOLAR_DAMAGE_RAND(0,0); CALL_SOLAR_DAMAGE(0,0)	L2:nDamage=0,nDamageRand=0,nCostMana=33; L3:nDamage=0,nDamageRand=0,nCostMana=57; L4:nDamage=0,nDamageRand=0,nCostMana=77
少林\少林_龙爪功_捣虚式150%.lua	nCostMana=tSkillData[dwSkillLevel].nCostMana; nPrepareFrames=0; nMinRadius=0											--技能施放最小半径
	skill.nMaxRadius = 8 * LENGTH_BASE; nAngleRange=128; nWeaponDamagePercent=0	SKILL_SOLAR_DAMAGE(0); SKILL_SOLAR_DAMAGE_RAND(0,0); CALL_SOLAR_DAMAGE(0,0); EXECUTE_SCRIPT(150,1); EXECUTE_SCRIPT(100,0)	L2:nDamage=52,nDamageRand=5,nCostMana=53; L3:nDamage=62,nDamageRand=5,nCostMana=53; L4:nDamage=72,nDamageRand=5,nCostMana=53
少林\少林_龙爪功_捣虚式额外伤害.lua	nCostMana=tSkillData[dwSkillLevel].nCostMana; nPrepareFrames=0; nMinRadius=0											--技能施放最小半径
	skill.nMaxRadius = 8 * LENGTH_BASE; nAngleRange=128; nWeaponDamagePercent=0	SKILL_SOLAR_DAMAGE(3,0); SKILL_SOLAR_DAMAGE_RAND(3,0); CALL_SOLAR_DAMAGE(0,0)	L2:nDamage=328 * 0.95,nDamageRand=328 * 0.1,nCostMana=53
少林\立地成佛伤害子技能.lua	nDamageBase=175, nDamageRand = 15, nCostMana = 0}, --level 1
	{nDamageBase = 175, nDamageRand = 15, nCostMana = 0}, --level 2
	{nDamageBase = 175, nDamageRand = 15, nCostMana = 0}, --level 3
	{nDamageBase = 0, nDamageRand = 0, nCostMana = 0}, --level 4
	{nDamageBase = 0, nDamageRand = 0, nCostMana = 0}, --level 5
	{nDamageBase = 0, nDamageRand = 0, nCostMana = 0}, --level 6
	{nDamageBase = 0, nDamageRand = 0, nCostMana = 0}, --level 7
	{nDamageBase = 0, nDamageRand = 0, nCostMana = 0}, --level 8
	{nDamageBase = 0, nDamageRand = 0, nCostMana = 0}, --level 9
	{nDamageBase = 0, nDamageRand = 0, nCostMana = 0}, --level 10
}; nBaseThreat=30000; nMinRadius=0 * LENGTH_BASE; nMaxRadius=30 * LENGTH_BASE; nAngleRange=256; nAreaRadius=5 * LENGTH_BASE; nTargetCountLimit=5; nPrepareFrames=0; nChannelFrame=0; nWeaponDamagePercent=0	SKILL_SOLAR_DAMAGE(0); SKILL_SOLAR_DAMAGE_RAND(0,0); CALL_SOLAR_DAMAGE(0,0)	L2:nDamageBase=175,nDamageRand=15,nCostMana=0; L3:nDamageBase=175,nDamageRand=15,nCostMana=0; L4:nDamageBase=175,nDamageRand=15,nCostMana=0
少林\镇派\千斤坠_冲刺过程.lua	nDamageBase=0, nDamageRand = 0, nCostMana = 0}, --level 1
	{nDamageBase = 0, nDamageRand = 0, nCostMana = 0}, --level 2
	{nDamageBase = 0, nDamageRand = 0, nCostMana = 0}, --level 3
	{nDamageBase = 0, nDamageRand = 0, nCostMana = 0}, --level 4
	{nDamageBase = 0, nDamageRand = 0, nCostMana = 0}, --level 5
	{nDamageBase = 0, nDamageRand = 0, nCostMana = 0}, --level 6
	{nDamageBase = 0, nDamageRand = 0, nCostMana = 0}, --level 7
	{nDamageBase = 0, nDamageRand = 0, nCostMana = 0}, --level 8
	{nDamageBase = 0, nDamageRand = 0, nCostMana = 0}, --level 9
	{nDamageBase = 0, nDamageRand = 0, nCostMana = 0}, --level 10
}; nBaseThreat=0; nCostMana=tSkillData[dwSkillLevel].nCostMana; nMinRadius=0 * LENGTH_BASE; nMaxRadius=20 * LENGTH_BASE; nAngleRange=256; nAreaRadius=20 * LENGTH_BASE; nTargetCountLimit=10; nPrepareFrames=0; nChannelFrame=0; nWeaponDamagePercent=0	DASH_TO_POINT(120,0); EXECUTE_SCRIPT(0)	L2:nDamageBase=0,nDamageRand=0,nCostMana=0; L3:nDamageBase=0,nDamageRand=0,nCostMana=0; L4:nDamageBase=0,nDamageRand=0,nCostMana=0
少林\镇派\攻击_真如.lua	nBaseThreat=0; nCostMana=tSkillData[dwSkillLevel].nCostMana; nMinRadius=0 * LENGTH_BASE; nMaxRadius=4 * LENGTH_BASE; nAngleRange=256; nAreaRadius=50 * LENGTH_BASE; nTargetCountLimit=30	SET_TALENT_RECIPE(951,669); SKILL_EVENT_HANDLER(669,1)	
少林\镇派\防御_洗髓可以用拿云.lua	nDamageBase=0, nDamageRand = 0, nCostMana = 0}, --level 1
	{nDamageBase = 0, nDamageRand = 0, nCostMana = 0}, -- level 2
	{nDamageBase = 0, nDamageRand = 0, nCostMana = 0}, -- level 3
	{nDamageBase = 0, nDamageRand = 0, nCostMana = 0}, -- level 4
	{nDamageBase = 0, nDamageRand = 0, nCostMana = 0}, -- level 5
	{nDamageBase = 0, nDamageRand = 0, nCostMana = 0}, -- level 6
	{nDamageBase = 0, nDamageRand = 0, nCostMana = 0}, -- level 7
	{nDamageBase = 0, nDamageRand = 0, nCostMana = 0}, -- level 8
	{nDamageBase = 0, nDamageRand = 0, nCostMana = 0}, -- level 9
	{nDamageBase = 0, nDamageRand = 0, nCostMana = 0}, -- level 10
}; nBaseThreat=0; nCostMana=tSkillData[dwSkillLevel].nCostMana; nMinRadius=0 * LENGTH_BASE; nMaxRadius=0 * LENGTH_BASE; nAngleRange=256; nAreaRadius=0 * LENGTH_BASE; nTargetCountLimit=2; nPrepareFrames=0; nChannelFrame=0; nWeaponDamagePercent=0	EXECUTE_SCRIPT(1,0); SKILL_EVENT_HANDLER(2082,0)	L2:nDamageBase=0,nDamageRand=0,nCostMana=0; L3:nDamageBase=0,nDamageRand=0,nCostMana=0; L4:nDamageBase=0,nDamageRand=0,nCostMana=0
帮会\帮会约战_剑主天地.lua	nBaseThreat=0; nCostMana=tSkillData[dwSkillLevel].nCostMana; nMinRadius=0 * LENGTH_BASE; nMaxRadius=20 * LENGTH_BASE; nAngleRange=128; nAreaRadius=8 * LENGTH_BASE; nTargetCountLimit=30; nPrepareFrames=32; nChannelFrame=0; nWeaponDamagePercent=0	SKILL_LUNAR_DAMAGE(0); SKILL_LUNAR_DAMAGE_RAND(0,0); CALL_LUNAR_DAMAGE(0,0)	L2:nDamage=1500 * 0.8,nDamageRand=1500 * 0.4,nCostMana=0; L3:nDamageBase=0,nDamageRand=0,nCostMana=0; L4:nDamageBase=0,nDamageRand=0,nCostMana=0
帮会\帮会约战_捉影式.lua	nBaseThreat=0; nCostMana=tSkillData[dwSkillLevel].nCostMana; nMinRadius=0 * LENGTH_BASE; nMaxRadius=20 * LENGTH_BASE; nAngleRange=128; nAreaRadius=8 * LENGTH_BASE; nTargetCountLimit=30; nPrepareFrames=32; nChannelFrame=0; nWeaponDamagePercent=0	PULL(100,0)	L2:nDamage=1500 * 0.8,nDamageRand=1500 * 0.4,nCostMana=0; L3:nDamageBase=0,nDamageRand=0,nCostMana=0; L4:nDamageBase=0,nDamageRand=0,nCostMana=0
明教\90级奇穴\满日AOE.lua	nDamageBase=286 * 0.95, nDamageRand = 286 * 0.1, nCostMana = 0}, --level 5
}; nBaseThreat=0; nCostMana=tSkillData[dwSkillLevel].nCostMana; nMinRadius=0 * LENGTH_BASE; nMaxRadius=8 * LENGTH_BASE; nAngleRange=256; nAreaRadius=8 * LENGTH_BASE; nTargetCountLimit=5; nPrepareFrames=0; nChannelFrame=0; nWeaponDamagePercent=0	SKILL_SOLAR_DAMAGE(0); SKILL_SOLAR_DAMAGE_RAND(0,0); CALL_SOLAR_DAMAGE(0,0)	L2:nDamageBase=286 * 0.95,nDamageRand=286 * 0.1,nCostMana=0
明教\90级奇穴\满月AOE.lua	nDamageBase=286 * 0.95, nDamageRand = 286 * 0.1, nCostMana = 0 }, --level 5
}; nBaseThreat=0; nCostMana=tSkillData[dwSkillLevel].nCostMana; nMinRadius=0 * LENGTH_BASE; nMaxRadius=8 * LENGTH_BASE; nAngleRange=256; nAreaRadius=8 * LENGTH_BASE; nTargetCountLimit=5; nPrepareFrames=0; nChannelFrame=0; nWeaponDamagePercent=0	SKILL_LUNAR_DAMAGE(0); SKILL_LUNAR_DAMAGE_RAND(0,0); CALL_LUNAR_DAMAGE(0,0)	L2:nDamageBase=286 * 0.95,nDamageRand=286 * 0.1,nCostMana=0
明教\明教_圣明佑.lua	nDamageBase=0, nDamageRand = 0, nCostMana = 0}, --level 1
	{nDamageBase = 0, nDamageRand = 0, nCostMana = 0}, --level 2
	{nDamageBase = 0, nDamageRand = 0, nCostMana = 0}, --level 3
	{nDamageBase = 0, nDamageRand = 0, nCostMana = 0}, --level 4
	{nDamageBase = 0, nDamageRand = 0, nCostMana = 0}, --level 5
	{nDamageBase = 0, nDamageRand = 0, nCostMana = 0}, --level 6
	{nDamageBase = 0, nDamageRand = 0, nCostMana = 0}, --level 7
	{nDamageBase = 0, nDamageRand = 0, nCostMana = 0}, --level 8
	{nDamageBase = 0, nDamageRand = 0, nCostMana = 0}, --level 9
	{nDamageBase = 0, nDamageRand = 0, nCostMana = 0}, --level 10
}; nBaseThreat=0; nCostMana=tSkillData[dwSkillLevel].nCostMana; nMinRadius=0 * LENGTH_BASE; nMaxRadius=20 * LENGTH_BASE; nAngleRange=256; nAreaRadius=0 * LENGTH_BASE; nTargetCountLimit=2; nPrepareFrames=0; nChannelFrame=0; nWeaponDamagePercent=0	EXECUTE_SCRIPT(10,0); EXECUTE_SCRIPT(0,-4033); CAST_SKILL(-4033,-4034); CAST_SKILL(-4034,6279)	L2:nDamageBase=0,nDamageRand=0,nCostMana=0; L3:nDamageBase=0,nDamageRand=0,nCostMana=0; L4:nDamageBase=0,nDamageRand=0,nCostMana=0
明教\明教_圣明佑_日.lua	nDamageBase=0, nDamageRand = 0, nCostMana = 0}, --level 1
	{nDamageBase = 0, nDamageRand = 0, nCostMana = 0}, --level 2
	{nDamageBase = 0, nDamageRand = 0, nCostMana = 0}, --level 3
	{nDamageBase = 0, nDamageRand = 0, nCostMana = 0}, --level 4
	{nDamageBase = 0, nDamageRand = 0, nCostMana = 0}, --level 5
	{nDamageBase = 0, nDamageRand = 0, nCostMana = 0}, --level 6
	{nDamageBase = 0, nDamageRand = 0, nCostMana = 0}, --level 7
	{nDamageBase = 0, nDamageRand = 0, nCostMana = 0}, --level 8
	{nDamageBase = 0, nDamageRand = 0, nCostMana = 0}, --level 9
	{nDamageBase = 0, nDamageRand = 0, nCostMana = 0}, --level 10
}; nBaseThreat=0; nCostMana=tSkillData[dwSkillLevel].nCostMana; nMinRadius=0 * LENGTH_BASE; nMaxRadius=0 * LENGTH_BASE; nAngleRange=256; nAreaRadius=0 * LENGTH_BASE; nTargetCountLimit=2; nPrepareFrames=0; nChannelFrame=0; nWeaponDamagePercent=0	EXECUTE_SCRIPT(0,90); EXECUTE_SCRIPT(90,0)	L2:nDamageBase=0,nDamageRand=0,nCostMana=0; L3:nDamageBase=0,nDamageRand=0,nCostMana=0; L4:nDamageBase=0,nDamageRand=0,nCostMana=0
明教\明教_圣明佑_月.lua	nDamageBase=0, nDamageRand = 0, nCostMana = 0}, --level 1
	{nDamageBase = 0, nDamageRand = 0, nCostMana = 0}, --level 2
	{nDamageBase = 0, nDamageRand = 0, nCostMana = 0}, --level 3
	{nDamageBase = 0, nDamageRand = 0, nCostMana = 0}, --level 4
	{nDamageBase = 0, nDamageRand = 0, nCostMana = 0}, --level 5
	{nDamageBase = 0, nDamageRand = 0, nCostMana = 0}, --level 6
	{nDamageBase = 0, nDamageRand = 0, nCostMana = 0}, --level 7
	{nDamageBase = 0, nDamageRand = 0, nCostMana = 0}, --level 8
	{nDamageBase = 0, nDamageRand = 0, nCostMana = 0}, --level 9
	{nDamageBase = 0, nDamageRand = 0, nCostMana = 0}, --level 10
}; nBaseThreat=0; nCostMana=tSkillData[dwSkillLevel].nCostMana; nMinRadius=0 * LENGTH_BASE; nMaxRadius=0 * LENGTH_BASE; nAngleRange=256; nAreaRadius=0 * LENGTH_BASE; nTargetCountLimit=2; nPrepareFrames=0; nChannelFrame=0; nWeaponDamagePercent=0	DETACH_MULTI_GROUP_BUFF(4,10000); DETACH_MULTI_GROUP_BUFF(6,10000); DETACH_MULTI_GROUP_BUFF(8,10000); DETACH_MULTI_GROUP_BUFF(-10,-10000); DETACH_MULTI_GROUP_BUFF(12,10000); DEL_MULTI_GROUP_BUFF_BY_FUNCTIONTYPE(10,10000); DEL_MULTI_GROUP_BUFF_BY_FUNCTIONTYPE(12,10000); EXECUTE_SCRIPT(90,0)	L2:nDamageBase=0,nDamageRand=0,nCostMana=0; L3:nDamageBase=0,nDamageRand=0,nCostMana=0; L4:nDamageBase=0,nDamageRand=0,nCostMana=0
明教\镇派\防御_除荡旷劫.lua	nDamageBase=0, nDamageRand = 0, nCostMana = 0}, --level 1
	{nDamageBase = 0, nDamageRand = 0, nCostMana = 0}, --level 2
	{nDamageBase = 0, nDamageRand = 0, nCostMana = 0}, --level 3
	{nDamageBase = 0, nDamageRand = 0, nCostMana = 0}, --level 4
	{nDamageBase = 0, nDamageRand = 0, nCostMana = 0}, --level 5
	{nDamageBase = 0, nDamageRand = 0, nCostMana = 0}, --level 6
	{nDamageBase = 0, nDamageRand = 0, nCostMana = 0}, --level 7
	{nDamageBase = 0, nDamageRand = 0, nCostMana = 0}, --level 8
	{nDamageBase = 0, nDamageRand = 0, nCostMana = 0}, --level 9
	{nDamageBase = 0, nDamageRand = 0, nCostMana = 0}, --level 10
}; nBaseThreat=0; nCostMana=tSkillData[dwSkillLevel].nCostMana; nMinRadius=0 * LENGTH_BASE; nMaxRadius=0 * LENGTH_BASE; nAngleRange=256; nAreaRadius=0 * LENGTH_BASE; nTargetCountLimit=2; nPrepareFrames=0; nChannelFrame=0; nWeaponDamagePercent=0	SET_TALENT_RECIPE(1092,2); SET_TALENT_RECIPE(1093,2)	L2:nDamageBase=0,nDamageRand=0,nCostMana=0; L3:nDamageBase=0,nDamageRand=0,nCostMana=0; L4:nDamageBase=0,nDamageRand=0,nCostMana=0
段氏\段氏奇穴\8-4出岫降4秒.lua	nDamageBase=0, nDamageRand = 0, nCostMana = 0}, --level 1
	{nDamageBase = 0, nDamageRand = 0, nCostMana = 0}, --level 2
	{nDamageBase = 0, nDamageRand = 0, nCostMana = 0}, --level 3
	{nDamageBase = 0, nDamageRand = 0, nCostMana = 0}, --level 4
	{nDamageBase = 0, nDamageRand = 0, nCostMana = 0}, --level 5
	{nDamageBase = 0, nDamageRand = 0, nCostMana = 0}, --level 6
	{nDamageBase = 0, nDamageRand = 0, nCostMana = 0}, --level 7
	{nDamageBase = 0, nDamageRand = 0, nCostMana = 0}, --level 8
	{nDamageBase = 0, nDamageRand = 0, nCostMana = 0}, --level 9
	{nDamageBase = 0, nDamageRand = 0, nCostMana = 0}, --level 10
}; nBaseThreat=0; nCostMana=tSkillData[dwSkillLevel].nCostMana; nMinRadius=0 * LENGTH_BASE; nMaxRadius=20 * LENGTH_BASE; nAngleRange=256; nAreaRadius=50 * LENGTH_BASE; nTargetCountLimit=2; nPrepareFrames=0; nChannelFrame=0; nWeaponDamagePercent=0	SET_TALENT_RECIPE(5635,1)	L2:nDamageBase=0,nDamageRand=0,nCostMana=0; L3:nDamageBase=0,nDamageRand=0,nCostMana=0; L4:nDamageBase=0,nDamageRand=0,nCostMana=0
段氏\段氏奇穴\段氏2-1涌泉_引窍伤害增幅增加.lua	nDamageBase=0, nDamageRand = 0, nCostMana = 0}, --level 1
	{nDamageBase = 0, nDamageRand = 0, nCostMana = 0}, --level 2
	{nDamageBase = 0, nDamageRand = 0, nCostMana = 0}, --level 3
	{nDamageBase = 0, nDamageRand = 0, nCostMana = 0}, --level 4
	{nDamageBase = 0, nDamageRand = 0, nCostMana = 0}, --level 5
	{nDamageBase = 0, nDamageRand = 0, nCostMana = 0}, --level 6
	{nDamageBase = 0, nDamageRand = 0, nCostMana = 0}, --level 7
	{nDamageBase = 0, nDamageRand = 0, nCostMana = 0}, --level 8
	{nDamageBase = 0, nDamageRand = 0, nCostMana = 0}, --level 9
	{nDamageBase = 0, nDamageRand = 0, nCostMana = 0}, --level 10
}; nBaseThreat=0; nCostMana=tSkillData[dwSkillLevel].nCostMana; nMinRadius=0 * LENGTH_BASE; nMaxRadius=20 * LENGTH_BASE; nAngleRange=256; nAreaRadius=50 * LENGTH_BASE; nTargetCountLimit=2; nPrepareFrames=0; nChannelFrame=0; nWeaponDamagePercent=0	SET_TALENT_RECIPE(5617,1)	L2:nDamageBase=0,nDamageRand=0,nCostMana=0; L3:nDamageBase=0,nDamageRand=0,nCostMana=0; L4:nDamageBase=0,nDamageRand=0,nCostMana=0
段氏\段氏奇穴\段氏6-2悬枢_引窍充能并增强.lua	nDamageBase=0, nDamageRand = 0, nCostMana = 0}, --level 1
	{nDamageBase = 0, nDamageRand = 0, nCostMana = 0}, --level 2
	{nDamageBase = 0, nDamageRand = 0, nCostMana = 0}, --level 3
	{nDamageBase = 0, nDamageRand = 0, nCostMana = 0}, --level 4
	{nDamageBase = 0, nDamageRand = 0, nCostMana = 0}, --level 5
	{nDamageBase = 0, nDamageRand = 0, nCostMana = 0}, --level 6
	{nDamageBase = 0, nDamageRand = 0, nCostMana = 0}, --level 7
	{nDamageBase = 0, nDamageRand = 0, nCostMana = 0}, --level 8
	{nDamageBase = 0, nDamageRand = 0, nCostMana = 0}, --level 9
	{nDamageBase = 0, nDamageRand = 0, nCostMana = 0}, --level 10
}; nBaseThreat=0; nCostMana=tSkillData[dwSkillLevel].nCostMana; nMinRadius=0 * LENGTH_BASE; nMaxRadius=20 * LENGTH_BASE; nAngleRange=256; nAreaRadius=50 * LENGTH_BASE; nTargetCountLimit=2; nPrepareFrames=0; nChannelFrame=0; nWeaponDamagePercent=0	SET_TALENT_RECIPE(5641,1)	L2:nDamageBase=0,nDamageRand=0,nCostMana=0; L3:nDamageBase=0,nDamageRand=0,nCostMana=0; L4:nDamageBase=0,nDamageRand=0,nCostMana=0
段氏\段氏奇穴\段氏6-3太溪_截阳打断充能.lua	nDamageBase=0, nDamageRand = 0, nCostMana = 0}, --level 1
	{nDamageBase = 0, nDamageRand = 0, nCostMana = 0}, --level 2
	{nDamageBase = 0, nDamageRand = 0, nCostMana = 0}, --level 3
	{nDamageBase = 0, nDamageRand = 0, nCostMana = 0}, --level 4
	{nDamageBase = 0, nDamageRand = 0, nCostMana = 0}, --level 5
	{nDamageBase = 0, nDamageRand = 0, nCostMana = 0}, --level 6
	{nDamageBase = 0, nDamageRand = 0, nCostMana = 0}, --level 7
	{nDamageBase = 0, nDamageRand = 0, nCostMana = 0}, --level 8
	{nDamageBase = 0, nDamageRand = 0, nCostMana = 0}, --level 9
	{nDamageBase = 0, nDamageRand = 0, nCostMana = 0}, --level 10
}; nBaseThreat=0; nCostMana=tSkillData[dwSkillLevel].nCostMana; nMinRadius=0 * LENGTH_BASE; nMaxRadius=20 * LENGTH_BASE; nAngleRange=256; nAreaRadius=50 * LENGTH_BASE; nTargetCountLimit=2; nPrepareFrames=0; nChannelFrame=0; nWeaponDamagePercent=0	SET_TALENT_RECIPE(5680,1)	L2:nDamageBase=0,nDamageRand=0,nCostMana=0; L3:nDamageBase=0,nDamageRand=0,nCostMana=0; L4:nDamageBase=0,nDamageRand=0,nCostMana=0
段氏\段氏子技能\太溪截阳打断子技能.lua	nDamageBase=0, nDamageRand = 0, nCostMana = 0}, --level 1
	{nDamageBase = 0, nDamageRand = 0, nCostMana = 0}, --level 2
	{nDamageBase = 0, nDamageRand = 0, nCostMana = 0}, --level 3
	{nDamageBase = 0, nDamageRand = 0, nCostMana = 0}, --level 4
	{nDamageBase = 0, nDamageRand = 0, nCostMana = 0}, --level 5
	{nDamageBase = 0, nDamageRand = 0, nCostMana = 0}, --level 6
	{nDamageBase = 0, nDamageRand = 0, nCostMana = 0}, --level 7
	{nDamageBase = 0, nDamageRand = 0, nCostMana = 0}, --level 8
	{nDamageBase = 0, nDamageRand = 0, nCostMana = 0}, --level 9
	{nDamageBase = 0, nDamageRand = 0, nCostMana = 0}, --level 10
}; nBaseThreat=0; nCostMana=tSkillData[dwSkillLevel].nCostMana; nMinRadius=0 * LENGTH_BASE; nMaxRadius=30 * LENGTH_BASE; nAngleRange=256; nAreaRadius=0 * LENGTH_BASE; nTargetCountLimit=2; nPrepareFrames=0; nChannelFrame=0; nWeaponDamagePercent=0		L2:nDamageBase=0,nDamageRand=0,nCostMana=0; L3:nDamageBase=0,nDamageRand=0,nCostMana=0; L4:nDamageBase=0,nDamageRand=0,nCostMana=0
段氏\段氏子技能\引窍破招伤害子技能.lua	nDamageBase=0, nDamageRand = 0, nCostMana = 0}, --level 1

}; nBaseThreat=0; nCostMana=tSkillData[dwSkillLevel].nCostMana; nMinRadius=0 * LENGTH_BASE; nMaxRadius=100 * LENGTH_BASE; nAngleRange=256; nAreaRadius=0 * LENGTH_BASE; nTargetCountLimit=1; nPrepareFrames=0; nChannelFrame=0; nWeaponDamagePercent=0	GLOBAL_DAMGAGE_FACTOR(1048576,0.34); ACTIVE_THREAT_COEFFICIENT(2,10240); CALL_SURPLUS_NEUTRAL_DAMAGE(0,0)	L2:nDamageBase=0,nDamageRand=0,nCostMana=0
段氏\段氏技能\虚影引窍表现招式.lua	nDamageBase=0, nDamageRand = 0, nCostMana = 0}, --level 1
	{nDamageBase = 0, nDamageRand = 0, nCostMana = 0}, --level 2
	{nDamageBase = 0, nDamageRand = 0, nCostMana = 0}, --level 3
	{nDamageBase = 0, nDamageRand = 0, nCostMana = 0}, --level 4
	{nDamageBase = 0, nDamageRand = 0, nCostMana = 0}, --level 5
	{nDamageBase = 0, nDamageRand = 0, nCostMana = 0}, --level 6
	{nDamageBase = 0, nDamageRand = 0, nCostMana = 0}, --level 7
	{nDamageBase = 0, nDamageRand = 0, nCostMana = 0}, --level 8
	{nDamageBase = 0, nDamageRand = 0, nCostMana = 0}, --level 9
	{nDamageBase = 0, nDamageRand = 0, nCostMana = 0}, --level 10
}; nBaseThreat=0; nCostMana=tSkillData[dwSkillLevel].nCostMana; nMinRadius=0 * LENGTH_BASE; nMaxRadius=20 * LENGTH_BASE; nAngleRange=128; nAreaRadius=0 * LENGTH_BASE; nTargetCountLimit=2; nPrepareFrames=24; nChannelFrame=0; nWeaponDamagePercent=0	EXECUTE_SCRIPT(-0)	L2:nDamageBase=0,nDamageRand=0,nCostMana=0; L3:nDamageBase=0,nDamageRand=0,nCostMana=0; L4:nDamageBase=0,nDamageRand=0,nCostMana=0
江湖\基础特殊基础CD.lua	nDamageBase=0, nDamageRand = 0, nCostMana = 0}, --level 1
	{nDamageBase = 0, nDamageRand = 0, nCostMana = 0}, --level 2
	{nDamageBase = 0, nDamageRand = 0, nCostMana = 0}, --level 3
	{nDamageBase = 0, nDamageRand = 0, nCostMana = 0}, --level 4
	{nDamageBase = 0, nDamageRand = 0, nCostMana = 0}, --level 5
	{nDamageBase = 0, nDamageRand = 0, nCostMana = 0}, --level 6
	{nDamageBase = 0, nDamageRand = 0, nCostMana = 0}, --level 7
	{nDamageBase = 0, nDamageRand = 0, nCostMana = 0}, --level 8
	{nDamageBase = 0, nDamageRand = 0, nCostMana = 0}, --level 9
	{nDamageBase = 0, nDamageRand = 0, nCostMana = 0}, --level 10
}; nBaseThreat=0; nCostMana=tSkillData[dwSkillLevel].nCostMana; nMinRadius=0 * LENGTH_BASE; nMaxRadius=0 * LENGTH_BASE; nAngleRange=256; nAreaRadius=0 * LENGTH_BASE; nTargetCountLimit=2; nPrepareFrames=0; nChannelFrame=0; nWeaponDamagePercent=0		L2:nDamageBase=0,nDamageRand=0,nCostMana=0; L3:nDamageBase=0,nDamageRand=0,nCostMana=0; L4:nDamageBase=0,nDamageRand=0,nCostMana=0
江湖\扫叶腿法_横扫千军.lua	nWeaponDamagePercent=0; nCostMana=tSkillData[dwSkillLevel].nCostMana; nMaxRadius=6 * LENGTH_BASE; nAreaRadius=6 * LENGTH_BASE; nAngleRange=256; nTargetCountLimit=4; nPrepareFrames=0	PHYSICS_ATTACK_POWER_PERCENT(-1024,0); SKILL_PHYSICS_DAMAGE(0,0); CALL_PHYSICS_DAMAGE(0,0); EXECUTE_SCRIPT(0)	L2:nDamage=40,nCostMana=42; L3:nDamage=56,nCostMana=64; L4:nDamage=72,nCostMana=80
江湖\绝境战场_移动端_扶摇.lua		EXECUTE_SCRIPT_SETUP(0,70776)	
江湖\绝境战场_移动端_蹑云逐月.lua		EXECUTE_SCRIPT(0); EXECUTE_SCRIPT_SETUP(0,8); DASH_FORWARD(8,70)	
沙漠风暴\天原绝境战象下车.lua	nDamageBase=0, nDamageRand = 0, nCostMana = 0}, --level 1
	{nDamageBase = 0, nDamageRand = 0, nCostMana = 0}, --level 2
	{nDamageBase = 0, nDamageRand = 0, nCostMana = 0}, --level 3
	{nDamageBase = 0, nDamageRand = 0, nCostMana = 0}, --level 4
	{nDamageBase = 0, nDamageRand = 0, nCostMana = 0}, --level 5
	{nDamageBase = 0, nDamageRand = 0, nCostMana = 0}, --level 6
	{nDamageBase = 0, nDamageRand = 0, nCostMana = 0}, --level 7
	{nDamageBase = 0, nDamageRand = 0, nCostMana = 0}, --level 8
	{nDamageBase = 0, nDamageRand = 0, nCostMana = 0}, --level 9
	{nDamageBase = 0, nDamageRand = 0, nCostMana = 0}, --level 10
}; nBaseThreat=0; nCostMana=tSkillData[dwSkillLevel].nCostMana; nMinRadius=0 * LENGTH_BASE; nMaxRadius=10 * LENGTH_BASE; nAngleRange=256; nAreaRadius=0 * LENGTH_BASE; nTargetCountLimit=2; nPrepareFrames=0; nChannelFrame=0; nWeaponDamagePercent=0	DEL_SINGLE_BUFF_BY_ID_AND_LEVEL(21410,1)	L2:nDamageBase=0,nDamageRand=0,nCostMana=0; L3:nDamageBase=0,nDamageRand=0,nCostMana=0; L4:nDamageBase=0,nDamageRand=0,nCostMana=0
沙漠风暴\绝境·临时飞爪.lua	nDamageBase=0, nDamageRand = 0, nCostMana = 0}, --level 1
	{nDamageBase = 0, nDamageRand = 0, nCostMana = 0}, --level 2
	{nDamageBase = 0, nDamageRand = 0, nCostMana = 0}, --level 3
	{nDamageBase = 0, nDamageRand = 0, nCostMana = 0}, --level 4
	{nDamageBase = 0, nDamageRand = 0, nCostMana = 0}, --level 5
	{nDamageBase = 0, nDamageRand = 0, nCostMana = 0}, --level 6
	{nDamageBase = 0, nDamageRand = 0, nCostMana = 0}, --level 7
	{nDamageBase = 0, nDamageRand = 0, nCostMana = 0}, --level 8
	{nDamageBase = 0, nDamageRand = 0, nCostMana = 0}, --level 9
	{nDamageBase = 0, nDamageRand = 0, nCostMana = 0}, --level 10
}; nBaseThreat=0; nCostMana=tSkillData[dwSkillLevel].nCostMana; nMinRadius=0 * LENGTH_BASE; nMaxRadius=40 * LENGTH_BASE; nAngleRange=256; nAreaRadius=100 * LENGTH_BASE; nTargetCountLimit=1; nChannelFrame=0; nWeaponDamagePercent=0	EXECUTE_SCRIPT_WITH_PARAM(4053,0)	L2:nDamageBase=0,nDamageRand=0,nCostMana=0; L3:nDamageBase=0,nDamageRand=0,nCostMana=0; L4:nDamageBase=0,nDamageRand=0,nCostMana=0
沙漠风暴\道具_临时飞爪.lua	nDamageBase=0, nDamageRand = 0, nCostMana = 0}, --level 1
	{nDamageBase = 0, nDamageRand = 0, nCostMana = 0}, --level 2
	{nDamageBase = 0, nDamageRand = 0, nCostMana = 0}, --level 3
	{nDamageBase = 0, nDamageRand = 0, nCostMana = 0}, --level 4
	{nDamageBase = 0, nDamageRand = 0, nCostMana = 0}, --level 5
	{nDamageBase = 0, nDamageRand = 0, nCostMana = 0}, --level 6
	{nDamageBase = 0, nDamageRand = 0, nCostMana = 0}, --level 7
	{nDamageBase = 0, nDamageRand = 0, nCostMana = 0}, --level 8
	{nDamageBase = 0, nDamageRand = 0, nCostMana = 0}, --level 9
	{nDamageBase = 0, nDamageRand = 0, nCostMana = 0}, --level 10
}; nBaseThreat=0; nCostMana=tSkillData[dwSkillLevel].nCostMana; nMinRadius=0 * LENGTH_BASE; nMaxRadius=40 * LENGTH_BASE; nAngleRange=256; nAreaRadius=100 * LENGTH_BASE; nTargetCountLimit=1; nChannelFrame=0; nWeaponDamagePercent=0	EXECUTE_SCRIPT_WITH_PARAM(4053,0)	L2:nDamageBase=0,nDamageRand=0,nCostMana=0; L3:nDamageBase=0,nDamageRand=0,nCostMana=0; L4:nDamageBase=0,nDamageRand=0,nCostMana=0
沙漠风暴\道具_临时飞爪链状表现.lua	nDamageBase=0, nDamageRand = 0, nCostMana = 0}, --level 1
	{nDamageBase = 0, nDamageRand = 0, nCostMana = 0}, --level 2
	{nDamageBase = 0, nDamageRand = 0, nCostMana = 0}, --level 3
	{nDamageBase = 0, nDamageRand = 0, nCostMana = 0}, --level 4
	{nDamageBase = 0, nDamageRand = 0, nCostMana = 0}, --level 5
	{nDamageBase = 0, nDamageRand = 0, nCostMana = 0}, --level 6
	{nDamageBase = 0, nDamageRand = 0, nCostMana = 0}, --level 7
	{nDamageBase = 0, nDamageRand = 0, nCostMana = 0}, --level 8
	{nDamageBase = 0, nDamageRand = 0, nCostMana = 0}, --level 9
	{nDamageBase = 0, nDamageRand = 0, nCostMana = 0}, --level 10
}; nBaseThreat=0; nCostMana=tSkillData[dwSkillLevel].nCostMana; nMinRadius=0 * LENGTH_BASE; nMaxRadius=100 * LENGTH_BASE; nAngleRange=256; nAreaRadius=0 * LENGTH_BASE; nTargetCountLimit=2; nPrepareFrames=0; nChannelFrame=0; nWeaponDamagePercent=0	EXECUTE_SCRIPT(1,-0)	L2:nDamageBase=0,nDamageRand=0,nCostMana=0; L3:nDamageBase=0,nDamageRand=0,nCostMana=0; L4:nDamageBase=0,nDamageRand=0,nCostMana=0
沙漠风暴\道具_乘黄之威.lua	nDamageBase=0, nDamageRand = 0, nCostMana = 0}, --level 1
	{nDamageBase = 0, nDamageRand = 0, nCostMana = 0}, --level 2
	{nDamageBase = 0, nDamageRand = 0, nCostMana = 0}, --level 3
	{nDamageBase = 0, nDamageRand = 0, nCostMana = 0}, --level 4
	{nDamageBase = 0, nDamageRand = 0, nCostMana = 0}, --level 5
	{nDamageBase = 0, nDamageRand = 0, nCostMana = 0}, --level 6
	{nDamageBase = 0, nDamageRand = 0, nCostMana = 0}, --level 7
	{nDamageBase = 0, nDamageRand = 0, nCostMana = 0}, --level 8
	{nDamageBase = 0, nDamageRand = 0, nCostMana = 0}, --level 9
	{nDamageBase = 0, nDamageRand = 0, nCostMana = 0}, --level 10
}; nBaseThreat=0; nCostMana=tSkillData[dwSkillLevel].nCostMana; nMinRadius=0 * LENGTH_BASE; nMaxRadius=0 * LENGTH_BASE; nAngleRange=256; nAreaRadius=0 * LENGTH_BASE; nTargetCountLimit=2; nPrepareFrames=0; nChannelFrame=0; nWeaponDamagePercent=0	DASH_FORWARD(8,110); EXECUTE_SCRIPT(1,0)	L2:nDamageBase=0,nDamageRand=0,nCostMana=0; L3:nDamageBase=0,nDamageRand=0,nCostMana=0; L4:nDamageBase=0,nDamageRand=0,nCostMana=0
沙漠风暴\道具_九转归一.lua	nDamageBase=50 * 0.95, nDamageRand = 50 * 0.1, nTime = 18, nCostMana = 379}, --level 1
	{ nDamageBase = 58 * 0.95, nDamageRand = 58 * 0.1, nTime = 18, nCostMana = 478}, --level 2
	{ nDamageBase = 66 * 0.95, nDamageRand = 66 * 0.1, nTime = 18, nCostMana = 544}, --level 3
}; nMinRadius=0										--技能施放最小半径
	skill.nMaxRadius = 8 * LENGTH_BASE; nAngleRange=85; nPrepareFrames=0	SKILL_ADAPTIVE_DAMAGE(1,1); CALL_ADAPTIVE_DAMAGE(1,0); CALL_REPULSED(0); EXECUTE_SCRIPT(0); EXECUTE_SCRIPT(-0,1)	L2:nDamageBase=50 * 0.95,nDamageRand=50 * 0.1,nTime=18,nCostMana=379; L3:nDamageBase=58 * 0.95,nDamageRand=58 * 0.1,nTime=18,nCostMana=478; L4:nDamageBase=66 * 0.95,nDamageRand=66 * 0.1,nTime=18,nCostMana=544
沙漠风暴\道具_云栖松.lua	nCostMana=tSkillData[dwSkillLevel].nCostMana; nMinRadius=0 * LENGTH_BASE; nMaxRadius=4 * LENGTH_BASE; nAngleRange=128; nAreaRadius=6 * LENGTH_BASE; nWeaponDamagePercent=0; nPrepareFrames=0; nTargetCountLimit=1	DETACH_SINGLE_BUFF(4,1); DETACH_SINGLE_BUFF(6,1); DETACH_SINGLE_BUFF(8,1); DETACH_SINGLE_BUFF(12,1)	L2:nAddRage=0,nCostRage=0,nDamage=14 * 0.95,nDamageRand=14 * 0.1; L3:nAddRage=0,nCostRage=0,nDamage=23 * 0.95,nDamageRand=23 * 0.1; L4:nAddRage=0,nCostRage=0,nDamage=31 * 0.95,nDamageRand=31 * 0.1
沙漠风暴\道具_人剑合一伤害.lua	nCostMana=tSkillData[dwSkillLevel].nCostMana; nMinRadius=0 * LENGTH_BASE; nMaxRadius=20 * LENGTH_BASE; nAngleRange=256; nAreaRadius=6 * LENGTH_BASE; nTargetCountLimit=5; nPrepareFrames=0; nChannelFrame=0; nWeaponDamagePercent=0	SKILL_PHYSICS_DAMAGE(20,1); SKILL_PHYSICS_DAMAGE_RAND(20,1); CALL_PHYSICS_DAMAGE(-0,1); SKILL_ADAPTIVE_DAMAGE(1,1); CALL_ADAPTIVE_DAMAGE(1,0); CALL_BUFF(-5651,-1)	L2:nAddRage=0,nCostRage=0,nDamageBase=1273,nDamageRand=0
沙漠风暴\道具_人剑合一对敌方.lua	nCostMana=tSkillData[dwSkillLevel].nCostMana; nMinRadius=0 * LENGTH_BASE; nMaxRadius=5 * LENGTH_BASE; nAngleRange=256; nAreaRadius=13.5 * LENGTH_BASE; nTargetCountLimit=10; nPrepareFrames=0; nChannelFrame=0; nWeaponDamagePercent=0	EXECUTE_SCRIPT(1,-0); EXECUTE_SCRIPT(1,0); EXECUTE_SCRIPT(1,1); EXECUTE_SCRIPT(2,1); EXECUTE_SCRIPT(3,1); EXECUTE_SCRIPT(4,1); EXECUTE_SCRIPT(5,1); EXECUTE_SCRIPT(6,1); EXECUTE_SCRIPT(7,1); EXECUTE_SCRIPT(8,1); EXECUTE_SCRIPT(9,1); EXECUTE_SCRIPT(10,1); EXECUTE_SCRIPT(11,1); EXECUTE_SCRIPT(12,1); EXECUTE_SCRIPT(13,1); EXECUTE_SCRIPT(14,1); EXECUTE_SCRIPT(15,1); EXECUTE_SCRIPT(16,1); EXECUTE_SCRIPT(17,1); EXECUTE_SCRIPT(18,1); EXECUTE_SCRIPT(19,1); EXECUTE_SCRIPT(20,1); EXECUTE_SCRIPT(21,1); EXECUTE_SCRIPT(22,1)	L2:nAddRage=0,nCostRage=0,nDamageBase=538,nDamageRand=0; L3:nAddRage=0,nCostRage=0,nDamageBase=573,nDamageRand=0; L4:nAddRage=0,nCostRage=0,nDamageBase=608,nDamageRand=0
沙漠风暴\道具_人剑合一对自己.lua	nCostMana=tSkillData[dwSkillLevel].nCostMana; nMinRadius=0 * LENGTH_BASE; nMaxRadius=5 * LENGTH_BASE; nAngleRange=256; nAreaRadius=13.5 * LENGTH_BASE; nTargetCountLimit=10; nPrepareFrames=0; nChannelFrame=0; nWeaponDamagePercent=0	EXECUTE_SCRIPT(1,-0); EXECUTE_SCRIPT(1,0)	L2:nAddRage=0,nCostRage=0,nDamageBase=538,nDamageRand=0; L3:nAddRage=0,nCostRage=0,nDamageBase=573,nDamageRand=0; L4:nAddRage=0,nCostRage=0,nDamageBase=608,nDamageRand=0
沙漠风暴\道具_人剑合一母技能.lua	nCostMana=tSkillData[dwSkillLevel].nCostMana; nMinRadius=0 * LENGTH_BASE; nMaxRadius=5 * LENGTH_BASE; nAngleRange=256; nAreaRadius=13.5 * LENGTH_BASE; nTargetCountLimit=10; nPrepareFrames=0; nChannelFrame=0; nWeaponDamagePercent=0	CAST_SKILL(3783,3784); CAST_SKILL(3784); EXECUTE_SCRIPT(0,4053)	L2:nAddRage=0,nCostRage=0,nDamageBase=538,nDamageRand=0; L3:nAddRage=0,nCostRage=0,nDamageBase=573,nDamageRand=0; L4:nAddRage=0,nCostRage=0,nDamageBase=608,nDamageRand=0
沙漠风暴\道具_任驰骋.lua	nCostMana=11; nMinRadius=0; nMaxRadius=25 * LENGTH_BASE; nAngleRange=256; nAreaRadius=25 * LENGTH_BASE; nPrepareFrames=12	DEL_MULTI_GROUP_BUFF_BY_FUNCTIONTYPE(7,9999); CALL_BUFF(244,1); CALL_BUFF(-2756,-2); EXECUTE_SCRIPT(0,1)	
沙漠风暴\道具_伪九霄风雷.lua	nDamageBase=0, nDamageRand = 0, nCostMana = 0}, --level 1
	{nDamageBase = 0, nDamageRand = 0, nCostMana = 0}, --level 2
	{nDamageBase = 0, nDamageRand = 0, nCostMana = 0}, --level 3
	{nDamageBase = 0, nDamageRand = 0, nCostMana = 0}, --level 4
	{nDamageBase = 0, nDamageRand = 0, nCostMana = 0}, --level 5
	{nDamageBase = 0, nDamageRand = 0, nCostMana = 0}, --level 6
	{nDamageBase = 0, nDamageRand = 0, nCostMana = 0}, --level 7
	{nDamageBase = 0, nDamageRand = 0, nCostMana = 0}, --level 8
	{nDamageBase = 0, nDamageRand = 0, nCostMana = 0}, --level 9
	{nDamageBase = 0, nDamageRand = 0, nCostMana = 0}, --level 10
}; nBaseThreat=0; nCostMana=tSkillData[dwSkillLevel].nCostMana; nMinRadius=0 * LENGTH_BASE; nMaxRadius=4 * LENGTH_BASE; nAngleRange=256; nAreaRadius=10 * LENGTH_BASE; nTargetCountLimit=2; nPrepareFrames=24; nChannelFrame=0; nWeaponDamagePercent=0	EXECUTE_SCRIPT(1,0)	L2:nDamageBase=0,nDamageRand=0,nCostMana=0; L3:nDamageBase=0,nDamageRand=0,nCostMana=0; L4:nDamageBase=0,nDamageRand=0,nCostMana=0
沙漠风暴\道具_伪九霄风雷下车.lua	nDamageBase=0, nDamageRand = 0, nCostMana = 0}, --level 1
	{nDamageBase = 0, nDamageRand = 0, nCostMana = 0}, --level 2
	{nDamageBase = 0, nDamageRand = 0, nCostMana = 0}, --level 3
	{nDamageBase = 0, nDamageRand = 0, nCostMana = 0}, --level 4
	{nDamageBase = 0, nDamageRand = 0, nCostMana = 0}, --level 5
	{nDamageBase = 0, nDamageRand = 0, nCostMana = 0}, --level 6
	{nDamageBase = 0, nDamageRand = 0, nCostMana = 0}, --level 7
	{nDamageBase = 0, nDamageRand = 0, nCostMana = 0}, --level 8
	{nDamageBase = 0, nDamageRand = 0, nCostMana = 0}, --level 9
	{nDamageBase = 0, nDamageRand = 0, nCostMana = 0}, --level 10
}; nBaseThreat=0; nCostMana=tSkillData[dwSkillLevel].nCostMana; nMinRadius=0 * LENGTH_BASE; nMaxRadius=0 * LENGTH_BASE; nAngleRange=256; nAreaRadius=0 * LENGTH_BASE; nTargetCountLimit=2; nPrepareFrames=0; nChannelFrame=0; nWeaponDamagePercent=0	EXECUTE_SCRIPT(1,0)	L2:nDamageBase=0,nDamageRand=0,nCostMana=0; L3:nDamageBase=0,nDamageRand=0,nCostMana=0; L4:nDamageBase=0,nDamageRand=0,nCostMana=0
沙漠风暴\道具_伪九霄风雷冲撞.lua	nDamageBase=0, nDamageRand = 0, nCostMana = 0}, --level 1
	{nDamageBase = 0, nDamageRand = 0, nCostMana = 0}, --level 2
	{nDamageBase = 0, nDamageRand = 0, nCostMana = 0}, --level 3
	{nDamageBase = 0, nDamageRand = 0, nCostMana = 0}, --level 4
	{nDamageBase = 0, nDamageRand = 0, nCostMana = 0}, --level 5
	{nDamageBase = 0, nDamageRand = 0, nCostMana = 0}, --level 6
	{nDamageBase = 0, nDamageRand = 0, nCostMana = 0}, --level 7
	{nDamageBase = 0, nDamageRand = 0, nCostMana = 0}, --level 8
	{nDamageBase = 0, nDamageRand = 0, nCostMana = 0}, --level 9
	{nDamageBase = 0, nDamageRand = 0, nCostMana = 0}, --level 10
}; nBaseThreat=0; nCostMana=tSkillData[dwSkillLevel].nCostMana; nMinRadius=0 * LENGTH_BASE; nMaxRadius=20 * LENGTH_BASE; nAngleRange=256; nAreaRadius=6 * LENGTH_BASE; nTargetCountLimit=6; nPrepareFrames=0; nChannelFrame=0; nWeaponDamagePercent=0	SKILL_ADAPTIVE_DAMAGE(1,1); SKILL_ADAPTIVE_DAMAGE_RAND(1,1); CALL_ADAPTIVE_DAMAGE(1,0); CALL_REPULSED(15,0)	L2:nDamageBase=0,nDamageRand=0,nCostMana=0; L3:nDamageBase=0,nDamageRand=0,nCostMana=0; L4:nDamageBase=0,nDamageRand=0,nCostMana=0
沙漠风暴\道具_伪九霄风雷加速.lua	nDamageBase=0, nDamageRand = 0, nCostMana = 0}, --level 1
	{nDamageBase = 0, nDamageRand = 0, nCostMana = 0}, --level 2
	{nDamageBase = 0, nDamageRand = 0, nCostMana = 0}, --level 3
	{nDamageBase = 0, nDamageRand = 0, nCostMana = 0}, --level 4
	{nDamageBase = 0, nDamageRand = 0, nCostMana = 0}, --level 5
	{nDamageBase = 0, nDamageRand = 0, nCostMana = 0}, --level 6
	{nDamageBase = 0, nDamageRand = 0, nCostMana = 0}, --level 7
	{nDamageBase = 0, nDamageRand = 0, nCostMana = 0}, --level 8
	{nDamageBase = 0, nDamageRand = 0, nCostMana = 0}, --level 9
	{nDamageBase = 0, nDamageRand = 0, nCostMana = 0}, --level 10
}; nBaseThreat=0; nCostMana=tSkillData[dwSkillLevel].nCostMana; nMinRadius=0 * LENGTH_BASE; nMaxRadius=0 * LENGTH_BASE; nAngleRange=256; nAreaRadius=0 * LENGTH_BASE; nTargetCountLimit=2; nPrepareFrames=0; nChannelFrame=0; nWeaponDamagePercent=0	CAST_SKILL(21144,1); DEL_MULTI_GROUP_BUFF_BY_FUNCTIONTYPE(4,10000); DEL_MULTI_GROUP_BUFF_BY_FUNCTIONTYPE(8,10000); DEL_MULTI_GROUP_BUFF_BY_FUNCTIONTYPE(7,10000); DEL_MULTI_GROUP_BUFF_BY_FUNCTIONTYPE(2,10000); CAST_SKILL(7276,1)	L2:nDamageBase=0,nDamageRand=0,nCostMana=0; L3:nDamageBase=0,nDamageRand=0,nCostMana=0; L4:nDamageBase=0,nDamageRand=0,nCostMana=0
沙漠风暴\道具_傍花随柳.lua	nDamageBase=0, nDamageRand = 0, nCostMana = 206}, -- Level 1
	{ nDamageBase = 0, nDamageRand = 0, nCostMana = 275}, -- Level 2
	{ nDamageBase = 0, nDamageRand = 0, nCostMana = 344}, -- Level 3
	{ nDamageBase = 0, nDamageRand = 0, nCostMana = 412}, -- Level 4
	{ nDamageBase = 0, nDamageRand = 0, nCostMana = 454}, -- Level 5

}; nCostMana=tSkillData[dwSkillLevel].nCostMana; nMinRadius=0 * LENGTH_BASE; nMaxRadius=20 * LENGTH_BASE; nAngleRange=128; nAreaRadius=0 * LENGTH_BASE; nTargetCountLimit=2; nPrepareFrames=16; nChannelFrame=0; nWeaponDamagePercent=0	SKILL_NEUTRAL_DAMAGE(1,0); EXECUTE_SCRIPT(-0)	L2:nDamageBase=0,nDamageRand=0,nCostMana=206; L3:nDamageBase=0,nDamageRand=0,nCostMana=275; L4:nDamageBase=0,nDamageRand=0,nCostMana=344
沙漠风暴\道具_傍花随柳_技能事件.lua	nCostMana=tSkillData[dwSkillLevel].nCostMana; nMinRadius=0; nMaxRadius=20 * LENGTH_BASE; nAngleRange=128; nAreaRadius=5 * LENGTH_BASE; nTargetCountLimit=5; nPrepareFrames=0; nChannelFrame=0; nWeaponDamagePercent=0	CURRENT_MANA(1,0); EXECUTE_SCRIPT(1,0)	L2:nCutMana=0; L3:nCutMana=0; L4:nCutMana=0
沙漠风暴\道具_凌然天风.lua	nDamageBase=400, nDamageRand = 15, nCostMana = 0}, --level 1
	{nDamageBase = 0, nDamageRand = 0, nCostMana = 0}, --level 2
	{nDamageBase = 0, nDamageRand = 0, nCostMana = 0}, --level 3
	{nDamageBase = 0, nDamageRand = 0, nCostMana = 0}, --level 4
	{nDamageBase = 0, nDamageRand = 0, nCostMana = 0}, --level 5
	{nDamageBase = 0, nDamageRand = 0, nCostMana = 0}, --level 6
	{nDamageBase = 0, nDamageRand = 0, nCostMana = 0}, --level 7
	{nDamageBase = 0, nDamageRand = 0, nCostMana = 0}, --level 8
	{nDamageBase = 0, nDamageRand = 0, nCostMana = 0}, --level 9
	{nDamageBase = 0, nDamageRand = 0, nCostMana = 0}, --level 10
}; nBaseThreat=30000; nCostMana=tSkillData[dwSkillLevel].nCostMana; nMinRadius=0 * LENGTH_BASE; nMaxRadius=20 * LENGTH_BASE; nAngleRange=128; nAreaRadius=4 * LENGTH_BASE; nTargetCountLimit=5; nPrepareFrames=0; nChannelFrame=0; nWeaponDamagePercent=0	SKILL_MOVE(-592,-1); CALL_BUFF(22311,1); EXECUTE_SCRIPT(1,0)	L2:nDamageBase=400,nDamageRand=15,nCostMana=0; L3:nDamageBase=0,nDamageRand=0,nCostMana=0; L4:nDamageBase=0,nDamageRand=0,nCostMana=0
沙漠风暴\道具_凌然天风·前.lua	nDamageBase=400, nDamageRand = 15, nCostMana = 0}, --level 1
	{nDamageBase = 0, nDamageRand = 0, nCostMana = 0}, --level 2
	{nDamageBase = 0, nDamageRand = 0, nCostMana = 0}, --level 3
	{nDamageBase = 0, nDamageRand = 0, nCostMana = 0}, --level 4
	{nDamageBase = 0, nDamageRand = 0, nCostMana = 0}, --level 5
	{nDamageBase = 0, nDamageRand = 0, nCostMana = 0}, --level 6
	{nDamageBase = 0, nDamageRand = 0, nCostMana = 0}, --level 7
	{nDamageBase = 0, nDamageRand = 0, nCostMana = 0}, --level 8
	{nDamageBase = 0, nDamageRand = 0, nCostMana = 0}, --level 9
	{nDamageBase = 0, nDamageRand = 0, nCostMana = 0}, --level 10
}; nBaseThreat=30000; nCostMana=tSkillData[dwSkillLevel].nCostMana; nMinRadius=0 * LENGTH_BASE; nMaxRadius=20 * LENGTH_BASE; nAngleRange=128; nAreaRadius=4 * LENGTH_BASE; nTargetCountLimit=5; nPrepareFrames=0; nChannelFrame=0; nWeaponDamagePercent=0	SKILL_MOVE(-593,-1); DEL_SINGLE_BUFF_BY_ID_AND_LEVEL(22285,1); CALL_BUFF(22311,1); EXECUTE_SCRIPT(1,0); EXECUTE_SCRIPT(1,-0)	L2:nDamageBase=400,nDamageRand=15,nCostMana=0; L3:nDamageBase=0,nDamageRand=0,nCostMana=0; L4:nDamageBase=0,nDamageRand=0,nCostMana=0
沙漠风暴\道具_凌然天风轨迹线技能.lua	nDamageBase=400, nDamageRand = 15, nCostMana = 0}, --level 1
	{nDamageBase = 0, nDamageRand = 0, nCostMana = 0}, --level 2
	{nDamageBase = 0, nDamageRand = 0, nCostMana = 0}, --level 3
	{nDamageBase = 0, nDamageRand = 0, nCostMana = 0}, --level 4
	{nDamageBase = 0, nDamageRand = 0, nCostMana = 0}, --level 5
	{nDamageBase = 0, nDamageRand = 0, nCostMana = 0}, --level 6
	{nDamageBase = 0, nDamageRand = 0, nCostMana = 0}, --level 7
	{nDamageBase = 0, nDamageRand = 0, nCostMana = 0}, --level 8
	{nDamageBase = 0, nDamageRand = 0, nCostMana = 0}, --level 9
	{nDamageBase = 0, nDamageRand = 0, nCostMana = 0}, --level 10
}; nBaseThreat=30000; nCostMana=tSkillData[dwSkillLevel].nCostMana; nMinRadius=0 * LENGTH_BASE; nMaxRadius=20 * LENGTH_BASE; nAngleRange=128; nAreaRadius=4 * LENGTH_BASE; nTargetCountLimit=5; nPrepareFrames=0; nChannelFrame=0; nWeaponDamagePercent=0	SKILL_MOVE(592,1); SKILL_MOVE(609,1); SKILL_MOVE(610,1); SKILL_MOVE(593,1); SKILL_MOVE(611,1); SKILL_MOVE(594,1); SKILL_MOVE(612,1); SKILL_MOVE(595,1); SKILL_MOVE(613,1); SKILL_MOVE(596,1); SKILL_MOVE(614,1); SKILL_MOVE(597,1); SKILL_MOVE(615,1); SKILL_MOVE(616,1)	L2:nDamageBase=400,nDamageRand=15,nCostMana=0; L3:nDamageBase=0,nDamageRand=0,nCostMana=0; L4:nDamageBase=0,nDamageRand=0,nCostMana=0
沙漠风暴\道具_剑破虚空.lua	nCostMana=tSkillData[dwSkillLevel].nCostMana; nWeaponDamagePercent=2048; nMinRadius=0											--技能施放最小半径
	skill.nMaxRadius = 20 * LENGTH_BASE; nAngleRange=128; nAreaRadius=8 * LENGTH_BASE; nPrepareFrames=24	EXECUTE_SCRIPT(0,0); EXECUTE_SCRIPT(0,4); ACCUMULATE(4,1); CAST_SKILL_TARGET_DST(-6213,1)	L2:nDamage=230 * 0.98,nDamageRand=230 * 0.04,nLevel=1,nCostMana=57,nDebuffLevel=1; L3:nDamage=230 * 0.98,nDamageRand=230 * 0.04,nLevel=1,nCostMana=57,nDebuffLevel=1; L4:nDamage=230 * 0.98,nDamageRand=230 * 0.04,nLevel=1,nCostMana=57,nDebuffLevel=1
沙漠风暴\道具_剑破虚空dot.lua	nDamageBase=0, nDamageRand = 0, nCostMana = 0}, --level 1
	{nDamageBase = 0, nDamageRand = 0, nCostMana = 0}, --level 2
	{nDamageBase = 0, nDamageRand = 0, nCostMana = 0}, --level 3
	{nDamageBase = 0, nDamageRand = 0, nCostMana = 0}, --level 4
	{nDamageBase = 0, nDamageRand = 0, nCostMana = 0}, --level 5
	{nDamageBase = 0, nDamageRand = 0, nCostMana = 0}, --level 6
	{nDamageBase = 0, nDamageRand = 0, nCostMana = 0}, --level 7
	{nDamageBase = 0, nDamageRand = 0, nCostMana = 0}, --level 8
	{nDamageBase = 0, nDamageRand = 0, nCostMana = 0}, --level 9
	{nDamageBase = 0, nDamageRand = 0, nCostMana = 0}, --level 10
}; nBaseThreat=0; nCostMana=tSkillData[dwSkillLevel].nCostMana; nMinRadius=0 * LENGTH_BASE; nMaxRadius=22 * LENGTH_BASE; nAngleRange=256; nAreaRadius=0 * LENGTH_BASE; nTargetCountLimit=2; nPrepareFrames=0; nChannelFrame=0; nWeaponDamagePercent=0	EXECUTE_SCRIPT_WITH_PARAM(2919,3)	L2:nDamageBase=0,nDamageRand=0,nCostMana=0; L3:nDamageBase=0,nDamageRand=0,nCostMana=0; L4:nDamageBase=0,nDamageRand=0,nCostMana=0
沙漠风暴\道具_剑破虚空子技能.lua	nDamageBase=120 * 0.98, nDamageRand = 94 * 0.04, nLevel = 1, nCostMana = 57, nDebuffLevel = 1},
	{nDamageBase = 125 * 0.98, nDamageRand = 102 * 0.04, nLevel = 1, nCostMana = 57, nDebuffLevel = 1},
	{nDamageBase = 130 * 0.98, nDamageRand = 110 * 0.04, nLevel = 1, nCostMana = 57, nDebuffLevel = 1},
	{nDamageBase = 135 * 0.98, nDamageRand = 118 * 0.04, nLevel = 1, nCostMana = 57, nDebuffLevel = 1},
	{nDamageBase = 140 * 0.98, nDamageRand = 126 * 0.04, nLevel = 1, nCostMana = 57, nDebuffLevel = 1},
	{nDamageBase = 145 * 0.98, nDamageRand = 134 * 0.04, nLevel = 1, nCostMana = 57, nDebuffLevel = 1},
	{nDamageBase = 150 * 0.98, nDamageRand = 142 * 0.04, nLevel = 1, nCostMana = 57, nDebuffLevel = 1},
	{nDamageBase = 155 * 0.98, nDamageRand = 150 * 0.04, nLevel = 1, nCostMana = 57, nDebuffLevel = 1},
	{nDamageBase = 160 * 0.98, nDamageRand = 158 * 0.04, nLevel = 1, nCostMana = 57, nDebuffLevel = 1},
	{nDamageBase = 166 * 0.98, nDamageRand = 166 * 0.04, nLevel = 1, nCostMana = 57, nDebuffLevel = 1},
	{nDamageBase = 174 * 0.98, nDamageRand = 174 * 0.04, nLevel = 1, nCostMana = 57, nDebuffLevel = 1},
	{nDamageBase = 182 * 0.98, nDamageRand = 182 * 0.04, nLevel = 1, nCostMana = 57, nDebuffLevel = 1},
	{nDamageBase = 190 * 0.98, nDamageRand = 190 * 0.04, nLevel = 1, nCostMana = 57, nDebuffLevel = 1},
	{nDamageBase = 198 * 0.98, nDamageRand = 198 * 0.04, nLevel = 1, nCostMana = 57, nDebuffLevel = 1},
	{nDamageBase = 206 * 0.98, nDamageRand = 206 * 0.04, nLevel = 1, nCostMana = 57, nDebuffLevel = 1},
	{nDamageBase = 214 * 0.98, nDamageRand = 214 * 0.04, nLevel = 1, nCostMana = 57, nDebuffLevel = 1},
	{nDamageBase = 222 * 0.98, nDamageRand = 222 * 0.04, nLevel = 1, nCostMana = 57, nDebuffLevel = 1},
	{nDamageBase = 230 * 0.98, nDamageRand = 230 * 0.04, nLevel = 1, nCostMana = 57, nDebuffLevel = 1},
}; nCostMana=tSkillData[dwSkillLevel].nCostMana; nWeaponDamagePercent=2048; nMinRadius=0 * LENGTH_BASE; nMaxRadius=8 * LENGTH_BASE; nAngleRange=256; nAreaRadius=8 * LENGTH_BASE; nPrepareFrames=24	EXECUTE_SCRIPT_WITH_PARAM(1,2838)	L2:nDamageBase=120 * 0.98,nDamageRand=94 * 0.04,nLevel=1,nCostMana=57,nDebuffLevel=1; L3:nDamageBase=125 * 0.98,nDamageRand=102 * 0.04,nLevel=1,nCostMana=57,nDebuffLevel=1; L4:nDamageBase=130 * 0.98,nDamageRand=110 * 0.04,nLevel=1,nCostMana=57,nDebuffLevel=1
沙漠风暴\道具_剑转流云.lua	nDamageBase=0, nDamageRand = 0, nCostMana = 0}, --level 1
	{nDamageBase = 0, nDamageRand = 0, nCostMana = 0}, --level 2
	{nDamageBase = 0, nDamageRand = 0, nCostMana = 0}, --level 3
	{nDamageBase = 0, nDamageRand = 0, nCostMana = 0}, --level 4
	{nDamageBase = 0, nDamageRand = 0, nCostMana = 0}, --level 5
	{nDamageBase = 0, nDamageRand = 0, nCostMana = 0}, --level 6
	{nDamageBase = 0, nDamageRand = 0, nCostMana = 0}, --level 7
	{nDamageBase = 0, nDamageRand = 0, nCostMana = 0}, --level 8
	{nDamageBase = 0, nDamageRand = 0, nCostMana = 0}, --level 9
	{nDamageBase = 0, nDamageRand = 0, nCostMana = 0}, --level 10
}; nCostMana=tSkillData[dwSkillLevel].nCostMana; nMinRadius=0 * LENGTH_BASE; nMaxRadius=20 * LENGTH_BASE; nAngleRange=256; nAreaRadius=20 * LENGTH_BASE; nTargetCountLimit=2; nPrepareFrames=0; nChannelFrame=0; nWeaponDamagePercent=0	DETACH_SINGLE_BUFF(7,10000); DETACH_SINGLE_BUFF(3,1); DETACH_SINGLE_BUFF(5,1); DETACH_SINGLE_BUFF(11,1)	L2:nDamageBase=0,nDamageRand=0,nCostMana=0; L3:nDamageBase=0,nDamageRand=0,nCostMana=0; L4:nDamageBase=0,nDamageRand=0,nCostMana=0
沙漠风暴\道具_化蝶.lua	nDamageBase=0, nDamageRand = 0, nCostMana = 0}, --level 1
	{nDamageBase = 0, nDamageRand = 0, nCostMana = 0}, --level 2
	{nDamageBase = 0, nDamageRand = 0, nCostMana = 0}, --level 3
	{nDamageBase = 0, nDamageRand = 0, nCostMana = 0}, --level 4
	{nDamageBase = 0, nDamageRand = 0, nCostMana = 0}, --level 5
	{nDamageBase = 0, nDamageRand = 0, nCostMana = 0}, --level 6
	{nDamageBase = 0, nDamageRand = 0, nCostMana = 0}, --level 7
	{nDamageBase = 0, nDamageRand = 0, nCostMana = 0}, --level 8
	{nDamageBase = 0, nDamageRand = 0, nCostMana = 0}, --level 9
	{nDamageBase = 0, nDamageRand = 0, nCostMana = 0}, --level 10
}; nBaseThreat=0; nCostMana=tSkillData[dwSkillLevel].nCostMana; nMinRadius=0 * LENGTH_BASE; nMaxRadius=4 * LENGTH_BASE; nAngleRange=256; nAreaRadius=0 * LENGTH_BASE; nTargetCountLimit=2; nPrepareFrames=0; nChannelFrame=0; nWeaponDamagePercent=0		L2:nDamageBase=0,nDamageRand=0,nCostMana=0; L3:nDamageBase=0,nDamageRand=0,nCostMana=0; L4:nDamageBase=0,nDamageRand=0,nCostMana=0
沙漠风暴\道具_十方玄机.lua	nDamageBase=0, nDamageRand = 0, nCostMana = 0}, --level 1
	{nDamageBase = 0, nDamageRand = 0, nCostMana = 0}, --level 2
	{nDamageBase = 0, nDamageRand = 0, nCostMana = 0}, --level 3
	{nDamageBase = 0, nDamageRand = 0, nCostMana = 0}, --level 4
	{nDamageBase = 0, nDamageRand = 0, nCostMana = 0}, --level 5
	{nDamageBase = 0, nDamageRand = 0, nCostMana = 0}, --level 6
	{nDamageBase = 0, nDamageRand = 0, nCostMana = 0}, --level 7
	{nDamageBase = 0, nDamageRand = 0, nCostMana = 0}, --level 8
	{nDamageBase = 0, nDamageRand = 0, nCostMana = 0}, --level 9
	{nDamageBase = 0, nDamageRand = 0, nCostMana = 0}, --level 10
}; nBaseThreat=0; nCostMana=tSkillData[dwSkillLevel].nCostMana; nMinRadius=0 * LENGTH_BASE; nMaxRadius=20 * LENGTH_BASE; nAngleRange=256; nAreaRadius=0 * LENGTH_BASE; nTargetCountLimit=1; nPrepareFrames=48; nChannelFrame=0; nWeaponDamagePercent=0	EXECUTE_SCRIPT(1,0)	L2:nDamageBase=0,nDamageRand=0,nCostMana=0; L3:nDamageBase=0,nDamageRand=0,nCostMana=0; L4:nDamageBase=0,nDamageRand=0,nCostMana=0
沙漠风暴\道具_十方玄机_破伪装.lua	nDamageBase=400, nDamageRand = 15, nCostMana = 0}, --level 1
	{nDamageBase = 0, nDamageRand = 0, nCostMana = 0}, --level 2
	{nDamageBase = 0, nDamageRand = 0, nCostMana = 0}, --level 3
	{nDamageBase = 0, nDamageRand = 0, nCostMana = 0}, --level 4
	{nDamageBase = 0, nDamageRand = 0, nCostMana = 0}, --level 5
	{nDamageBase = 0, nDamageRand = 0, nCostMana = 0}, --level 6
	{nDamageBase = 0, nDamageRand = 0, nCostMana = 0}, --level 7
	{nDamageBase = 0, nDamageRand = 0, nCostMana = 0}, --level 8
	{nDamageBase = 0, nDamageRand = 0, nCostMana = 0}, --level 9
	{nDamageBase = 0, nDamageRand = 0, nCostMana = 0}, --level 10
}; nBaseThreat=30000; nCostMana=tSkillData[dwSkillLevel].nCostMana; nMinRadius=0 * LENGTH_BASE; nMaxRadius=100 * LENGTH_BASE; nAngleRange=256; nAreaRadius=4 * LENGTH_BASE; nTargetCountLimit=1; nPrepareFrames=0; nChannelFrame=0; nWeaponDamagePercent=0	DEL_SINGLE_BUFF_BY_ID_AND_LEVEL(20293,15717)	L2:nDamageBase=400,nDamageRand=15,nCostMana=0; L3:nDamageBase=0,nDamageRand=0,nCostMana=0; L4:nDamageBase=0,nDamageRand=0,nCostMana=0
沙漠风暴\道具_十方玄机清自身buff.lua	nDamageBase=0, nDamageRand = 0, nCostMana = 0}, --level 1
	{nDamageBase = 0, nDamageRand = 0, nCostMana = 0}, --level 2
	{nDamageBase = 0, nDamageRand = 0, nCostMana = 0}, --level 3
	{nDamageBase = 0, nDamageRand = 0, nCostMana = 0}, --level 4
	{nDamageBase = 0, nDamageRand = 0, nCostMana = 0}, --level 5
	{nDamageBase = 0, nDamageRand = 0, nCostMana = 0}, --level 6
	{nDamageBase = 0, nDamageRand = 0, nCostMana = 0}, --level 7
	{nDamageBase = 0, nDamageRand = 0, nCostMana = 0}, --level 8
	{nDamageBase = 0, nDamageRand = 0, nCostMana = 0}, --level 9
	{nDamageBase = 0, nDamageRand = 0, nCostMana = 0}, --level 10
}; nBaseThreat=0; nCostMana=tSkillData[dwSkillLevel].nCostMana; nMinRadius=0 * LENGTH_BASE; nMaxRadius=4 * LENGTH_BASE; nAngleRange=128; nAreaRadius=0 * LENGTH_BASE; nTargetCountLimit=1; nPrepareFrames=0; nChannelFrame=0; nWeaponDamagePercent=0	DETACH_SINGLE_BUFF(4,1); DETACH_SINGLE_BUFF(6,1); DETACH_SINGLE_BUFF(8,1); DETACH_SINGLE_BUFF(10,1); DETACH_SINGLE_BUFF(12,1)	L2:nDamageBase=0,nDamageRand=0,nCostMana=0; L3:nDamageBase=0,nDamageRand=0,nCostMana=0; L4:nDamageBase=0,nDamageRand=0,nCostMana=0
沙漠风暴\道具_听风吹雪.lua	nBaseThreat=0; nCostMana=tSkillData[dwSkillLevel].nCostMana; nMinRadius=0 * LENGTH_BASE; nMaxRadius=25 * LENGTH_BASE; nAngleRange=256; nAreaRadius=0 * LENGTH_BASE; nTargetCountLimit=2; nPrepareFrames=0; nChannelFrame=0; nWeaponDamagePercent=0	EXECUTE_SCRIPT(1,0)	
沙漠风暴\道具_唐门车装填.lua	nBaseThreat=0; nCostMana=tSkillData[dwSkillLevel].nCostMana; nMinRadius=0 * LENGTH_BASE; nMaxRadius=4 * LENGTH_BASE; nAngleRange=256; nAreaRadius=0 * LENGTH_BASE; nTargetCountLimit=2; nPrepareFrames=0; nChannelFrame=48; nWeaponDamagePercent=0	EXECUTE_SCRIPT(0,-3453); CALL_BUFF(-3453,-1)	L2:nDamage=0,nDamageRand=0,nCostMana=0; L3:nDamage=0,nDamageRand=0,nCostMana=0; L4:nDamage=0,nDamageRand=0,nCostMana=0
沙漠风暴\道具_啸如虎.lua	nCostMana=19, nBuffLevel = 1}, -- Level 1
	{nCostMana = 24, nBuffLevel = 2}, -- Level 2
	{nCostMana = 30, nBuffLevel = 3}, -- Level 3
	{nCostMana = 35, nBuffLevel = 4}, -- Level 4
	{nCostMana = 40, nBuffLevel = 5}, -- Level 5
}; nMinRadius=0											--技能施放最小半径
	skill.nMaxRadius = MELEE_ATTACK_DISTANCE; nAngleRange=256; nPrepareFrames=0	EXECUTE_SCRIPT(1,0)	L2:nCostMana=19,nBuffLevel=1; L3:nCostMana=24,nBuffLevel=2; L4:nCostMana=30,nBuffLevel=3
沙漠风暴\道具_夺命蛊.lua	nDamageBase=0, nDamageRand = 0, nCostMana = 0}, --level 1
	{nDamageBase = 0, nDamageRand = 0, nCostMana = 0}, --level 2
	{nDamageBase = 0, nDamageRand = 0, nCostMana = 0}, --level 3
	{nDamageBase = 0, nDamageRand = 0, nCostMana = 0}, --level 4
	{nDamageBase = 0, nDamageRand = 0, nCostMana = 0}, --level 5
	{nDamageBase = 0, nDamageRand = 0, nCostMana = 0}, --level 6
	{nDamageBase = 0, nDamageRand = 0, nCostMana = 0}, --level 7
	{nDamageBase = 0, nDamageRand = 0, nCostMana = 0}, --level 8
	{nDamageBase = 0, nDamageRand = 0, nCostMana = 0}, --level 9
	{nDamageBase = 0, nDamageRand = 0, nCostMana = 0}, --level 10
}; nBaseThreat=0; nCostMana=tSkillData[dwSkillLevel].nCostMana; nMinRadius=0 * LENGTH_BASE; nMaxRadius=20 * LENGTH_BASE; nAngleRange=256; nAreaRadius=6 * LENGTH_BASE; nTargetCountLimit=5; nPrepareFrames=24; nChannelFrame=0; nWeaponDamagePercent=0	EXECUTE_SCRIPT(0,2315)	L2:nDamageBase=0,nDamageRand=0,nCostMana=0; L3:nDamageBase=0,nDamageRand=0,nCostMana=0; L4:nDamageBase=0,nDamageRand=0,nCostMana=0
沙漠风暴\道具_如意法.lua	nDamageBase=0, nDamageRand = 0, nCostMana = 0}, --level 1
	{nDamageBase = 0, nDamageRand = 0, nCostMana = 0}, --level 2
	{nDamageBase = 0, nDamageRand = 0, nCostMana = 0}, --level 3
	{nDamageBase = 0, nDamageRand = 0, nCostMana = 0}, --level 4
	{nDamageBase = 0, nDamageRand = 0, nCostMana = 0}, --level 5
	{nDamageBase = 0, nDamageRand = 0, nCostMana = 0}, --level 6
	{nDamageBase = 0, nDamageRand = 0, nCostMana = 0}, --level 7
	{nDamageBase = 0, nDamageRand = 0, nCostMana = 0}, --level 8
	{nDamageBase = 0, nDamageRand = 0, nCostMana = 0}, --level 9
	{nDamageBase = 0, nDamageRand = 0, nCostMana = 0}, --level 10
}; nBaseThreat=0; nCostMana=tSkillData[dwSkillLevel].nCostMana; nMinRadius=0 * LENGTH_BASE; nMaxRadius=20 * LENGTH_BASE; nAngleRange=256; nAreaRadius=0 * LENGTH_BASE; nTargetCountLimit=2; nPrepareFrames=0; nChannelFrame=0; nWeaponDamagePercent=0	EXECUTE_SCRIPT(0,4); DEL_MULTI_GROUP_BUFF_BY_FUNCTIONTYPE(4,10000); DEL_MULTI_GROUP_BUFF_BY_FUNCTIONTYPE(8,10000); DEL_MULTI_GROUP_BUFF_BY_FUNCTIONTYPE(7,10000); DEL_MULTI_GROUP_BUFF_BY_FUNCTIONTYPE(2,10000); EXECUTE_SCRIPT(-0,4053)	L2:nDamageBase=0,nDamageRand=0,nCostMana=0; L3:nDamageBase=0,nDamageRand=0,nCostMana=0; L4:nDamageBase=0,nDamageRand=0,nCostMana=0
沙漠风暴\道具_孤影化双.lua	nDamageBase=0, nDamageRand = 0, nCostMana = 0}, --level 1
	{nDamageBase = 0, nDamageRand = 0, nCostMana = 0}, --level 2
	{nDamageBase = 0, nDamageRand = 0, nCostMana = 0}, --level 3
	{nDamageBase = 0, nDamageRand = 0, nCostMana = 0}, --level 4
	{nDamageBase = 0, nDamageRand = 0, nCostMana = 0}, --level 5
	{nDamageBase = 0, nDamageRand = 0, nCostMana = 0}, --level 6
	{nDamageBase = 0, nDamageRand = 0, nCostMana = 0}, --level 7
	{nDamageBase = 0, nDamageRand = 0, nCostMana = 0}, --level 8
	{nDamageBase = 0, nDamageRand = 0, nCostMana = 0}, --level 9
	{nDamageBase = 0, nDamageRand = 0, nCostMana = 0}, --level 10
}; nBaseThreat=0; nCostMana=tSkillData[dwSkillLevel].nCostMana; nMinRadius=0 * LENGTH_BASE; nMaxRadius=4 * LENGTH_BASE; nAngleRange=256; nAreaRadius=0 * LENGTH_BASE; nTargetCountLimit=2; nPrepareFrames=0; nChannelFrame=0; nWeaponDamagePercent=0	DEL_MULTI_GROUP_BUFF_BY_FUNCTIONTYPE(2,10000); DEL_MULTI_GROUP_BUFF_BY_FUNCTIONTYPE(3,10000); DEL_MULTI_GROUP_BUFF_BY_FUNCTIONTYPE(4,10000); DEL_MULTI_GROUP_BUFF_BY_FUNCTIONTYPE(6,10000); DEL_MULTI_GROUP_BUFF_BY_FUNCTIONTYPE(7,10000); DEL_MULTI_GROUP_BUFF_BY_FUNCTIONTYPE(8,10000); CAST_SKILL(7276,1); CAST_SKILL(21144,1); EXECUTE_SCRIPT(0,4053)	L2:nDamageBase=0,nDamageRand=0,nCostMana=0; L3:nDamageBase=0,nDamageRand=0,nCostMana=0; L4:nDamageBase=0,nDamageRand=0,nCostMana=0
沙漠风暴\道具_孤风飒踏.lua	nDamageBase=0, nDamageRand = 0, nCostMana = 0}, --level 1
	{nDamageBase = 0, nDamageRand = 0, nCostMana = 0}, --level 2
	{nDamageBase = 0, nDamageRand = 0, nCostMana = 0}, --level 3
	{nDamageBase = 0, nDamageRand = 0, nCostMana = 0}, --level 4
	{nDamageBase = 0, nDamageRand = 0, nCostMana = 0}, --level 5
	{nDamageBase = 0, nDamageRand = 0, nCostMana = 0}, --level 6
	{nDamageBase = 0, nDamageRand = 0, nCostMana = 0}, --level 7
	{nDamageBase = 0, nDamageRand = 0, nCostMana = 0}, --level 8
	{nDamageBase = 0, nDamageRand = 0, nCostMana = 0}, --level 9
	{nDamageBase = 0, nDamageRand = 0, nCostMana = 0}, --level 10
}; nBaseThreat=0; nCostMana=tSkillData[dwSkillLevel].nCostMana; nMinRadius=0 * LENGTH_BASE; nMaxRadius=20 * LENGTH_BASE; nAngleRange=256; nAreaRadius=100 * LENGTH_BASE; nTargetCountLimit=1; nChannelFrame=0; nWeaponDamagePercent=0	CAST_SKILL(21144,1); DEL_MULTI_GROUP_BUFF_BY_FUNCTIONTYPE(4,10000); DEL_MULTI_GROUP_BUFF_BY_FUNCTIONTYPE(8,10000); DEL_MULTI_GROUP_BUFF_BY_FUNCTIONTYPE(7,10000); DEL_MULTI_GROUP_BUFF_BY_FUNCTIONTYPE(2,10000); CAST_SKILL(7276,1); EXECUTE_SCRIPT(0)	L2:nDamageBase=0,nDamageRand=0,nCostMana=0; L3:nDamageBase=0,nDamageRand=0,nCostMana=0; L4:nDamageBase=0,nDamageRand=0,nCostMana=0
沙漠风暴\道具_孤风飒踏冲刺.lua	nDamageBase=0, nDamageRand = 0, nCostMana = 0}, --level 1
	{nDamageBase = 0, nDamageRand = 0, nCostMana = 0}, --level 2
	{nDamageBase = 0, nDamageRand = 0, nCostMana = 0}, --level 3
	{nDamageBase = 0, nDamageRand = 0, nCostMana = 0}, --level 4
	{nDamageBase = 0, nDamageRand = 0, nCostMana = 0}, --level 5
	{nDamageBase = 0, nDamageRand = 0, nCostMana = 0}, --level 6
	{nDamageBase = 0, nDamageRand = 0, nCostMana = 0}, --level 7
	{nDamageBase = 0, nDamageRand = 0, nCostMana = 0}, --level 8
	{nDamageBase = 0, nDamageRand = 0, nCostMana = 0}, --level 9
	{nDamageBase = 0, nDamageRand = 0, nCostMana = 0}, --level 10
}; nBaseThreat=0; nCostMana=tSkillData[dwSkillLevel].nCostMana; nMinRadius=0 * LENGTH_BASE; nMaxRadius=40 * LENGTH_BASE; nAngleRange=256; nAreaRadius=100 * LENGTH_BASE; nTargetCountLimit=5; nPrepareFrames=0; nChannelFrame=0; nWeaponDamagePercent=0	DASH_TO_POINT(120,0); CALL_BUFF(-15992,-1); EXECUTE_SCRIPT(-0)	L2:nDamageBase=0,nDamageRand=0,nCostMana=0; L3:nDamageBase=0,nDamageRand=0,nCostMana=0; L4:nDamageBase=0,nDamageRand=0,nCostMana=0
沙漠风暴\道具_孤风飒踏表现.lua	nDamageBase=0, nDamageRand = 0, nCostMana = 0}, --level 1
	{nDamageBase = 0, nDamageRand = 0, nCostMana = 0}, --level 2
	{nDamageBase = 0, nDamageRand = 0, nCostMana = 0}, --level 3
	{nDamageBase = 0, nDamageRand = 0, nCostMana = 0}, --level 4
	{nDamageBase = 0, nDamageRand = 0, nCostMana = 0}, --level 5
	{nDamageBase = 0, nDamageRand = 0, nCostMana = 0}, --level 6
	{nDamageBase = 0, nDamageRand = 0, nCostMana = 0}, --level 7
	{nDamageBase = 0, nDamageRand = 0, nCostMana = 0}, --level 8
	{nDamageBase = 0, nDamageRand = 0, nCostMana = 0}, --level 9
	{nDamageBase = 0, nDamageRand = 0, nCostMana = 0}, --level 10
}; nBaseThreat=0; nCostMana=tSkillData[dwSkillLevel].nCostMana; nMinRadius=0 * LENGTH_BASE; nMaxRadius=100 * LENGTH_BASE; nAngleRange=256; nAreaRadius=0 * LENGTH_BASE; nTargetCountLimit=2; nPrepareFrames=0; nChannelFrame=0; nWeaponDamagePercent=0	EXECUTE_SCRIPT(1,-0)	L2:nDamageBase=0,nDamageRand=0,nCostMana=0; L3:nDamageBase=0,nDamageRand=0,nCostMana=0; L4:nDamageBase=0,nDamageRand=0,nCostMana=0
沙漠风暴\道具_守如山.lua	nCostMana=31, nBuffID = 367}, -- Level 1
}; nMinRadius=0											--技能施放最小半径
	skill.nMaxRadius = MELEE_ATTACK_DISTANCE; nAngleRange=256; nPrepareFrames=0	CAST_SKILL_TARGET_DST(416,1); CAST_SKILL_TARGET_DST(419,1)	L2:nCostMana=31,nBuffID=367
沙漠风暴\道具_平沙落雁.lua	nDamageBase=0, nDamageRand = 0, nCostMana = 0}, --level 1
	{nDamageBase = 0, nDamageRand = 0, nCostMana = 0}, --level 2
	{nDamageBase = 0, nDamageRand = 0, nCostMana = 0}, --level 3
	{nDamageBase = 0, nDamageRand = 0, nCostMana = 0}, --level 4
	{nDamageBase = 0, nDamageRand = 0, nCostMana = 0}, --level 5
	{nDamageBase = 0, nDamageRand = 0, nCostMana = 0}, --level 6
	{nDamageBase = 0, nDamageRand = 0, nCostMana = 0}, --level 7
	{nDamageBase = 0, nDamageRand = 0, nCostMana = 0}, --level 8
	{nDamageBase = 0, nDamageRand = 0, nCostMana = 0}, --level 9
	{nDamageBase = 0, nDamageRand = 0, nCostMana = 0}, --level 10
}; nBaseThreat=0; nCostMana=tSkillData[dwSkillLevel].nCostMana; nMinRadius=0 * LENGTH_BASE; nMaxRadius=25 * LENGTH_BASE; nAngleRange=128; nAreaRadius=0 * LENGTH_BASE; nTargetCountLimit=2; nPrepareFrames=48; nChannelFrame=0; nWeaponDamagePercent=0	MODIFY_THREAT(1,1); EXECUTE_SCRIPT(1,0)	L2:nDamageBase=0,nDamageRand=0,nCostMana=0; L3:nDamageBase=0,nDamageRand=0,nCostMana=0; L4:nDamageBase=0,nDamageRand=0,nCostMana=0
沙漠风暴\道具_幻蛊.lua	nDamageBase=58 * 0.95, nDamageRand = 58 * 0.1, nCostMana = 22 }, --level 1
}; nBaseThreat=0; nCostMana=tSkillData[dwSkillLevel].nCostMana; nMinRadius=0 * LENGTH_BASE; nMaxRadius=20 * LENGTH_BASE; nAngleRange=128; nAreaRadius=0 * LENGTH_BASE; nTargetCountLimit=2; nPrepareFrames=0; nChannelFrame=0; nWeaponDamagePercent=0	EXECUTE_SCRIPT(1,0)	L2:nDamageBase=58 * 0.95,nDamageRand=58 * 0.1,nCostMana=22
沙漠风暴\道具_幻蛊_失传.lua	nDamageBase=58 * 0.95, nDamageRand = 58 * 0.1, nCostMana = 22 }, --level 1
}; nBaseThreat=0; nCostMana=tSkillData[dwSkillLevel].nCostMana; nMinRadius=0 * LENGTH_BASE; nMaxRadius=20 * LENGTH_BASE; nAngleRange=128; nAreaRadius=0 * LENGTH_BASE; nTargetCountLimit=2; nPrepareFrames=0; nChannelFrame=0; nWeaponDamagePercent=0	EXECUTE_SCRIPT(1,0)	L2:nDamageBase=58 * 0.95,nDamageRand=58 * 0.1,nCostMana=22
沙漠风暴\道具_应天授命.lua	nDamageBase=400, nDamageRand = 15, nCostMana = 0}, --level 1
	{nDamageBase = 0, nDamageRand = 0, nCostMana = 0}, --level 2
	{nDamageBase = 0, nDamageRand = 0, nCostMana = 0}, --level 3
	{nDamageBase = 0, nDamageRand = 0, nCostMana = 0}, --level 4
	{nDamageBase = 0, nDamageRand = 0, nCostMana = 0}, --level 5
	{nDamageBase = 0, nDamageRand = 0, nCostMana = 0}, --level 6
	{nDamageBase = 0, nDamageRand = 0, nCostMana = 0}, --level 7
	{nDamageBase = 0, nDamageRand = 0, nCostMana = 0}, --level 8
	{nDamageBase = 0, nDamageRand = 0, nCostMana = 0}, --level 9
	{nDamageBase = 0, nDamageRand = 0, nCostMana = 0}, --level 10
}; nBaseThreat=30000; nCostMana=tSkillData[dwSkillLevel].nCostMana; nMinRadius=0 * LENGTH_BASE; nMaxRadius=20 * LENGTH_BASE; nAngleRange=128; nAreaRadius=4 * LENGTH_BASE; nTargetCountLimit=5; nPrepareFrames=0; nChannelFrame=0; nWeaponDamagePercent=0	EXECUTE_SCRIPT(1,0)	L2:nDamageBase=400,nDamageRand=15,nCostMana=0; L3:nDamageBase=0,nDamageRand=0,nCostMana=0; L4:nDamageBase=0,nDamageRand=0,nCostMana=0
沙漠风暴\道具_徐如林.lua	nCostMana=0, nBuffID = 24010, nBuffLevel = 1},		-- Level 1
	{nCostMana = 0, nBuffID = 24010, nBuffLevel = 1},		-- Level 2
	{nCostMana = 0, nBuffID = 24010, nBuffLevel = 1},		-- Level 3
	{nCostMana = 0, nBuffID = 24010, nBuffLevel = 1},		-- Level 4
	{nCostMana = 0, nBuffID = 24010, nBuffLevel = 1},		-- Level 5
}; nMinRadius=0											--技能施放最小半径
	skill.nMaxRadius        = MELEE_ATTACK_DISTANCE; nAngleRange=128; nPrepareFrames=0		L2:nCostMana=0,nBuffID=24010,nBuffLevel=1; L3:nCostMana=0,nBuffID=24010,nBuffLevel=1; L4:nCostMana=0,nBuffID=24010,nBuffLevel=1
沙漠风暴\道具_徐如林技能事件.lua	nCostMana=0, nTherapy = 25, nTherapyRand = 0, nAddMana = 4 },
	{nCostMana = 0, nTherapy = 30, nTherapyRand = 0, nAddMana = 8 },
	{nCostMana = 0, nTherapy = 35, nTherapyRand = 0, nAddMana = 12},
	{nCostMana = 0, nTherapy = 40, nTherapyRand = 0, nAddMana = 16},
	{nCostMana = 0, nTherapy = 45, nTherapyRand = 0, nAddMana = 20},
}; nMinRadius=0											--技能施放最小半径
	skill.nMaxRadius = 4 * LENGTH_BASE; nAngleRange=256; nPrepareFrames=0	EXECUTE_SCRIPT(0,1)	L2:nCostMana=0,nTherapy=25,nTherapyRand=0,nAddMana=4; L3:nCostMana=0,nTherapy=30,nTherapyRand=0,nAddMana=8; L4:nCostMana=0,nTherapy=35,nTherapyRand=0,nAddMana=12
沙漠风暴\道具_心诤右手舞棍.lua	nBaseThreat=0; nCostMana=tSkillData[dwSkillLevel].nCostMana; nMinRadius=0 * LENGTH_BASE; nMaxRadius=6 * LENGTH_BASE; nAngleRange=256; nAreaRadius=6 * LENGTH_BASE; nTargetCountLimit=5; nPrepareFrames=0; nChannelFrame=0; nWeaponDamagePercent=0	EXECUTE_SCRIPT(1,0)	L2:nAddRage=0,nCostRage=10,nDamageBase=36,nDamageRand=0; L3:nAddRage=0,nCostRage=10,nDamageBase=36,nDamageRand=0; L4:nAddRage=0,nCostRage=10,nDamageBase=36,nDamageRand=0
沙漠风暴\道具_心诤实际技能.lua	nDamageBase=0, nDamageRand = 0, nCostMana = 0}, --level 1

}; nBaseThreat=0; nCostMana=tSkillData[dwSkillLevel].nCostMana; nMinRadius=0 * LENGTH_BASE; nMaxRadius=12 * LENGTH_BASE; nAngleRange=256; nAreaRadius=0 * LENGTH_BASE; nTargetCountLimit=2; nPrepareFrames=0; nChannelFrame=48; nWeaponDamagePercent=0	EXECUTE_SCRIPT(1,0)	L2:nDamageBase=0,nDamageRand=0,nCostMana=0
沙漠风暴\道具_心诤左手舞棍.lua	nBaseThreat=0; nCostMana=tSkillData[dwSkillLevel].nCostMana; nMinRadius=0 * LENGTH_BASE; nMaxRadius=6 * LENGTH_BASE; nAngleRange=256; nAreaRadius=6 * LENGTH_BASE; nTargetCountLimit=5; nPrepareFrames=0; nChannelFrame=0; nWeaponDamagePercent=0	EXECUTE_SCRIPT(1,0)	L2:nAddRage=0,nCostRage=10,nDamageBase=36,nDamageRand=0; L3:nAddRage=0,nCostRage=10,nDamageBase=36,nDamageRand=0; L4:nAddRage=0,nCostRage=10,nDamageBase=36,nDamageRand=0
沙漠风暴\道具_心诤扫击.lua	nBaseThreat=0; nCostMana=tSkillData[dwSkillLevel].nCostMana; nMinRadius=0 * LENGTH_BASE; nMaxRadius=12 * LENGTH_BASE; nAngleRange=128; nAreaRadius=12 * LENGTH_BASE; nTargetCountLimit=10; nChannelFrame=0; nWeaponDamagePercent=0	EXECUTE_SCRIPT(1,0)	L2:nAddRage=0,nCostRage=10,nDamageBase=36,nDamageRand=0; L3:nAddRage=0,nCostRage=10,nDamageBase=36,nDamageRand=0; L4:nAddRage=0,nCostRage=10,nDamageBase=36,nDamageRand=0
沙漠风暴\道具_心诤表现母技能.lua	nDamageBase=0, nDamageRand = 0, nCostMana = 0}, --level 1
	{nDamageBase = 0, nDamageRand = 0, nCostMana = 0}, --level 2
	{nDamageBase = 0, nDamageRand = 0, nCostMana = 0}, --level 3
	{nDamageBase = 0, nDamageRand = 0, nCostMana = 0}, --level 4
	{nDamageBase = 0, nDamageRand = 0, nCostMana = 0}, --level 5
	{nDamageBase = 0, nDamageRand = 0, nCostMana = 0}, --level 6
	{nDamageBase = 0, nDamageRand = 0, nCostMana = 0}, --level 7
	{nDamageBase = 0, nDamageRand = 0, nCostMana = 0}, --level 8
	{nDamageBase = 0, nDamageRand = 0, nCostMana = 0}, --level 9
	{nDamageBase = 0, nDamageRand = 0, nCostMana = 0}, --level 10
}; nBaseThreat=0; nCostMana=tSkillData[dwSkillLevel].nCostMana; nMinRadius=0 * LENGTH_BASE; nMaxRadius=4 * LENGTH_BASE; nAngleRange=256; nAreaRadius=0 * LENGTH_BASE; nTargetCountLimit=1; nPrepareFrames=0; nChannelFrame=0; nWeaponDamagePercent=0	CAST_SKILL(30227,1)	L2:nDamageBase=0,nDamageRand=0,nCostMana=0; L3:nDamageBase=0,nDamageRand=0,nCostMana=0; L4:nDamageBase=0,nDamageRand=0,nCostMana=0
沙漠风暴\道具_怖畏暗刑.lua	nDamageBase=0, nDamageRand = 0, nCostMana = 0}, --level 1
	{nDamageBase = 0, nDamageRand = 0, nCostMana = 0}, --level 2
	{nDamageBase = 0, nDamageRand = 0, nCostMana = 0}, --level 3
	{nDamageBase = 0, nDamageRand = 0, nCostMana = 0}, --level 4
	{nDamageBase = 0, nDamageRand = 0, nCostMana = 0}, --level 5
	{nDamageBase = 0, nDamageRand = 0, nCostMana = 0}, --level 6
	{nDamageBase = 0, nDamageRand = 0, nCostMana = 0}, --level 7
	{nDamageBase = 0, nDamageRand = 0, nCostMana = 0}, --level 8
	{nDamageBase = 0, nDamageRand = 0, nCostMana = 0}, --level 9
	{nDamageBase = 0, nDamageRand = 0, nCostMana = 0}, --level 10
}; nBaseThreat=0; nCostMana=tSkillData[dwSkillLevel].nCostMana; nMinRadius=0 * LENGTH_BASE; nMaxRadius=4 * LENGTH_BASE; nAngleRange=128; nTargetCountLimit=2; nPrepareFrames=0; nChannelFrame=0; nWeaponDamagePercent=0	CAST_SKILL_TARGET_DST(-19823,-1)	L2:nDamageBase=0,nDamageRand=0,nCostMana=0; L3:nDamageBase=0,nDamageRand=0,nCostMana=0; L4:nDamageBase=0,nDamageRand=0,nCostMana=0
沙漠风暴\道具_惊鸿游龙.lua	nDamageBase=0, nDamageRand = 0, nCostMana = 0}, --level 1
	{nDamageBase = 0, nDamageRand = 0, nCostMana = 0}, --level 2
	{nDamageBase = 0, nDamageRand = 0, nCostMana = 0}, --level 3
	{nDamageBase = 0, nDamageRand = 0, nCostMana = 0}, --level 4
	{nDamageBase = 0, nDamageRand = 0, nCostMana = 0}, --level 5
	{nDamageBase = 0, nDamageRand = 0, nCostMana = 0}, --level 6
	{nDamageBase = 0, nDamageRand = 0, nCostMana = 0}, --level 7
	{nDamageBase = 0, nDamageRand = 0, nCostMana = 0}, --level 8
	{nDamageBase = 0, nDamageRand = 0, nCostMana = 0}, --level 9
	{nDamageBase = 0, nDamageRand = 0, nCostMana = 0}, --level 10
}; nBaseThreat=0; nCostMana=tSkillData[dwSkillLevel].nCostMana; nMinRadius=0 * LENGTH_BASE; nMaxRadius=4 * LENGTH_BASE; nAngleRange=256; nAreaRadius=0 * LENGTH_BASE; nTargetCountLimit=2; nPrepareFrames=0; nChannelFrame=0; nWeaponDamagePercent=0	CAST_SKILL_TARGET_DST(3333,1); EXECUTE_SCRIPT(1,0)	L2:nDamageBase=0,nDamageRand=0,nCostMana=0; L3:nDamageBase=0,nDamageRand=0,nCostMana=0; L4:nDamageBase=0,nDamageRand=0,nCostMana=0
沙漠风暴\道具_抢珠式.lua	nDamageBase=0, nDamageRand = 0, nCostMana = 0}, --level 1
	{nDamageBase = 0, nDamageRand = 0, nCostMana = 0}, --level 2
	{nDamageBase = 0, nDamageRand = 0, nCostMana = 0}, --level 3
	{nDamageBase = 0, nDamageRand = 0, nCostMana = 0}, --level 4
	{nDamageBase = 0, nDamageRand = 0, nCostMana = 0}, --level 5
	{nDamageBase = 0, nDamageRand = 0, nCostMana = 0}, --level 6
	{nDamageBase = 0, nDamageRand = 0, nCostMana = 0}, --level 7
	{nDamageBase = 0, nDamageRand = 0, nCostMana = 0}, --level 8
	{nDamageBase = 0, nDamageRand = 0, nCostMana = 0}, --level 9
	{nDamageBase = 0, nDamageRand = 0, nCostMana = 0}, --level 10
}; nCostMana=tSkillData[dwSkillLevel].nCostMana; nPrepareFrames=0; nMinRadius=0 * LENGTH_BASE; nMaxRadius=8 * LENGTH_BASE; nAngleRange=128; nWeaponDamagePercent=0		L2:nDamageBase=0,nDamageRand=0,nCostMana=0; L3:nDamageBase=0,nDamageRand=0,nCostMana=0; L4:nDamageBase=0,nDamageRand=0,nCostMana=0
沙漠风暴\道具_振翅图南.lua	nDamageBase=0, nDamageRand = 0, nCostMana = 0}, --level 1
}; nBaseThreat=0; nCostMana=tSkillData[dwSkillLevel].nCostMana; nMinRadius=0 * LENGTH_BASE; nMaxRadius=20 * LENGTH_BASE; nAngleRange=256; nAreaRadius=0 * LENGTH_BASE; nTargetCountLimit=2; nPrepareFrames=0; nChannelFrame=0; nWeaponDamagePercent=0	CAST_SKILL(20990,1); EXECUTE_SCRIPT(1,0)	L2:nDamageBase=0,nDamageRand=0,nCostMana=0
沙漠风暴\道具_振翅图南伤害.lua	nDamageBase=458, nDamageRand = 10, nCostMana = 0}, --level 15
	{nDamageBase = 458, nDamageRand = 10, nCostMana = 0}, --level 15
	{nDamageBase = 458, nDamageRand = 10, nCostMana = 0}, --level 15
	{nDamageBase = 458, nDamageRand = 10, nCostMana = 0}, --level 15
	{nDamageBase = 458, nDamageRand = 10, nCostMana = 0}, --level 15
}; nChannelFrame=80; nMinRadius=0 * LENGTH_BASE; nMaxRadius=50 * LENGTH_BASE; nAngleRange=256; nWeaponDamagePercent=2048; nPrepareFrames=0; nAreaRadius=4 * LENGTH_BASE; nTargetCountLimit=6	EXECUTE_SCRIPT(1,0)	L2:nDamageBase=458,nDamageRand=10,nCostMana=0; L3:nDamageBase=458,nDamageRand=10,nCostMana=0; L4:nDamageBase=458,nDamageRand=10,nCostMana=0
沙漠风暴\道具_捉影式.lua	nCostMana=tSkillData[dwSkillLevel].nCostMana; nMinRadius=MELEE_ATTACK_DISTANCE; nMaxRadius=20 * LENGTH_BASE; nAngleRange=128; nTargetCountLimit=2; nPrepareFrames=8; nChannelFrame=0; nWeaponDamagePercent=0	KNOCKED_BACK_RATE(1024,0); PULL(100,0)	
沙漠风暴\道具_撼地.lua	nDamageBase=0, nDamageRand = 0, nCostMana = 0}, --level 1
	{nDamageBase = 0, nDamageRand = 0, nCostMana = 0}, --level 2
	{nDamageBase = 0, nDamageRand = 0, nCostMana = 0}, --level 3
	{nDamageBase = 0, nDamageRand = 0, nCostMana = 0}, --level 4
	{nDamageBase = 0, nDamageRand = 0, nCostMana = 0}, --level 5
	{nDamageBase = 0, nDamageRand = 0, nCostMana = 0}, --level 6
	{nDamageBase = 0, nDamageRand = 0, nCostMana = 0}, --level 7
	{nDamageBase = 0, nDamageRand = 0, nCostMana = 0}, --level 8
	{nDamageBase = 0, nDamageRand = 0, nCostMana = 0}, --level 9
	{nDamageBase = 0, nDamageRand = 0, nCostMana = 0}, --level 10
}; nBaseThreat=0; nCostMana=tSkillData[dwSkillLevel].nCostMana; nMinRadius=0 * LENGTH_BASE; nMaxRadius=20 * LENGTH_BASE; nAngleRange=128; nAreaRadius=20 * LENGTH_BASE; nTargetCountLimit=1; nChannelFrame=0; nWeaponDamagePercent=0	EXECUTE_SCRIPT(0)	L2:nDamageBase=0,nDamageRand=0,nCostMana=0; L3:nDamageBase=0,nDamageRand=0,nCostMana=0; L4:nDamageBase=0,nDamageRand=0,nCostMana=0
沙漠风暴\道具_撼地_子_撼地击晕.lua	nDamageBase=400, nDamageRand = 400*0.1, nCostMana = 0}, --level 1
	{nDamageBase = 0, nDamageRand = 0, nCostMana = 0}, --level 2
	{nDamageBase = 0, nDamageRand = 0, nCostMana = 0}, --level 3
	{nDamageBase = 0, nDamageRand = 0, nCostMana = 0}, --level 4
	{nDamageBase = 0, nDamageRand = 0, nCostMana = 0}, --level 5
	{nDamageBase = 0, nDamageRand = 0, nCostMana = 0}, --level 6
	{nDamageBase = 0, nDamageRand = 0, nCostMana = 0}, --level 7
	{nDamageBase = 0, nDamageRand = 0, nCostMana = 0}, --level 8
	{nDamageBase = 0, nDamageRand = 0, nCostMana = 0}, --level 9
	{nDamageBase = 0, nDamageRand = 0, nCostMana = 0}, --level 10
}; nBaseThreat=0; nCostMana=tSkillData[dwSkillLevel].nCostMana; nMinRadius=0 * LENGTH_BASE; nMaxRadius=4 * LENGTH_BASE; nAngleRange=256; nAreaRadius=5 * LENGTH_BASE; nTargetCountLimit=5; nPrepareFrames=0; nChannelFrame=0; nWeaponDamagePercent=1024	SKILL_ADAPTIVE_DAMAGE(1,4); SKILL_ADAPTIVE_DAMAGE_RAND(1,4); CALL_ADAPTIVE_DAMAGE(1,0); EXECUTE_SCRIPT(0)	L2:nDamageBase=400,nDamageRand=400*0.1,nCostMana=0; L3:nDamageBase=0,nDamageRand=0,nCostMana=0; L4:nDamageBase=0,nDamageRand=0,nCostMana=0
沙漠风暴\道具_散流霞.lua	nDamageBase=0, nDamageRand = 0, nCostMana = 0}, --level 1
	{nDamageBase = 0, nDamageRand = 0, nCostMana = 0}, --level 2
	{nDamageBase = 0, nDamageRand = 0, nCostMana = 0}, --level 3
	{nDamageBase = 0, nDamageRand = 0, nCostMana = 0}, --level 4
	{nDamageBase = 0, nDamageRand = 0, nCostMana = 0}, --level 5
	{nDamageBase = 0, nDamageRand = 0, nCostMana = 0}, --level 6
	{nDamageBase = 0, nDamageRand = 0, nCostMana = 0}, --level 7
	{nDamageBase = 0, nDamageRand = 0, nCostMana = 0}, --level 8
	{nDamageBase = 0, nDamageRand = 0, nCostMana = 0}, --level 9
	{nDamageBase = 0, nDamageRand = 0, nCostMana = 0}, --level 10
}; nBaseThreat=0; nCostMana=tSkillData[dwSkillLevel].nCostMana; nMinRadius=0 * LENGTH_BASE; nMaxRadius=0 * LENGTH_BASE; nAngleRange=256; nAreaRadius=0 * LENGTH_BASE; nTargetCountLimit=2; nPrepareFrames=0; nChannelFrame=0; nWeaponDamagePercent=0	CAST_SKILL(21144,1); DEL_MULTI_GROUP_BUFF_BY_FUNCTIONTYPE(8,10000); DEL_MULTI_GROUP_BUFF_BY_FUNCTIONTYPE(4,10000); DEL_MULTI_GROUP_BUFF_BY_FUNCTIONTYPE(7,10000); DEL_MULTI_GROUP_BUFF_BY_FUNCTIONTYPE(2,10000); SKILL_MOVE(264,1); CAST_SKILL(7276,1); EXECUTE_SCRIPT(0); EXECUTE_SCRIPT(1,-0)	L2:nDamageBase=0,nDamageRand=0,nCostMana=0; L3:nDamageBase=0,nDamageRand=0,nCostMana=0; L4:nDamageBase=0,nDamageRand=0,nCostMana=0
沙漠风暴\道具_散流霞_延迟skillmove动作.lua	nDamageBase=0, nDamageRand = 0, nCostMana = 0}, --level 1
	{nDamageBase = 0, nDamageRand = 0, nCostMana = 0}, --level 2
	{nDamageBase = 0, nDamageRand = 0, nCostMana = 0}, --level 3
	{nDamageBase = 0, nDamageRand = 0, nCostMana = 0}, --level 4
	{nDamageBase = 0, nDamageRand = 0, nCostMana = 0}, --level 5
	{nDamageBase = 0, nDamageRand = 0, nCostMana = 0}, --level 6
	{nDamageBase = 0, nDamageRand = 0, nCostMana = 0}, --level 7
	{nDamageBase = 0, nDamageRand = 0, nCostMana = 0}, --level 8
	{nDamageBase = 0, nDamageRand = 0, nCostMana = 0}, --level 9
	{nDamageBase = 0, nDamageRand = 0, nCostMana = 0}, --level 10
}; nBaseThreat=0; nCostMana=tSkillData[dwSkillLevel].nCostMana; nMinRadius=0 * LENGTH_BASE; nMaxRadius=4 * LENGTH_BASE; nAngleRange=256; nAreaRadius=0 * LENGTH_BASE; nTargetCountLimit=2; nPrepareFrames=0; nChannelFrame=0; nWeaponDamagePercent=0	SKILL_MOVE(264,1)	L2:nDamageBase=0,nDamageRand=0,nCostMana=0; L3:nDamageBase=0,nDamageRand=0,nCostMana=0; L4:nDamageBase=0,nDamageRand=0,nCostMana=0
沙漠风暴\道具_散流霞_解除不可选中效果.lua	nDamageBase=0, nDamageRand = 0, nCostMana = 0}, --level 1
	{nDamageBase = 0, nDamageRand = 0, nCostMana = 0}, --level 2
	{nDamageBase = 0, nDamageRand = 0, nCostMana = 0}, --level 3
	{nDamageBase = 0, nDamageRand = 0, nCostMana = 0}, --level 4
	{nDamageBase = 0, nDamageRand = 0, nCostMana = 0}, --level 5
	{nDamageBase = 0, nDamageRand = 0, nCostMana = 0}, --level 6
	{nDamageBase = 0, nDamageRand = 0, nCostMana = 0}, --level 7
	{nDamageBase = 0, nDamageRand = 0, nCostMana = 0}, --level 8
	{nDamageBase = 0, nDamageRand = 0, nCostMana = 0}, --level 9
	{nDamageBase = 0, nDamageRand = 0, nCostMana = 0}, --level 10
}; nBaseThreat=0; nCostMana=tSkillData[dwSkillLevel].nCostMana; nMinRadius=0 * LENGTH_BASE; nMaxRadius=0 * LENGTH_BASE; nAngleRange=256; nAreaRadius=0 * LENGTH_BASE; nTargetCountLimit=2; nPrepareFrames=0; nChannelFrame=0; nWeaponDamagePercent=0	EXECUTE_SCRIPT(1,0)	L2:nDamageBase=0,nDamageRand=0,nCostMana=0; L3:nDamageBase=0,nDamageRand=0,nCostMana=0; L4:nDamageBase=0,nDamageRand=0,nCostMana=0
沙漠风暴\道具_斗转星移.lua	nDamageBase=33, nDamageRand = 5, nCostMana = 0},
}; nBaseThreat=30000; nCostMana=54; nMinRadius=0 * LENGTH_BASE; nMaxRadius=25 * LENGTH_BASE; nAngleRange=128; nAreaRadius=4 * LENGTH_BASE; nTargetCountLimit=5; nPrepareFrames=0; nChannelFrame=0; nWeaponDamagePercent=0	EXECUTE_SCRIPT(1,0)	L2:nDamageBase=33,nDamageRand=5,nCostMana=0
沙漠风暴\道具_斩无常.lua	nDamageBase=0, nDamageRand = 0, nCostMana = 0}, --level 1
	{nDamageBase = 0, nDamageRand = 0, nCostMana = 0}, --level 2
	{nDamageBase = 0, nDamageRand = 0, nCostMana = 0}, --level 3
	{nDamageBase = 0, nDamageRand = 0, nCostMana = 0}, --level 4
	{nDamageBase = 0, nDamageRand = 0, nCostMana = 0}, --level 5
	{nDamageBase = 0, nDamageRand = 0, nCostMana = 0}, --level 6
	{nDamageBase = 0, nDamageRand = 0, nCostMana = 0}, --level 7
	{nDamageBase = 0, nDamageRand = 0, nCostMana = 0}, --level 8
	{nDamageBase = 0, nDamageRand = 0, nCostMana = 0}, --level 9
	{nDamageBase = 0, nDamageRand = 0, nCostMana = 0}, --level 10
}; nBaseThreat=0; nCostMana=tSkillData[dwSkillLevel].nCostMana; nMinRadius=0 * LENGTH_BASE; nMaxRadius=6 * LENGTH_BASE; nAngleRange=256; nAreaRadius=0 * LENGTH_BASE; nTargetCountLimit=2; nPrepareFrames=0; nChannelFrame=64; nWeaponDamagePercent=0	CAST_SKILL_TARGET_DST(-27942,-22359); EXECUTE_SCRIPT(0,-22484); CAST_SKILL_TARGET_DST(-22484,-1); CAST_SKILL_TARGET_DST(27955,-22650); CAST_SKILL_TARGET_DST(30258,1); DEL_SINGLE_BUFF_BY_ID_AND_LEVEL(-16531,1)	L2:nDamageBase=0,nDamageRand=0,nCostMana=0; L3:nDamageBase=0,nDamageRand=0,nCostMana=0; L4:nDamageBase=0,nDamageRand=0,nCostMana=0
沙漠风暴\道具_斩无常_子_伤害技能.lua	nDamageBase=130, nDamageRand = 10, nCostMana = 0}, --level 1
	{nDamageBase = 130, nDamageRand = 10, nCostMana = 0}, --level 2
	{nDamageBase = 130, nDamageRand = 10, nCostMana = 0}, --level 3
	{nDamageBase = 130, nDamageRand = 10, nCostMana = 0}, --level 4
	{nDamageBase = 130, nDamageRand = 10, nCostMana = 0},--level 5
	{nDamageBase = 130, nDamageRand = 10, nCostMana = 0}, --level 6
	{nDamageBase = 130, nDamageRand = 10, nCostMana = 0}, --level 7
	{nDamageBase = 130, nDamageRand = 10, nCostMana = 0}, --level 8
}; nChannelFrame=80; nMinRadius=0 * LENGTH_BASE; nMaxRadius=6 * LENGTH_BASE; nAngleRange=256; nWeaponDamagePercent=2048; nPrepareFrames=0; nAreaRadius=6 * LENGTH_BASE; nTargetCountLimit=6		L2:nDamageBase=130,nDamageRand=10,nCostMana=0; L3:nDamageBase=130,nDamageRand=10,nCostMana=0; L4:nDamageBase=130,nDamageRand=10,nCostMana=0
沙漠风暴\道具_斩无常_子_帮自己挡技能.lua	nChannelFrame=80; nMinRadius=0 * LENGTH_BASE; nMaxRadius=6 * LENGTH_BASE; nAngleRange=256; nWeaponDamagePercent=2048; nPrepareFrames=0; nAreaRadius=6 * LENGTH_BASE; nTargetCountLimit=6		L2:nAddRage=0,nCostRage=0,nDamageBase=108,nDamageRand=3; L3:nAddRage=0,nCostRage=0,nDamageBase=124,nDamageRand=4; L4:nAddRage=0,nCostRage=0,nDamageBase=140,nDamageRand=5
沙漠风暴\道具_斩无常保队友子技能.lua	nChannelFrame=80; nMinRadius=0 * LENGTH_BASE; nMaxRadius=6 * LENGTH_BASE; nAngleRange=256; nWeaponDamagePercent=2048; nPrepareFrames=0; nAreaRadius=6 * LENGTH_BASE; nTargetCountLimit=6	EXECUTE_SCRIPT(1,0)	L2:nAddRage=0,nCostRage=0,nDamageBase=108,nDamageRand=3; L3:nAddRage=0,nCostRage=0,nDamageBase=124,nDamageRand=4; L4:nAddRage=0,nCostRage=0,nDamageBase=140,nDamageRand=5
沙漠风暴\道具_无间狱.lua	nDamageBase=0, nDamageRand = 0, nCostMana = 0}, --level 1
	{nDamageBase = 0, nDamageRand = 0, nCostMana = 0}, --level 2
	{nDamageBase = 0, nDamageRand = 0, nCostMana = 0}, --level 3
	{nDamageBase = 0, nDamageRand = 0, nCostMana = 0}, --level 4
	{nDamageBase = 0, nDamageRand = 0, nCostMana = 0}, --level 5
	{nDamageBase = 0, nDamageRand = 0, nCostMana = 0}, --level 6
	{nDamageBase = 0, nDamageRand = 0, nCostMana = 0}, --level 7
	{nDamageBase = 0, nDamageRand = 0, nCostMana = 0}, --level 8
	{nDamageBase = 0, nDamageRand = 0, nCostMana = 0}, --level 9
	{nDamageBase = 0, nDamageRand = 0, nCostMana = 0}, --level 10
}; nBaseThreat=0; nCostMana=tSkillData[dwSkillLevel].nCostMana; nMinRadius=0 * LENGTH_BASE; nMaxRadius=20 * LENGTH_BASE; nAngleRange=128; nAreaRadius=0 * LENGTH_BASE; nTargetCountLimit=2; nPrepareFrames=0; nChannelFrame=0; nWeaponDamagePercent=0	EXECUTE_SCRIPT(1,0)	L2:nDamageBase=0,nDamageRand=0,nCostMana=0; L3:nDamageBase=0,nDamageRand=0,nCostMana=0; L4:nDamageBase=0,nDamageRand=0,nCostMana=0
沙漠风暴\道具_无间狱挥砍一.lua	nDamageBase=500, nDamageRand = 15, nCostMana = 0}, --level 31
	{nDamageBase = 500, nDamageRand = 15, nCostMana = 0}, --level 31
	{nDamageBase = 500, nDamageRand = 15, nCostMana = 0}, --level 31
	{nDamageBase = 500, nDamageRand = 15, nCostMana = 0}, --level 31
	{nDamageBase = 500, nDamageRand = 15, nCostMana = 0}, --level 31
	{nDamageBase = 500, nDamageRand = 15, nCostMana = 0}, --level 31
}; nBaseThreat=30000; nCostMana=tSkillData[dwSkillLevel].nCostMana; nMinRadius=0 * LENGTH_BASE; nMaxRadius=20 * LENGTH_BASE; nAngleRange=128; nAreaRadius=10 * LENGTH_BASE; nTargetCountLimit=6; nPrepareFrames=0; nChannelFrame=0; nWeaponDamagePercent=1024	DAMAGE_TO_LIFE_FOR_SELF(307,0)	L2:nDamageBase=500,nDamageRand=15,nCostMana=0; L3:nDamageBase=500,nDamageRand=15,nCostMana=0; L4:nDamageBase=500,nDamageRand=15,nCostMana=0
沙漠风暴\道具_无间狱挥砍三.lua	nDamageBase=500, nDamageRand = 15, nCostMana = 0}, --level 31
	{nDamageBase = 500, nDamageRand = 15, nCostMana = 0}, --level 31
	{nDamageBase = 500, nDamageRand = 15, nCostMana = 0}, --level 31
	{nDamageBase = 500, nDamageRand = 15, nCostMana = 0}, --level 31
	{nDamageBase = 500, nDamageRand = 15, nCostMana = 0}, --level 31
	{nDamageBase = 500, nDamageRand = 15, nCostMana = 0}, --level 31
}; nBaseThreat=30000; nCostMana=tSkillData[dwSkillLevel].nCostMana; nMinRadius=0 * LENGTH_BASE; nMaxRadius=20 * LENGTH_BASE; nAngleRange=128; nAreaRadius=10 * LENGTH_BASE; nTargetCountLimit=6; nPrepareFrames=0; nChannelFrame=0; nWeaponDamagePercent=1024	DAMAGE_TO_LIFE_FOR_SELF(307,0)	L2:nDamageBase=500,nDamageRand=15,nCostMana=0; L3:nDamageBase=500,nDamageRand=15,nCostMana=0; L4:nDamageBase=500,nDamageRand=15,nCostMana=0
沙漠风暴\道具_无间狱挥砍二.lua	nDamageBase=500, nDamageRand = 15, nCostMana = 0}, --level 31
	{nDamageBase = 500, nDamageRand = 15, nCostMana = 0}, --level 31
	{nDamageBase = 500, nDamageRand = 15, nCostMana = 0}, --level 31
	{nDamageBase = 500, nDamageRand = 15, nCostMana = 0}, --level 31
	{nDamageBase = 500, nDamageRand = 15, nCostMana = 0}, --level 31
	{nDamageBase = 500, nDamageRand = 15, nCostMana = 0}, --level 31
}; nBaseThreat=30000; nCostMana=tSkillData[dwSkillLevel].nCostMana; nMinRadius=0 * LENGTH_BASE; nMaxRadius=20 * LENGTH_BASE; nAngleRange=128; nAreaRadius=10 * LENGTH_BASE; nTargetCountLimit=6; nPrepareFrames=0; nChannelFrame=0; nWeaponDamagePercent=1024	DAMAGE_TO_LIFE_FOR_SELF(307,0)	L2:nDamageBase=500,nDamageRand=15,nCostMana=0; L3:nDamageBase=500,nDamageRand=15,nCostMana=0; L4:nDamageBase=500,nDamageRand=15,nCostMana=0
沙漠风暴\道具_无间狱推人.lua	nDamageBase=500, nDamageRand = 15, nCostMana = 0}, --level 31
	{nDamageBase = 500, nDamageRand = 15, nCostMana = 0}, --level 31
	{nDamageBase = 500, nDamageRand = 15, nCostMana = 0}, --level 31
	{nDamageBase = 500, nDamageRand = 15, nCostMana = 0}, --level 31
	{nDamageBase = 500, nDamageRand = 15, nCostMana = 0}, --level 31
	{nDamageBase = 500, nDamageRand = 15, nCostMana = 0}, --level 31
}; nBaseThreat=30000; nCostMana=tSkillData[dwSkillLevel].nCostMana; nMinRadius=0 * LENGTH_BASE; nMaxRadius=20 * LENGTH_BASE; nAngleRange=256; nAreaRadius=10 * LENGTH_BASE; nTargetCountLimit=6; nPrepareFrames=0; nChannelFrame=0; nWeaponDamagePercent=1024	DAMAGE_TO_LIFE_FOR_SELF(307,0); CALL_REPULSED(8,0)	L2:nDamageBase=500,nDamageRand=15,nCostMana=0; L3:nDamageBase=500,nDamageRand=15,nCostMana=0; L4:nDamageBase=500,nDamageRand=15,nCostMana=0
沙漠风暴\道具_星楼月影.lua	nDamageBase=0, nDamageRand = 0, nCostMana = 0}, --level 1
}; nCostMana=476; nMinRadius=0; nMaxRadius=0; nAngleRange=256; nAreaRadius=0 * LENGTH_BASE; nTargetCountLimit=2; nPrepareFrames=0; nChannelFrame=0; nWeaponDamagePercent=0	DEL_MULTI_GROUP_BUFF_BY_FUNCTIONTYPE(4,10000); DEL_MULTI_GROUP_BUFF_BY_FUNCTIONTYPE(8,10000); DEL_MULTI_GROUP_BUFF_BY_FUNCTIONTYPE(7,10000); DEL_MULTI_GROUP_BUFF_BY_FUNCTIONTYPE(2,10000); CAST_SKILL(7276,1); CAST_SKILL(21144,1); EXECUTE_SCRIPT(0,2719)	L2:nDamageBase=0,nDamageRand=0,nCostMana=0
沙漠风暴\道具_春泥护花.lua	nDamageBase=0, nDamageRand = 0, nCostMana = 0}, --level 1

}; nCostMana=tSkillData[dwSkillLevel].nCostMana; nMinRadius=0 * LENGTH_BASE; nMaxRadius=20 * LENGTH_BASE; nAngleRange=256; nAreaRadius=0 * LENGTH_BASE; nTargetCountLimit=2; nPrepareFrames=0; nChannelFrame=0; nWeaponDamagePercent=0	CLEAR_COOL_DOWN(-1419,-0); EXECUTE_SCRIPT(0,2719)	L2:nDamageBase=0,nDamageRand=0,nCostMana=0
沙漠风暴\道具_春泥护花_被击后驱散.lua	nDamageBase=0, nDamageRand = 0, nCostMana = 0}, --level 1

}; nBaseThreat=0; nCostMana=tSkillData[dwSkillLevel].nCostMana; nMinRadius=0 * LENGTH_BASE; nMaxRadius=5 * LENGTH_BASE; nAngleRange=256; nAreaRadius=0 * LENGTH_BASE; nTargetCountLimit=2; nPrepareFrames=0; nChannelFrame=0; nWeaponDamagePercent=0	EXECUTE_SCRIPT(1,0); DEL_SINGLE_BUFF_BY_ID_AND_LEVEL(20257,1)	L2:nDamageBase=0,nDamageRand=0,nCostMana=0
沙漠风暴\道具_暗尘弥散.lua	nDamageBase=0, nDamageRand = 0, nCostMana = 0}, --level 1
	{nDamageBase = 0, nDamageRand = 0, nCostMana = 0}, --level 2
	{nDamageBase = 0, nDamageRand = 0, nCostMana = 0}, --level 3
	{nDamageBase = 0, nDamageRand = 0, nCostMana = 0}, --level 4
	{nDamageBase = 0, nDamageRand = 0, nCostMana = 0}, --level 5
	{nDamageBase = 0, nDamageRand = 0, nCostMana = 0}, --level 6
	{nDamageBase = 0, nDamageRand = 0, nCostMana = 0}, --level 7
	{nDamageBase = 0, nDamageRand = 0, nCostMana = 0}, --level 8
	{nDamageBase = 0, nDamageRand = 0, nCostMana = 0}, --level 9
	{nDamageBase = 0, nDamageRand = 0, nCostMana = 0}, --level 10
}; nBaseThreat=0; nCostMana=tSkillData[dwSkillLevel].nCostMana; nMinRadius=0 * LENGTH_BASE; nMaxRadius=0 * LENGTH_BASE; nAngleRange=256; nAreaRadius=0 * LENGTH_BASE; nTargetCountLimit=2; nPrepareFrames=0; nChannelFrame=0; nWeaponDamagePercent=0	EXECUTE_SCRIPT(0,21144); CAST_SKILL(21144,1); DEL_MULTI_GROUP_BUFF_BY_FUNCTIONTYPE(4,10000); DEL_MULTI_GROUP_BUFF_BY_FUNCTIONTYPE(8,10000); DEL_MULTI_GROUP_BUFF_BY_FUNCTIONTYPE(7,10000); DEL_MULTI_GROUP_BUFF_BY_FUNCTIONTYPE(2,10000); CAST_SKILL(7276,1); RESET_COOL_DOWN(735,0); RESET_COOL_DOWN(736,0); EXECUTE_SCRIPT(-0,6279)	L2:nDamageBase=0,nDamageRand=0,nCostMana=0; L3:nDamageBase=0,nDamageRand=0,nCostMana=0; L4:nDamageBase=0,nDamageRand=0,nCostMana=0
沙漠风暴\道具_暗尘弥散技能事件_删buff.lua	nDamageBase=0, nDamageRand = 0, nCostMana = 0}, --level 1
	{nDamageBase = 0, nDamageRand = 0, nCostMana = 0}, --level 2
	{nDamageBase = 0, nDamageRand = 0, nCostMana = 0}, --level 3
	{nDamageBase = 0, nDamageRand = 0, nCostMana = 0}, --level 4
	{nDamageBase = 0, nDamageRand = 0, nCostMana = 0}, --level 5
	{nDamageBase = 0, nDamageRand = 0, nCostMana = 0}, --level 6
	{nDamageBase = 0, nDamageRand = 0, nCostMana = 0}, --level 7
	{nDamageBase = 0, nDamageRand = 0, nCostMana = 0}, --level 8
	{nDamageBase = 0, nDamageRand = 0, nCostMana = 0}, --level 9
	{nDamageBase = 0, nDamageRand = 0, nCostMana = 0}, --level 10
}; nBaseThreat=0; nCostMana=tSkillData[dwSkillLevel].nCostMana; nMinRadius=0 * LENGTH_BASE; nMaxRadius=20 * LENGTH_BASE; nAngleRange=256; nAreaRadius=0 * LENGTH_BASE; nTargetCountLimit=2; nPrepareFrames=0; nChannelFrame=0; nWeaponDamagePercent=0	EXECUTE_SCRIPT(0)	L2:nDamageBase=0,nDamageRand=0,nCostMana=0; L3:nDamageBase=0,nDamageRand=0,nCostMana=0; L4:nDamageBase=0,nDamageRand=0,nCostMana=0
沙漠风暴\道具_极乐引.lua	nDamageBase=0, nDamageRand = 0, nCostMana = 0}, --level 1
	{nDamageBase = 0, nDamageRand = 0, nCostMana = 0}, --level 2
	{nDamageBase = 0, nDamageRand = 0, nCostMana = 0}, --level 3
	{nDamageBase = 0, nDamageRand = 0, nCostMana = 0}, --level 4
	{nDamageBase = 0, nDamageRand = 0, nCostMana = 0}, --level 5
	{nDamageBase = 0, nDamageRand = 0, nCostMana = 0}, --level 6
	{nDamageBase = 0, nDamageRand = 0, nCostMana = 0}, --level 7
	{nDamageBase = 0, nDamageRand = 0, nCostMana = 0}, --level 8
	{nDamageBase = 0, nDamageRand = 0, nCostMana = 0}, --level 9
	{nDamageBase = 0, nDamageRand = 0, nCostMana = 0}, --level 10
}; nBaseThreat=0; nCostMana=tSkillData[dwSkillLevel].nCostMana; nMinRadius=0 * LENGTH_BASE; nMaxRadius=20 * LENGTH_BASE; nAngleRange=256; nAreaRadius=10 * LENGTH_BASE; nTargetCountLimit=6; nPrepareFrames=0; nChannelFrame=0; nWeaponDamagePercent=0	KNOCKED_BACK_RATE(1024,0); PULL(100,0); EXECUTE_SCRIPT(1,0); EXECUTE_SCRIPT(-0,6279)	L2:nDamageBase=0,nDamageRand=0,nCostMana=0; L3:nDamageBase=0,nDamageRand=0,nCostMana=0; L4:nDamageBase=0,nDamageRand=0,nCostMana=0
沙漠风暴\道具_枯残蛊.lua	nDamageBase=0, nDamageRand = 0, nCostMana = 0}, --level 1
	{nDamageBase = 0, nDamageRand = 0, nCostMana = 0}, --level 2
	{nDamageBase = 0, nDamageRand = 0, nCostMana = 0}, --level 3
	{nDamageBase = 0, nDamageRand = 0, nCostMana = 0}, --level 4
	{nDamageBase = 0, nDamageRand = 0, nCostMana = 0}, --level 5
	{nDamageBase = 0, nDamageRand = 0, nCostMana = 0}, --level 6
	{nDamageBase = 0, nDamageRand = 0, nCostMana = 0}, --level 7
	{nDamageBase = 0, nDamageRand = 0, nCostMana = 0}, --level 8
	{nDamageBase = 0, nDamageRand = 0, nCostMana = 0}, --level 9
	{nDamageBase = 0, nDamageRand = 0, nCostMana = 0}, --level 10
}; nBaseThreat=0; nCostMana=tSkillData[dwSkillLevel].nCostMana; nMinRadius=0 * LENGTH_BASE; nMaxRadius=20 * LENGTH_BASE; nAngleRange=256; nAreaRadius=6 * LENGTH_BASE; nTargetCountLimit=5; nPrepareFrames=24; nChannelFrame=0; nWeaponDamagePercent=0	DETACH_SINGLE_BUFF(4,1); DETACH_SINGLE_BUFF(6,1); DETACH_SINGLE_BUFF(8,1); DETACH_SINGLE_BUFF(10,1); DETACH_SINGLE_BUFF(12,1)	L2:nDamageBase=0,nDamageRand=0,nCostMana=0; L3:nDamageBase=0,nDamageRand=0,nCostMana=0; L4:nDamageBase=0,nDamageRand=0,nCostMana=0
沙漠风暴\道具_梯云纵.lua	nCostMana=tSkillData[dwSkillLevel].nCostMana 
	--skill.nCostManaBasePercent = 68; nAngleRange=256; nAreaRadius=10 * LENGTH_BASE; nPrepareFrames=0	CLEAR_COOL_DOWN(88,0); CLEAR_COOL_DOWN(165,0); CAST_SKILL_TARGET_DST(27881,27880); CAST_SKILL_TARGET_DST(27880,208)	L2:nBuffLevel=1,nCostMana=26; L3:nBuffLevel=2,nCostMana=47; L4:nBuffLevel=3,nCostMana=65
沙漠风暴\道具_梯云纵_战斗状态.lua	nCostMana=tSkillData[dwSkillLevel].nCostMana; nMinRadius=0 * LENGTH_BASE; nMaxRadius=0 * LENGTH_BASE; nAngleRange=256; nAreaRadius=0 * LENGTH_BASE; nTargetCountLimit=2; nPrepareFrames=0; nChannelFrame=0; nWeaponDamagePercent=0	EXECUTE_SCRIPT(0)	L2:nRefMana=1832
沙漠风暴\道具_梯云纵_非战斗状态.lua	nCostMana=tSkillData[dwSkillLevel].nCostMana; nMinRadius=0 * LENGTH_BASE; nMaxRadius=0 * LENGTH_BASE; nAngleRange=256; nAreaRadius=0 * LENGTH_BASE; nTargetCountLimit=2; nPrepareFrames=0; nChannelFrame=0; nWeaponDamagePercent=0	EXECUTE_SCRIPT(0)	L2:nRefMana=1832
沙漠风暴\道具_楚河汉界.lua	nDamageBase=0, nDamageRand = 0, nCostMana = 0}, --level 1
	{nDamageBase = 0, nDamageRand = 0, nCostMana = 0}, --level 2
	{nDamageBase = 0, nDamageRand = 0, nCostMana = 0}, --level 3
	{nDamageBase = 0, nDamageRand = 0, nCostMana = 0}, --level 4
	{nDamageBase = 0, nDamageRand = 0, nCostMana = 0}, --level 5
	{nDamageBase = 0, nDamageRand = 0, nCostMana = 0}, --level 6
	{nDamageBase = 0, nDamageRand = 0, nCostMana = 0}, --level 7
	{nDamageBase = 0, nDamageRand = 0, nCostMana = 0}, --level 8
	{nDamageBase = 0, nDamageRand = 0, nCostMana = 0}, --level 9
	{nDamageBase = 0, nDamageRand = 0, nCostMana = 0}, --level 10
}; nBaseThreat=0; nCostMana=tSkillData[dwSkillLevel].nCostMana; nMinRadius=0 * LENGTH_BASE; nMaxRadius=4 * LENGTH_BASE; nAngleRange=256; nAreaRadius=0 * LENGTH_BASE; nTargetCountLimit=2; nPrepareFrames=0; nChannelFrame=0; nWeaponDamagePercent=0	CAST_SKILL(16845,1); EXECUTE_SCRIPT(1,0)	L2:nDamageBase=0,nDamageRand=0,nCostMana=0; L3:nDamageBase=0,nDamageRand=0,nCostMana=0; L4:nDamageBase=0,nDamageRand=0,nCostMana=0
沙漠风暴\道具_洗兵雨.lua	nDamageBase=0, nDamageRand = 0, nCostMana = 0}, --level 1
	{nDamageBase = 0, nDamageRand = 0, nCostMana = 0}, --level 2
	{nDamageBase = 0, nDamageRand = 0, nCostMana = 0}, --level 3
	{nDamageBase = 0, nDamageRand = 0, nCostMana = 0}, --level 4
	{nDamageBase = 0, nDamageRand = 0, nCostMana = 0}, --level 5
	{nDamageBase = 0, nDamageRand = 0, nCostMana = 0}, --level 6
	{nDamageBase = 0, nDamageRand = 0, nCostMana = 0}, --level 7
	{nDamageBase = 0, nDamageRand = 0, nCostMana = 0}, --level 8
	{nDamageBase = 0, nDamageRand = 0, nCostMana = 0}, --level 9
	{nDamageBase = 0, nDamageRand = 0, nCostMana = 0}, --level 10
}; nBaseThreat=0; nCostMana=tSkillData[dwSkillLevel].nCostMana; nMinRadius=0 * LENGTH_BASE; nMaxRadius=4 * LENGTH_BASE; nAngleRange=128; nAreaRadius=0 * LENGTH_BASE; nTargetCountLimit=2; nPrepareFrames=0; nChannelFrame=0; nWeaponDamagePercent=0	EXECUTE_SCRIPT(1,0)	L2:nDamageBase=0,nDamageRand=0,nCostMana=0; L3:nDamageBase=0,nDamageRand=0,nCostMana=0; L4:nDamageBase=0,nDamageRand=0,nCostMana=0
沙漠风暴\道具_浮光掠影.lua	nDamageBase=0, nDamageRand = 0, nCostMana = 0}, --level 1
	{nDamageBase = 0, nDamageRand = 0, nCostMana = 0}, --level 2
	{nDamageBase = 0, nDamageRand = 0, nCostMana = 0}, --level 3
	{nDamageBase = 0, nDamageRand = 0, nCostMana = 0}, --level 4
	{nDamageBase = 0, nDamageRand = 0, nCostMana = 0}, --level 5
	{nDamageBase = 0, nDamageRand = 0, nCostMana = 0}, --level 6
	{nDamageBase = 0, nDamageRand = 0, nCostMana = 0}, --level 7
	{nDamageBase = 0, nDamageRand = 0, nCostMana = 0}, --level 8
	{nDamageBase = 0, nDamageRand = 0, nCostMana = 0}, --level 9
	{nDamageBase = 0, nDamageRand = 0, nCostMana = 0}, --level 10
}; nBaseThreat=0; nCostMana=tSkillData[dwSkillLevel].nCostMana; nMinRadius=0 * LENGTH_BASE; nMaxRadius=4 * LENGTH_BASE; nAngleRange=256; nAreaRadius=0 * LENGTH_BASE; nTargetCountLimit=2; nPrepareFrames=0; nChannelFrame=0; nWeaponDamagePercent=0	CAST_SKILL(21144,1); DEL_MULTI_GROUP_BUFF_BY_FUNCTIONTYPE(4,10000); DEL_MULTI_GROUP_BUFF_BY_FUNCTIONTYPE(8,10000); DEL_MULTI_GROUP_BUFF_BY_FUNCTIONTYPE(7,10000); DEL_MULTI_GROUP_BUFF_BY_FUNCTIONTYPE(2,10000); CAST_SKILL(7276,1)	L2:nDamageBase=0,nDamageRand=0,nCostMana=0; L3:nDamageBase=0,nDamageRand=0,nCostMana=0; L4:nDamageBase=0,nDamageRand=0,nCostMana=0
沙漠风暴\道具_游风飘踪.lua	nDamageBase=0, nDamageRand = 0, nCostMana = 286}, --level 1
}; nCostMana=476; nMinRadius=0; nMaxRadius=0; nAngleRange=256; nAreaRadius=0 * LENGTH_BASE; nTargetCountLimit=2; nPrepareFrames=0; nChannelFrame=0; nWeaponDamagePercent=0	EXECUTE_SCRIPT(0,4053)	L2:nDamageBase=0,nDamageRand=0,nCostMana=286
沙漠风暴\道具_游风飘踪解控子技能.lua	nDamageBase=0, nDamageRand = 0, nCostMana = 286}, --level 1
}; nCostMana=476; nMinRadius=0; nMaxRadius=0; nAngleRange=256; nAreaRadius=0 * LENGTH_BASE; nTargetCountLimit=2; nPrepareFrames=0; nChannelFrame=0; nWeaponDamagePercent=0	DEL_MULTI_GROUP_BUFF_BY_FUNCTIONTYPE(2,10000); DEL_MULTI_GROUP_BUFF_BY_FUNCTIONTYPE(4,10000); DEL_MULTI_GROUP_BUFF_BY_FUNCTIONTYPE(8,10000); DEL_MULTI_GROUP_BUFF_BY_FUNCTIONTYPE(7,10000); CAST_SKILL(7276,1); CAST_SKILL(21144,1); EXECUTE_SCRIPT(0,2719)	L2:nDamageBase=0,nDamageRand=0,nCostMana=286
沙漠风暴\道具_烟雨行.lua	nDamageBase=0, nDamageRand = 0, nCostMana = 0}, --level 1
	{nDamageBase = 0, nDamageRand = 0, nCostMana = 0}, --level 2
	{nDamageBase = 0, nDamageRand = 0, nCostMana = 0}, --level 3
	{nDamageBase = 0, nDamageRand = 0, nCostMana = 0}, --level 4
	{nDamageBase = 0, nDamageRand = 0, nCostMana = 0}, --level 5
	{nDamageBase = 0, nDamageRand = 0, nCostMana = 0}, --level 6
	{nDamageBase = 0, nDamageRand = 0, nCostMana = 0}, --level 7
	{nDamageBase = 0, nDamageRand = 0, nCostMana = 0}, --level 8
	{nDamageBase = 0, nDamageRand = 0, nCostMana = 0}, --level 9
	{nDamageBase = 0, nDamageRand = 0, nCostMana = 0}, --level 10
}; nBaseThreat=0; nCostMana=tSkillData[dwSkillLevel].nCostMana; nMinRadius=0 * LENGTH_BASE; nMaxRadius=4 * LENGTH_BASE; nAngleRange=256; nAreaRadius=6 * LENGTH_BASE; nTargetCountLimit=5; nPrepareFrames=0; nChannelFrame=0; nWeaponDamagePercent=0	DEL_MULTI_GROUP_BUFF_BY_FUNCTIONTYPE(8,10000); DEL_MULTI_GROUP_BUFF_BY_FUNCTIONTYPE(4,10000); DEL_MULTI_GROUP_BUFF_BY_FUNCTIONTYPE(7,10000); DEL_MULTI_GROUP_BUFF_BY_FUNCTIONTYPE(2,10000); SKILL_MOVE(43,1)	L2:nDamageBase=0,nDamageRand=0,nCostMana=0; L3:nDamageBase=0,nDamageRand=0,nCostMana=0; L4:nDamageBase=0,nDamageRand=0,nCostMana=0
沙漠风暴\道具_琴音共鸣.lua	nDamageBase=0, nDamageRand = 0, nCostMana = 0}, --level 1
	{nDamageBase = 0, nDamageRand = 0, nCostMana = 0}, --level 2
	{nDamageBase = 0, nDamageRand = 0, nCostMana = 0}, --level 3
	{nDamageBase = 0, nDamageRand = 0, nCostMana = 0}, --level 4
	{nDamageBase = 0, nDamageRand = 0, nCostMana = 0}, --level 5
	{nDamageBase = 0, nDamageRand = 0, nCostMana = 0}, --level 6
	{nDamageBase = 0, nDamageRand = 0, nCostMana = 0}, --level 7
	{nDamageBase = 0, nDamageRand = 0, nCostMana = 0}, --level 8
	{nDamageBase = 0, nDamageRand = 0, nCostMana = 0}, --level 9
	{nDamageBase = 0, nDamageRand = 0, nCostMana = 0}, --level 10
}; nBaseThreat=0; nCostMana=tSkillData[dwSkillLevel].nCostMana; nMinRadius=0 * LENGTH_BASE; nMaxRadius=20 * LENGTH_BASE; nAngleRange=256; nAreaRadius=0 * LENGTH_BASE; nTargetCountLimit=2; nPrepareFrames=0; nChannelFrame=0; nWeaponDamagePercent=0	STEAL_BUFF(0,1); STEAL_BUFF(0,1)	L2:nDamageBase=0,nDamageRand=0,nCostMana=0; L3:nDamageBase=0,nDamageRand=0,nCostMana=0; L4:nDamageBase=0,nDamageRand=0,nCostMana=0
沙漠风暴\道具_生太极.lua	nDamageBase=0, nDamageRand = 0, nCostMana = 47}, --level 1
}; nCostMana=tSkillData[dwSkillLevel].nCostMana * 0.7; nMinRadius=0; nMaxRadius=20 * LENGTH_BASE; nAngleRange=256; nAreaRadius=0 * LENGTH_BASE; nTargetCountLimit=2; nPrepareFrames=16; nChannelFrame=0; nWeaponDamagePercent=0	EXECUTE_SCRIPT(1,0); EXECUTE_SCRIPT(90,1); CAST_SKILL(315,1)	L2:nDamageBase=0,nDamageRand=0,nCostMana=47
沙漠风暴\道具_生太极减益释放.lua	nDamageBase=0, nDamageRand = 0, nCostMana = 0}, --level 1

}; nCostMana=tSkillData[dwSkillLevel].nCostMana; nMinRadius=0 * LENGTH_BASE; nMaxRadius=50 * LENGTH_BASE; nAngleRange=256; nAreaRadius=10 * LENGTH_BASE; nTargetCountLimit=25; nPrepareFrames=0; nChannelFrame=0; nWeaponDamagePercent=0	EXECUTE_SCRIPT(1,0)	L2:nDamageBase=0,nDamageRand=0,nCostMana=0
沙漠风暴\道具_疾如风.lua	nCostMana=23, nBuffID = 200, nBuffLevel = 1}, -- Level 1
	{nCostMana = 28, nBuffID = 200, nBuffLevel = 2}, -- Level 2
	{nCostMana = 34, nBuffID = 200, nBuffLevel = 3}, -- Level 3
	{nCostMana = 39, nBuffID = 200, nBuffLevel = 4}, -- Level 4
	{nCostMana = 45, nBuffID = 200, nBuffLevel = 5}, -- Level 5
}; nMinRadius=0											--技能施放最小半径
	skill.nMaxRadius = MELEE_ATTACK_DISTANCE; nAngleRange=128; nPrepareFrames=0	DEL_MULTI_GROUP_BUFF_BY_FUNCTIONTYPE(2,9999); DEL_MULTI_GROUP_BUFF_BY_FUNCTIONTYPE(3,9999); DEL_MULTI_GROUP_BUFF_BY_FUNCTIONTYPE(4,9999); DEL_MULTI_GROUP_BUFF_BY_FUNCTIONTYPE(6,9999); DEL_MULTI_GROUP_BUFF_BY_FUNCTIONTYPE(8,9999); DEL_MULTI_GROUP_BUFF_BY_FUNCTIONTYPE(7,9999); CAST_SKILL_TARGET_SRC(-705,-1); CAST_SKILL_TARGET_DST(7276,1); CAST_SKILL(21144,1); EXECUTE_SCRIPT(1,0)	L2:nCostMana=23,nBuffID=200,nBuffLevel=1; L3:nCostMana=28,nBuffID=200,nBuffLevel=2; L4:nCostMana=34,nBuffID=200,nBuffLevel=3
沙漠风暴\道具_疾电叱羽.lua	nDamageBase=0, nDamageRand = 0, nCostMana = 0}, --level 1
}; nBaseThreat=0; nCostMana=tSkillData[dwSkillLevel].nCostMana; nMinRadius=0 * LENGTH_BASE; nMaxRadius=20 * LENGTH_BASE; nAngleRange=256; nAreaRadius=0 * LENGTH_BASE; nTargetCountLimit=2; nPrepareFrames=0; nChannelFrame=0; nWeaponDamagePercent=0	CAST_SKILL(20990,1); EXECUTE_SCRIPT(1,0)	L2:nDamageBase=0,nDamageRand=0,nCostMana=0
沙漠风暴\道具_疾电叱羽承伤AOE.lua	nDamageBase=0, nDamageRand = 0, nCostMana = 0}, --level 1

}; nCostMana=tSkillData[dwSkillLevel].nCostMana; nMinRadius=0 * LENGTH_BASE; nMaxRadius=50 * LENGTH_BASE; nAngleRange=256; nAreaRadius=6 * LENGTH_BASE; nTargetCountLimit=40; nChannelFrame=0; nWeaponDamagePercent=0	EXECUTE_SCRIPT(1,0)	L2:nDamageBase=0,nDamageRand=0,nCostMana=0
沙漠风暴\道具_盾立.lua	nDamageBase=0, nDamageRand = 0, nCostMana = 0}, --level 1
	{nDamageBase = 0, nDamageRand = 0, nCostMana = 0}, --level 2
	{nDamageBase = 0, nDamageRand = 0, nCostMana = 0}, --level 3
	{nDamageBase = 0, nDamageRand = 0, nCostMana = 0}, --level 4
	{nDamageBase = 0, nDamageRand = 0, nCostMana = 0}, --level 5
	{nDamageBase = 0, nDamageRand = 0, nCostMana = 0}, --level 6
	{nDamageBase = 0, nDamageRand = 0, nCostMana = 0}, --level 7
	{nDamageBase = 0, nDamageRand = 0, nCostMana = 0}, --level 8
	{nDamageBase = 0, nDamageRand = 0, nCostMana = 0}, --level 9
	{nDamageBase = 0, nDamageRand = 0, nCostMana = 0}, --level 10
}; nBaseThreat=0; nCostMana=tSkillData[dwSkillLevel].nCostMana; nMinRadius=0 * LENGTH_BASE; nMaxRadius=4 * LENGTH_BASE; nAngleRange=256; nAreaRadius=0 * LENGTH_BASE; nTargetCountLimit=2; nPrepareFrames=0; nChannelFrame=0; nWeaponDamagePercent=0	EXECUTE_SCRIPT(0,-104); SKILL_MOVE(-104,-1)	L2:nDamageBase=0,nDamageRand=0,nCostMana=0; L3:nDamageBase=0,nDamageRand=0,nCostMana=0; L4:nDamageBase=0,nDamageRand=0,nCostMana=0
沙漠风暴\道具_禁断长生8尺.lua	nDamageBase=40857, nDamageRand = 0, nCostMana = 0}, --level 1
	{nDamageBase = 42500, nDamageRand = 0, nCostMana = 0}, --level 2
	{nDamageBase = 22600, nDamageRand = 0, nCostMana = 0}, --level 3
	{nDamageBase = 0, nDamageRand = 0, nCostMana = 0}, --level 4
	{nDamageBase = 0, nDamageRand = 0, nCostMana = 0}, --level 5
	{nDamageBase = 0, nDamageRand = 0, nCostMana = 0}, --level 6
	{nDamageBase = 0, nDamageRand = 0, nCostMana = 0}, --level 7
	{nDamageBase = 0, nDamageRand = 0, nCostMana = 0}, --level 8
	{nDamageBase = 0, nDamageRand = 0, nCostMana = 0}, --level 9
	{nDamageBase = 0, nDamageRand = 0, nCostMana = 0}, --level 10
}; nMinRadius=0 * LENGTH_BASE; nMaxRadius=8 * LENGTH_BASE; nAreaRadius=8 * LENGTH_BASE; nAngleRange=256; nTargetCountLimit=20	CALL_KNOCKED_OFF_PARABOLA(400,10); EXECUTE_SCRIPT_WITH_PARAM(8); EXECUTE_SCRIPT_WITH_PARAM(8,0)	L2:nDamageBase=40857,nDamageRand=0,nCostMana=0; L3:nDamageBase=42500,nDamageRand=0,nCostMana=0; L4:nDamageBase=22600,nDamageRand=0,nCostMana=0
沙漠风暴\道具_禁断长生伤害子技能.lua	nDamageBase=40000*0.9*0.4, nDamageRand = 0, nCostMana = 0}, --level 1	
	{nDamageBase = 86498*0.9*0.4, nDamageRand = 0, nCostMana = 0}, --level 1
	{nDamageBase = 86498*0.9*0.4, nDamageRand = 0, nCostMana = 0}, --level 2
	{nDamageBase = 86498*0.9*0.4, nDamageRand = 0, nCostMana = 0}, --level 3
	{nDamageBase = 86498*0.9*0.4, nDamageRand = 0, nCostMana = 0}, --level 4
	{nDamageBase = 86498*0.9*0.4, nDamageRand = 0, nCostMana = 0}, --level 5
}; nMaxRadius=200 * LENGTH_BASE; nAngleRange=256; nAreaRadius=100 * LENGTH_BASE; nTargetCountLimit=-1	CALL_BUFF(-18943,-1)	L2:nDamageBase=40000*0.9*0.4,nDamageRand=0,nCostMana=0; L3:nDamageBase=86498*0.9*0.4,nDamageRand=0,nCostMana=0; L4:nDamageBase=86498*0.9*0.4,nDamageRand=0,nCostMana=0
沙漠风暴\道具_穹隆化生.lua	nDashFrame=100},
	{nDashFrame = 12},
	{nDashFrame = 14},
	{nDashFrame = 16},
}; nMaxRadius=4 * LENGTH_BASE; nAngleRange=64; nPrepareFrames=0	EXECUTE_SCRIPT(0,4053)	L2:nDashFrame=100; L3:nDashFrame=12; L4:nDashFrame=14
沙漠风暴\道具_穹隆化生_瞬发太极.lua	nDamageBase=0, nDamageRand = 0, nCostMana = 47}, --level 1
}; nCostMana=tSkillData[dwSkillLevel].nCostMana * 0.7; nMinRadius=0; nMaxRadius=20 * LENGTH_BASE; nAngleRange=256; nAreaRadius=0 * LENGTH_BASE; nTargetCountLimit=2; nPrepareFrames=16; nChannelFrame=0; nWeaponDamagePercent=0	EXECUTE_SCRIPT(1,0); EXECUTE_SCRIPT(90,1); CAST_SKILL(315,1)	L2:nDamageBase=0,nDamageRand=0,nCostMana=47
沙漠风暴\道具_笑醉狂.lua	nDamageBase=0, nDamageRand = 0, nCostMana = 0}, --level 1
	{nDamageBase = 0, nDamageRand = 0, nCostMana = 0}, --level 2
	{nDamageBase = 0, nDamageRand = 0, nCostMana = 0}, --level 3
	{nDamageBase = 0, nDamageRand = 0, nCostMana = 0}, --level 4
	{nDamageBase = 0, nDamageRand = 0, nCostMana = 0}, --level 5
	{nDamageBase = 0, nDamageRand = 0, nCostMana = 0}, --level 6
	{nDamageBase = 0, nDamageRand = 0, nCostMana = 0}, --level 7
	{nDamageBase = 0, nDamageRand = 0, nCostMana = 0}, --level 8
	{nDamageBase = 0, nDamageRand = 0, nCostMana = 0}, --level 9
	{nDamageBase = 0, nDamageRand = 0, nCostMana = 0}, --level 10
}; nBaseThreat=0; nCostMana=tSkillData[dwSkillLevel].nCostMana; nMinRadius=0 * LENGTH_BASE; nMaxRadius=4 * LENGTH_BASE; nAngleRange=256; nAreaRadius=0 * LENGTH_BASE; nTargetCountLimit=2; nPrepareFrames=0; nChannelFrame=153; nWeaponDamagePercent=0	EXECUTE_SCRIPT(1,0)	L2:nDamageBase=0,nDamageRand=0,nCostMana=0; L3:nDamageBase=0,nDamageRand=0,nCostMana=0; L4:nDamageBase=0,nDamageRand=0,nCostMana=0
沙漠风暴\道具_紫气东来.lua	nDamageBase=0, nDamageRand = 0, nCostMana = 0}, --level 1
}; nCostMana=tSkillData[dwSkillLevel].nCostMana; nMinRadius=0 * LENGTH_BASE; nMaxRadius=5 * LENGTH_BASE; nAngleRange=256; nAreaRadius=0 * LENGTH_BASE; nTargetCountLimit=2; nPrepareFrames=0; nChannelFrame=0; nWeaponDamagePercent=0	EXECUTE_SCRIPT(0,1)	L2:nDamageBase=0,nDamageRand=0,nCostMana=0
沙漠风暴\道具_绛唇珠袖.lua	nCostMana=0},
	{nCostMana = 0},
	{nCostMana = 0},
	{nCostMana = 0},
	{nCostMana = 0}
}; nMinRadius=0; nMaxRadius=22 * LENGTH_BASE; nAngleRange=256; nPrepareFrames=0		L2:nCostMana=0; L3:nCostMana=0; L4:nCostMana=0
沙漠风暴\道具_绛唇珠袖技能事件效果.lua	nMinRadius=0; nMaxRadius=5 * LENGTH_BASE; nAngleRange=256; nPrepareFrames=0	SKILL_ADAPTIVE_DAMAGE(1,1); SKILL_ADAPTIVE_DAMAGE_RAND(1,1); CALL_ADAPTIVE_DAMAGE(1,0); DEL_SINGLE_BUFF_BY_ID_AND_LEVEL(23968,1); EXECUTE_SCRIPT(1,0)	L2:nDamage=115,nDamageRand=5; L3:nDamage=163,nDamageRand=5; L4:nDamage=211,nDamageRand=5
沙漠风暴\道具_绿野蔓生.lua	nDamageBase=400, nDamageRand = 15, nCostMana = 0}, --level 1
	{nDamageBase = 0, nDamageRand = 0, nCostMana = 0}, --level 2
	{nDamageBase = 0, nDamageRand = 0, nCostMana = 0}, --level 3
	{nDamageBase = 0, nDamageRand = 0, nCostMana = 0}, --level 4
	{nDamageBase = 0, nDamageRand = 0, nCostMana = 0}, --level 5
	{nDamageBase = 0, nDamageRand = 0, nCostMana = 0}, --level 6
	{nDamageBase = 0, nDamageRand = 0, nCostMana = 0}, --level 7
	{nDamageBase = 0, nDamageRand = 0, nCostMana = 0}, --level 8
	{nDamageBase = 0, nDamageRand = 0, nCostMana = 0}, --level 9
	{nDamageBase = 0, nDamageRand = 0, nCostMana = 0}, --level 10
}; nBaseThreat=30000; nCostMana=tSkillData[dwSkillLevel].nCostMana; nMinRadius=0 * LENGTH_BASE; nMaxRadius=20 * LENGTH_BASE; nAngleRange=128; nAreaRadius=4 * LENGTH_BASE; nTargetCountLimit=5; nPrepareFrames=0; nChannelFrame=0; nWeaponDamagePercent=0	DEL_MULTI_GROUP_BUFF_BY_FUNCTIONTYPE(4,10000); DEL_MULTI_GROUP_BUFF_BY_FUNCTIONTYPE(8,10000); DEL_MULTI_GROUP_BUFF_BY_FUNCTIONTYPE(7,10000); DEL_MULTI_GROUP_BUFF_BY_FUNCTIONTYPE(2,10000); CAST_SKILL(7276,1); CAST_SKILL(21144,1); EXECUTE_SCRIPT(1,0)	L2:nDamageBase=400,nDamageRand=15,nCostMana=0; L3:nDamageBase=0,nDamageRand=0,nCostMana=0; L4:nDamageBase=0,nDamageRand=0,nCostMana=0
沙漠风暴\道具_绿野蔓生击退目标子技能.lua	nDamageBase=33, nDamageRand = 5, nCostMana = 0},
	{nDamageBase = 45, nDamageRand = 5, nCostMana = 0},
	{nDamageBase = 58, nDamageRand = 5, nCostMana = 0},
	{nDamageBase = 70, nDamageRand = 5, nCostMana = 0},
	{nDamageBase = 83, nDamageRand = 5, nCostMana = 0},
	{nDamageBase = 95, nDamageRand = 5, nCostMana = 0},
	{nDamageBase = 107, nDamageRand = 5, nCostMana = 0},
	{nDamageBase = 120, nDamageRand = 5, nCostMana = 0},
	{nDamageBase = 132, nDamageRand = 10, nCostMana = 0},
	{nDamageBase = 144, nDamageRand = 10, nCostMana = 0},
	{nDamageBase = 157, nDamageRand = 10, nCostMana = 0},
	{nDamageBase = 169, nDamageRand = 10, nCostMana = 0},
	{nDamageBase = 182, nDamageRand = 10, nCostMana = 0},
	{nDamageBase = 194, nDamageRand = 10, nCostMana = 0},
	{nDamageBase = 206, nDamageRand = 10, nCostMana = 0},
	{nDamageBase = 219, nDamageRand = 10, nCostMana = 0},
	{nDamageBase = 231, nDamageRand = 10, nCostMana = 0},
	{nDamageBase = 244, nDamageRand = 10, nCostMana = 0},
	{nDamageBase = 256, nDamageRand = 15, nCostMana = 0},
	{nDamageBase = 268, nDamageRand = 15, nCostMana = 0},
	{nDamageBase = 281, nDamageRand = 15, nCostMana = 0},
	{nDamageBase = 293, nDamageRand = 15, nCostMana = 0},
	{nDamageBase = 306, nDamageRand = 15, nCostMana = 0},
	{nDamageBase = 318, nDamageRand = 15, nCostMana = 0},
	{nDamageBase = 330, nDamageRand = 15, nCostMana = 0},
	{nDamageBase = 343, nDamageRand = 15, nCostMana = 0},
	{nDamageBase = 355, nDamageRand = 15, nCostMana = 0},
	{nDamageBase = 367, nDamageRand = 15, nCostMana = 0},
	{nDamageBase = 380, nDamageRand = 15, nCostMana = 0},
	{nDamageBase = 392, nDamageRand = 15, nCostMana = 0},
	{nDamageBase = 405, nDamageRand = 15, nCostMana = 0},
	{nDamageBase = 417, nDamageRand = 15, nCostMana = 0},

}; nBaseThreat=30000; nCostMana=tSkillData[dwSkillLevel].nCostMana; nMinRadius=0 * LENGTH_BASE; nMaxRadius=6 * LENGTH_BASE; nAngleRange=256; nAreaRadius=4 * LENGTH_BASE; nTargetCountLimit=5; nPrepareFrames=0; nChannelFrame=0; nWeaponDamagePercent=0	EXECUTE_SCRIPT(1,0); CALL_REPULSED(12,0)	L2:nDamageBase=33,nDamageRand=5,nCostMana=0; L3:nDamageBase=45,nDamageRand=5,nCostMana=0; L4:nDamageBase=58,nDamageRand=5,nCostMana=0
沙漠风暴\道具_绿野蔓生通知主人击退目标子技能.lua	nDamageBase=130, nDamageRand = 10, nCostMana = 0}, --level 1
	{nDamageBase = 130, nDamageRand = 10, nCostMana = 0}, --level 2
	{nDamageBase = 130, nDamageRand = 10, nCostMana = 0}, --level 3
	{nDamageBase = 130, nDamageRand = 10, nCostMana = 0}, --level 4
	{nDamageBase = 130, nDamageRand = 10, nCostMana = 0}, --level 5
}; nBaseThreat=30000; nCostMana=tSkillData[dwSkillLevel].nCostMana; nMinRadius=0 * LENGTH_BASE; nMaxRadius=50 * LENGTH_BASE; nAngleRange=256; nAreaRadius=4 * LENGTH_BASE; nTargetCountLimit=5; nPrepareFrames=0; nChannelFrame=0; nWeaponDamagePercent=0		L2:nDamageBase=130,nDamageRand=10,nCostMana=0; L3:nDamageBase=130,nDamageRand=10,nCostMana=0; L4:nDamageBase=130,nDamageRand=10,nCostMana=0
沙漠风暴\道具_翔极碧落.lua	nDamageBase=0, nDamageRand = 0, nCostMana = 0}, --level 1
	{nDamageBase = 0, nDamageRand = 0, nCostMana = 0}, --level 2
	{nDamageBase = 0, nDamageRand = 0, nCostMana = 0}, --level 3
	{nDamageBase = 0, nDamageRand = 0, nCostMana = 0}, --level 4
	{nDamageBase = 0, nDamageRand = 0, nCostMana = 0}, --level 5
	{nDamageBase = 0, nDamageRand = 0, nCostMana = 0}, --level 6
	{nDamageBase = 0, nDamageRand = 0, nCostMana = 0}, --level 7
	{nDamageBase = 0, nDamageRand = 0, nCostMana = 0}, --level 8
	{nDamageBase = 0, nDamageRand = 0, nCostMana = 0}, --level 9
	{nDamageBase = 0, nDamageRand = 0, nCostMana = 0}, --level 10
}; nBaseThreat=0; nCostMana=tSkillData[dwSkillLevel].nCostMana; nMinRadius=0 * LENGTH_BASE; nMaxRadius=20 * LENGTH_BASE; nAngleRange=256; nAreaRadius=5 * LENGTH_BASE; nTargetCountLimit=1; nPrepareFrames=0; nChannelFrame=0; nWeaponDamagePercent=0	EXECUTE_SCRIPT(0,1); SKILL_ADAPTIVE_DAMAGE(1,1); SKILL_ADAPTIVE_DAMAGE_RAND(1,1); CALL_ADAPTIVE_DAMAGE(1,0)	L2:nDamageBase=0,nDamageRand=0,nCostMana=0; L3:nDamageBase=0,nDamageRand=0,nCostMana=0; L4:nDamageBase=0,nDamageRand=0,nCostMana=0
沙漠风暴\道具_翔极碧落打断后带沉默.lua	nDamageBase=0, nDamageRand = 0, nCostMana = 0}, --level 1
	{nDamageBase = 0, nDamageRand = 0, nCostMana = 0}, --level 2
	{nDamageBase = 0, nDamageRand = 0, nCostMana = 0}, --level 3
	{nDamageBase = 0, nDamageRand = 0, nCostMana = 0}, --level 4
	{nDamageBase = 0, nDamageRand = 0, nCostMana = 0}, --level 5
	{nDamageBase = 0, nDamageRand = 0, nCostMana = 0}, --level 6
	{nDamageBase = 0, nDamageRand = 0, nCostMana = 0}, --level 7
	{nDamageBase = 0, nDamageRand = 0, nCostMana = 0}, --level 8
	{nDamageBase = 0, nDamageRand = 0, nCostMana = 0}, --level 9
	{nDamageBase = 0, nDamageRand = 0, nCostMana = 0}, --level 10
}; nBaseThreat=0; nCostMana=tSkillData[dwSkillLevel].nCostMana; nMinRadius=0 * LENGTH_BASE; nMaxRadius=50 * LENGTH_BASE; nAngleRange=256; nAreaRadius=50 * LENGTH_BASE; nTargetCountLimit=2; nPrepareFrames=0; nChannelFrame=0; nWeaponDamagePercent=0		L2:nDamageBase=0,nDamageRand=0,nCostMana=0; L3:nDamageBase=0,nDamageRand=0,nCostMana=0; L4:nDamageBase=0,nDamageRand=0,nCostMana=0
沙漠风暴\道具_舍身诀.lua	nCostMana=tSkillData[dwSkillLevel].nCostMana; nMinRadius=0; nMaxRadius=20 * LENGTH_BASE; nAngleRange=256; nAreaRadius=0 * LENGTH_BASE; nTargetCountLimit=2; nPrepareFrames=0; nChannelFrame=0; nWeaponDamagePercent=0	CAST_SKILL_TARGET_DST(27898,1); CAST_SKILL_TARGET_DST(27899,1); EXECUTE_SCRIPT(1,0)	
沙漠风暴\道具_舍身诀子技能.lua	nCostMana=tSkillData[dwSkillLevel].nCostMana; nMinRadius=0; nMaxRadius=20 * LENGTH_BASE; nAngleRange=256; nAreaRadius=0 * LENGTH_BASE; nTargetCountLimit=2; nPrepareFrames=0; nChannelFrame=0; nWeaponDamagePercent=0	CAST_SKILL_TARGET_DST(27899,1)	
沙漠风暴\道具_舍身诀解控子技能.lua	nCostMana=tSkillData[dwSkillLevel].nCostMana; nMinRadius=0* LENGTH_BASE; nMaxRadius=25 * LENGTH_BASE; nAngleRange=256; nAreaRadius=6 * LENGTH_BASE; nWeaponDamagePercent=0; nPrepareFrames=0; nTargetCountLimit=1	DEL_MULTI_GROUP_BUFF_BY_FUNCTIONTYPE(2,9999); DEL_MULTI_GROUP_BUFF_BY_FUNCTIONTYPE(3,9999); DEL_MULTI_GROUP_BUFF_BY_FUNCTIONTYPE(4,9999); DEL_MULTI_GROUP_BUFF_BY_FUNCTIONTYPE(6,9999); DEL_MULTI_GROUP_BUFF_BY_FUNCTIONTYPE(8,9999); DEL_MULTI_GROUP_BUFF_BY_FUNCTIONTYPE(7,9999)	L2:nAddRage=0,nCostRage=10,nDashSpeed=100; L3:nAddRage=0,nCostRage=10,nDashSpeed=100; L4:nAddRage=0,nCostRage=10,nDashSpeed=100
沙漠风暴\道具_花语酥心.lua	nDamageBase=0, nDamageRand = 0, nCostMana = 0}, --level 1
	{nDamageBase = 0, nDamageRand = 0, nCostMana = 0}, --level 2
	{nDamageBase = 0, nDamageRand = 0, nCostMana = 0}, --level 3
	{nDamageBase = 0, nDamageRand = 0, nCostMana = 0}, --level 4
	{nDamageBase = 0, nDamageRand = 0, nCostMana = 0}, --level 5
	{nDamageBase = 0, nDamageRand = 0, nCostMana = 0}, --level 6
	{nDamageBase = 0, nDamageRand = 0, nCostMana = 0}, --level 7
	{nDamageBase = 0, nDamageRand = 0, nCostMana = 0}, --level 8
	{nDamageBase = 0, nDamageRand = 0, nCostMana = 0}, --level 9
	{nDamageBase = 0, nDamageRand = 0, nCostMana = 0}, --level 10
}; nCostMana=213; nMinRadius=0 * LENGTH_BASE; nMaxRadius=0 * LENGTH_BASE; nAngleRange=256; nAreaRadius=0 * LENGTH_BASE; nTargetCountLimit=2; nPrepareFrames=0; nChannelFrame=0; nWeaponDamagePercent=0	EXECUTE_SCRIPT(1,0)	L2:nDamageBase=0,nDamageRand=0,nCostMana=0; L3:nDamageBase=0,nDamageRand=0,nCostMana=0; L4:nDamageBase=0,nDamageRand=0,nCostMana=0
沙漠风暴\道具_蚀心蛊.lua	nDamageBase=0, nDamageRand = 5, nCostMana = 0}, --level 1
	{nDamageBase = 0, nDamageRand = 0, nCostMana = 0}, --level 2
	{nDamageBase = 0, nDamageRand = 0, nCostMana = 0}, --level 3
	{nDamageBase = 0, nDamageRand = 0, nCostMana = 0}, --level 4
	{nDamageBase = 0, nDamageRand = 0, nCostMana = 0}, --level 5
	{nDamageBase = 0, nDamageRand = 0, nCostMana = 0}, --level 6
	{nDamageBase = 0, nDamageRand = 0, nCostMana = 0}, --level 7
	{nDamageBase = 0, nDamageRand = 0, nCostMana = 0}, --level 8
	{nDamageBase = 0, nDamageRand = 0, nCostMana = 0}, --level 9
	{nDamageBase = 0, nDamageRand = 0, nCostMana = 0}, --level 10
}; nBaseThreat=0; nCostMana=tSkillData[dwSkillLevel].nCostMana; nMinRadius=0 * LENGTH_BASE; nMaxRadius=20 * LENGTH_BASE; nAngleRange=128; nAreaRadius=0 * LENGTH_BASE; nTargetCountLimit=2; nPrepareFrames=24; nChannelFrame=0; nWeaponDamagePercent=0	EXECUTE_SCRIPT(0,-0); EXECUTE_SCRIPT(-0,18201)	L2:nDamageBase=0,nDamageRand=5,nCostMana=0; L3:nDamageBase=0,nDamageRand=0,nCostMana=0; L4:nDamageBase=0,nDamageRand=0,nCostMana=0
沙漠风暴\道具_蚀心蛊伤害.lua	nBaseThreat=0; nCostMana=tSkillData[dwSkillLevel].nCostMana; nMinRadius=0 * LENGTH_BASE; nMaxRadius=100 * LENGTH_BASE; nAngleRange=128; nAreaRadius=6 * LENGTH_BASE; nTargetCountLimit=5; nPrepareFrames=24; nChannelFrame=0; nWeaponDamagePercent=0	SKILL_ADAPTIVE_DAMAGE(1,1); CALL_ADAPTIVE_DAMAGE(1,0)	L2:nAddRage=0,nCostRage=10,nDamageBase=20,nDamageRand=2
沙漠风暴\道具_蝶弄足.lua	nDamageBase=0, nDamageRand = 0, nCostMana = 0}, --level 1
	{nDamageBase = 0, nDamageRand = 0, nCostMana = 0}, --level 2
	{nDamageBase = 0, nDamageRand = 0, nCostMana = 0}, --level 3
	{nDamageBase = 0, nDamageRand = 0, nCostMana = 0}, --level 4
	{nDamageBase = 0, nDamageRand = 0, nCostMana = 0}, --level 5
	{nDamageBase = 0, nDamageRand = 0, nCostMana = 0}, --level 6
	{nDamageBase = 0, nDamageRand = 0, nCostMana = 0}, --level 7
	{nDamageBase = 0, nDamageRand = 0, nCostMana = 0}, --level 8
	{nDamageBase = 0, nDamageRand = 0, nCostMana = 0}, --level 9
	{nDamageBase = 0, nDamageRand = 0, nCostMana = 0}, --level 10
}; nCostMana=tSkillData[dwSkillLevel].nCostMana; nMinRadius=0											--技能施放最小半径
	skill.nMaxRadius = 20 * LENGTH_BASE; nAngleRange=256; nPrepareFrames=0	CAST_SKILL_TARGET_SRC(503,1); DEL_MULTI_GROUP_BUFF_BY_FUNCTIONTYPE(4,10000); DEL_MULTI_GROUP_BUFF_BY_FUNCTIONTYPE(8,10000); DEL_MULTI_GROUP_BUFF_BY_FUNCTIONTYPE(7,10000); DEL_MULTI_GROUP_BUFF_BY_FUNCTIONTYPE(2,10000); EXECUTE_SCRIPT(1,0)	L2:nDamageBase=0,nDamageRand=0,nCostMana=0; L3:nDamageBase=0,nDamageRand=0,nCostMana=0; L4:nDamageBase=0,nDamageRand=0,nCostMana=0
沙漠风暴\道具_跃潮斩波.lua	nDamageBase=0, nDamageRand = 0, nCostMana = 0}, --level 1
	{nDamageBase = 0, nDamageRand = 0, nCostMana = 0}, --level 2
	{nDamageBase = 0, nDamageRand = 0, nCostMana = 0}, --level 3
	{nDamageBase = 0, nDamageRand = 0, nCostMana = 0}, --level 4
	{nDamageBase = 0, nDamageRand = 0, nCostMana = 0}, --level 5
	{nDamageBase = 0, nDamageRand = 0, nCostMana = 0}, --level 6
	{nDamageBase = 0, nDamageRand = 0, nCostMana = 0}, --level 7
	{nDamageBase = 0, nDamageRand = 0, nCostMana = 0}, --level 8
	{nDamageBase = 0, nDamageRand = 0, nCostMana = 0}, --level 9
	{nDamageBase = 0, nDamageRand = 0, nCostMana = 0}, --level 10
}; nBaseThreat=0; nCostMana=tSkillData[dwSkillLevel].nCostMana; nMinRadius=0 * LENGTH_BASE; nMaxRadius=25 * LENGTH_BASE; nAngleRange=256; nAreaRadius=5 * LENGTH_BASE; nTargetCountLimit=1; nPrepareFrames=0; nChannelFrame=0; nWeaponDamagePercent=0	EXECUTE_SCRIPT(0,120); DASH(120,0); CALL_BUFF(13596,1)	L2:nDamageBase=0,nDamageRand=0,nCostMana=0; L3:nDamageBase=0,nDamageRand=0,nCostMana=0; L4:nDamageBase=0,nDamageRand=0,nCostMana=0
沙漠风暴\道具_跃潮斩波_子_伤害.lua	nDamageBase=1625, nDamageRand = 10, nCostMana = 0}, --level 1
	{nDamageBase = 1625, nDamageRand = 10, nCostMana = 0}, --level 2
	{nDamageBase = 1625, nDamageRand = 10, nCostMana = 0}, --level 3
	{nDamageBase = 1625, nDamageRand = 10, nCostMana = 0}, --level 4
	{nDamageBase = 1625, nDamageRand = 10, nCostMana = 0}, --level 5
	{nDamageBase = 1625, nDamageRand = 10, nCostMana = 0}, --level 6
	{nDamageBase = 1625, nDamageRand = 10, nCostMana = 0}, --level 7
	{nDamageBase = 1625, nDamageRand = 10, nCostMana = 0}, --level 8
	{nDamageBase = 1625, nDamageRand = 10, nCostMana = 0}, --level 9
	{nDamageBase = 1625, nDamageRand = 10, nCostMana = 0}, --level 10
	{nDamageBase = 1625, nDamageRand = 10, nCostMana = 0}, --level 11
	{nDamageBase = 1625, nDamageRand = 10, nCostMana = 0}, --level 12
	{nDamageBase = 1625, nDamageRand = 10, nCostMana = 0}, --level 13
	{nDamageBase = 1625, nDamageRand = 10, nCostMana = 0}, --level 14
	{nDamageBase = 1625, nDamageRand = 10, nCostMana = 0}, --level 15
}; nBaseThreat=0; nCostMana=tSkillData[dwSkillLevel].nCostMana; nMinRadius=0 * LENGTH_BASE; nMaxRadius=30 * LENGTH_BASE; nAngleRange=256; nAreaRadius=0 * LENGTH_BASE; nTargetCountLimit=1; nWeaponDamagePercent=2048	SKILL_ADAPTIVE_DAMAGE(-1,-1); SKILL_ADAPTIVE_DAMAGE_RAND(-1,-1); CALL_ADAPTIVE_DAMAGE(-1); EXECUTE_SCRIPT(0)	L2:nDamageBase=1625,nDamageRand=10,nCostMana=0; L3:nDamageBase=1625,nDamageRand=10,nCostMana=0; L4:nDamageBase=1625,nDamageRand=10,nCostMana=0
沙漠风暴\道具_踏星行.lua	nDamageBase=33, nDamageRand = 5, nCostMana = 0},
}; nBaseThreat=30000; nCostMana=tSkillData[dwSkillLevel].nCostMana; nMinRadius=0 * LENGTH_BASE; nMaxRadius=4 * LENGTH_BASE; nAngleRange=256; nAreaRadius=4 * LENGTH_BASE; nTargetCountLimit=5; nPrepareFrames=0; nChannelFrame=0; nWeaponDamagePercent=0	DEL_MULTI_GROUP_BUFF_BY_FUNCTIONTYPE(2,10000); DEL_MULTI_GROUP_BUFF_BY_FUNCTIONTYPE(7,10000); EXECUTE_SCRIPT(1,0)	L2:nDamageBase=33,nDamageRand=5,nCostMana=0
沙漠风暴\道具_转乾坤.lua	nDamageBase=0, nDamageRand = 0, nCostMana = 261}, --level 1
}; nCostMana=tSkillData[dwSkillLevel].nCostMana; nMinRadius=0; nMaxRadius=0; nAngleRange=256; nAreaRadius=0 * LENGTH_BASE; nTargetCountLimit=2; nPrepareFrames=0; nChannelFrame=0; nWeaponDamagePercent=0	EXECUTE_SCRIPT(1,0); DEL_MULTI_GROUP_BUFF_BY_FUNCTIONTYPE(2,9999); DEL_MULTI_GROUP_BUFF_BY_FUNCTIONTYPE(3,9999); DEL_MULTI_GROUP_BUFF_BY_FUNCTIONTYPE(4,9999); DEL_MULTI_GROUP_BUFF_BY_FUNCTIONTYPE(6,9999); DEL_MULTI_GROUP_BUFF_BY_FUNCTIONTYPE(8,9999); DEL_MULTI_GROUP_BUFF_BY_FUNCTIONTYPE(7,9999); CAST_SKILL_TARGET_DST(7276,1); CAST_SKILL(21144,1)	L2:nDamageBase=0,nDamageRand=0,nCostMana=261
沙漠风暴\道具_连环弩.lua	nDamageBase=0, nDamageRand = 0, nCostMana = 0}, --level 1
	{nDamageBase = 0, nDamageRand = 0, nCostMana = 0}, --level 2
	{nDamageBase = 0, nDamageRand = 0, nCostMana = 0}, --level 3
	{nDamageBase = 0, nDamageRand = 0, nCostMana = 0}, --level 4
	{nDamageBase = 0, nDamageRand = 0, nCostMana = 0}, --level 5
	{nDamageBase = 0, nDamageRand = 0, nCostMana = 0}, --level 6
	{nDamageBase = 0, nDamageRand = 0, nCostMana = 0}, --level 7
	{nDamageBase = 0, nDamageRand = 0, nCostMana = 0}, --level 8
	{nDamageBase = 0, nDamageRand = 0, nCostMana = 0}, --level 9
	{nDamageBase = 0, nDamageRand = 0, nCostMana = 0}, --level 10
}; nBaseThreat=0; nCostMana=tSkillData[dwSkillLevel].nCostMana; nMinRadius=0 * LENGTH_BASE; nMaxRadius=25 * LENGTH_BASE; nAngleRange=128; nAreaRadius=0 * LENGTH_BASE; nTargetCountLimit=2; nPrepareFrames=24; nChannelFrame=48; nWeaponDamagePercent=0	EXECUTE_SCRIPT(0); CAST_SKILL_TARGET_DST(-3185,1); CAST_SKILL_TARGET_DST(-3184,1); CAST_SKILL_TARGET_DST(-3183,1); CAST_SKILL_TARGET_DST(-3186,1)	L2:nDamageBase=0,nDamageRand=0,nCostMana=0; L3:nDamageBase=0,nDamageRand=0,nCostMana=0; L4:nDamageBase=0,nDamageRand=0,nCostMana=0
沙漠风暴\道具_连环弩子技能1.lua	nDamageBase=100, nDamageRand = 5, nCostMana = 0},		--level 1
	{nDamageBase = 100, nDamageRand = 5, nCostMana = 0},		--level 2
	{nDamageBase = 100, nDamageRand = 5, nCostMana = 0},		--level 3
	{nDamageBase = 100, nDamageRand = 5, nCostMana = 0},		--level 4
	{nDamageBase = 100, nDamageRand = 5, nCostMana = 0},		--level 5
	{nDamageBase = 0, nDamageRand = 0, nCostMana = 0},		--level 6
	{nDamageBase = 0, nDamageRand = 0, nCostMana = 0},		--level 7
	{nDamageBase = 0, nDamageRand = 0, nCostMana = 0},		--level 8
	{nDamageBase = 0, nDamageRand = 0, nCostMana = 0},		--level 9
	{nDamageBase = 0, nDamageRand = 0, nCostMana = 0},		--level 10
}; nBaseThreat=0; nCostMana=tSkillData[dwSkillLevel].nCostMana; nMinRadius=0 * LENGTH_BASE; nMaxRadius=25 * LENGTH_BASE; nAngleRange=128; nAreaRadius=0 * LENGTH_BASE; nTargetCountLimit=2; nPrepareFrames=24; nChannelFrame=0; nWeaponDamagePercent=1024	CALL_BUFF(3200,1)	L2:nDamageBase=100,nDamageRand=5,nCostMana=0; L3:nDamageBase=100,nDamageRand=5,nCostMana=0; L4:nDamageBase=100,nDamageRand=5,nCostMana=0
沙漠风暴\道具_连环弩子技能2.lua	nDamageBase=187, nDamageRand = 187, nCostMana = 0},		--level 1
	{nDamageBase = 187, nDamageRand = 187, nCostMana = 0},		--level 2
	{nDamageBase = 187, nDamageRand = 187, nCostMana = 0},		--level 3
	{nDamageBase = 187, nDamageRand = 187, nCostMana = 0},		--level 4
	{nDamageBase = 187, nDamageRand = 187, nCostMana = 0},		--level 5
	{nDamageBase = 0, nDamageRand = 0, nCostMana = 0},		--level 6
	{nDamageBase = 0, nDamageRand = 0, nCostMana = 0},		--level 7
	{nDamageBase = 0, nDamageRand = 0, nCostMana = 0},		--level 8
	{nDamageBase = 0, nDamageRand = 0, nCostMana = 0},		--level 9
	{nDamageBase = 0, nDamageRand = 0, nCostMana = 0},		--level 10
}; nBaseThreat=0; nCostMana=tSkillData[dwSkillLevel].nCostMana; nMinRadius=0 * LENGTH_BASE; nMaxRadius=25 * LENGTH_BASE; nAngleRange=128; nAreaRadius=0 * LENGTH_BASE; nTargetCountLimit=2; nPrepareFrames=24; nChannelFrame=0; nWeaponDamagePercent=1024	CALL_BUFF(3200,1)	L2:nDamageBase=187,nDamageRand=187,nCostMana=0; L3:nDamageBase=187,nDamageRand=187,nCostMana=0; L4:nDamageBase=187,nDamageRand=187,nCostMana=0
沙漠风暴\道具_连环弩子技能3.lua	nDamageBase=364, nDamageRand = 364, nCostMana = 0},		--level 1
	{nDamageBase = 364, nDamageRand = 364, nCostMana = 0},		--level 2
	{nDamageBase = 364, nDamageRand = 364, nCostMana = 0},		--level 3
	{nDamageBase = 364, nDamageRand = 364, nCostMana = 0},		--level 4
	{nDamageBase = 364, nDamageRand = 364, nCostMana = 0},		--level 5
	{nDamageBase = 0, nDamageRand = 0, nCostMana = 0},		--level 6
	{nDamageBase = 0, nDamageRand = 0, nCostMana = 0},		--level 7
	{nDamageBase = 0, nDamageRand = 0, nCostMana = 0},		--level 8
	{nDamageBase = 0, nDamageRand = 0, nCostMana = 0},		--level 9
	{nDamageBase = 0, nDamageRand = 0, nCostMana = 0},		--level 10
}; nBaseThreat=0; nCostMana=tSkillData[dwSkillLevel].nCostMana; nMinRadius=0 * LENGTH_BASE; nMaxRadius=25 * LENGTH_BASE; nAngleRange=128; nAreaRadius=0 * LENGTH_BASE; nTargetCountLimit=2; nPrepareFrames=24; nChannelFrame=0; nWeaponDamagePercent=1024		L2:nDamageBase=364,nDamageRand=364,nCostMana=0; L3:nDamageBase=364,nDamageRand=364,nCostMana=0; L4:nDamageBase=364,nDamageRand=364,nCostMana=0
沙漠风暴\道具_连环弩子技能4击退.lua	nDamageBase=0, nDamageRand = 0, nCostMana = 0},		--level 1
	{nDamageBase = 0, nDamageRand = 0, nCostMana = 0},		--level 2
	{nDamageBase = 0, nDamageRand = 0, nCostMana = 0},		--level 3
	{nDamageBase = 0, nDamageRand = 0, nCostMana = 0},		--level 4
	{nDamageBase = 0, nDamageRand = 0, nCostMana = 0},		--level 5
	{nDamageBase = 0, nDamageRand = 0, nCostMana = 0},		--level 6
	{nDamageBase = 0, nDamageRand = 0, nCostMana = 0},		--level 7
	{nDamageBase = 0, nDamageRand = 0, nCostMana = 0},		--level 8
	{nDamageBase = 0, nDamageRand = 0, nCostMana = 0},		--level 9
	{nDamageBase = 0, nDamageRand = 0, nCostMana = 0},		--level 10
}; nBaseThreat=0; nCostMana=tSkillData[dwSkillLevel].nCostMana; nMinRadius=0 * LENGTH_BASE; nMaxRadius=15 * LENGTH_BASE; nAngleRange=128; nAreaRadius=0 * LENGTH_BASE; nTargetCountLimit=2; nPrepareFrames=24; nChannelFrame=0; nWeaponDamagePercent=0	CALL_KNOCKED_BACK_SRC_FACE(256,50)	L2:nDamageBase=0,nDamageRand=0,nCostMana=0; L3:nDamageBase=0,nDamageRand=0,nCostMana=0; L4:nDamageBase=0,nDamageRand=0,nCostMana=0
沙漠风暴\道具_逐云寒蕊.lua	nDamageBase=400, nDamageRand = 15, nCostMana = 0}, --level 1
	{nDamageBase = 0, nDamageRand = 0, nCostMana = 0}, --level 2
	{nDamageBase = 0, nDamageRand = 0, nCostMana = 0}, --level 3
	{nDamageBase = 0, nDamageRand = 0, nCostMana = 0}, --level 4
	{nDamageBase = 0, nDamageRand = 0, nCostMana = 0}, --level 5
	{nDamageBase = 0, nDamageRand = 0, nCostMana = 0}, --level 6
	{nDamageBase = 0, nDamageRand = 0, nCostMana = 0}, --level 7
	{nDamageBase = 0, nDamageRand = 0, nCostMana = 0}, --level 8
	{nDamageBase = 0, nDamageRand = 0, nCostMana = 0}, --level 9
	{nDamageBase = 0, nDamageRand = 0, nCostMana = 0}, --level 10
}; nBaseThreat=30000; nCostMana=tSkillData[dwSkillLevel].nCostMana; nMinRadius=0 * LENGTH_BASE; nMaxRadius=20 * LENGTH_BASE; nAngleRange=128; nAreaRadius=4 * LENGTH_BASE; nTargetCountLimit=5; nPrepareFrames=0; nChannelFrame=0; nWeaponDamagePercent=0	DEL_MULTI_GROUP_BUFF_BY_FUNCTIONTYPE(4,10000); DEL_MULTI_GROUP_BUFF_BY_FUNCTIONTYPE(8,10000); DEL_MULTI_GROUP_BUFF_BY_FUNCTIONTYPE(7,10000); DEL_MULTI_GROUP_BUFF_BY_FUNCTIONTYPE(2,10000); CAST_SKILL(7276,1); CAST_SKILL(21144,1); EXECUTE_SCRIPT(1,0)	L2:nDamageBase=400,nDamageRand=15,nCostMana=0; L3:nDamageBase=0,nDamageRand=0,nCostMana=0; L4:nDamageBase=0,nDamageRand=0,nCostMana=0
沙漠风暴\道具_逐云寒蕊破隐一击.lua	nDamageBase=33, nDamageRand = 5, nCostMana = 0},
	{nDamageBase = 45, nDamageRand = 5, nCostMana = 0},
	{nDamageBase = 58, nDamageRand = 5, nCostMana = 0},
	{nDamageBase = 70, nDamageRand = 5, nCostMana = 0},
	{nDamageBase = 83, nDamageRand = 5, nCostMana = 0},
	{nDamageBase = 95, nDamageRand = 5, nCostMana = 0},
	{nDamageBase = 107, nDamageRand = 5, nCostMana = 0},
	{nDamageBase = 120, nDamageRand = 5, nCostMana = 0},
	{nDamageBase = 132, nDamageRand = 10, nCostMana = 0},
	{nDamageBase = 144, nDamageRand = 10, nCostMana = 0},
	{nDamageBase = 157, nDamageRand = 10, nCostMana = 0},
	{nDamageBase = 169, nDamageRand = 10, nCostMana = 0},
	{nDamageBase = 182, nDamageRand = 10, nCostMana = 0},
	{nDamageBase = 194, nDamageRand = 10, nCostMana = 0},
	{nDamageBase = 206, nDamageRand = 10, nCostMana = 0},
	{nDamageBase = 219, nDamageRand = 10, nCostMana = 0},
	{nDamageBase = 231, nDamageRand = 10, nCostMana = 0},
	{nDamageBase = 244, nDamageRand = 10, nCostMana = 0},
	{nDamageBase = 256, nDamageRand = 15, nCostMana = 0},
	{nDamageBase = 268, nDamageRand = 15, nCostMana = 0},
	{nDamageBase = 281, nDamageRand = 15, nCostMana = 0},
	{nDamageBase = 293, nDamageRand = 15, nCostMana = 0},
	{nDamageBase = 306, nDamageRand = 15, nCostMana = 0},
	{nDamageBase = 318, nDamageRand = 15, nCostMana = 0},
	{nDamageBase = 330, nDamageRand = 15, nCostMana = 0},
	{nDamageBase = 343, nDamageRand = 15, nCostMana = 0},
	{nDamageBase = 355, nDamageRand = 15, nCostMana = 0},
	{nDamageBase = 367, nDamageRand = 15, nCostMana = 0},
	{nDamageBase = 380, nDamageRand = 15, nCostMana = 0},
	{nDamageBase = 392, nDamageRand = 15, nCostMana = 0},
	{nDamageBase = 405, nDamageRand = 15, nCostMana = 0},
	{nDamageBase = 417, nDamageRand = 15, nCostMana = 0},

}; nBaseThreat=30000; nCostMana=tSkillData[dwSkillLevel].nCostMana; nMinRadius=0 * LENGTH_BASE; nMaxRadius=20 * LENGTH_BASE; nAngleRange=256; nAreaRadius=4 * LENGTH_BASE; nTargetCountLimit=5; nPrepareFrames=0; nChannelFrame=0; nWeaponDamagePercent=0	EXECUTE_SCRIPT(0,22404)	L2:nDamageBase=33,nDamageRand=5,nCostMana=0; L3:nDamageBase=45,nDamageRand=5,nCostMana=0; L4:nDamageBase=58,nDamageRand=5,nCostMana=0
沙漠风暴\道具_镇山河.lua	nDamageBase=0, nDamageRand = 0, nCostMana = 349}, --level 1
}; nCostMana=tSkillData[dwSkillLevel].nCostMana; nMinRadius=0; nMaxRadius=20 * LENGTH_BASE; nAngleRange=256; nAreaRadius=0 * LENGTH_BASE; nTargetCountLimit=2; nPrepareFrames=0; nChannelFrame=0; nWeaponDamagePercent=0	CAST_SKILL_TARGET_SRC(315,1); CALL_BUFF(3851,1); EXECUTE_SCRIPT(90,1); EXECUTE_SCRIPT(1,0); CAST_SKILL_TARGET_SRC(706,1); CAST_SKILL_TARGET_DST(2903,1)	L2:nDamageBase=0,nDamageRand=0,nCostMana=349
沙漠风暴\道具_霞流宝石伤害.lua	nAreaRadius=6 * LENGTH_BASE; nMinRadius=0 * LENGTH_BASE; nMaxRadius=6 * LENGTH_BASE; nAngleRange=256; nWeaponDamagePercent=1024; nPrepareFrames=0; nTargetCountLimit=10	SKILL_ADAPTIVE_DAMAGE(-1,-1); SKILL_ADAPTIVE_DAMAGE_RAND(-1,-1); CALL_ADAPTIVE_DAMAGE(-1,-0); EXECUTE_SCRIPT(1,0); DETACH_SINGLE_BUFF(7,10000); DETACH_SINGLE_BUFF(3,1); DETACH_SINGLE_BUFF(5,1); DETACH_SINGLE_BUFF(11,1)	L2:nAddRage=0,nCostRage=15,nDamage=28 *2*0.95,nDamageRand=28 *2*0.1; L3:nAddRage=0,nCostRage=15,nDamage=52 *2*0.95,nDamageRand=52 *2*0.1; L4:nAddRage=0,nCostRage=15,nDamage=73 *2*0.95,nDamageRand=73 *2*0.1
沙漠风暴\道具_风来吴山.lua	nChannelFrame=84; nMinRadius=0 * LENGTH_BASE; nMaxRadius=6 * LENGTH_BASE; nAngleRange=256; nWeaponDamagePercent=2048; nPrepareFrames=0; nAreaRadius=6 * LENGTH_BASE; nTargetCountLimit=10	CAST_SKILL_TARGET_DST(-27849,0); EXECUTE_SCRIPT(0,1)	L2:nAddRage=0,nCostRage=50,nDamageBase=108,nDamageRand=3; L3:nAddRage=0,nCostRage=50,nDamageBase=124,nDamageRand=4; L4:nAddRage=0,nCostRage=50,nDamageBase=140,nDamageRand=5
沙漠风暴\道具_风车伤害子技能.lua	nChannelFrame=80; nMinRadius=0 * LENGTH_BASE; nMaxRadius=10 * LENGTH_BASE; nAngleRange=256; nWeaponDamagePercent=2048; nPrepareFrames=0; nAreaRadius=10 * LENGTH_BASE; nTargetCountLimit=10	EXECUTE_SCRIPT(1,0)	L2:nAddRage=0,nCostRage=0,nDamageBase=252,nDamageRand=3; L3:nAddRage=0,nCostRage=0,nDamageBase=252,nDamageRand=4; L4:nAddRage=0,nCostRage=0,nDamageBase=252,nDamageRand=5
沙漠风暴\道具_飞刃回转.lua	nDamageBase=0, nDamageRand = 0, nCostMana = 0}, --level 1
	{nDamageBase = 0, nDamageRand = 0, nCostMana = 0}, --level 2
	{nDamageBase = 0, nDamageRand = 0, nCostMana = 0}, --level 3
	{nDamageBase = 0, nDamageRand = 0, nCostMana = 0}, --level 4
	{nDamageBase = 0, nDamageRand = 0, nCostMana = 0}, --level 5
	{nDamageBase = 0, nDamageRand = 0, nCostMana = 0}, --level 6
	{nDamageBase = 0, nDamageRand = 0, nCostMana = 0}, --level 7
	{nDamageBase = 0, nDamageRand = 0, nCostMana = 0}, --level 8
	{nDamageBase = 0, nDamageRand = 0, nCostMana = 0}, --level 9
	{nDamageBase = 0, nDamageRand = 0, nCostMana = 0}, --level 10
}; nBaseThreat=30000; nCostMana=tSkillData[dwSkillLevel].nCostMana; nMinRadius=0 * LENGTH_BASE; nMaxRadius=15 * LENGTH_BASE; nAngleRange=128; nAreaRadius=4 * LENGTH_BASE; nTargetCountLimit=5; nPrepareFrames=0; nChannelFrame=0; nWeaponDamagePercent=0	EXECUTE_SCRIPT(1,0)	L2:nDamageBase=0,nDamageRand=0,nCostMana=0; L3:nDamageBase=0,nDamageRand=0,nCostMana=0; L4:nDamageBase=0,nDamageRand=0,nCostMana=0
沙漠风暴\道具_飞刃回转实际伤害.lua	nDamageBase=77, nDamageRand = 25, nCostMana = 0}, --level 1
	{nDamageBase = 77, nDamageRand = 25, nCostMana = 0}, --level 1
	{nDamageBase = 77, nDamageRand = 25, nCostMana = 0}, --level 1
	{nDamageBase = 77, nDamageRand = 25, nCostMana = 0}, --level 1
	{nDamageBase = 77, nDamageRand = 25, nCostMana = 0}, --level 1

}; nChannelFrame=80; nMinRadius=0 * LENGTH_BASE; nMaxRadius=50 * LENGTH_BASE; nAngleRange=256; nWeaponDamagePercent=2048; nPrepareFrames=0; nAreaRadius=6 * LENGTH_BASE; nTargetCountLimit=4	EXECUTE_SCRIPT(1,0)	L2:nDamageBase=77,nDamageRand=25,nCostMana=0; L3:nDamageBase=77,nDamageRand=25,nCostMana=0; L4:nDamageBase=77,nDamageRand=25,nCostMana=0
沙漠风暴\道具_飞刃回转目标选择.lua	nDamageBase=77, nDamageRand = 25, nCostMana = 0}, --level 1

}; nChannelFrame=80; nMinRadius=0 * LENGTH_BASE; nMaxRadius=50 * LENGTH_BASE; nAngleRange=256; nWeaponDamagePercent=2048; nPrepareFrames=0; nAreaRadius=6 * LENGTH_BASE; nTargetCountLimit=4	EXECUTE_SCRIPT(1,0)	L2:nDamageBase=77,nDamageRand=25,nCostMana=0
沙漠风暴\道具_鹊踏枝.lua	nCostMana=41 }, --level 1
	{ nCostMana = 55 }, --level 2
	{ nCostMana = 76 }, --level 3
	{ nCostMana = 92 }, --level 4
	{ nCostMana = 107 }, --level 5
}; nMinRadius=0; nMaxRadius=20 * LENGTH_BASE; nAngleRange=256; nAreaRadius=20 * LENGTH_BASE; nTargetCountLimit=2; nPrepareFrames=0; nChannelFrame=0; nWeaponDamagePercent=0	CAST_SKILL(21144,1); DEL_MULTI_GROUP_BUFF_BY_FUNCTIONTYPE(4,10000); DEL_MULTI_GROUP_BUFF_BY_FUNCTIONTYPE(8,10000); DEL_MULTI_GROUP_BUFF_BY_FUNCTIONTYPE(7,10000); DEL_MULTI_GROUP_BUFF_BY_FUNCTIONTYPE(2,10000); CAST_SKILL(7276,1); EXECUTE_SCRIPT(1,0)	L2:nCostMana=41; L3:nCostMana=55; L4:nCostMana=76
生活技能\医术\反隐道具.lua	nDamageBase=0, nDamageRand = 0, nCostMana = 0}, --level 1
	{nDamageBase = 0, nDamageRand = 0, nCostMana = 0}, --level 2
	{nDamageBase = 0, nDamageRand = 0, nCostMana = 0}, --level 3
	{nDamageBase = 0, nDamageRand = 0, nCostMana = 0}, --level 4
	{nDamageBase = 0, nDamageRand = 0, nCostMana = 0}, --level 5
	{nDamageBase = 0, nDamageRand = 0, nCostMana = 0}, --level 6
	{nDamageBase = 0, nDamageRand = 0, nCostMana = 0}, --level 7
	{nDamageBase = 0, nDamageRand = 0, nCostMana = 0}, --level 8
	{nDamageBase = 0, nDamageRand = 0, nCostMana = 0}, --level 9
	{nDamageBase = 0, nDamageRand = 0, nCostMana = 0}, --level 10
}; nBaseThreat=0; nCostMana=tSkillData[dwSkillLevel].nCostMana; nMinRadius=0 * LENGTH_BASE; nMaxRadius=0 * LENGTH_BASE; nAngleRange=256; nAreaRadius=0 * LENGTH_BASE; nTargetCountLimit=2; nPrepareFrames=0; nChannelFrame=0; nWeaponDamagePercent=0	EXECUTE_SCRIPT(1,0)	L2:nDamageBase=0,nDamageRand=0,nCostMana=0; L3:nDamageBase=0,nDamageRand=0,nCostMana=0; L4:nDamageBase=0,nDamageRand=0,nCostMana=0
百战异闻录_玩家\冯度\花钱消灾_单体嘲讽.lua	nDamageBase=0, nDamageRand = 0, nCostMana = 0}, --level 1
	{nDamageBase = 0, nDamageRand = 0, nCostMana = 0}, --level 2
	{nDamageBase = 0, nDamageRand = 0, nCostMana = 0}, --level 3
	{nDamageBase = 0, nDamageRand = 0, nCostMana = 0}, --level 4
	{nDamageBase = 0, nDamageRand = 0, nCostMana = 0}, --level 5
	{nDamageBase = 0, nDamageRand = 0, nCostMana = 0}, --level 6
	{nDamageBase = 0, nDamageRand = 0, nCostMana = 0}, --level 7
	{nDamageBase = 0, nDamageRand = 0, nCostMana = 0}, --level 8
	{nDamageBase = 0, nDamageRand = 0, nCostMana = 0}, --level 9
	{nDamageBase = 0, nDamageRand = 0, nCostMana = 0}, --level 10
}; nBaseThreat=452; nCostMana=tSkillData[dwSkillLevel].nCostMana; nMinRadius=0 * LENGTH_BASE; nMaxRadius=20 * LENGTH_BASE; nAngleRange=256; nAreaRadius=0 * LENGTH_BASE; nTargetCountLimit=1; nPrepareFrames=0; nChannelFrame=0; nWeaponDamagePercent=0	EXECUTE_SCRIPT(1,0); SPOOF(0,0)	L2:nDamageBase=0,nDamageRand=0,nCostMana=0; L3:nDamageBase=0,nDamageRand=0,nCostMana=0; L4:nDamageBase=0,nDamageRand=0,nCostMana=0
百战异闻录_玩家\华鹤炎\万花金创药.lua	nDamageBase=133000, nDamageRand = 0, nCostMana = 0}, --level 1
	{nDamageBase = 171000, nDamageRand = 0, nCostMana = 0}, --level 2
	{nDamageBase = 209000, nDamageRand = 0, nCostMana = 0}, --level 3
	{nDamageBase = 247000, nDamageRand = 0, nCostMana = 0}, --level 4
	{nDamageBase = 285000, nDamageRand = 0, nCostMana = 0}, --level 5
	{nDamageBase = 0, nDamageRand = 0, nCostMana = 0}, --level 6
	{nDamageBase = 0, nDamageRand = 0, nCostMana = 0}, --level 7
	{nDamageBase = 0, nDamageRand = 0, nCostMana = 0}, --level 8
	{nDamageBase = 0, nDamageRand = 0, nCostMana = 0}, --level 9
	{nDamageBase = 0, nDamageRand = 0, nCostMana = 0}, --level 10
}; nBaseThreat=0; nCostMana=tSkillData[dwSkillLevel].nCostMana; nMinRadius=0 * LENGTH_BASE; nMaxRadius=20 * LENGTH_BASE; nAngleRange=256; nAreaRadius=20 * LENGTH_BASE; nTargetCountLimit=2; nPrepareFrames=0; nChannelFrame=0; nWeaponDamagePercent=0	EXECUTE_SCRIPT_WITH_PARAM()	L2:nDamageBase=133000,nDamageRand=0,nCostMana=0; L3:nDamageBase=171000,nDamageRand=0,nCostMana=0; L4:nDamageBase=209000,nDamageRand=0,nCostMana=0
百战异闻录_玩家\基础CD处理.lua	nDamageBase=0, nDamageRand = 0, nCostMana = 0}, --level 1
	{nDamageBase = 0, nDamageRand = 0, nCostMana = 0}, --level 2
	{nDamageBase = 0, nDamageRand = 0, nCostMana = 0}, --level 3
	{nDamageBase = 0, nDamageRand = 0, nCostMana = 0}, --level 4
	{nDamageBase = 0, nDamageRand = 0, nCostMana = 0}, --level 5
	{nDamageBase = 0, nDamageRand = 0, nCostMana = 0}, --level 6
	{nDamageBase = 0, nDamageRand = 0, nCostMana = 0}, --level 7
	{nDamageBase = 0, nDamageRand = 0, nCostMana = 0}, --level 8
	{nDamageBase = 0, nDamageRand = 0, nCostMana = 0}, --level 9
	{nDamageBase = 0, nDamageRand = 0, nCostMana = 0}, --level 10
}; nBaseThreat=0; nCostMana=tSkillData[dwSkillLevel].nCostMana; nMinRadius=0 * LENGTH_BASE; nMaxRadius=0 * LENGTH_BASE; nAngleRange=256; nAreaRadius=0 * LENGTH_BASE; nTargetCountLimit=2; nPrepareFrames=0; nChannelFrame=0; nWeaponDamagePercent=0		L2:nDamageBase=0,nDamageRand=0,nCostMana=0; L3:nDamageBase=0,nDamageRand=0,nCostMana=0; L4:nDamageBase=0,nDamageRand=0,nCostMana=0
百战异闻录_玩家\方宇谦\定波式自断.lua	nDamageBase=0, nDamageRand = 0, nCostMana = 0}, --level 1
	{nDamageBase = 0, nDamageRand = 0, nCostMana = 0}, --level 2
	{nDamageBase = 0, nDamageRand = 0, nCostMana = 0}, --level 3
	{nDamageBase = 0, nDamageRand = 0, nCostMana = 0}, --level 4
	{nDamageBase = 0, nDamageRand = 0, nCostMana = 0}, --level 5
	{nDamageBase = 0, nDamageRand = 0, nCostMana = 0}, --level 6
	{nDamageBase = 0, nDamageRand = 0, nCostMana = 0}, --level 7
	{nDamageBase = 0, nDamageRand = 0, nCostMana = 0}, --level 8
	{nDamageBase = 0, nDamageRand = 0, nCostMana = 0}, --level 9
	{nDamageBase = 0, nDamageRand = 0, nCostMana = 0}, --level 10
}; nBaseThreat=0; nCostMana=tSkillData[dwSkillLevel].nCostMana; nMinRadius=0 * LENGTH_BASE; nMaxRadius=20 * LENGTH_BASE; nAngleRange=256; nAreaRadius=4 * LENGTH_BASE; nTargetCountLimit=1; nPrepareFrames=0; nChannelFrame=0; nWeaponDamagePercent=0	EXECUTE_SCRIPT_WITH_PARAM()	L2:nDamageBase=0,nDamageRand=0,nCostMana=0; L3:nDamageBase=0,nDamageRand=0,nCostMana=0; L4:nDamageBase=0,nDamageRand=0,nCostMana=0
百战异闻录_玩家\方宇谦\方宇谦_归潮长生驱散.lua	nDamageBase=0, nDamageRand = 0, nCostMana = 0}, --level 1
	{nDamageBase = 0, nDamageRand = 0, nCostMana = 0}, --level 2
	{nDamageBase = 0, nDamageRand = 0, nCostMana = 0}, --level 3
	{nDamageBase = 0, nDamageRand = 0, nCostMana = 0}, --level 4
	{nDamageBase = 0, nDamageRand = 0, nCostMana = 0}, --level 5
	{nDamageBase = 0, nDamageRand = 0, nCostMana = 0}, --level 6
	{nDamageBase = 0, nDamageRand = 0, nCostMana = 0}, --level 7
	{nDamageBase = 0, nDamageRand = 0, nCostMana = 0}, --level 8
	{nDamageBase = 0, nDamageRand = 0, nCostMana = 0}, --level 9
	{nDamageBase = 0, nDamageRand = 0, nCostMana = 0}, --level 10
}; nBaseThreat=0; nCostMana=tSkillData[dwSkillLevel].nCostMana; nMinRadius=0 * LENGTH_BASE; nMaxRadius=100 * LENGTH_BASE; nAngleRange=256; nAreaRadius=0 * LENGTH_BASE; nTargetCountLimit=1; nPrepareFrames=0; nChannelFrame=0; nWeaponDamagePercent=0	DETACH_SINGLE_BUFF(4,1); DETACH_SINGLE_BUFF(8,1)	L2:nDamageBase=0,nDamageRand=0,nCostMana=0; L3:nDamageBase=0,nDamageRand=0,nCostMana=0; L4:nDamageBase=0,nDamageRand=0,nCostMana=0
百战异闻录_玩家\杜姬欣钱宗龙\帝骖龙翔.lua	nDamageBase=0, nDamageRand = 0, nCostMana = 0}, --level 1
	{nDamageBase = 0, nDamageRand = 0, nCostMana = 0}, --level 2
	{nDamageBase = 0, nDamageRand = 0, nCostMana = 0}, --level 3
	{nDamageBase = 0, nDamageRand = 0, nCostMana = 0}, --level 4
	{nDamageBase = 0, nDamageRand = 0, nCostMana = 0}, --level 5
}; nBaseThreat=0; nCostMana=tSkillData[dwSkillLevel].nCostMana; nMinRadius=0 * LENGTH_BASE; nMaxRadius=0 * LENGTH_BASE; nAngleRange=256; nAreaRadius=8 * LENGTH_BASE; nTargetCountLimit=8; nPrepareFrames=0; nChannelFrame=0; nWeaponDamagePercent=0	EXECUTE_SCRIPT_WITH_PARAM(1); EXECUTE_SCRIPT(0)	L2:nDamageBase=0,nDamageRand=0,nCostMana=0; L3:nDamageBase=0,nDamageRand=0,nCostMana=0; L4:nDamageBase=0,nDamageRand=0,nCostMana=0
百战异闻录_玩家\杜姬欣钱宗龙\帝骖龙翔_数量判断.lua	nDamageBase=0, nDamageRand = 0, nCostMana = 0}, --level 1
	{nDamageBase = 0, nDamageRand = 0, nCostMana = 0}, --level 2
	{nDamageBase = 0, nDamageRand = 0, nCostMana = 0}, --level 3
	{nDamageBase = 0, nDamageRand = 0, nCostMana = 0}, --level 4
	{nDamageBase = 0, nDamageRand = 0, nCostMana = 0}, --level 5
}; nBaseThreat=0; nCostMana=tSkillData[dwSkillLevel].nCostMana; nMinRadius=0 * LENGTH_BASE; nMaxRadius=10 * LENGTH_BASE; nAngleRange=256; nAreaRadius=8 * LENGTH_BASE; nTargetCountLimit=8; nPrepareFrames=0; nChannelFrame=0; nWeaponDamagePercent=0	EXECUTE_SCRIPT_WITH_PARAM(1)	L2:nDamageBase=0,nDamageRand=0,nCostMana=0; L3:nDamageBase=0,nDamageRand=0,nCostMana=0; L4:nDamageBase=0,nDamageRand=0,nCostMana=0
百战异闻录_玩家\通用_驱散混元.lua	nDamageBase=0, nDamageRand = 0, nCostMana = 0}, --level 1
	{nDamageBase = 0, nDamageRand = 0, nCostMana = 0}, --level 2
	{nDamageBase = 0, nDamageRand = 0, nCostMana = 0}, --level 3
	{nDamageBase = 0, nDamageRand = 0, nCostMana = 0}, --level 4
	{nDamageBase = 0, nDamageRand = 0, nCostMana = 0}, --level 5
	{nDamageBase = 0, nDamageRand = 0, nCostMana = 0}, --level 6
	{nDamageBase = 0, nDamageRand = 0, nCostMana = 0}, --level 7
	{nDamageBase = 0, nDamageRand = 0, nCostMana = 0}, --level 8
	{nDamageBase = 0, nDamageRand = 0, nCostMana = 0}, --level 9
	{nDamageBase = 0, nDamageRand = 0, nCostMana = 0}, --level 10
}; nBaseThreat=0; nCostMana=tSkillData[dwSkillLevel].nCostMana; nMinRadius=0 * LENGTH_BASE; nMaxRadius=100 * LENGTH_BASE; nAngleRange=256; nAreaRadius=100 * LENGTH_BASE; nTargetCountLimit=1; nPrepareFrames=0; nChannelFrame=0; nWeaponDamagePercent=0	DETACH_SINGLE_BUFF(5,10000); DETACH_MULTI_GROUP_BUFF(5,10000); DETACH_SINGLE_BUFF(6,10000); DETACH_MULTI_GROUP_BUFF(6,10000)	L2:nDamageBase=0,nDamageRand=0,nCostMana=0; L3:nDamageBase=0,nDamageRand=0,nCostMana=0; L4:nDamageBase=0,nDamageRand=0,nCostMana=0
百战异闻录_玩家\道具\捕兽夹_圆形aoe.lua	nDamageBase=200000, nDamageRand = 0, nCostMana = 0}, --level 1
	{nDamageBase = 0, nDamageRand = 0, nCostMana = 0}, --level 2
	{nDamageBase = 0, nDamageRand = 0, nCostMana = 0}, --level 3
	{nDamageBase = 0, nDamageRand = 0, nCostMana = 0}, --level 4
	{nDamageBase = 0, nDamageRand = 0, nCostMana = 0}, --level 5
	{nDamageBase = 0, nDamageRand = 0, nCostMana = 0}, --level 6
	{nDamageBase = 0, nDamageRand = 0, nCostMana = 0}, --level 7
	{nDamageBase = 0, nDamageRand = 0, nCostMana = 0}, --level 8
	{nDamageBase = 0, nDamageRand = 0, nCostMana = 0}, --level 9
	{nDamageBase = 0, nDamageRand = 0, nCostMana = 0}, --level 10
}; nBaseThreat=0; nCostMana=tSkillData[dwSkillLevel].nCostMana; nMinRadius=0 * LENGTH_BASE; nMaxRadius=30 * LENGTH_BASE; nAngleRange=256; nAreaRadius=10 * LENGTH_BASE; nTargetCountLimit=5; nPrepareFrames=64; nChannelFrame=96; nWeaponDamagePercent=0	EXECUTE_SCRIPT_WITH_PARAM()	L2:nDamageBase=200000,nDamageRand=0,nCostMana=0; L3:nDamageBase=0,nDamageRand=0,nCostMana=0; L4:nDamageBase=0,nDamageRand=0,nCostMana=0
百战异闻录_玩家\陆寻\冥府滑行_下马.lua	nDamageBase=0, nDamageRand = 0, nCostMana = 0}, --level 1
	{nDamageBase = 0, nDamageRand = 0, nCostMana = 0}, --level 2
	{nDamageBase = 0, nDamageRand = 0, nCostMana = 0}, --level 3
	{nDamageBase = 0, nDamageRand = 0, nCostMana = 0}, --level 4
	{nDamageBase = 0, nDamageRand = 0, nCostMana = 0}, --level 5
	{nDamageBase = 0, nDamageRand = 0, nCostMana = 0}, --level 6
	{nDamageBase = 0, nDamageRand = 0, nCostMana = 0}, --level 7
	{nDamageBase = 0, nDamageRand = 0, nCostMana = 0}, --level 8
	{nDamageBase = 0, nDamageRand = 0, nCostMana = 0}, --level 9
	{nDamageBase = 0, nDamageRand = 0, nCostMana = 0}, --level 10
}; nBaseThreat=0; nCostMana=tSkillData[dwSkillLevel].nCostMana; nMinRadius=0 * LENGTH_BASE; nMaxRadius=0 * LENGTH_BASE; nAngleRange=256; nAreaRadius=0 * LENGTH_BASE; nTargetCountLimit=2; nPrepareFrames=0; nChannelFrame=0; nWeaponDamagePercent=0	EXECUTE_SCRIPT_WITH_PARAM()	L2:nDamageBase=0,nDamageRand=0,nCostMana=0; L3:nDamageBase=0,nDamageRand=0,nCostMana=0; L4:nDamageBase=0,nDamageRand=0,nCostMana=0
百战异闻录_玩家\陆寻\冥府滑行_冲锋.lua	nDamageBase=0, nDamageRand = 0, nCostMana = 0}, --level 1
	{nDamageBase = 0, nDamageRand = 0, nCostMana = 0}, --level 2
	{nDamageBase = 0, nDamageRand = 0, nCostMana = 0}, --level 3
	{nDamageBase = 0, nDamageRand = 0, nCostMana = 0}, --level 4
	{nDamageBase = 0, nDamageRand = 0, nCostMana = 0}, --level 5
	{nDamageBase = 0, nDamageRand = 0, nCostMana = 0}, --level 6
	{nDamageBase = 0, nDamageRand = 0, nCostMana = 0}, --level 7
	{nDamageBase = 0, nDamageRand = 0, nCostMana = 0}, --level 8
	{nDamageBase = 0, nDamageRand = 0, nCostMana = 0}, --level 9
	{nDamageBase = 0, nDamageRand = 0, nCostMana = 0}, --level 10
}; nBaseThreat=0; nCostMana=tSkillData[dwSkillLevel].nCostMana; nMinRadius=0 * LENGTH_BASE; nMaxRadius=10 * LENGTH_BASE; nAngleRange=256; nAreaRadius=5 * LENGTH_BASE; nTargetCountLimit=1; nPrepareFrames=0; nChannelFrame=96; nWeaponDamagePercent=0	EXECUTE_SCRIPT_WITH_PARAM()	L2:nDamageBase=0,nDamageRand=0,nCostMana=0; L3:nDamageBase=0,nDamageRand=0,nCostMana=0; L4:nDamageBase=0,nDamageRand=0,nCostMana=0
百战异闻录_玩家\陆寻\冥府滑行_右转表现.lua	nDamageBase=0, nDamageRand = 0, nCostMana = 0}, --level 1
	{nDamageBase = 0, nDamageRand = 0, nCostMana = 0}, --level 2
	{nDamageBase = 0, nDamageRand = 0, nCostMana = 0}, --level 3
	{nDamageBase = 0, nDamageRand = 0, nCostMana = 0}, --level 4
	{nDamageBase = 0, nDamageRand = 0, nCostMana = 0}, --level 5
	{nDamageBase = 0, nDamageRand = 0, nCostMana = 0}, --level 6
	{nDamageBase = 0, nDamageRand = 0, nCostMana = 0}, --level 7
	{nDamageBase = 0, nDamageRand = 0, nCostMana = 0}, --level 8
	{nDamageBase = 0, nDamageRand = 0, nCostMana = 0}, --level 9
	{nDamageBase = 0, nDamageRand = 0, nCostMana = 0}, --level 10
}; nBaseThreat=0; nCostMana=tSkillData[dwSkillLevel].nCostMana; nMinRadius=0 * LENGTH_BASE; nMaxRadius=0 * LENGTH_BASE; nAngleRange=256; nAreaRadius=0 * LENGTH_BASE; nTargetCountLimit=2; nPrepareFrames=0; nChannelFrame=0; nWeaponDamagePercent=0		L2:nDamageBase=0,nDamageRand=0,nCostMana=0; L3:nDamageBase=0,nDamageRand=0,nCostMana=0; L4:nDamageBase=0,nDamageRand=0,nCostMana=0
百战异闻录_玩家\陆寻\冥府滑行_左转表现.lua	nDamageBase=0, nDamageRand = 0, nCostMana = 0}, --level 1
	{nDamageBase = 0, nDamageRand = 0, nCostMana = 0}, --level 2
	{nDamageBase = 0, nDamageRand = 0, nCostMana = 0}, --level 3
	{nDamageBase = 0, nDamageRand = 0, nCostMana = 0}, --level 4
	{nDamageBase = 0, nDamageRand = 0, nCostMana = 0}, --level 5
	{nDamageBase = 0, nDamageRand = 0, nCostMana = 0}, --level 6
	{nDamageBase = 0, nDamageRand = 0, nCostMana = 0}, --level 7
	{nDamageBase = 0, nDamageRand = 0, nCostMana = 0}, --level 8
	{nDamageBase = 0, nDamageRand = 0, nCostMana = 0}, --level 9
	{nDamageBase = 0, nDamageRand = 0, nCostMana = 0}, --level 10
}; nBaseThreat=0; nCostMana=tSkillData[dwSkillLevel].nCostMana; nMinRadius=0 * LENGTH_BASE; nMaxRadius=0 * LENGTH_BASE; nAngleRange=256; nAreaRadius=0 * LENGTH_BASE; nTargetCountLimit=2; nPrepareFrames=0; nChannelFrame=0; nWeaponDamagePercent=0		L2:nDamageBase=0,nDamageRand=0,nCostMana=0; L3:nDamageBase=0,nDamageRand=0,nCostMana=0; L4:nDamageBase=0,nDamageRand=0,nCostMana=0
纯阳\90级奇穴\万剑归宗锁足.lua	nDamageBase=0, nDamageRand = 0, nCostMana = 0}, --level 1
	{nDamageBase = 0, nDamageRand = 0, nCostMana = 0}, --level 2
	{nDamageBase = 0, nDamageRand = 0, nCostMana = 0}, --level 3
	{nDamageBase = 0, nDamageRand = 0, nCostMana = 0}, --level 4
	{nDamageBase = 0, nDamageRand = 0, nCostMana = 0}, --level 5
	{nDamageBase = 0, nDamageRand = 0, nCostMana = 0}, --level 6
	{nDamageBase = 0, nDamageRand = 0, nCostMana = 0}, --level 7
	{nDamageBase = 0, nDamageRand = 0, nCostMana = 0}, --level 8
	{nDamageBase = 0, nDamageRand = 0, nCostMana = 0}, --level 9
	{nDamageBase = 0, nDamageRand = 0, nCostMana = 0}, --level 10
}; nBaseThreat=0; nCostMana=tSkillData[dwSkillLevel].nCostMana; nMinRadius=0 * LENGTH_BASE; nMaxRadius=30 * LENGTH_BASE; nAngleRange=256; nAreaRadius=0 * LENGTH_BASE; nTargetCountLimit=2; nPrepareFrames=0; nChannelFrame=0; nWeaponDamagePercent=0		L2:nDamageBase=0,nDamageRand=0,nCostMana=0; L3:nDamageBase=0,nDamageRand=0,nCostMana=0; L4:nDamageBase=0,nDamageRand=0,nCostMana=0
纯阳\90级奇穴\立即回复5点气.lua	nDamageBase=0, nDamageRand = 0, nCostMana = 0}, --level 1
	{nDamageBase = 0, nDamageRand = 0, nCostMana = 0}, --level 2
	{nDamageBase = 0, nDamageRand = 0, nCostMana = 0}, --level 3
	{nDamageBase = 0, nDamageRand = 0, nCostMana = 0}, --level 4
	{nDamageBase = 0, nDamageRand = 0, nCostMana = 0}, --level 5
	{nDamageBase = 0, nDamageRand = 0, nCostMana = 0}, --level 6
	{nDamageBase = 0, nDamageRand = 0, nCostMana = 0}, --level 7
	{nDamageBase = 0, nDamageRand = 0, nCostMana = 0}, --level 8
	{nDamageBase = 0, nDamageRand = 0, nCostMana = 0}, --level 9
	{nDamageBase = 0, nDamageRand = 0, nCostMana = 0}, --level 10
}; nBaseThreat=0; nCostMana=tSkillData[dwSkillLevel].nCostMana; nMinRadius=0 * LENGTH_BASE; nMaxRadius=4 * LENGTH_BASE; nAngleRange=256; nAreaRadius=0 * LENGTH_BASE; nTargetCountLimit=2; nPrepareFrames=0; nChannelFrame=0; nWeaponDamagePercent=0	ACCUMULATE(6,1); ACCUMULATE(10,1)	L2:nDamageBase=0,nDamageRand=0,nCostMana=0; L3:nDamageBase=0,nDamageRand=0,nCostMana=0; L4:nDamageBase=0,nDamageRand=0,nCostMana=0
纯阳\凌太虚_匣中1.lua	nDamageBase=11,  	nDamageRand = 0 , 	nCostMana = 0},
	{ nDamageBase = 14,  	nDamageRand = 0 , 	nCostMana = 0},
	{ nDamageBase = 17,  	nDamageRand = 0 , 	nCostMana = 0},
	{ nDamageBase = 20,  	nDamageRand = 0 , 	nCostMana = 0},
	{ nDamageBase = 24,  	nDamageRand = 0 , 	nCostMana = 0},
	{ nDamageBase = 25,  	nDamageRand = 0 , 	nCostMana = 0},
}; nCostMana=tSkillData[dwSkillLevel].nCostMana; nMinRadius=0 * LENGTH_BASE; nMaxRadius=50 * LENGTH_BASE; nAngleRange=256; nAreaRadius=10 * LENGTH_BASE; nTargetCountLimit=6; nPrepareFrames=0; nChannelFrame=0; nWeaponDamagePercent=0		L2:nDamageBase=11,nDamageRand=0,nCostMana=0; L3:nDamageBase=14,nDamageRand=0,nCostMana=0; L4:nDamageBase=17,nDamageRand=0,nCostMana=0
纯阳\凌太虚_匣中2.lua	nDamageBase=11,  	nDamageRand = 0 , 	nCostMana = 0},
	{ nDamageBase = 14,  	nDamageRand = 0 , 	nCostMana = 0},
	{ nDamageBase = 17,  	nDamageRand = 0 , 	nCostMana = 0},
	{ nDamageBase = 20,  	nDamageRand = 0 , 	nCostMana = 0},
	{ nDamageBase = 24,  	nDamageRand = 0 , 	nCostMana = 0},
	{ nDamageBase = 25,  	nDamageRand = 0 , 	nCostMana = 0},
}; nCostMana=tSkillData[dwSkillLevel].nCostMana; nMinRadius=0 * LENGTH_BASE; nMaxRadius=50 * LENGTH_BASE; nAngleRange=256; nAreaRadius=10 * LENGTH_BASE; nTargetCountLimit=6; nPrepareFrames=0; nChannelFrame=0; nWeaponDamagePercent=0		L2:nDamageBase=11,nDamageRand=0,nCostMana=0; L3:nDamageBase=14,nDamageRand=0,nCostMana=0; L4:nDamageBase=17,nDamageRand=0,nCostMana=0
纯阳\天地悉归.lua	nDashFrame=100},
	{nDashFrame = 12},
	{nDashFrame = 14},
	{nDashFrame = 16},
}; nMaxRadius=4 * LENGTH_BASE; nAngleRange=64; nPrepareFrames=0	EXECUTE_SCRIPT(0,3)	L2:nDashFrame=100; L3:nDashFrame=12; L4:nDashFrame=14
纯阳\天道剑势_万剑归宗_附魔判定.lua	nDamageBase=0, nDamageRand = 0, nCostMana = 0}, --level 1
	{nDamageBase = 0, nDamageRand = 0, nCostMana = 0}, --level 2
	{nDamageBase = 0, nDamageRand = 0, nCostMana = 0}, --level 3
	{nDamageBase = 0, nDamageRand = 0, nCostMana = 0}, --level 4
	{nDamageBase = 0, nDamageRand = 0, nCostMana = 0}, --level 5
	{nDamageBase = 0, nDamageRand = 0, nCostMana = 0}, --level 6
	{nDamageBase = 0, nDamageRand = 0, nCostMana = 0}, --level 7
	{nDamageBase = 0, nDamageRand = 0, nCostMana = 0}, --level 8
	{nDamageBase = 0, nDamageRand = 0, nCostMana = 0}, --level 9
	{nDamageBase = 0, nDamageRand = 0, nCostMana = 0}, --level 10
}; nBaseThreat=0; nCostMana=tSkillData[dwSkillLevel].nCostMana; nMinRadius=0 * LENGTH_BASE; nMaxRadius=0 * LENGTH_BASE; nAngleRange=256; nAreaRadius=0 * LENGTH_BASE; nTargetCountLimit=2; nPrepareFrames=0; nChannelFrame=0; nWeaponDamagePercent=0		L2:nDamageBase=0,nDamageRand=0,nCostMana=0; L3:nDamageBase=0,nDamageRand=0,nCostMana=0; L4:nDamageBase=0,nDamageRand=0,nCostMana=0
纯阳\套路及子技能\厚亡_三才加10秒.lua	nDamageBase=0, nDamageRand = 0, nCostMana = 0}, --level 1
	{nDamageBase = 0, nDamageRand = 0, nCostMana = 0}, --level 2
	{nDamageBase = 0, nDamageRand = 0, nCostMana = 0}, --level 3
	{nDamageBase = 0, nDamageRand = 0, nCostMana = 0}, --level 4
	{nDamageBase = 0, nDamageRand = 0, nCostMana = 0}, --level 5
	{nDamageBase = 0, nDamageRand = 0, nCostMana = 0}, --level 6
	{nDamageBase = 0, nDamageRand = 0, nCostMana = 0}, --level 7
	{nDamageBase = 0, nDamageRand = 0, nCostMana = 0}, --level 8
	{nDamageBase = 0, nDamageRand = 0, nCostMana = 0}, --level 9
	{nDamageBase = 0, nDamageRand = 0, nCostMana = 0}, --level 10
}; nBaseThreat=0; nCostMana=tSkillData[dwSkillLevel].nCostMana; nMinRadius=0 * LENGTH_BASE; nMaxRadius=4 * LENGTH_BASE; nAngleRange=256; nAreaRadius=0 * LENGTH_BASE; nTargetCountLimit=2; nPrepareFrames=0; nChannelFrame=0; nWeaponDamagePercent=0	SET_TALENT_RECIPE(2977,1)	L2:nDamageBase=0,nDamageRand=0,nCostMana=0; L3:nDamageBase=0,nDamageRand=0,nCostMana=0; L4:nDamageBase=0,nDamageRand=0,nCostMana=0
纯阳\套路及子技能\自化爆气竭.lua	nChannelFrame=80; nMinRadius=0 * LENGTH_BASE; nMaxRadius=100 * LENGTH_BASE; nAngleRange=256; nWeaponDamagePercent=2048; nPrepareFrames=0; nAreaRadius=6 * LENGTH_BASE; nTargetCountLimit=10	SKILL_NEUTRAL_DAMAGE(1,0); SKILL_NEUTRAL_DAMAGE_RAND(1,0); CALL_NEUTRAL_DAMAGE(0,1)	L2:nAddRage=0,nCostRage=0,nDamageBase=108,nDamageRand=3
纯阳\子技能_三才化生_10点气.lua	nCostMana=tSkillData[dwSkillLevel].nCostMana; nMinRadius=0 * LENGTH_BASE; nMaxRadius=20 * LENGTH_BASE; nAngleRange=256; nAreaRadius=8 * LENGTH_BASE; nTargetCountLimit=6; nPrepareFrames=0; nChannelFrame=0; nWeaponDamagePercent=0	EXECUTE_SCRIPT(90,5); SKILL_NEUTRAL_DAMAGE(10,1); SKILL_NEUTRAL_DAMAGE_RAND(1,0); CALL_NEUTRAL_DAMAGE(0,1); CAST_SKILL_TARGET_SRC(3122,5); EXECUTE_SCRIPT_WITH_PARAM(1,2); EXECUTE_SCRIPT(1,0)	L2:nAddRage=0,nCostRage=10,nDamageBase=24,nDamageRand=0; L3:nAddRage=0,nCostRage=10,nDamageBase=26,nDamageRand=0; L4:nAddRage=0,nCostRage=10,nDamageBase=28,nDamageRand=0
纯阳\子技能_三才化生_1点气.lua	nCostMana=tSkillData[dwSkillLevel].nCostMana; nMinRadius=0 * LENGTH_BASE; nMaxRadius=20 * LENGTH_BASE; nAngleRange=256; nAreaRadius=8 * LENGTH_BASE; nTargetCountLimit=6; nPrepareFrames=0; nChannelFrame=0; nWeaponDamagePercent=0	SKILL_NEUTRAL_DAMAGE(10,1); SKILL_NEUTRAL_DAMAGE_RAND(1,0); CALL_NEUTRAL_DAMAGE(0,1); CAST_SKILL_TARGET_SRC(3122,1); EXECUTE_SCRIPT_WITH_PARAM(1,2); EXECUTE_SCRIPT(1,0)	L2:nAddRage=0,nCostRage=10,nDamageBase=24,nDamageRand=0; L3:nAddRage=0,nCostRage=10,nDamageBase=26,nDamageRand=0; L4:nAddRage=0,nCostRage=10,nDamageBase=28,nDamageRand=0
纯阳\子技能_三才化生_2点气.lua	nCostMana=tSkillData[dwSkillLevel].nCostMana; nMinRadius=0 * LENGTH_BASE; nMaxRadius=20 * LENGTH_BASE; nAngleRange=256; nAreaRadius=8 * LENGTH_BASE; nTargetCountLimit=6; nPrepareFrames=0; nChannelFrame=0; nWeaponDamagePercent=0	SKILL_NEUTRAL_DAMAGE(10,1); SKILL_NEUTRAL_DAMAGE_RAND(1,0); CALL_NEUTRAL_DAMAGE(0,1); CAST_SKILL_TARGET_SRC(3122,1); EXECUTE_SCRIPT_WITH_PARAM(1,2); EXECUTE_SCRIPT(1,0)	L2:nAddRage=0,nCostRage=10,nDamageBase=24,nDamageRand=0; L3:nAddRage=0,nCostRage=10,nDamageBase=26,nDamageRand=0; L4:nAddRage=0,nCostRage=10,nDamageBase=28,nDamageRand=0
纯阳\子技能_三才化生_3点气.lua	nCostMana=tSkillData[dwSkillLevel].nCostMana; nMinRadius=0 * LENGTH_BASE; nMaxRadius=20 * LENGTH_BASE; nAngleRange=256; nAreaRadius=8 * LENGTH_BASE; nTargetCountLimit=6; nPrepareFrames=0; nChannelFrame=0; nWeaponDamagePercent=0	SKILL_NEUTRAL_DAMAGE(10,1); SKILL_NEUTRAL_DAMAGE_RAND(1,0); CALL_NEUTRAL_DAMAGE(0,1); CAST_SKILL_TARGET_SRC(3122,2); EXECUTE_SCRIPT_WITH_PARAM(1,2); EXECUTE_SCRIPT(1,0)	L2:nAddRage=0,nCostRage=10,nDamageBase=24,nDamageRand=0; L3:nAddRage=0,nCostRage=10,nDamageBase=26,nDamageRand=0; L4:nAddRage=0,nCostRage=10,nDamageBase=28,nDamageRand=0
纯阳\子技能_三才化生_4点气.lua	nCostMana=tSkillData[dwSkillLevel].nCostMana; nMinRadius=0 * LENGTH_BASE; nMaxRadius=20 * LENGTH_BASE; nAngleRange=256; nAreaRadius=8 * LENGTH_BASE; nTargetCountLimit=6; nPrepareFrames=0; nChannelFrame=0; nWeaponDamagePercent=0	SKILL_NEUTRAL_DAMAGE(10,1); SKILL_NEUTRAL_DAMAGE_RAND(1,0); CALL_NEUTRAL_DAMAGE(0,1); CAST_SKILL_TARGET_SRC(3122,2); EXECUTE_SCRIPT_WITH_PARAM(1,2); EXECUTE_SCRIPT(1,0)	L2:nAddRage=0,nCostRage=10,nDamageBase=24,nDamageRand=0; L3:nAddRage=0,nCostRage=10,nDamageBase=26,nDamageRand=0; L4:nAddRage=0,nCostRage=10,nDamageBase=28,nDamageRand=0
纯阳\子技能_三才化生_5点气.lua	nCostMana=tSkillData[dwSkillLevel].nCostMana; nMinRadius=0 * LENGTH_BASE; nMaxRadius=20 * LENGTH_BASE; nAngleRange=256; nAreaRadius=8 * LENGTH_BASE; nTargetCountLimit=6; nPrepareFrames=0; nChannelFrame=0; nWeaponDamagePercent=0	SKILL_NEUTRAL_DAMAGE(10,1); SKILL_NEUTRAL_DAMAGE_RAND(1,0); CALL_NEUTRAL_DAMAGE(0,1); CAST_SKILL_TARGET_SRC(3122,3); EXECUTE_SCRIPT_WITH_PARAM(1,2); EXECUTE_SCRIPT(1,0)	L2:nAddRage=0,nCostRage=10,nDamageBase=24,nDamageRand=0; L3:nAddRage=0,nCostRage=10,nDamageBase=26,nDamageRand=0; L4:nAddRage=0,nCostRage=10,nDamageBase=28,nDamageRand=0
纯阳\子技能_三才化生_6点气.lua	nCostMana=tSkillData[dwSkillLevel].nCostMana; nMinRadius=0 * LENGTH_BASE; nMaxRadius=20 * LENGTH_BASE; nAngleRange=256; nAreaRadius=8 * LENGTH_BASE; nTargetCountLimit=6; nPrepareFrames=0; nChannelFrame=0; nWeaponDamagePercent=0	SKILL_NEUTRAL_DAMAGE(10,1); SKILL_NEUTRAL_DAMAGE_RAND(1,0); CALL_NEUTRAL_DAMAGE(0,1); CAST_SKILL_TARGET_SRC(3122,3); EXECUTE_SCRIPT_WITH_PARAM(1,2); EXECUTE_SCRIPT(1,0)	L2:nAddRage=0,nCostRage=10,nDamageBase=24,nDamageRand=0; L3:nAddRage=0,nCostRage=10,nDamageBase=26,nDamageRand=0; L4:nAddRage=0,nCostRage=10,nDamageBase=28,nDamageRand=0
纯阳\子技能_三才化生_7点气.lua	nCostMana=tSkillData[dwSkillLevel].nCostMana; nMinRadius=0 * LENGTH_BASE; nMaxRadius=20 * LENGTH_BASE; nAngleRange=256; nAreaRadius=8 * LENGTH_BASE; nTargetCountLimit=6; nPrepareFrames=0; nChannelFrame=0; nWeaponDamagePercent=0	SKILL_NEUTRAL_DAMAGE(10,1); SKILL_NEUTRAL_DAMAGE_RAND(1,0); CALL_NEUTRAL_DAMAGE(0,1); CAST_SKILL_TARGET_SRC(3122,4); EXECUTE_SCRIPT_WITH_PARAM(1,2); EXECUTE_SCRIPT(1,0)	L2:nAddRage=0,nCostRage=10,nDamageBase=24,nDamageRand=0; L3:nAddRage=0,nCostRage=10,nDamageBase=26,nDamageRand=0; L4:nAddRage=0,nCostRage=10,nDamageBase=28,nDamageRand=0
纯阳\子技能_三才化生_8点气.lua	nCostMana=tSkillData[dwSkillLevel].nCostMana; nMinRadius=0 * LENGTH_BASE; nMaxRadius=20 * LENGTH_BASE; nAngleRange=256; nAreaRadius=8 * LENGTH_BASE; nTargetCountLimit=6; nPrepareFrames=0; nChannelFrame=0; nWeaponDamagePercent=0	SKILL_NEUTRAL_DAMAGE(10,1); SKILL_NEUTRAL_DAMAGE_RAND(1,0); CALL_NEUTRAL_DAMAGE(0,1); CAST_SKILL_TARGET_SRC(3122,4); EXECUTE_SCRIPT_WITH_PARAM(1,2); EXECUTE_SCRIPT(1,0)	L2:nAddRage=0,nCostRage=10,nDamageBase=24,nDamageRand=0; L3:nAddRage=0,nCostRage=10,nDamageBase=26,nDamageRand=0; L4:nAddRage=0,nCostRage=10,nDamageBase=28,nDamageRand=0
纯阳\子技能_三才化生_9点气.lua	nCostMana=tSkillData[dwSkillLevel].nCostMana; nMinRadius=0 * LENGTH_BASE; nMaxRadius=20 * LENGTH_BASE; nAngleRange=256; nAreaRadius=8 * LENGTH_BASE; nTargetCountLimit=6; nPrepareFrames=0; nChannelFrame=0; nWeaponDamagePercent=0	SKILL_NEUTRAL_DAMAGE(10,1); SKILL_NEUTRAL_DAMAGE_RAND(1,0); CALL_NEUTRAL_DAMAGE(0,1); CAST_SKILL_TARGET_SRC(3122,5); EXECUTE_SCRIPT_WITH_PARAM(1,2); EXECUTE_SCRIPT(1,0)	L2:nAddRage=0,nCostRage=10,nDamageBase=24,nDamageRand=0; L3:nAddRage=0,nCostRage=10,nDamageBase=26,nDamageRand=0; L4:nAddRage=0,nCostRage=10,nDamageBase=28,nDamageRand=0
纯阳\子技能_九转归一伤害触发.lua	nBaseThreat=0; nCostMana=tSkillData[dwSkillLevel].nCostMana; nMinRadius=0 * LENGTH_BASE; nMaxRadius=30 * LENGTH_BASE; nAreaRadius=0 * LENGTH_BASE; nTargetCountLimit=2; nPrepareFrames=0; nChannelFrame=0; nWeaponDamagePercent=0	SKILL_NEUTRAL_DAMAGE(1,0); SKILL_NEUTRAL_DAMAGE_RAND(1,0); CALL_NEUTRAL_DAMAGE(0,1); EXECUTE_SCRIPT(0,2086)	L2:nAddRage=0,nCostRage=0,nDamageBase=29,nDamageRand=5
纯阳\子技能_人剑合一_NPC调用敌对.lua	nDamageBase=0, nDamageRand = 0, nCostMana = 0},		--level 1
	{nDamageBase = 0, nDamageRand = 0, nCostMana = 0},		--level 2
	{nDamageBase = 0, nDamageRand = 0, nCostMana = 0},		--level 3
	{nDamageBase = 0, nDamageRand = 0, nCostMana = 0},		--level 4
	{nDamageBase = 0, nDamageRand = 0, nCostMana = 0},		--level 5
	{nDamageBase = 0, nDamageRand = 0, nCostMana = 0},		--level 6
	
}; nCostMana=tSkillData[dwSkillLevel].nCostMana; nMinRadius=0 * LENGTH_BASE; nMaxRadius=5 * LENGTH_BASE; nAngleRange=256; nAreaRadius=0 * LENGTH_BASE; nTargetCountLimit=2; nPrepareFrames=0; nChannelFrame=0; nWeaponDamagePercent=0	EMPLOYER_CAST_SKILL_TARGET_SELF(589,1)	L2:nDamageBase=0,nDamageRand=0,nCostMana=0; L3:nDamageBase=0,nDamageRand=0,nCostMana=0; L4:nDamageBase=0,nDamageRand=0,nCostMana=0
纯阳\子技能_回气.lua	nDamageBase=0, nDamageRand = 0, nCostMana = 0},		--level 1
	{nDamageBase = 0, nDamageRand = 0, nCostMana = 0},		--level 2
	{nDamageBase = 0, nDamageRand = 0, nCostMana = 0},		--level 3
	{nDamageBase = 0, nDamageRand = 0, nCostMana = 0},		--level 4
	{nDamageBase = 0, nDamageRand = 0, nCostMana = 0},		--level 5
	{nDamageBase = 0, nDamageRand = 0, nCostMana = 0},		--level 6
	{nDamageBase = 0, nDamageRand = 0, nCostMana = 0},		--level 7
	{nDamageBase = 0, nDamageRand = 0, nCostMana = 0},		--level 8
	{nDamageBase = 0, nDamageRand = 0, nCostMana = 0},		--level 9
	{nDamageBase = 0, nDamageRand = 0, nCostMana = 0},		--level 10
}; nBaseThreat=0; nCostMana=tSkillData[dwSkillLevel].nCostMana; nMinRadius=0 * LENGTH_BASE; nMaxRadius=5 * LENGTH_BASE; nAngleRange=256; nAreaRadius=0 * LENGTH_BASE; nTargetCountLimit=2; nPrepareFrames=0; nChannelFrame=0; nWeaponDamagePercent=0	ACCUMULATE(0,2)	L2:nDamageBase=0,nDamageRand=0,nCostMana=0; L3:nDamageBase=0,nDamageRand=0,nCostMana=0; L4:nDamageBase=0,nDamageRand=0,nCostMana=0
纯阳\子技能_大道无术_10点气.lua	nDamageBase=0, nDamageRand = 0, nCostMana = 0}, --level 1
}; nCostMana=tSkillData[dwSkillLevel].nCostMana; nMinRadius=0 * LENGTH_BASE; nMaxRadius=8 * LENGTH_BASE; nAngleRange=128; nAreaRadius=0 * LENGTH_BASE; nTargetCountLimit=2; nPrepareFrames=0; nChannelFrame=0; nWeaponDamagePercent=0	EXECUTE_SCRIPT_WITH_PARAM(10); EXECUTE_SCRIPT(90,5)	L2:nDamageBase=0,nDamageRand=0,nCostMana=0
纯阳\子技能_大道无术_1点气.lua	nDamageBase=0, nDamageRand = 0, nCostMana = 0}, --level 1
}; nCostMana=tSkillData[dwSkillLevel].nCostMana; nMinRadius=0 * LENGTH_BASE; nMaxRadius=8 * LENGTH_BASE; nAngleRange=128; nAreaRadius=0 * LENGTH_BASE; nTargetCountLimit=2; nPrepareFrames=0; nChannelFrame=0; nWeaponDamagePercent=0	EXECUTE_SCRIPT_WITH_PARAM(1)	L2:nDamageBase=0,nDamageRand=0,nCostMana=0
纯阳\子技能_大道无术_2点气.lua	nDamageBase=0, nDamageRand = 0, nCostMana = 0},		--level 1
}; nCostMana=tSkillData[dwSkillLevel].nCostMana; nMinRadius=0 * LENGTH_BASE; nMaxRadius=8 * LENGTH_BASE; nAngleRange=128; nAreaRadius=0 * LENGTH_BASE; nTargetCountLimit=2; nPrepareFrames=0; nChannelFrame=0; nWeaponDamagePercent=0	EXECUTE_SCRIPT_WITH_PARAM(2)	L2:nDamageBase=0,nDamageRand=0,nCostMana=0
纯阳\子技能_大道无术_3点气.lua	nDamageBase=0, nDamageRand = 0, nCostMana = 0},		--level 1
}; nCostMana=tSkillData[dwSkillLevel].nCostMana; nMinRadius=0 * LENGTH_BASE; nMaxRadius=8 * LENGTH_BASE; nAngleRange=128; nAreaRadius=0 * LENGTH_BASE; nTargetCountLimit=2; nPrepareFrames=0; nChannelFrame=0; nWeaponDamagePercent=0	EXECUTE_SCRIPT_WITH_PARAM(3)	L2:nDamageBase=0,nDamageRand=0,nCostMana=0
纯阳\子技能_大道无术_4点气.lua	nDamageBase=0, nDamageRand = 0, nCostMana = 0},		--level 1
}; nCostMana=tSkillData[dwSkillLevel].nCostMana; nMinRadius=0 * LENGTH_BASE; nMaxRadius=8 * LENGTH_BASE; nAngleRange=128; nAreaRadius=0 * LENGTH_BASE; nTargetCountLimit=2; nPrepareFrames=0; nChannelFrame=0; nWeaponDamagePercent=0	EXECUTE_SCRIPT_WITH_PARAM(4)	L2:nDamageBase=0,nDamageRand=0,nCostMana=0
纯阳\子技能_大道无术_5点气.lua	nDamageBase=0, nDamageRand = 0, nCostMana = 0},		--level 1
}; nCostMana=tSkillData[dwSkillLevel].nCostMana; nMinRadius=0 * LENGTH_BASE; nMaxRadius=8 * LENGTH_BASE; nAngleRange=128; nAreaRadius=0 * LENGTH_BASE; nTargetCountLimit=2; nPrepareFrames=0; nChannelFrame=0; nWeaponDamagePercent=0	EXECUTE_SCRIPT_WITH_PARAM(5)	L2:nDamageBase=0,nDamageRand=0,nCostMana=0
纯阳\子技能_大道无术_6点气.lua	nDamageBase=0, nDamageRand = 0, nCostMana = 0},		--level 1
}; nCostMana=tSkillData[dwSkillLevel].nCostMana; nMinRadius=0 * LENGTH_BASE; nMaxRadius=8 * LENGTH_BASE; nAngleRange=128; nAreaRadius=0 * LENGTH_BASE; nTargetCountLimit=2; nPrepareFrames=0; nChannelFrame=0; nWeaponDamagePercent=0	EXECUTE_SCRIPT_WITH_PARAM(6)	L2:nDamageBase=0,nDamageRand=0,nCostMana=0
纯阳\子技能_大道无术_7点气.lua	nDamageBase=0, nDamageRand = 0, nCostMana = 0},		--level 1
}; nCostMana=tSkillData[dwSkillLevel].nCostMana; nMinRadius=0 * LENGTH_BASE; nMaxRadius=8 * LENGTH_BASE; nAngleRange=128; nAreaRadius=0 * LENGTH_BASE; nTargetCountLimit=2; nPrepareFrames=0; nChannelFrame=0; nWeaponDamagePercent=0	EXECUTE_SCRIPT_WITH_PARAM(7)	L2:nDamageBase=0,nDamageRand=0,nCostMana=0
纯阳\子技能_大道无术_8点气.lua	nDamageBase=0, nDamageRand = 0, nCostMana = 0},		--level 1
}; nCostMana=tSkillData[dwSkillLevel].nCostMana; nMinRadius=0 * LENGTH_BASE; nMaxRadius=8 * LENGTH_BASE; nAngleRange=128; nAreaRadius=0 * LENGTH_BASE; nTargetCountLimit=2; nPrepareFrames=0; nChannelFrame=0; nWeaponDamagePercent=0	EXECUTE_SCRIPT_WITH_PARAM(8)	L2:nDamageBase=0,nDamageRand=0,nCostMana=0
纯阳\子技能_大道无术_9点气.lua	nDamageBase=0, nDamageRand = 0, nCostMana = 0},		--level 1
}; nCostMana=tSkillData[dwSkillLevel].nCostMana; nMinRadius=0 * LENGTH_BASE; nMaxRadius=8 * LENGTH_BASE; nAngleRange=128; nAreaRadius=0 * LENGTH_BASE; nTargetCountLimit=2; nPrepareFrames=0; nChannelFrame=0; nWeaponDamagePercent=0	EXECUTE_SCRIPT_WITH_PARAM(9)	L2:nDamageBase=0,nDamageRand=0,nCostMana=0
纯阳\子技能_抱元守缺_1点气.lua	nCostMana=tSkillData[dwSkillLevel].nCostMana; nMinRadius=0 * LENGTH_BASE; nMaxRadius=0 * LENGTH_BASE; nAngleRange=256; nAreaRadius=0 * LENGTH_BASE; nTargetCountLimit=2; nPrepareFrames=0; nChannelFrame=0; nWeaponDamagePercent=0	EXECUTE_SCRIPT(1,1)	L2:nRefMana=1832,nBuffID=2338; L3:nRefMana=1832,nBuffID=2339; L4:nRefMana=1832,nBuffID=2340
纯阳\子技能_抱元守缺_2点气.lua	nCostMana=tSkillData[dwSkillLevel].nCostMana; nMinRadius=0 * LENGTH_BASE; nMaxRadius=0 * LENGTH_BASE; nAngleRange=256; nAreaRadius=0 * LENGTH_BASE; nTargetCountLimit=2; nPrepareFrames=0; nChannelFrame=0; nWeaponDamagePercent=0	EXECUTE_SCRIPT(2,1)	L2:nRefMana=1832,nBuffID=2338; L3:nRefMana=1832,nBuffID=2339; L4:nRefMana=1832,nBuffID=2340
纯阳\子技能_抱元守缺_3点气.lua	nCostMana=tSkillData[dwSkillLevel].nCostMana; nMinRadius=0 * LENGTH_BASE; nMaxRadius=0 * LENGTH_BASE; nAngleRange=256; nAreaRadius=0 * LENGTH_BASE; nTargetCountLimit=2; nPrepareFrames=0; nChannelFrame=0; nWeaponDamagePercent=0	EXECUTE_SCRIPT(3,1)	L2:nRefMana=1832,nBuffID=2338; L3:nRefMana=1832,nBuffID=2339; L4:nRefMana=1832,nBuffID=2340
纯阳\子技能_抱元守缺_4点气.lua	nCostMana=tSkillData[dwSkillLevel].nCostMana; nMinRadius=0 * LENGTH_BASE; nMaxRadius=0 * LENGTH_BASE; nAngleRange=256; nAreaRadius=0 * LENGTH_BASE; nTargetCountLimit=2; nPrepareFrames=0; nChannelFrame=0; nWeaponDamagePercent=0	EXECUTE_SCRIPT(4,1)	L2:nRefMana=1832,nBuffID=2338; L3:nRefMana=1832,nBuffID=2339; L4:nRefMana=1832,nBuffID=2340
纯阳\子技能_抱元守缺_5点气.lua	nCostMana=tSkillData[dwSkillLevel].nCostMana; nMinRadius=0 * LENGTH_BASE; nMaxRadius=0 * LENGTH_BASE; nAngleRange=256; nAreaRadius=0 * LENGTH_BASE; nTargetCountLimit=2; nPrepareFrames=0; nChannelFrame=0; nWeaponDamagePercent=0	EXECUTE_SCRIPT(5,1)	L2:nRefMana=1832,nBuffID=2338; L3:nRefMana=1832,nBuffID=2339; L4:nRefMana=1832,nBuffID=2340
纯阳\子技能_抱元守缺_6点气.lua	nCostMana=tSkillData[dwSkillLevel].nCostMana; nMinRadius=0 * LENGTH_BASE; nMaxRadius=0 * LENGTH_BASE; nAngleRange=256; nAreaRadius=0 * LENGTH_BASE; nTargetCountLimit=2; nPrepareFrames=0; nChannelFrame=0; nWeaponDamagePercent=0	EXECUTE_SCRIPT(6,1)	L2:nRefMana=1832,nBuffID=2338; L3:nRefMana=1832,nBuffID=2339; L4:nRefMana=1832,nBuffID=2340
纯阳\子技能_气场效果_凌太虚.lua	nDamageBase=11, nDamageRand = 0, nCostMana = 0},
	{ nDamageBase = 14, nDamageRand = 0, nCostMana = 0},
	{ nDamageBase = 17, nDamageRand = 0, nCostMana = 0},
	{ nDamageBase = 20, nDamageRand = 0, nCostMana = 0},
	{ nDamageBase = 24, nDamageRand = 0, nCostMana = 0},
	{ nDamageBase = 25, nDamageRand = 0, nCostMana = 0},
}; nCostMana=tSkillData[dwSkillLevel].nCostMana; nMinRadius=0 * LENGTH_BASE; nMaxRadius=50 * LENGTH_BASE; nAngleRange=256; nAreaRadius=10 * LENGTH_BASE; nTargetCountLimit=1; nPrepareFrames=0; nChannelFrame=0; nWeaponDamagePercent=0	EXECUTE_SCRIPT(1,0)	L2:nDamageBase=11,nDamageRand=0,nCostMana=0; L3:nDamageBase=14,nDamageRand=0,nCostMana=0; L4:nDamageBase=17,nDamageRand=0,nCostMana=0
纯阳\子技能_气场效果_凌太虚加强.lua	nDamageBase=11, nDamageRand = 0, nCostMana = 0},
	{ nDamageBase = 14, nDamageRand = 0, nCostMana = 0},
	{ nDamageBase = 17, nDamageRand = 0, nCostMana = 0},
	{ nDamageBase = 20, nDamageRand = 0, nCostMana = 0},
	{ nDamageBase = 24, nDamageRand = 0, nCostMana = 0},
	{ nDamageBase = 25, nDamageRand = 0, nCostMana = 0},
}; nCostMana=tSkillData[dwSkillLevel].nCostMana; nMinRadius=0 * LENGTH_BASE; nMaxRadius=50 * LENGTH_BASE; nAngleRange=256; nAreaRadius=10 * LENGTH_BASE; nTargetCountLimit=6; nPrepareFrames=0; nChannelFrame=0; nWeaponDamagePercent=0	EXECUTE_SCRIPT(1,0)	L2:nDamageBase=11,nDamageRand=0,nCostMana=0; L3:nDamageBase=14,nDamageRand=0,nCostMana=0; L4:nDamageBase=17,nDamageRand=0,nCostMana=0
纯阳\子技能_紫霞功_放气后回气.lua	nDamageBase=0, nDamageRand = 0, nCostMana = 0}, --level 1
}; nCostMana=tSkillData[dwSkillLevel].nCostMana; nMinRadius=0 * LENGTH_BASE; nMaxRadius=0 * LENGTH_BASE; nAngleRange=256; nAreaRadius=0 * LENGTH_BASE; nTargetCountLimit=2; nPrepareFrames=0; nChannelFrame=0; nWeaponDamagePercent=0	ACCUMULATE(2,1); ACCUMULATE(1,1)	L2:nDamageBase=0,nDamageRand=0,nCostMana=0
纯阳\子技能_自身回豆.lua	nDamageBase=0, nDamageRand = 0, nCostMana = 0}, --level 1
	{nDamageBase = 0, nDamageRand = 0, nCostMana = 0}, --level 2
	{nDamageBase = 0, nDamageRand = 0, nCostMana = 0}, --level 3
	{nDamageBase = 0, nDamageRand = 0, nCostMana = 0}, --level 4
	{nDamageBase = 0, nDamageRand = 0, nCostMana = 0}, --level 5
	{nDamageBase = 0, nDamageRand = 0, nCostMana = 0}, --level 6
	{nDamageBase = 0, nDamageRand = 0, nCostMana = 0}, --level 7
	{nDamageBase = 0, nDamageRand = 0, nCostMana = 0}, --level 8
	{nDamageBase = 0, nDamageRand = 0, nCostMana = 0}, --level 9
	{nDamageBase = 0, nDamageRand = 0, nCostMana = 0}, --level 10
}; nBaseThreat=0; nCostMana=tSkillData[dwSkillLevel].nCostMana; nMinRadius=0 * LENGTH_BASE; nMaxRadius=4 * LENGTH_BASE; nAngleRange=256; nAreaRadius=0 * LENGTH_BASE; nTargetCountLimit=1; nPrepareFrames=0; nChannelFrame=0; nWeaponDamagePercent=0	ACCUMULATE(1,0)	L2:nDamageBase=0,nDamageRand=0,nCostMana=0; L3:nDamageBase=0,nDamageRand=0,nCostMana=0; L4:nDamageBase=0,nDamageRand=0,nCostMana=0
纯阳\子技能_镇山河驱散自己.lua	nDamageBase=0, nDamageRand = 0, nCostMana = 0},		--level 1
}; nCostMana=tSkillData[dwSkillLevel].nCostMana; nMinRadius=0 * LENGTH_BASE; nMaxRadius=50 * LENGTH_BASE; nAngleRange=256; nAreaRadius=6 * LENGTH_BASE; nTargetCountLimit=2; nPrepareFrames=0; nChannelFrame=0; nWeaponDamagePercent=0	DETACH_MULTI_GROUP_BUFF(2,1); DETACH_MULTI_GROUP_BUFF(4,1); DETACH_MULTI_GROUP_BUFF(6,1); DETACH_MULTI_GROUP_BUFF(8,1); DETACH_MULTI_GROUP_BUFF(10,1); DETACH_MULTI_GROUP_BUFF(12,1); DEL_MULTI_GROUP_BUFF_BY_FUNCTIONTYPE(4,10000); DEL_MULTI_GROUP_BUFF_BY_FUNCTIONTYPE(8,10000); DEL_MULTI_GROUP_BUFF_BY_FUNCTIONTYPE(7,10000); DEL_MULTI_GROUP_BUFF_BY_FUNCTIONTYPE(2,10000); DEL_SINGLE_BUFF_BY_ID_AND_LEVEL(682); DEL_SINGLE_BUFF_BY_ID_AND_LEVEL(737,1); DEL_SINGLE_BUFF_BY_ID_AND_LEVEL(740,1); CAST_SKILL_TARGET_DST(7276,1); CAST_SKILL(21144,1)	L2:nDamageBase=0,nDamageRand=0,nCostMana=0
纯阳\气场聚气_太虚剑意.lua	nDamageBase=0, nDamageRand = 0, nCostMana = 0},		--level 1
}; nCostMana=tSkillData[dwSkillLevel].nCostMana; nMinRadius=0 * LENGTH_BASE; nMaxRadius=0 * LENGTH_BASE; nAngleRange=256; nAreaRadius=0 * LENGTH_BASE; nTargetCountLimit=2; nPrepareFrames=0; nChannelFrame=0; nWeaponDamagePercent=0	ACCUMULATE(2,1)	L2:nDamageBase=0,nDamageRand=0,nCostMana=0
绝境战场\撼如雷自身加Buff.lua	nDamageBase=0, nDamageRand = 0, nCostMana = 0}, --level 1
	{nDamageBase = 0, nDamageRand = 0, nCostMana = 0}, --level 2
	{nDamageBase = 0, nDamageRand = 0, nCostMana = 0}, --level 3
	{nDamageBase = 0, nDamageRand = 0, nCostMana = 0}, --level 4
	{nDamageBase = 0, nDamageRand = 0, nCostMana = 0}, --level 5
	{nDamageBase = 0, nDamageRand = 0, nCostMana = 0}, --level 6
	{nDamageBase = 0, nDamageRand = 0, nCostMana = 0}, --level 7
	{nDamageBase = 0, nDamageRand = 0, nCostMana = 0}, --level 8
	{nDamageBase = 0, nDamageRand = 0, nCostMana = 0}, --level 9
	{nDamageBase = 0, nDamageRand = 0, nCostMana = 0}, --level 10
}; nBaseThreat=0; nCostMana=tSkillData[dwSkillLevel].nCostMana; nMinRadius=0 * LENGTH_BASE; nMaxRadius=0 * LENGTH_BASE; nAngleRange=256; nAreaRadius=0 * LENGTH_BASE; nTargetCountLimit=2; nPrepareFrames=0; nChannelFrame=0; nWeaponDamagePercent=0		L2:nDamageBase=0,nDamageRand=0,nCostMana=0; L3:nDamageBase=0,nDamageRand=0,nCostMana=0; L4:nDamageBase=0,nDamageRand=0,nCostMana=0
绝境战场\绝境_一段守缺.lua	nCostMana=0; nMinRadius=0; nMaxRadius=10 * LENGTH_BASE; nAngleRange=128; nAreaRadius=0 * LENGTH_BASE; nTargetCountLimit=2; nPrepareFrames=0; nWeaponDamagePercent=2048	SKILL_SOLAR_DAMAGE(0); SKILL_SOLAR_DAMAGE_RAND(0,1); CALL_ADAPTIVE_DAMAGE(1,0)	L2:nDamage=102 / 3,nDamageRand=0,nCostMana=0,nFrame=72 / 3; L3:nDamage=123 / 3,nDamageRand=0,nCostMana=0,nFrame=72 / 3; L4:nDamage=144 / 3,nDamageRand=0,nCostMana=0,nFrame=72 / 3
绝境战场\绝境_七星拱瑞.lua	nDamageBase=0, nDamageRand = 0, nCostMana = 248}, --level 1
	{ nDamageBase = 0, nDamageRand = 0, nCostMana = 439}, --level 2
	{ nDamageBase = 0, nDamageRand = 0, nCostMana = 577}, --level 3
	{ nDamageBase = 0, nDamageRand = 0, nCostMana = 714}, --level 4           
	{ nDamageBase = 0, nDamageRand = 0, nCostMana = 852}, --level 5   
}; nCostMana=tSkillData[dwSkillLevel].nCostMana; nMinRadius=0; nMaxRadius=25 * LENGTH_BASE; nAngleRange=128; nAreaRadius=0 * LENGTH_BASE; nTargetCountLimit=2; nPrepareFrames=24; nChannelFrame=0; nWeaponDamagePercent=0	CAST_SKILL_TARGET_DST(65147,1); CAST_SKILL_TARGET_DST(65148,1)	L2:nDamageBase=0,nDamageRand=0,nCostMana=248; L3:nDamageBase=0,nDamageRand=0,nCostMana=439; L4:nDamageBase=0,nDamageRand=0,nCostMana=577
绝境战场\绝境_七星拱瑞npc.lua	nDamageBase=0, nDamageRand = 0, nCostMana = 0}, --level 1
	{ nDamageBase = 0, nDamageRand = 0, nCostMana = 0}, --level 2
	{ nDamageBase = 0, nDamageRand = 0, nCostMana = 0}, --level 3
	{ nDamageBase = 0, nDamageRand = 0, nCostMana = 0}, --level 4
	{ nDamageBase = 0, nDamageRand = 0, nCostMana = 0}, --level 5
}; nCostMana=tSkillData[dwSkillLevel].nCostMana; nMinRadius=0; nMaxRadius=26 * LENGTH_BASE; nAngleRange=128; nAreaRadius=0 * LENGTH_BASE; nTargetCountLimit=2; nPrepareFrames=0; nChannelFrame=0; nWeaponDamagePercent=0		L2:nDamageBase=0,nDamageRand=0,nCostMana=0; L3:nDamageBase=0,nDamageRand=0,nCostMana=0; L4:nDamageBase=0,nDamageRand=0,nCostMana=0
绝境战场\绝境_七星拱瑞player.lua	nDamageBase=0, nDamageRand = 0, nCostMana = 0}, --level 1
	{ nDamageBase = 0, nDamageRand = 0, nCostMana = 0}, --level 2
	{ nDamageBase = 0, nDamageRand = 0, nCostMana = 0}, --level 3
	{ nDamageBase = 0, nDamageRand = 0, nCostMana = 0}, --level 4
	{ nDamageBase = 0, nDamageRand = 0, nCostMana = 0}, --level 5
}; nCostMana=tSkillData[dwSkillLevel].nCostMana; nMinRadius=0; nMaxRadius=26 * LENGTH_BASE; nAngleRange=128; nAreaRadius=0 * LENGTH_BASE; nTargetCountLimit=2; nPrepareFrames=0; nChannelFrame=0; nWeaponDamagePercent=0	EXECUTE_SCRIPT(-0)	L2:nDamageBase=0,nDamageRand=0,nCostMana=0; L3:nDamageBase=0,nDamageRand=0,nCostMana=0; L4:nDamageBase=0,nDamageRand=0,nCostMana=0
绝境战场\绝境_万剑归宗.lua	nDamageBase=69, 	nDamageRand = 07,  	nCostMana = 73}, 	--level 1
	{ nDamageBase = 93, 	nDamageRand = 09,  	nCostMana = 109},	--level 2
	{ nDamageBase = 119, 	nDamageRand = 12,  	nCostMana = 162},	--level 3
	{ nDamageBase = 146, 	nDamageRand = 15,  	nCostMana = 202},	--level 4
	{ nDamageBase = 171, 	nDamageRand = 18,  	nCostMana = 243},	--level 5
	{ nDamageBase = 197, 	nDamageRand = 20,  	nCostMana = 283},	--level 6
	{ nDamageBase = 207, nDamageRand = 21, nCostMana = 324},
}; nMinRadius=0											--技能施放最小半径
	skill.nMaxRadius = 50 * LENGTH_BASE; nAngleRange=256; nAreaRadius=6 * LENGTH_BASE; nTargetCountLimit=6; nPrepareFrames=0	SKILL_PHYSICS_DAMAGE(0); SKILL_PHYSICS_DAMAGE_RAND(0,1); CALL_ADAPTIVE_DAMAGE(1,0); EXECUTE_SCRIPT(1,0)	L2:nDamageBase=69,nDamageRand=07,nCostMana=73; L3:nDamageBase=93,nDamageRand=09,nCostMana=109; L4:nDamageBase=119,nDamageRand=12,nCostMana=162
绝境战场\绝境_三才化生.lua	nCostMana=89}, --level 1
	{ nCostMana = 155}, --level 2
	{ nCostMana = 200}, --level 3
	{ nCostMana = 246}, --level 4
	{ nCostMana = 292}, --level 5
}; nMinRadius=0									--技能施放最小半径
	skill.nMaxRadius = 0; nAngleRange=256; nAreaRadius=8 * LENGTH_BASE; nTargetCountLimit=6; nPrepareFrames=0	EXECUTE_SCRIPT(0,1)	L2:nCostMana=89; L3:nCostMana=155; L4:nCostMana=200
绝境战场\绝境_三环套月.lua	nDamageBase=39 * 0.95, nDamageRand = 39 * 0.1, nCostMana = 29 * 2 / 3}, --level 1
	{ nDamageBase = 78 * 0.95, nDamageRand = 78 * 0.1, nCostMana = 29 * 2 / 3}, --level 2
	{ nDamageBase = 96 * 0.95, nDamageRand = 96 * 0.1, nCostMana = 43 * 2 / 3}, --level 3
	{ nDamageBase = 124 * 0.95, nDamageRand = 124 * 0.1, nCostMana = 59 * 2 / 3}, --level 4
	{ nDamageBase = 162 * 0.95, nDamageRand = 162 * 0.1, nCostMana = 84 * 2 / 3}, --level 5
	{ nDamageBase = 201 * 0.95, nDamageRand = 201 * 0.1, nCostMana = 102 * 2 / 3}, --level 6
	{ nDamageBase = 233 * 0.95, nDamageRand = 233 * 0.1, nCostMana = 120 * 2 / 3}, --level 7
	{ nDamageBase = 280 * 0.95, nDamageRand = 280 * 0.1, nCostMana = 138 * 2 / 3}, --level 8
	{ nDamageBase = 337 * 0.95, nDamageRand = 337 * 0.1, nCostMana = 156 * 2 / 3}, --level 9
	{ nDamageBase = 368 * 0.95, nDamageRand = 368 * 0.1, nCostMana = 174 * 2 / 3}, --level 10
	{ nDamageBase = 402 * 0.95, nDamageRand = 402 * 0.1, nCostMana = 192 * 2 / 3}, --level 11
	{ nDamageBase = 458 * 0.95, nDamageRand = 458 * 0.1, nCostMana = 192 * 2 / 3}, --level 12
}; nCostMana=tSkillData[dwSkillLevel].nCostMana; nMinRadius=0; nMaxRadius=MELEE_ATTACK_DISTANCE; nAngleRange=128; nAreaRadius=0 * LENGTH_BASE; nTargetCountLimit=2; nPrepareFrames=0; nChannelFrame=32; nWeaponDamagePercent=1024	SKILL_PHYSICS_DAMAGE(1.1,1.15); SKILL_PHYSICS_DAMAGE_RAND(1.1,1.15); CALL_ADAPTIVE_DAMAGE(1,1); EXECUTE_SCRIPT(0,4053)	L2:nDamageBase=39 * 0.95,nDamageRand=39 * 0.1,nCostMana=29 * 2 / 3; L3:nDamageBase=78 * 0.95,nDamageRand=78 * 0.1,nCostMana=29 * 2 / 3; L4:nDamageBase=96 * 0.95,nDamageRand=96 * 0.1,nCostMana=43 * 2 / 3
绝境战场\绝境_三环套月额外伤害.lua	nDamageBase=39 * 0.95, nDamageRand = 39 * 0.1, nCostMana = 29 * 2 / 3}, --level 1
	{ nDamageBase = 78 * 0.95, nDamageRand = 78 * 0.1, nCostMana = 29 * 2 / 3}, --level 2
	{ nDamageBase = 96 * 0.95, nDamageRand = 96 * 0.1, nCostMana = 43 * 2 / 3}, --level 3
	{ nDamageBase = 124 * 0.95, nDamageRand = 124 * 0.1, nCostMana = 59 * 2 / 3}, --level 4
	{ nDamageBase = 162 * 0.95, nDamageRand = 162 * 0.1, nCostMana = 84 * 2 / 3}, --level 5
	{ nDamageBase = 201 * 0.95, nDamageRand = 201 * 0.1, nCostMana = 102 * 2 / 3}, --level 6
	{ nDamageBase = 233 * 0.95, nDamageRand = 233 * 0.1, nCostMana = 120 * 2 / 3}, --level 7
	{ nDamageBase = 280 * 0.95, nDamageRand = 280 * 0.1, nCostMana = 138 * 2 / 3}, --level 8
	{ nDamageBase = 337 * 0.95, nDamageRand = 337 * 0.1, nCostMana = 156 * 2 / 3}, --level 9
	{ nDamageBase = 368 * 0.95, nDamageRand = 368 * 0.1, nCostMana = 174 * 2 / 3}, --level 10
	{ nDamageBase = 402 * 0.95, nDamageRand = 402 * 0.1, nCostMana = 192 * 2 / 3}, --level 11
	{ nDamageBase = 458 * 0.95, nDamageRand = 458 * 0.1, nCostMana = 192 * 2 / 3}, --level 12
}; nCostMana=tSkillData[dwSkillLevel].nCostMana; nMinRadius=0; nMaxRadius=6 * LENGTH_BASE; nAngleRange=256; nAreaRadius=0 * LENGTH_BASE; nTargetCountLimit=2; nPrepareFrames=0; nChannelFrame=32; nWeaponDamagePercent=1024	SKILL_PHYSICS_DAMAGE(1.1,1.15); SKILL_PHYSICS_DAMAGE_RAND(1.1,1.15); CALL_ADAPTIVE_DAMAGE(1,1)	L2:nDamageBase=39 * 0.95,nDamageRand=39 * 0.1,nCostMana=29 * 2 / 3; L3:nDamageBase=78 * 0.95,nDamageRand=78 * 0.1,nCostMana=29 * 2 / 3; L4:nDamageBase=96 * 0.95,nDamageRand=96 * 0.1,nCostMana=43 * 2 / 3
绝境战场\绝境_两仪化形.lua	nDamageBase=80, nDamageRand = 0, nCostMana = 41}, --level 1
	{ nDamageBase = 135, nDamageRand = 0, nCostMana = 41}, --level 2
	{ nDamageBase = 185, nDamageRand = 0, nCostMana = 74}, --level 3
	{ nDamageBase = 241, nDamageRand = 0, nCostMana = 127}, --level 4
	{ nDamageBase = 308, nDamageRand = 0, nCostMana = 164}, --level 5
	{ nDamageBase = 384, nDamageRand = 0, nCostMana = 200}, --level 6
	{ nDamageBase = 480, nDamageRand = 0, nCostMana = 237}, --level 7
	{ nDamageBase = 512, nDamageRand = 0, nCostMana = 273}, --level 8
	{ nDamageBase = 560, nDamageRand = 0, nCostMana = 0}, --level 9
}; nCostMana=tSkillData[dwSkillLevel].nCostMana; nMinRadius=20 * LENGTH_BASE; nMaxRadius=20 * LENGTH_BASE; nAngleRange=128; nAreaRadius=0 * LENGTH_BASE; nTargetCountLimit=2; nPrepareFrames=0; nChannelFrame=8 * nSubsection; nWeaponDamagePercent=0	SKILL_NEUTRAL_DAMAGE(10,1.05); SKILL_NEUTRAL_DAMAGE_RAND(10,1.05); CALL_ADAPTIVE_DAMAGE(1,1)	L2:nDamageBase=80,nDamageRand=0,nCostMana=41; L3:nDamageBase=135,nDamageRand=0,nCostMana=41; L4:nDamageBase=185,nDamageRand=0,nCostMana=74
绝境战场\绝境_二段守缺.lua	nCostMana=0; nMinRadius=0; nMaxRadius=10 * LENGTH_BASE; nAngleRange=128; nAreaRadius=0 * LENGTH_BASE; nTargetCountLimit=2; nPrepareFrames=0; nWeaponDamagePercent=2048	SKILL_SOLAR_DAMAGE(0); SKILL_SOLAR_DAMAGE_RAND(0,1); CALL_ADAPTIVE_DAMAGE(1,0); CALL_REPULSED(8,0)	L2:nDamage=102 / 3,nDamageRand=0,nCostMana=0,nFrame=72 / 3; L3:nDamage=123 / 3,nDamageRand=0,nCostMana=0,nFrame=72 / 3; L4:nDamage=144 / 3,nDamageRand=0,nCostMana=0,nFrame=72 / 3
绝境战场\绝境_云飞玉皇.lua	nCostMana=tSkillData[dwSkillLevel].nCostMana; nMinRadius=0 * LENGTH_BASE; nMaxRadius=8 * LENGTH_BASE; nAngleRange=128; nAreaRadius=0 * LENGTH_; nTargetCountLimit=2; nPrepareFrames=24; nChannelFrame=0; nWeaponDamagePercent=2048	SKILL_PHYSICS_DAMAGE(1.15,0); SKILL_PHYSICS_DAMAGE_RAND(1.15,0); CALL_ADAPTIVE_DAMAGE(1,0); EXECUTE_SCRIPT(0,4053)	L2:nDamage=945 * 0.95,nDamageRand=945 * 0.1,nCostMana=0
绝境战场\绝境_云飞玉皇额外伤害.lua	nCostMana=tSkillData[dwSkillLevel].nCostMana; nMinRadius=0 * LENGTH_BASE; nMaxRadius=10 * LENGTH_BASE; nAngleRange=128; nAreaRadius=0 * LENGTH_; nTargetCountLimit=2; nPrepareFrames=28; nChannelFrame=0; nWeaponDamagePercent=2048	SKILL_PHYSICS_DAMAGE(1.15,0.5); SKILL_PHYSICS_DAMAGE_RAND(1.15,0.5); CALL_ADAPTIVE_DAMAGE(1,0)	L2:nDamage=945 * 0.95,nDamageRand=945 * 0.1,nCostMana=0
绝境战场\绝境_五方行尽.lua	nDamageBase=23, nDamageRand = 0, nCostMana = 0}, --level 1
	{ nDamageBase = 31, nDamageRand = 0, nCostMana = 0}, --level 2
	{ nDamageBase = 39, nDamageRand = 0, nCostMana = 0}, --level 3
	{ nDamageBase = 47, nDamageRand = 0, nCostMana = 0}, --level 4
	{ nDamageBase = 51, nDamageRand = 0, nCostMana = 0}, --level 5
}; nCostMana=tSkillData[dwSkillLevel].nCostMana; nMinRadius=0 * LENGTH_BASE; nMaxRadius=20 * LENGTH_BASE; nAngleRange=256; nAreaRadius=8 * LENGTH_BASE; nTargetCountLimit=6; nPrepareFrames=0; nChannelFrame=0; nWeaponDamagePercent=0	SKILL_NEUTRAL_DAMAGE(10,1); SKILL_NEUTRAL_DAMAGE_RAND(1,0); CALL_ADAPTIVE_DAMAGE(1,1); CAST_SKILL_TARGET_SRC(-3122,-5); CALL_BUFF(28998,1)	L2:nDamageBase=23,nDamageRand=0,nCostMana=0; L3:nDamageBase=31,nDamageRand=0,nCostMana=0; L4:nDamageBase=39,nDamageRand=0,nCostMana=0
绝境战场\绝境_五蕴皆空.lua	nCostMana=49},		--level 1
	{ nCostMana = 62},		--level 2
	{ nCostMana = 76},		--level 3
	{ nCostMana = 90},		--level 4
}; nMinRadius=0; nMaxRadius=MELEE_ATTACK_DISTANCE; nAngleRange=128; nAreaRadius=0 * LENGTH_BASE; nTargetCountLimit=2; nPrepareFrames=0; nChannelFrame=0; nWeaponDamagePercent=1024	EXECUTE_SCRIPT(-0,0); EXECUTE_SCRIPT(0,4053)	L2:nCostMana=49; L3:nCostMana=62; L4:nCostMana=76
绝境战场\绝境_亢龙有悔.lua	nBaseThreat=0; nCostMana=tSkillData[dwSkillLevel].nCostMana; nMinRadius=0 * LENGTH_BASE; nMaxRadius=6 * LENGTH_BASE; nAreaRadius=0 * LENGTH_BASE; nTargetCountLimit=1; nPrepareFrames=0; nChannelFrame=0; nWeaponDamagePercent=1024	EXECUTE_SCRIPT(1,0)	L2:nAddRage=0,nCostRage=10,nDamage=107,nDamageRand=5; L3:nAddRage=0,nCostRage=10,nDamage=120,nDamageRand=5; L4:nAddRage=0,nCostRage=10,nDamage=132,nDamageRand=5
绝境战场\绝境_任驰骋.lua	nCostMana=11; nMinRadius=0; nMaxRadius=25 * LENGTH_BASE; nAngleRange=256; nAreaRadius=25 * LENGTH_BASE; nPrepareFrames=24	DEL_MULTI_GROUP_BUFF_BY_FUNCTIONTYPE(7,9999); CALL_BUFF(244,1); CALL_BUFF(8475,1); EXECUTE_SCRIPT(0,1)	
绝境战场\绝境_傍花随柳.lua	nDamageBase=0, nDamageRand = 0, nCostMana = 206}, -- Level 1
	{ nDamageBase = 0, nDamageRand = 0, nCostMana = 275}, -- Level 2
	{ nDamageBase = 0, nDamageRand = 0, nCostMana = 344}, -- Level 3
	{ nDamageBase = 0, nDamageRand = 0, nCostMana = 412}, -- Level 4
	{ nDamageBase = 0, nDamageRand = 0, nCostMana = 454}, -- Level 5

}; nCostMana=tSkillData[dwSkillLevel].nCostMana; nMinRadius=0 * LENGTH_BASE; nMaxRadius=20 * LENGTH_BASE; nAngleRange=128; nAreaRadius=0 * LENGTH_BASE; nTargetCountLimit=2; nPrepareFrames=16; nChannelFrame=0; nWeaponDamagePercent=0	EXECUTE_SCRIPT(0,4053)	L2:nDamageBase=0,nDamageRand=0,nCostMana=206; L3:nDamageBase=0,nDamageRand=0,nCostMana=275; L4:nDamageBase=0,nDamageRand=0,nCostMana=344
绝境战场\绝境_傍花随柳伤害触发.lua	nDamageBase=337, nDamageRand = 46},

}; nCostMana=tSkillData[dwSkillLevel].nCostMana; nMinRadius=0 * LENGTH_BASE; nMaxRadius=80 * LENGTH_BASE; nAngleRange=256; nAreaRadius=0 * LENGTH_BASE; nTargetCountLimit=1; nPrepareFrames=32; nWeaponDamagePercent=0	SKILL_NEUTRAL_DAMAGE(1,0); SKILL_NEUTRAL_DAMAGE_RAND(1,0); CALL_ADAPTIVE_DAMAGE(1,1)	L2:nDamageBase=337,nDamageRand=46
绝境战场\绝境_傍花随柳触发.lua	nDamageBase=0, nDamageRand = 0, nCostMana = 0}, --level 1
	{nDamageBase = 0, nDamageRand = 0, nCostMana = 0}, --level 2
	{nDamageBase = 0, nDamageRand = 0, nCostMana = 0}, --level 3
	{nDamageBase = 0, nDamageRand = 0, nCostMana = 0}, --level 4
	{nDamageBase = 0, nDamageRand = 0, nCostMana = 0}, --level 5
	{nDamageBase = 0, nDamageRand = 0, nCostMana = 0}, --level 6
	{nDamageBase = 0, nDamageRand = 0, nCostMana = 0}, --level 7
	{nDamageBase = 0, nDamageRand = 0, nCostMana = 0}, --level 8
	{nDamageBase = 0, nDamageRand = 0, nCostMana = 0}, --level 9
	{nDamageBase = 0, nDamageRand = 0, nCostMana = 0}, --level 10
}; nBaseThreat=0; nCostMana=tSkillData[dwSkillLevel].nCostMana; nMinRadius=0 * LENGTH_BASE; nMaxRadius=0 * LENGTH_BASE; nAngleRange=256; nAreaRadius=0 * LENGTH_BASE; nTargetCountLimit=1; nPrepareFrames=0; nChannelFrame=0; nWeaponDamagePercent=0	EXECUTE_SCRIPT(0)	L2:nDamageBase=0,nDamageRand=0,nCostMana=0; L3:nDamageBase=0,nDamageRand=0,nCostMana=0; L4:nDamageBase=0,nDamageRand=0,nCostMana=0
绝境战场\绝境_兰摧子技能.lua	nCostMana=26, nDotID = 666, nDotLevel = 1 }, -- Level 1
	{nCostMana = 38, nDotID = 666, nDotLevel = 2 }, -- Level 2
	{nCostMana = 53, nDotID = 666, nDotLevel = 3 }, -- Level 3
	{nCostMana = 74, nDotID = 666, nDotLevel = 4 }, -- Level 4
	{nCostMana = 90, nDotID = 666, nDotLevel = 5 }, -- Level 5
	{nCostMana = 106, nDotID = 666, nDotLevel = 6 }, -- Level 6
	{nCostMana = 122, nDotID = 666, nDotLevel = 7 }, -- Level 7
	{nCostMana = 138, nDotID = 666, nDotLevel = 8 }, -- Level 8
	{nCostMana = 154, nDotID = 666, nDotLevel = 9 }, -- Level 9
	{nCostMana = 170, nDotID = 666, nDotLevel = 10 }, -- Level 10
	{nCostMana = 170, nDotID = 666, nDotLevel = 11 }, -- Level 10
	{nCostMana = 170, nDotID = 666, nDotLevel = 12 }, -- Level 10
}; nMinRadius=0 * LENGTH_BASE; nMaxRadius=20 * LENGTH_BASE; nAngleRange=128; nAreaRadius=0 * LENGTH_BASE; nTargetCountLimit=2; nPrepareFrames=0; nChannelFrame=0; nWeaponDamagePercent=0		L2:nCostMana=26,nDotID=666,nDotLevel=1; L3:nCostMana=38,nDotID=666,nDotLevel=2; L4:nCostMana=53,nDotID=666,nDotLevel=3
绝境战场\绝境_兰摧玉折.lua	nCostMana=26, nDotID = 666, nDotLevel = 1 }, -- Level 1
	{nCostMana = 38, nDotID = 666, nDotLevel = 2 }, -- Level 2
	{nCostMana = 53, nDotID = 666, nDotLevel = 3 }, -- Level 3
	{nCostMana = 74, nDotID = 666, nDotLevel = 4 }, -- Level 4
	{nCostMana = 90, nDotID = 666, nDotLevel = 5 }, -- Level 5
	{nCostMana = 106, nDotID = 666, nDotLevel = 6 }, -- Level 6
	{nCostMana = 122, nDotID = 666, nDotLevel = 7 }, -- Level 7
	{nCostMana = 138, nDotID = 666, nDotLevel = 8 }, -- Level 8
	{nCostMana = 154, nDotID = 666, nDotLevel = 9 }, -- Level 9
	{nCostMana = 170, nDotID = 666, nDotLevel = 10 }, -- Level 10
	{nCostMana = 170, nDotID = 666, nDotLevel = 11 }, -- Level 10
	{nCostMana = 170, nDotID = 666, nDotLevel = 12 }, -- Level 10
}; nMinRadius=0 * LENGTH_BASE; nMaxRadius=20 * LENGTH_BASE; nAngleRange=128; nAreaRadius=0 * LENGTH_BASE; nTargetCountLimit=2; nPrepareFrames=0; nChannelFrame=0; nWeaponDamagePercent=0		L2:nCostMana=26,nDotID=666,nDotLevel=1; L3:nCostMana=38,nDotID=666,nDotLevel=2; L4:nCostMana=53,nDotID=666,nDotLevel=3
绝境战场\绝境_冲阴阳.lua	nDamageBase=0, nDamageRand = 0, nCostMana = 58}, --level 1
}; nCostMana=tSkillData[dwSkillLevel].nCostMana; nMinRadius=0; nMaxRadius=20 * LENGTH_BASE; nAngleRange=256; nAreaRadius=0 * LENGTH_BASE; nTargetCountLimit=0; nPrepareFrames=16; nChannelFrame=0; nWeaponDamagePercent=0	EXECUTE_SCRIPT(1,0)	L2:nDamageBase=0,nDamageRand=0,nCostMana=58
绝境战场\绝境_净世破魔击.lua	nBaseThreat=0; nCostMana=tSkillData[dwSkillLevel].nCostMana; nMinRadius=0 * LENGTH_BASE; nMaxRadius=12 * LENGTH_BASE; nAngleRange=128; nAreaRadius=0 * LENGTH_BASE; nTargetCountLimit=2; nPrepareFrames=0; nChannelFrame=0; nWeaponDamagePercent=0	CALL_BUFF(4528,1); DASH(90,0); CAST_SKILL(65088,1); CALL_BUFF(51341,1); DETACH_SINGLE_BUFF(3,10000); DETACH_SINGLE_BUFF(5,10000); DETACH_SINGLE_BUFF(7,10000); DETACH_SINGLE_BUFF(11,10000)	L2:nLunarDamage=42 * 2 * 0.98,nLunarDamageRand=42 * 2 * 0.04,nCostMana=30; L3:nLunarDamage=77 * 2 * 0.98,nLunarDamageRand=77 * 2 * 0.04,nCostMana=50; L4:nLunarDamage=100 * 2 * 0.98,nLunarDamageRand=100 * 2 * 0.04,nCostMana=67
绝境战场\绝境_凌太虚.lua	nDamageBase=0, nDamageRand = 0, nCostMana = 58}, --level 1
}; nCostMana=tSkillData[dwSkillLevel].nCostMana; nMinRadius=0; nMaxRadius=20 * LENGTH_BASE; nAngleRange=256; nAreaRadius=0 * LENGTH_BASE; nTargetCountLimit=0; nPrepareFrames=16; nChannelFrame=0; nWeaponDamagePercent=0	EXECUTE_SCRIPT(1,0)	L2:nDamageBase=0,nDamageRand=0,nCostMana=58
绝境战场\绝境_凌太虚子技能.lua	nDamageBase=11, nDamageRand = 0, nCostMana = 0},
	{ nDamageBase = 14, nDamageRand = 0, nCostMana = 0},
	{ nDamageBase = 17, nDamageRand = 0, nCostMana = 0},
	{ nDamageBase = 20, nDamageRand = 0, nCostMana = 0},
	{ nDamageBase = 24, nDamageRand = 0, nCostMana = 0},
	{ nDamageBase = 25, nDamageRand = 0, nCostMana = 0},
}; nCostMana=tSkillData[dwSkillLevel].nCostMana; nMinRadius=0 * LENGTH_BASE; nMaxRadius=50 * LENGTH_BASE; nAngleRange=256; nAreaRadius=15 * LENGTH_BASE; nTargetCountLimit=25; nPrepareFrames=0; nChannelFrame=0; nWeaponDamagePercent=0		L2:nDamageBase=11,nDamageRand=0,nCostMana=0; L3:nDamageBase=14,nDamageRand=0,nCostMana=0; L4:nDamageBase=17,nDamageRand=0,nCostMana=0
绝境战场\绝境_剑主天地.lua	nCostMana=tSkillData[dwSkillLevel].nCostMana; nMinRadius=20 * LENGTH_BASE; nMaxRadius=20 * LENGTH_BASE; nAngleRange=128; nAreaRadius=0 * LENGTH_BASE; nTargetCountLimit=2; nPrepareFrames=0; nChannelFrame=8 * nSubsection; nWeaponDamagePercent=0	SKILL_LUNAR_DAMAGE(1.05,0); SKILL_LUNAR_DAMAGE_RAND(1.05,0); CALL_ADAPTIVE_DAMAGE(1,0); EXECUTE_SCRIPT(0,4053)	L2:nLunarDamage=79 * 1.045,nLunarDamageRand=79 * 0.11,nCostMana=62; L3:nLunarDamage=100 * 1.045,nLunarDamageRand=100 * 0.11,nCostMana=68; L4:nLunarDamage=121 * 1.045,nLunarDamageRand=121 * 0.11,nCostMana=74
绝境战场\绝境_剑转流云.lua	nCostMana=23}, --level 1
	{nCostMana = 49}, --level 2
}; nMinRadius=0 * LENGTH_BASE; nMaxRadius=20 * LENGTH_BASE; nAngleRange=256; nAreaRadius=20 * LENGTH_BASE; nTargetCountLimit=2; nPrepareFrames=0; nChannelFrame=0; nWeaponDamagePercent=0	DETACH_SINGLE_BUFF(7,10000); DETACH_SINGLE_BUFF(3,1); DETACH_SINGLE_BUFF(5,1); DETACH_SINGLE_BUFF(11,1)	L2:nCostMana=23; L3:nCostMana=49
绝境战场\绝境_剑飞惊天.lua	nDamageBase=56, nDamageRand = 28, nCostMana = 130},
	{ nDamageBase = 70, nDamageRand = 35, nCostMana = 165},
	{ nDamageBase = 83, nDamageRand = 41, nCostMana = 200},
	{ nDamageBase = 96, nDamageRand = 48, nCostMana = 235},
	{ nDamageBase = 109, nDamageRand = 54, nCostMana = 270},
}; nMinRadius=0											--技能施放最小半径
	skill.nMaxRadius = 20 * LENGTH_BASE; nAngleRange=128; nPrepareFrames=0; nWeaponDamagePercent=0	SKILL_PHYSICS_DAMAGE(0); SKILL_PHYSICS_DAMAGE_RAND(0,1); CALL_ADAPTIVE_DAMAGE(1,0); EXECUTE_SCRIPT(0,1)	L2:nDamageBase=56,nDamageRand=28,nCostMana=130; L3:nDamageBase=70,nDamageRand=35,nCostMana=165; L4:nDamageBase=83,nDamageRand=41,nCostMana=200
绝境战场\绝境_化血镖.lua	nCostMana=14, nDotID = 661, nDotLevel = 1, nThreat = 259   }, -- Level 1
	{nCostMana = 22, nDotID = 661, nDotLevel = 2, nThreat = 389   }, -- Level 2
	{nCostMana = 29, nDotID = 661, nDotLevel = 3, nThreat = 518   }, -- Level 3
	{nCostMana = 40, nDotID = 661, nDotLevel = 4, nThreat = 648   }, -- Level 4
	{nCostMana = 49, nDotID = 661, nDotLevel = 5, nThreat = 778   }, -- Level 5
	{nCostMana = 57, nDotID = 661, nDotLevel = 6, nThreat = 907   }, -- Level 6
	{nCostMana = 65, nDotID = 661, nDotLevel = 7, nThreat = 1037  }, -- Level 7
	{nCostMana = 73, nDotID = 661, nDotLevel = 8, nThreat = 1166  }, -- Level 8
	{nCostMana = 81, nDotID = 661, nDotLevel = 9, nThreat = 1296  }, -- Level 9
	{nCostMana = 90, nDotID = 661, nDotLevel = 10, nThreat = 1426  }, -- Level 10
	{nCostMana = 90, nDotID = 661, nDotLevel = 11, nThreat = 1705  }, -- Level 11
}; nWeaponDamagePercent=0; nMinRadius=0											--技能施放最小半径
	skill.nMaxRadius		= 25 * LENGTH_BASE; nAngleRange=128; nPrepareFrames=0	EXECUTE_SCRIPT(-0,1); CAST_SKILL_TARGET_DST(407)	L2:nCostMana=14,nDotID=661,nDotLevel=1,nThreat=259; L3:nCostMana=22,nDotID=661,nDotLevel=2,nThreat=389; L4:nCostMana=29,nDotID=661,nDotLevel=3,nThreat=518
绝境战场\绝境_千蝶吐瑞.lua	nDamageBase=58 * 0.95, nDamageRand = 58 * 0.1, nCostMana = 2454 }, --level 1
}; nBaseThreat=0; nCostMana=tSkillData[dwSkillLevel].nCostMana; nMinRadius=0 * LENGTH_BASE; nMaxRadius=20 * LENGTH_BASE; nAngleRange=256; nAreaRadius=20 * LENGTH_BASE; nTargetCountLimit=1; nPrepareFrames=24; nChannelFrame=128; nWeaponDamagePercent=0	AUTO_SELECT_TARGET_BY_LIFELESS(20,1); CAST_SUB_SKILL(65255,1); CAST_SUB_SKILL(65256,1); EXECUTE_SCRIPT(0)	L2:nDamageBase=58 * 0.95,nDamageRand=58 * 0.1,nCostMana=2454
绝境战场\绝境_吞日月.lua	nDamageBase=0, nDamageRand = 0, nCostMana = 58}, --level 1
}; nCostMana=tSkillData[dwSkillLevel].nCostMana; nMinRadius=0; nMaxRadius=20 * LENGTH_BASE; nAngleRange=256; nAreaRadius=0 * LENGTH_BASE; nTargetCountLimit=0; nPrepareFrames=16; nChannelFrame=0; nWeaponDamagePercent=0	EXECUTE_SCRIPT(1,0)	L2:nDamageBase=0,nDamageRand=0,nCostMana=58
绝境战场\绝境_听雷.lua	nDamageBase=35, nCostRage = 20, nDamage = 117 * 1.045 * 1.1, nDamageRand = 117 * 0.11 * 1.1}, -- Level 1
}; nCostMana=tSkillData[dwSkillLevel].nCostMana; nMinRadius=0 * LENGTH_BASE; nMaxRadius=MELEE_ATTACK_DISTANCE; nAngleRange=128; nAreaRadius=MELEE_ATTACK_DISTANCE; nTargetCountLimit=1; nPrepareFrames=0; nChannelFrame=0; nWeaponDamagePercent=2048	SKILL_PHYSICS_DAMAGE(1,0); SKILL_PHYSICS_DAMAGE_RAND(1,0); CALL_ADAPTIVE_DAMAGE(1,1); EXECUTE_SCRIPT(0,4053)	L2:nDamageBase=35,nCostRage=20,nDamage=117 * 1.045 * 1.1,nDamageRand=117 * 0.11 * 1.1
绝境战场\绝境_商阳子技能.lua	nCostMana=26, nDotID = 666, nDotLevel = 1 }, -- Level 1
	{nCostMana = 38, nDotID = 666, nDotLevel = 2 }, -- Level 2
	{nCostMana = 53, nDotID = 666, nDotLevel = 3 }, -- Level 3
	{nCostMana = 74, nDotID = 666, nDotLevel = 4 }, -- Level 4
	{nCostMana = 90, nDotID = 666, nDotLevel = 5 }, -- Level 5
	{nCostMana = 106, nDotID = 666, nDotLevel = 6 }, -- Level 6
	{nCostMana = 122, nDotID = 666, nDotLevel = 7 }, -- Level 7
	{nCostMana = 138, nDotID = 666, nDotLevel = 8 }, -- Level 8
	{nCostMana = 154, nDotID = 666, nDotLevel = 9 }, -- Level 9
	{nCostMana = 170, nDotID = 666, nDotLevel = 10 }, -- Level 10
	{nCostMana = 170, nDotID = 666, nDotLevel = 11 }, -- Level 10
	{nCostMana = 170, nDotID = 666, nDotLevel = 12 }, -- Level 10
}; nMinRadius=0 * LENGTH_BASE; nMaxRadius=20 * LENGTH_BASE; nAngleRange=128; nAreaRadius=0 * LENGTH_BASE; nTargetCountLimit=2; nPrepareFrames=0; nChannelFrame=0; nWeaponDamagePercent=0		L2:nCostMana=26,nDotID=666,nDotLevel=1; L3:nCostMana=38,nDotID=666,nDotLevel=2; L4:nCostMana=53,nDotID=666,nDotLevel=3
绝境战场\绝境_商阳指.lua	nCostMana=26 , nDotID = 666, nDotLevel = 1 },		-- Level 1
	{nCostMana = 38 , nDotID = 666, nDotLevel = 2 },		-- Level 2
	{nCostMana = 53 , nDotID = 666, nDotLevel = 3 },		-- Level 3
	{nCostMana = 74 , nDotID = 666, nDotLevel = 4 },		-- Level 4
	{nCostMana = 90 , nDotID = 666, nDotLevel = 5 },		-- Level 5
	{nCostMana = 106, nDotID = 666, nDotLevel = 6 },		-- Level 6
	{nCostMana = 122, nDotID = 666, nDotLevel = 7 },		-- Level 7
	{nCostMana = 138, nDotID = 666, nDotLevel = 8 },		-- Level 8
	{nCostMana = 154, nDotID = 666, nDotLevel = 9 },		-- Level 9
	{nCostMana = 170, nDotID = 666, nDotLevel = 10 },	-- Level 10
	{nCostMana = 170, nDotID = 666, nDotLevel = 11 },	-- Level 10
	{nCostMana = 170, nDotID = 666, nDotLevel = 12 },	-- Level 10
}; nMinRadius=0 * LENGTH_BASE; nMaxRadius=20 * LENGTH_BASE; nAngleRange=128; nAreaRadius=0 * LENGTH_BASE; nTargetCountLimit=2; nPrepareFrames=0; nChannelFrame=0; nWeaponDamagePercent=0		L2:nCostMana=26,nDotID=666,nDotLevel=1; L3:nCostMana=38,nDotID=666,nDotLevel=2; L4:nCostMana=53,nDotID=666,nDotLevel=3
绝境战场\绝境_啸如虎.lua	nDamageBase=0, nDamageRand = 0, nCostMana = 0}, --level 1
	{nDamageBase = 0, nDamageRand = 0, nCostMana = 0}, --level 2
	{nDamageBase = 0, nDamageRand = 0, nCostMana = 0}, --level 3
	{nDamageBase = 0, nDamageRand = 0, nCostMana = 0}, --level 4
	{nDamageBase = 0, nDamageRand = 0, nCostMana = 0}, --level 5
	{nDamageBase = 0, nDamageRand = 0, nCostMana = 0}, --level 6
	{nDamageBase = 0, nDamageRand = 0, nCostMana = 0}, --level 7
	{nDamageBase = 0, nDamageRand = 0, nCostMana = 0}, --level 8
	{nDamageBase = 0, nDamageRand = 0, nCostMana = 0}, --level 9
	{nDamageBase = 0, nDamageRand = 0, nCostMana = 0}, --level 10
}; nBaseThreat=0; nCostMana=tSkillData[dwSkillLevel].nCostMana; nMinRadius=0 * LENGTH_BASE; nMaxRadius=0 * LENGTH_BASE; nAngleRange=256; nAreaRadius=0 * LENGTH_BASE; nTargetCountLimit=2; nPrepareFrames=0; nChannelFrame=0; nWeaponDamagePercent=0	EXECUTE_SCRIPT(-0,4053)	L2:nDamageBase=0,nDamageRand=0,nCostMana=0; L3:nDamageBase=0,nDamageRand=0,nCostMana=0; L4:nDamageBase=0,nDamageRand=0,nCostMana=0
绝境战场\绝境_四象轮回.lua	nDamageBase=0, nDamageRand = 0, nCostMana = 29}, --level 1
	{ nDamageBase = 0, nDamageRand = 0, nCostMana = 44}, --level 2
	{ nDamageBase = 0, nDamageRand = 0, nCostMana = 73}, --level 3
	{ nDamageBase = 0, nDamageRand = 0, nCostMana = 91}, --level 4
	{ nDamageBase = 0, nDamageRand = 0, nCostMana = 109}, --level 5
	{ nDamageBase = 0, nDamageRand = 0, nCostMana = 127}, --level 6
	{ nDamageBase = 0, nDamageRand = 0, nCostMana = 146}, --level 7
	{ nDamageBase = 0, nDamageRand = 0, nCostMana = 146}, --level 8
}; nCostMana=tSkillData[dwSkillLevel].nCostMana; nMinRadius=0; nMaxRadius=25 * LENGTH_BASE; nAngleRange=128; nAreaRadius=0 * LENGTH_BASE; nTargetCountLimit=2; nPrepareFrames=1.5 * GAME_FPS; nChannelFrame=0; nWeaponDamagePercent=0	SKILL_NEUTRAL_DAMAGE(1,0); SKILL_NEUTRAL_DAMAGE_RAND(1,0); CALL_ADAPTIVE_DAMAGE(1,1)	L2:nDamageBase=0,nDamageRand=0,nCostMana=29; L3:nDamageBase=0,nDamageRand=0,nCostMana=44; L4:nDamageBase=0,nDamageRand=0,nCostMana=73
绝境战场\绝境_回风扫叶.lua	nDamageBase=14, nDamageRand = 7, 	nCostMana = 12},
	{nDamageBase = 23, 	nDamageRand = 12,	nCostMana = 16},
	{nDamageBase = 31, 	nDamageRand = 16,	nCostMana = 25},
	{nDamageBase = 40, 	nDamageRand = 20,	nCostMana = 35},
	{nDamageBase = 45000, 	nDamageRand = 25,	nCostMana = 50},
	
}

--设置武功技能级别相关数值
function GetSkillLevelData(skill)

    local bRetCode     = false; nWeaponDamagePercent=0		--去除武器影响
	
	----------------- 设置CoolDown ---------------------------------------------------------------------
	skill.AddSlowCheckSelfBuff(4053, 0,  BUFF_COMPARE_FLAG.EQUAL, 0, BUFF_COMPARE_FLAG.EQUAL); nMinRadius=0											--技能施放最小半径
    skill.nMaxRadius      = MELEE_ATTACK_DISTANCE; nAngleRange=85; nAreaRadius=4 * LENGTH_BASE; nTargetCountLimit=8											--最多8个单位
    
    --skill.nPrepareFrames  = 0	PHYSICS_ATTACK_POWER_PERCENT(-1024,-0); SKILL_ADAPTIVE_DAMAGE(1,-0); SKILL_ADAPTIVE_DAMAGE_RAND(1,-0); CALL_ADAPTIVE_DAMAGE(1,1)	
绝境战场\绝境_圣明佑.lua	nDamageBase=0, nDamageRand = 0, nCostMana = 286}, --level 1
}; nCostMana=476; nMinRadius=0; nMaxRadius=0; nAngleRange=256; nAreaRadius=0 * LENGTH_BASE; nTargetCountLimit=2; nPrepareFrames=0; nChannelFrame=0; nWeaponDamagePercent=0	EXECUTE_SCRIPT(0,4053)	L2:nDamageBase=0,nDamageRand=0,nCostMana=286
绝境战场\绝境_坐忘无我.lua	nMinRadius=0											--技能施放最小半径
	skill.nMaxRadius = 4 * LENGTH_BASE; nAngleRange=256; nPrepareFrames=0	CALL_BUFF(51391,1)	L2:nBuffID=134,nBuffLevel=1,nCostMana=52; L3:nBuffID=134,nBuffLevel=2,nCostMana=82; L4:nBuffID=134,nBuffLevel=3,nCostMana=136
绝境战场\绝境_夕照雷锋.lua	nMinRadius=0* LENGTH_BASE; nMaxRadius=8 * LENGTH_BASE; nAngleRange=128; nWeaponDamagePercent=2048; nPrepareFrames=24	CAST_SKILL_TARGET_DST(64903,1)	L2:nAddRage=0,nCostRage=20,nDamage=94 *0.95,nDamageRand=94 *0.1; L3:nAddRage=0,nCostRage=20,nDamage=117*0.95,nDamageRand=117*0.1; L4:nAddRage=0,nCostRage=20,nDamage=141*0.95,nDamageRand=141*0.1
绝境战场\绝境_夕照雷锋伤害子技能.lua	nMinRadius=0 * LENGTH_BASE; nMaxRadius=10 * LENGTH_BASE; nAngleRange=128; nWeaponDamagePercent=2048; nPrepareFrames=24	SKILL_PHYSICS_DAMAGE(0); SKILL_PHYSICS_DAMAGE_RAND(0,1); CALL_ADAPTIVE_DAMAGE(1,0)	L2:nAddRage=0,nCostRage=20,nDamage=94 * 1.097 * 1.15,nDamageRand=94 * 0.115 * 1.15; L3:nAddRage=0,nCostRage=20,nDamage=117 * 1.097 * 1.15,nDamageRand=117 * 0.115 * 1.15; L4:nAddRage=0,nCostRage=20,nDamage=141 * 1.097 * 1.15,nDamageRand=141 * 0.115 * 1.15
绝境战场\绝境_大狮子吼.lua	nCostMana=tSkillData[dwSkillLevel].nCostMana; nBaseThreat=tSkillData[dwSkillLevel].nThreat; nMinRadius=0; nMaxRadius=6 * LENGTH_BASE; nAngleRange=256; nAreaRadius=6 * LENGTH_BASE; nTargetCountLimit=5; nPrepareFrames=0; nChannelFrame=0; nWeaponDamagePercent=0	CALL_BUFF(1098,1)	L2:nThreat=660; L3:nThreat=1320; L4:nThreat=2010
绝境战场\绝境_大道无术.lua	nDamageBase=0, nDamageRand = 0, nCostMana = 314}, --level 1
}; nCostMana=tSkillData[dwSkillLevel].nCostMana; nMinRadius=0; nMaxRadius=8 * LENGTH_BASE; nAngleRange=128; nAreaRadius=0 * LENGTH_BASE; nTargetCountLimit=2; nPrepareFrames=0; nChannelFrame=0; nWeaponDamagePercent=0	EXECUTE_SCRIPT(-0,4053)	L2:nDamageBase=0,nDamageRand=0,nCostMana=314
绝境战场\绝境_天地低昂.lua	nCostMana=33 }, --level 1
	{ nCostMana = 57 }, --level 2
	{ nCostMana = 77 }, --level 3
	{ nCostMana = 98 }, --level 4
	{ nCostMana = 98 }, --level 5
}; nMinRadius=0; nMaxRadius=5 * LENGTH_BASE; nAngleRange=256; nAreaRadius=tSkillData[dwSkillLevel].nLength * LENGTH_BASE; nTargetCountLimit=5; nPrepareFrames=0; nChannelFrame=0; nWeaponDamagePercent=1024	EXECUTE_SCRIPT(0,409)	L2:nCostMana=33; L3:nCostMana=57; L4:nCostMana=77
绝境战场\绝境_天地无极.lua	nCostMana=36, nDamage = 106 * 1.07, nDamageRand = 106 * 0.044}, -- Level 1
	{nCostMana = 66, nDamage = 131 * 1.07, nDamageRand = 121 * 0.044}, -- Level 2
	{nCostMana = 103, nDamage = 156 * 1.07, nDamageRand = 139 * 0.044}, -- Level 3
	{nCostMana = 132, nDamage = 181 * 1.07, nDamageRand = 168 * 0.044}, -- Level 4
	{nCostMana = 162, nDamage = 206 * 1.07, nDamageRand = 203 * 0.044}, -- Level 5
	{nCostMana = 191, nDamage = 231 * 1.07, nDamageRand = 238 * 0.044}, -- Level 6
	{nCostMana = 220, nDamage = 279 * 1.07, nDamageRand = 279 * 0.044}, -- Level 7
	{nCostMana = 243, nDamage = 365 * 1.07, nDamageRand = 365 * 0.044}, -- Level 8
	{nCostMana = 268, nDamage = 405 * 1.07, nDamageRand = 405 * 0.044}, -- Level 9
}; nWeaponDamagePercent=1024; nMinRadius=0											--技能施放最小半径
	skill.nMaxRadius = 20 * LENGTH_BASE; nAngleRange=128; nPrepareFrames=0	SKILL_PHYSICS_DAMAGE(1.1,0); SKILL_PHYSICS_DAMAGE_RAND(1.1,0); CALL_ADAPTIVE_DAMAGE(1,0); EXECUTE_SCRIPT(0,4053)	L2:nCostMana=36,nDamage=106 * 1.07,nDamageRand=106 * 0.044; L3:nCostMana=66,nDamage=131 * 1.07,nDamageRand=121 * 0.044; L4:nCostMana=103,nDamage=156 * 1.07,nDamageRand=139 * 0.044
绝境战场\绝境_太极无极.lua	nDamageBase=39 * 0.95, nDamageRand = 39 * 0.95, nCostMana = 09}, --level 1
	{ nDamageBase = 78 * 0.95, nDamageRand = 78 * 0.95, nCostMana = 17}, --level 2
	{ nDamageBase = 82 * 0.95, nDamageRand = 82 * 0.95, nCostMana = 32}, --level 3
	{ nDamageBase = 98 * 0.95, nDamageRand = 98 * 0.95, nCostMana = 43}, --level 4
	{ nDamageBase = 120 * 0.95, nDamageRand = 120 * 0.95, nCostMana = 53}, --level 5
	{ nDamageBase = 142 * 0.95, nDamageRand = 142 * 0.95, nCostMana = 64}, --level 6
	{ nDamageBase = 183 * 0.95, nDamageRand = 183 * 0.95, nCostMana = 75}, --level 7
	{ nDamageBase = 229 * 0.95, nDamageRand = 229 * 0.95, nCostMana = 86}, --level 8
	{ nDamageBase = 275 * 0.95, nDamageRand = 275 * 0.95, nCostMana = 86}, --level 8
}; nMinRadius=0											--技能施放最小半径
	skill.nMaxRadius = 20 * LENGTH_BASE; nAngleRange=128; nPrepareFrames=0	SKILL_NEUTRAL_DAMAGE(1.3,0); SKILL_NEUTRAL_DAMAGE_RAND(1.3,0); CALL_ADAPTIVE_DAMAGE(1,0); EXECUTE_SCRIPT(0,4053)	L2:nDamageBase=39 * 0.95,nDamageRand=39 * 0.95,nCostMana=09; L3:nDamageBase=78 * 0.95,nDamageRand=78 * 0.95,nCostMana=17; L4:nDamageBase=82 * 0.95,nDamageRand=82 * 0.95,nCostMana=32
绝境战场\绝境_太阴指.lua	nSpeed=60, nCostMana = 125},
	{nSpeed = 60, nCostMana = 226},
	{nSpeed = 60, nCostMana = 314},
	{nSpeed = 60, nCostMana = 401},
	{nSpeed = 60, nCostMana = 488},
	{nSpeed = 60, nCostMana = 576}
}; nCostMana=tSkillData[dwSkillLevel].nCostMana; nMaxRadius=4 * LENGTH_BASE; nAngleRange=256; nAreaRadius=8 * LENGTH_BASE; nPrepareFrames=0	DEL_MULTI_GROUP_BUFF_BY_FUNCTIONTYPE(7,9999); DASH_BACKWARD(16,1)	L2:nSpeed=60,nCostMana=125; L3:nSpeed=60,nCostMana=226; L4:nSpeed=60,nCostMana=314
绝境战场\绝境_夺命蛊.lua	nDamageBase=0, nDamageRand = 0, nCostMana = 286}, --level 1
}; nCostMana=476; nMinRadius=0; nMaxRadius=0; nAngleRange=256; nAreaRadius=0 * LENGTH_BASE; nTargetCountLimit=2; nPrepareFrames=0; nChannelFrame=0; nWeaponDamagePercent=0		L2:nDamageBase=0,nDamageRand=0,nCostMana=286
绝境战场\绝境_夺魄箭.lua	nDamageBase=17 * 1.026, nDamageRand = 17 * 0.108, nCostMana = 0}, --level 1
	{nDamageBase = 27 * 1.026, nDamageRand = 27 * 0.108, nCostMana = 0}, --level 2
	{nDamageBase = 37 * 1.026, nDamageRand = 37 * 0.108, nCostMana = 0}, --level 3
	{nDamageBase = 63 * 1.026, nDamageRand = 63 * 0.108, nCostMana = 0}, --level 4
	{nDamageBase = 90 * 1.026, nDamageRand = 90 * 0.108, nCostMana = 0}, --level 5
	{nDamageBase = 131 * 1.026, nDamageRand = 131 * 0.108, nCostMana = 0}, --level 6
	{nDamageBase = 172 * 1.026, nDamageRand = 172 * 0.108, nCostMana = 0}, --level 7
	{nDamageBase = 236 * 1.026, nDamageRand = 236 * 0.108, nCostMana = 0}, --level 8
	{nDamageBase = 282 * 1.026, nDamageRand = 282 * 0.108, nCostMana = 0}, --level 9
	{nDamageBase = 327 * 1.026, nDamageRand = 327 * 0.108, nCostMana = 0}, --level 10
	{nDamageBase = 373 * 1.026, nDamageRand = 373 * 0.108, nCostMana = 0}, --level 11
	{nDamageBase = 418 * 1.026, nDamageRand = 418 * 0.108, nCostMana = 0}, --level 12
}; nCostMana=tSkillData[dwSkillLevel].nCostMana; nMinRadius=0 * LENGTH_BASE; nMaxRadius=25 * LENGTH_BASE; nAngleRange=128; nAreaRadius=0 * LENGTH_; nTargetCountLimit=2; nPrepareFrames=24; nChannelFrame=0; nWeaponDamagePercent=2048	SKILL_PHYSICS_DAMAGE(1.15,0); SKILL_PHYSICS_DAMAGE_RAND(1.15,0); CALL_ADAPTIVE_DAMAGE(1,0)	L2:nDamageBase=17 * 1.026,nDamageRand=17 * 0.108,nCostMana=0; L3:nDamageBase=27 * 1.026,nDamageRand=27 * 0.108,nCostMana=0; L4:nDamageBase=37 * 1.026,nDamageRand=37 * 0.108,nCostMana=0
绝境战场\绝境_女娲补天.lua	nDamageBase=0, nDamageRand = 0, nCostMana = 286}, --level 1
}; nCostMana=476; nMinRadius=0; nMaxRadius=0; nAngleRange=256; nAreaRadius=0 * LENGTH_BASE; nTargetCountLimit=2; nPrepareFrames=0; nChannelFrame=0; nWeaponDamagePercent=0	EXECUTE_SCRIPT(-0,2719)	L2:nDamageBase=0,nDamageRand=0,nCostMana=286
绝境战场\绝境_孔雀翎.lua	nDamageBase=100, nDamageRand = 0, nCostMana = 0}, --level 1
	{nDamageBase = 0, nDamageRand = 0, nCostMana = 0}, --level 2
	{nDamageBase = 0, nDamageRand = 0, nCostMana = 0}, --level 3
	{nDamageBase = 0, nDamageRand = 0, nCostMana = 0}, --level 4
	{nDamageBase = 0, nDamageRand = 0, nCostMana = 0}, --level 5
	{nDamageBase = 0, nDamageRand = 0, nCostMana = 0}, --level 6
	{nDamageBase = 0, nDamageRand = 0, nCostMana = 0}, --level 7
	{nDamageBase = 0, nDamageRand = 0, nCostMana = 0}, --level 8
	{nDamageBase = 0, nDamageRand = 0, nCostMana = 0}, --level 9
	{nDamageBase = 0, nDamageRand = 0, nCostMana = 0}, --level 10
}; nBaseThreat=0; nCostMana=tSkillData[dwSkillLevel].nCostMana; nMinRadius=0 * LENGTH_BASE; nMaxRadius=20 * LENGTH_BASE; nAngleRange=128; nAreaRadius=0 * LENGTH_BASE; nTargetCountLimit=2; nPrepareFrames=0; nChannelFrame=0; nWeaponDamagePercent=0	CAST_SKILL_TARGET_DST(65055,1)	L2:nDamageBase=100,nDamageRand=0,nCostMana=0; L3:nDamageBase=0,nDamageRand=0,nCostMana=0; L4:nDamageBase=0,nDamageRand=0,nCostMana=0
绝境战场\绝境_孔雀翎实际伤害.lua	nDamageBase=30 * 0.95, nDamageRand = 30 * 0.1, nCostMana = 0}, --level 1
	{nDamageBase = 41 * 0.95, nDamageRand = 41 * 0.1, nCostMana = 0}, --level 2
	{nDamageBase = 69 * 0.95, nDamageRand = 69 * 0.1, nCostMana = 0}, --level 3
	{nDamageBase = 99 * 0.95, nDamageRand = 99 * 0.1, nCostMana = 0}, --level 4
	{nDamageBase = 144 * 0.95, nDamageRand = 144 * 0.1, nCostMana = 0}, --level 5
	{nDamageBase = 189 * 0.95, nDamageRand = 189 * 0.1, nCostMana = 0}, --level 6
	{nDamageBase = 260 * 0.95, nDamageRand = 260 * 0.1, nCostMana = 0}, --level 7
	{nDamageBase = 310 * 0.95, nDamageRand = 310 * 0.1, nCostMana = 0}, --level 8
}; nBaseThreat=0; nCostMana=tSkillData[dwSkillLevel].nCostMana; nMinRadius=0 * LENGTH_BASE; nMaxRadius=30 * LENGTH_BASE; nAngleRange=128; nAreaRadius=10 * LENGTH_BASE; nTargetCountLimit=1; nPrepareFrames=0; nChannelFrame=0; nWeaponDamagePercent=0	SKILL_PHYSICS_DAMAGE(0); SKILL_PHYSICS_DAMAGE_RAND(0,1); CALL_ADAPTIVE_DAMAGE(1,0); EXECUTE_SCRIPT(0)	L2:nDamageBase=30 * 0.95,nDamageRand=30 * 0.1,nCostMana=0; L3:nDamageBase=41 * 0.95,nDamageRand=41 * 0.1,nCostMana=0; L4:nDamageBase=69 * 0.95,nDamageRand=69 * 0.1,nCostMana=0
绝境战场\绝境_孔雀翎技能事件触发伤害.lua	nDamageBase=39 * 0.95, nDamageRand = 39 * 0.1, nCostMana = 29 * 2 / 3}, --level 1
	{ nDamageBase = 78 * 0.95, nDamageRand = 78 * 0.1, nCostMana = 29 * 2 / 3}, --level 2
	{ nDamageBase = 96 * 0.95, nDamageRand = 96 * 0.1, nCostMana = 43 * 2 / 3}, --level 3
	{ nDamageBase = 124 * 0.95, nDamageRand = 124 * 0.1, nCostMana = 59 * 2 / 3}, --level 4
	{ nDamageBase = 162 * 0.95, nDamageRand = 162 * 0.1, nCostMana = 84 * 2 / 3}, --level 5
	{ nDamageBase = 201 * 0.95, nDamageRand = 201 * 0.1, nCostMana = 102 * 2 / 3}, --level 6
	{ nDamageBase = 233 * 0.95, nDamageRand = 233 * 0.1, nCostMana = 120 * 2 / 3}, --level 7
	{ nDamageBase = 280 * 0.95, nDamageRand = 280 * 0.1, nCostMana = 138 * 2 / 3}, --level 8
	{ nDamageBase = 337 * 0.95, nDamageRand = 337 * 0.1, nCostMana = 156 * 2 / 3}, --level 9
	{ nDamageBase = 368 * 0.95, nDamageRand = 368 * 0.1, nCostMana = 174 * 2 / 3}, --level 10
	{ nDamageBase = 402 * 0.95, nDamageRand = 402 * 0.1, nCostMana = 192 * 2 / 3}, --level 11
	{ nDamageBase = 458 * 0.95, nDamageRand = 458 * 0.1, nCostMana = 192 * 2 / 3}, --level 12
}; nCostMana=tSkillData[dwSkillLevel].nCostMana; nMinRadius=0; nMaxRadius=30 * LENGTH_BASE; nAngleRange=256; nAreaRadius=0 * LENGTH_BASE; nTargetCountLimit=2; nPrepareFrames=0; nChannelFrame=32; nWeaponDamagePercent=1024	SKILL_PHYSICS_DAMAGE(1.1,1.15); SKILL_PHYSICS_DAMAGE_RAND(1.1,1.15); CALL_ADAPTIVE_DAMAGE(1,1); EXECUTE_SCRIPT(0)	L2:nDamageBase=39 * 0.95,nDamageRand=39 * 0.1,nCostMana=29 * 2 / 3; L3:nDamageBase=78 * 0.95,nDamageRand=78 * 0.1,nCostMana=29 * 2 / 3; L4:nDamageBase=96 * 0.95,nDamageRand=96 * 0.1,nCostMana=43 * 2 / 3
绝境战场\绝境_守缺式.lua	nCostMana=tSkillData[dwSkillLevel].nCostMana; nPrepareFrames=0; nMinRadius=0											--技能施放最小半径
	skill.nMaxRadius = 8 * LENGTH_BASE; nAngleRange=128; nWeaponDamagePercent=0	EXECUTE_SCRIPT(0)	L2:nDamage=57 * 0.95,nDamageRand=57 * 0.1,nCostMana=17 * 3; L3:nDamage=77 * 0.95,nDamageRand=77 * 0.1,nCostMana=26 * 3; L4:nDamage=96 * 0.95,nDamageRand=96 * 0.1,nCostMana=32 * 3
绝境战场\绝境_少明指.lua	nDamageBase=28, nDamageRand = 0, nCostMana = 229}, --level 1
	{ nDamageBase = 47, nDamageRand = 0, nCostMana = 286}, --level 2
	{ nDamageBase = 64, nDamageRand = 0, nCostMana = 344}, --level 3
	{ nDamageBase = 81, nDamageRand = 0, nCostMana = 378},
}; nCostMana=tSkillData[dwSkillLevel].nCostMana; nMinRadius=0 * LENGTH_BASE; nMaxRadius=20 * LENGTH_BASE; nAngleRange=128; nAreaRadius=0 * LENGTH_BASE; nTargetCountLimit=2; nPrepareFrames=24; nChannelFrame=0; nWeaponDamagePercent=0	SKILL_NEUTRAL_DAMAGE(1,1); SKILL_NEUTRAL_DAMAGE_RAND(1,1); CALL_ADAPTIVE_DAMAGE(1,1); DETACH_SINGLE_BUFF(3,10000); DETACH_SINGLE_BUFF(5,10000); DETACH_SINGLE_BUFF(7,10000); DETACH_SINGLE_BUFF(3,10000); DETACH_SINGLE_BUFF(5,10000); DETACH_SINGLE_BUFF(7,10000); DETACH_SINGLE_BUFF(11,10000); DETACH_SINGLE_BUFF(11,10000)	L2:nDamageBase=28,nDamageRand=0,nCostMana=229; L3:nDamageBase=47,nDamageRand=0,nCostMana=286; L4:nDamageBase=64,nDamageRand=0,nCostMana=344
绝境战场\绝境_帝骖龙翔.lua	nDamageBase=65, nDamageRand = 6, nCostMana = 97 }, --level 1
	{nDamageBase = 84, nDamageRand = 8, nCostMana = 117}, --level 2
	{nDamageBase = 102, nDamageRand = 10, nCostMana = 138}, --level 3
	{nDamageBase = 135, nDamageRand = 13, nCostMana = 158}, --level 4

}; nCostMana=tSkillData[dwSkillLevel].nCostMana; nMinRadius=0 * LENGTH_BASE; nMaxRadius=8 * LENGTH_BASE; nAngleRange=256; nAreaRadius=8 * LENGTH_BASE; nTargetCountLimit=5; nPrepareFrames=0; nChannelFrame=0; nWeaponDamagePercent=0	SKILL_LUNAR_DAMAGE(0); SKILL_LUNAR_DAMAGE_RAND(0,1); CALL_ADAPTIVE_DAMAGE(1,0)	L2:nDamageBase=65,nDamageRand=6,nCostMana=97; L3:nDamageBase=84,nDamageRand=8,nCostMana=117; L4:nDamageBase=102,nDamageRand=10,nCostMana=138
绝境战场\绝境_幽月轮.lua	nCostMana=tSkillData[dwSkillLevel].nCostMana; nMinRadius=0		 									--技能施放最小半径
	skill.nMaxRadius = 4 * LENGTH_BASE; nAngleRange=128; nPrepareFrames=0	CAST_SKILL(65084,1); CAST_SKILL(65085,1); CAST_SKILL(65086,1)	L2:nLunarDamage=42 * 2 * 0.98,nLunarDamageRand=42 * 2 * 0.04,nCostMana=30; L3:nLunarDamage=77 * 2 * 0.98,nLunarDamageRand=77 * 2 * 0.04,nCostMana=50; L4:nLunarDamage=100 * 2 * 0.98,nLunarDamageRand=100 * 2 * 0.04,nCostMana=67
绝境战场\绝境_技能挂急曲.lua	nDamageBase=0, nDamageRand = 0, nCostMana = 0}, --level 1
	{nDamageBase = 0, nDamageRand = 0, nCostMana = 0}, --level 2
	{nDamageBase = 0, nDamageRand = 0, nCostMana = 0}, --level 3
	{nDamageBase = 0, nDamageRand = 0, nCostMana = 0}, --level 4
	{nDamageBase = 0, nDamageRand = 0, nCostMana = 0}, --level 5
	{nDamageBase = 0, nDamageRand = 0, nCostMana = 0}, --level 6
	{nDamageBase = 0, nDamageRand = 0, nCostMana = 0}, --level 7
	{nDamageBase = 0, nDamageRand = 0, nCostMana = 0}, --level 8
	{nDamageBase = 0, nDamageRand = 0, nCostMana = 0}, --level 9
	{nDamageBase = 0, nDamageRand = 0, nCostMana = 0}, --level 10
}; nBaseThreat=0; nCostMana=tSkillData[dwSkillLevel].nCostMana; nMinRadius=0 * LENGTH_BASE; nMaxRadius=30 * LENGTH_BASE; nAngleRange=256; nAreaRadius=0 * LENGTH_BASE; nTargetCountLimit=2; nPrepareFrames=0; nChannelFrame=0; nWeaponDamagePercent=0		L2:nDamageBase=0,nDamageRand=0,nCostMana=0; L3:nDamageBase=0,nDamageRand=0,nCostMana=0; L4:nDamageBase=0,nDamageRand=0,nCostMana=0
绝境战场\绝境_技能爆急曲.lua	nDamageBase=0, nDamageRand = 0, nCostMana = 0}, --level 1
	{nDamageBase = 0, nDamageRand = 0, nCostMana = 0}, --level 2
	{nDamageBase = 0, nDamageRand = 0, nCostMana = 0}, --level 3
	{nDamageBase = 0, nDamageRand = 0, nCostMana = 0}, --level 4
	{nDamageBase = 0, nDamageRand = 0, nCostMana = 0}, --level 5
	{nDamageBase = 0, nDamageRand = 0, nCostMana = 0}, --level 6
	{nDamageBase = 0, nDamageRand = 0, nCostMana = 0}, --level 7
	{nDamageBase = 0, nDamageRand = 0, nCostMana = 0}, --level 8
	{nDamageBase = 0, nDamageRand = 0, nCostMana = 0}, --level 9
	{nDamageBase = 0, nDamageRand = 0, nCostMana = 0}, --level 10
}; nBaseThreat=0; nCostMana=tSkillData[dwSkillLevel].nCostMana; nMinRadius=0 * LENGTH_BASE; nMaxRadius=30 * LENGTH_BASE; nAngleRange=256; nAreaRadius=0 * LENGTH_BASE; nTargetCountLimit=1; nPrepareFrames=0; nChannelFrame=0; nWeaponDamagePercent=0	CONSUME_BUFF(51327,1)	L2:nDamageBase=0,nDamageRand=0,nCostMana=0; L3:nDamageBase=0,nDamageRand=0,nCostMana=0; L4:nDamageBase=0,nDamageRand=0,nCostMana=0
绝境战场\绝境_抱残式.lua	nCostMana=tSkillData[dwSkillLevel].nCostMana; nPrepareFrames=0; nMinRadius=0											--技能施放最小半径
	skill.nMaxRadius = 8 * LENGTH_BASE; nAngleRange=128; nWeaponDamagePercent=0	EXECUTE_SCRIPT(0,1)	L2:nDamage=0,nDamageRand=0,nCostMana=33; L3:nDamage=0,nDamageRand=0,nCostMana=57; L4:nDamage=0,nDamageRand=0,nCostMana=77
绝境战场\绝境_拿云式.lua	nCostMana=tSkillData[dwSkillLevel].nCostMana; nMinRadius=0; nMaxRadius=MELEE_ATTACK_DISTANCE; nAngleRange=128; nAreaRadius=0 * LENGTH_BASE; nTargetCountLimit=2; nPrepareFrames=0; nChannelFrame=0; nWeaponDamagePercent=1024	SKILL_SOLAR_DAMAGE(0); SKILL_SOLAR_DAMAGE_RAND(0,1); CALL_ADAPTIVE_DAMAGE(1,0); EXECUTE_SCRIPT(0)	L2:nDamage=386 / 3 * 0.95,nDamageRand=386 / 3 * 0.1,nCostMana=0,nFrame=36; L3:nDamage=444 / 3 * 0.95,nDamageRand=444 / 3 * 0.1,nCostMana=0,nFrame=36; L4:nDamage=502 / 3 * 0.95,nDamageRand=502 / 3 * 0.1,nCostMana=0,nFrame=36
绝境战场\绝境_捉影式.lua	nCostMana=53}, --level 1

}; nMinRadius=MELEE_ATTACK_DISTANCE; nMaxRadius=35 * LENGTH_BASE; nAngleRange=128; nAreaRadius=0 * LENGTH_BASE; nTargetCountLimit=2; nPrepareFrames=8; nChannelFrame=0; nWeaponDamagePercent=0	KNOCKED_BACK_RATE(1024,0); PULL(100,0); DEL_SINGLE_BUFF_BY_ID_AND_LEVEL(854,1); EXECUTE_SCRIPT(0,4053)	L2:nCostMana=53
绝境战场\绝境_捕风式.lua	nCostMana=tSkillData[dwSkillLevel].nCostMana; nPrepareFrames=0; nMinRadius=0											--技能施放最小半径
	skill.nMaxRadius = 20 * LENGTH_BASE; nAngleRange=128; nWeaponDamagePercent=0	SKILL_SOLAR_DAMAGE(0); SKILL_SOLAR_DAMAGE_RAND(0,1); CALL_ADAPTIVE_DAMAGE(1,0); CALL_BUFF(-854,-1)	L2:nDamage=46 * 0.95,nDamageRand=46 * 0.1,nCostMana=17; L3:nDamage=56 * 0.95,nDamageRand=56 * 0.1,nCostMana=24; L4:nDamage=68 * 0.95,nDamageRand=68 * 0.1,nCostMana=35
绝境战场\绝境_摩诃无量.lua	nDamageBase=286 * 0.95, nDamageRand = 286 * 0.1, nCostMana = 0}, --level 1
}; nCostMana=tSkillData[dwSkillLevel].nCostMana; nWeaponDamagePercent=1024; nMinRadius=0											--技能施放最小半径
	skill.nMaxRadius = 20 * LENGTH_BASE; nAngleRange=128; nPrepareFrames=0	SKILL_SOLAR_DAMAGE(0); SKILL_SOLAR_DAMAGE_RAND(0,1); CALL_ADAPTIVE_DAMAGE(1,0); CALL_KNOCKED_DOWN(48,0)	L2:nDamageBase=286 * 0.95,nDamageRand=286 * 0.1,nCostMana=0
绝境战场\绝境_撼如雷.lua	nCostMana=tSkillData[dwSkillLevel].nCostMana; nBaseThreat=tSkillData[dwSkillLevel].nThreat; nMinRadius=0; nMaxRadius=6 * LENGTH_BASE; nAngleRange=256; nAreaRadius=15 * LENGTH_BASE; nTargetCountLimit=10; nPrepareFrames=0; nChannelFrame=0; nWeaponDamagePercent=0	EXECUTE_SCRIPT(0,0); EXECUTE_SCRIPT(0,4053)	L2:nThreat=660; L3:nThreat=1320; L4:nThreat=2010
绝境战场\绝境_断魂刺.lua	nCostMana=35, nDashSpeed = 100}, -- Level 1 nDashSpeed 冲锋速度单位 点/帧
	{nCostMana = 53, nDashSpeed = 100}, -- Level 2
	{nCostMana = 78, nDashSpeed = 100}, -- Level 3
	{nCostMana = 98, nDashSpeed = 100}, -- Level 4
	{nCostMana = 117, nDashSpeed = 100}, -- Level 5
	{nCostMana = 137, nDashSpeed = 100}, -- Level 6
	{nCostMana = 157, nDashSpeed = 100}, -- Level 7

}; nMinRadius=8 * LENGTH_BASE; nMaxRadius=25 * LENGTH_BASE; nAngleRange=85; nPrepareFrames=0	EXECUTE_SCRIPT(0,-2009); CALL_BUFF(541,1); DASH(0,65126); CAST_SKILL_TARGET_DST(65126,1)	L2:nCostMana=35,nDashSpeed=100; L3:nCostMana=53,nDashSpeed=100; L4:nCostMana=78,nDashSpeed=100
绝境战场\绝境_断魂刺伤害.lua	nCostMana=0, nDamage = 20 * 0.95, nDamageRand = 20 * 0.1}, -- Level 1
	{nCostMana = 0, nDamage = 31 * 0.95, nDamageRand = 31 * 0.1}, -- Level 2
	{nCostMana = 0, nDamage = 41 * 0.95, nDamageRand = 41 * 0.1}, -- Level 3
	{nCostMana = 0, nDamage = 52 * 0.95, nDamageRand = 52 * 0.1}, -- Level 4
	{nCostMana = 0, nDamage = 62 * 0.95, nDamageRand = 62 * 0.1}, -- Level 5
	{nCostMana = 0, nDamage = 73 * 0.95, nDamageRand = 73 * 0.1}, -- Level 6
	{nCostMana = 0, nDamage = 83 * 0.95, nDamageRand = 83 * 0.1}, -- Level 7
}; nWeaponDamagePercent=1024; nMaxRadius=25 * LENGTH_BASE; nAngleRange=256; nPrepareFrames=0	SKILL_PHYSICS_DAMAGE(1,0); SKILL_PHYSICS_DAMAGE_RAND(1,0); CALL_ADAPTIVE_DAMAGE(1,0)	L2:nCostMana=0,nDamage=20 * 0.95,nDamageRand=20 * 0.1; L3:nCostMana=0,nDamage=31 * 0.95,nDamageRand=31 * 0.1; L4:nCostMana=0,nDamage=41 * 0.95,nDamageRand=41 * 0.1
绝境战场\绝境_施放技能通用显形.lua	nDamageBase=0, nDamageRand = 0, nCostMana = 0}, --level 1
	{nDamageBase = 0, nDamageRand = 0, nCostMana = 0}, --level 2
	{nDamageBase = 0, nDamageRand = 0, nCostMana = 0}, --level 3
	{nDamageBase = 0, nDamageRand = 0, nCostMana = 0}, --level 4
	{nDamageBase = 0, nDamageRand = 0, nCostMana = 0}, --level 5
	{nDamageBase = 0, nDamageRand = 0, nCostMana = 0}, --level 6
	{nDamageBase = 0, nDamageRand = 0, nCostMana = 0}, --level 7
	{nDamageBase = 0, nDamageRand = 0, nCostMana = 0}, --level 8
	{nDamageBase = 0, nDamageRand = 0, nCostMana = 0}, --level 9
	{nDamageBase = 0, nDamageRand = 0, nCostMana = 0}, --level 10
}; nBaseThreat=0; nCostMana=tSkillData[dwSkillLevel].nCostMana; nMinRadius=0 * LENGTH_BASE; nMaxRadius=20 * LENGTH_BASE; nAngleRange=256; nAreaRadius=0 * LENGTH_BASE; nTargetCountLimit=2; nPrepareFrames=0; nChannelFrame=0; nWeaponDamagePercent=0	EXECUTE_SCRIPT(0)	L2:nDamageBase=0,nDamageRand=0,nCostMana=0; L3:nDamageBase=0,nDamageRand=0,nCostMana=0; L4:nDamageBase=0,nDamageRand=0,nCostMana=0
绝境战场\绝境_无我无剑.lua	nDamageBase=67, nDamageRand = 0, nCostMana = 29}, --level 1
	{ nDamageBase = 134, nDamageRand = 0, nCostMana = 29}, --level 2
	{ nDamageBase = 178, nDamageRand = 0, nCostMana = 48}, --level 3
	{ nDamageBase = 231, nDamageRand = 0, nCostMana = 78}, --level 4
	{ nDamageBase = 289, nDamageRand = 0, nCostMana = 102}, --level 5
	{ nDamageBase = 347, nDamageRand = 0, nCostMana = 126}, --level 6
	{ nDamageBase = 402, nDamageRand = 0, nCostMana = 150}, --level 7
	{ nDamageBase = 440, nDamageRand = 0, nCostMana = 174}, --level 8
	{ nDamageBase = 460, nDamageRand = 0, nCostMana = 198}, --level 9
	{ nDamageBase = 505, nDamageRand = 0, nCostMana = 198}, --level 10
}; nCostMana=tSkillData[dwSkillLevel].nCostMana; nMinRadius=0 * LENGTH_BASE; nMaxRadius=MELEE_ATTACK_DISTANCE; nAngleRange=128; nAreaRadius=MELEE_ATTACK_DISTANCE; nTargetCountLimit=2; nPrepareFrames=0; nChannelFrame=0; nWeaponDamagePercent=2048	SKILL_PHYSICS_DAMAGE(10,1.1); SKILL_PHYSICS_DAMAGE_RAND(10,1.1); CALL_ADAPTIVE_DAMAGE(1,1)	L2:nDamageBase=67,nDamageRand=0,nCostMana=29; L3:nDamageBase=134,nDamageRand=0,nCostMana=29; L4:nDamageBase=178,nDamageRand=0,nCostMana=48
绝境战场\绝境_无相诀.lua	nCostMana=69 }, --level 1
	{ nCostMana = 90 }, --level 2
	{ nCostMana = 110}, --level 3
	{ nCostMana = 130}, --level 4

}; nMinRadius=0; nMaxRadius=0; nAngleRange=256; nAreaRadius=20 * LENGTH_BASE; nTargetCountLimit=2; nPrepareFrames=0; nChannelFrame=0; nWeaponDamagePercent=0	EXECUTE_SCRIPT(0,4053)	L2:nCostMana=69; L3:nCostMana=90; L4:nCostMana=110
绝境战场\绝境_日月交替.lua	nBaseThreat=0; nCostMana=tSkillData[dwSkillLevel].nCostMana; nMinRadius=0 * LENGTH_BASE; nMaxRadius=15 * LENGTH_BASE; nAngleRange=256; nAreaRadius=0 * LENGTH_BASE; nTargetCountLimit=2; nPrepareFrames=0; nChannelFrame=0; nWeaponDamagePercent=1024	SKILL_LUNAR_DAMAGE(0); SKILL_LUNAR_DAMAGE_RAND(0,1); CALL_ADAPTIVE_DAMAGE(1,0)	L2:nLunarDamage=262 * 2 * 0.98,nLunarDamageRand=262 * 2 * 0.04,nCostMana=186
绝境战场\绝境_星楼月影.lua	nDamageBase=0, nDamageRand = 0, nCostMana = 286}, --level 1
}; nCostMana=476; nMinRadius=0; nMaxRadius=0; nAngleRange=256; nAreaRadius=0 * LENGTH_BASE; nTargetCountLimit=2; nPrepareFrames=0; nChannelFrame=0; nWeaponDamagePercent=0	DEL_MULTI_GROUP_BUFF_BY_FUNCTIONTYPE(4,10000); DEL_MULTI_GROUP_BUFF_BY_FUNCTIONTYPE(8,10000); DEL_MULTI_GROUP_BUFF_BY_FUNCTIONTYPE(7,10000); DEL_MULTI_GROUP_BUFF_BY_FUNCTIONTYPE(2,10000); CAST_SKILL(7276,1)	L2:nDamageBase=0,nDamageRand=0,nCostMana=286
绝境战场\绝境_春泥护花.lua	nDamageBase=0, nDamageRand = 0, nCostMana = 133}, --level 1
	{nDamageBase = 0, nDamageRand = 0, nCostMana = 215}, --level 2
	{nDamageBase = 0, nDamageRand = 0, nCostMana = 280}, --level 3
	{nDamageBase = 0, nDamageRand = 0, nCostMana = 348}, --level 4
	{nDamageBase = 0, nDamageRand = 0, nCostMana = 413}, --level 5
	{nDamageBase = 0, nDamageRand = 0, nCostMana = 480}, --level 6
	{nDamageBase = 0, nDamageRand = 0, nCostMana = 545}, --level 7
}; nCostMana=tSkillData[dwSkillLevel].nCostMana; nMinRadius=0 * LENGTH_BASE; nMaxRadius=20 * LENGTH_BASE; nAngleRange=256; nAreaRadius=0 * LENGTH_BASE; nTargetCountLimit=2; nPrepareFrames=0; nChannelFrame=0; nWeaponDamagePercent=0		L2:nDamageBase=0,nDamageRand=0,nCostMana=133; L3:nDamageBase=0,nDamageRand=0,nCostMana=215; L4:nDamageBase=0,nDamageRand=0,nCostMana=280
绝境战场\绝境_普渡四方.lua	nCostMana=tSkillData[dwSkillLevel].nCostMana; nMinRadius=0; nMaxRadius=MELEE_ATTACK_DISTANCE; nAngleRange=128; nAreaRadius=0 * LENGTH_BASE; nTargetCountLimit=2; nPrepareFrames=0; nWeaponDamagePercent=1024	SKILL_SOLAR_DAMAGE(0); SKILL_SOLAR_DAMAGE_RAND(0,1); CALL_ADAPTIVE_DAMAGE(1,0); PHYSICS_ATTACK_POWER_PERCENT(1024,0); CALL_PHYSICS_DAMAGE(0,0)	L2:nDamage=41 * 0.95,nDamageRand=41 * 0.1,nCostMana=8; L3:nDamage=85 * 0.95,nDamageRand=85 * 0.1,nCostMana=8; L4:nDamage=95 * 0.95,nDamageRand=95 * 0.1,nCostMana=13
绝境战场\绝境_暗尘弥散.lua	nDamageBase=0, nDamageRand = 0, nCostMana = 0}, --level 1
	{nDamageBase = 0, nDamageRand = 0, nCostMana = 0}, --level 2
	{nDamageBase = 0, nDamageRand = 0, nCostMana = 0}, --level 3
	{nDamageBase = 0, nDamageRand = 0, nCostMana = 0}, --level 4
	{nDamageBase = 0, nDamageRand = 0, nCostMana = 0}, --level 5
	{nDamageBase = 0, nDamageRand = 0, nCostMana = 0}, --level 6
	{nDamageBase = 0, nDamageRand = 0, nCostMana = 0}, --level 7
	{nDamageBase = 0, nDamageRand = 0, nCostMana = 0}, --level 8
	{nDamageBase = 0, nDamageRand = 0, nCostMana = 0}, --level 9
	{nDamageBase = 0, nDamageRand = 0, nCostMana = 0}, --level 10
}; nBaseThreat=0; nCostMana=tSkillData[dwSkillLevel].nCostMana; nMinRadius=0 * LENGTH_BASE; nMaxRadius=0 * LENGTH_BASE; nAngleRange=256; nAreaRadius=0 * LENGTH_BASE; nTargetCountLimit=2; nPrepareFrames=0; nChannelFrame=0; nWeaponDamagePercent=0	EXECUTE_SCRIPT(0,4053)	L2:nDamageBase=0,nDamageRand=0,nCostMana=0; L3:nDamageBase=0,nDamageRand=0,nCostMana=0; L4:nDamageBase=0,nDamageRand=0,nCostMana=0
绝境战场\绝境_月破伤害.lua	nBaseThreat=0; nCostMana=tSkillData[dwSkillLevel].nCostMana; nMinRadius=0 * LENGTH_BASE; nMaxRadius=15 * LENGTH_BASE; nAngleRange=128; nAreaRadius=0 * LENGTH_BASE; nTargetCountLimit=2; nPrepareFrames=0; nChannelFrame=0; nWeaponDamagePercent=1024	SKILL_LUNAR_DAMAGE(0); SKILL_LUNAR_DAMAGE_RAND(0,1); CALL_ADAPTIVE_DAMAGE(1,0)	L2:nLunarDamage=262 * 2 * 0.98,nLunarDamageRand=262 * 2 * 0.04,nCostMana=186
绝境战场\绝境_枯残蛊.lua	nDamageBase=0, nDamageRand = 0, nCostMana = 286}, --level 1
}; nCostMana=476; nMinRadius=0; nMaxRadius=0; nAngleRange=256; nAreaRadius=0 * LENGTH_BASE; nTargetCountLimit=2; nPrepareFrames=0; nChannelFrame=0; nWeaponDamagePercent=0		L2:nDamageBase=0,nDamageRand=0,nCostMana=286
绝境战场\绝境_棒打狗头.lua	nCostMana=tSkillData[dwSkillLevel].nCostMana; nMinRadius=0* LENGTH_BASE; nMaxRadius=20 * LENGTH_BASE	EXECUTE_SCRIPT(1,0)	L2:nDamage=34,nCostMana=63,nDashSpeed=120; L3:nDamage=34,nCostMana=63,nDashSpeed=120; L4:nDamage=34,nCostMana=63,nDashSpeed=120
绝境战场\绝境_棒打狗头伤害.lua	nBaseThreat=0; nCostMana=tSkillData[dwSkillLevel].nCostMana; nMinRadius=0 * LENGTH_BASE; nMaxRadius=6 * LENGTH_BASE; nAreaRadius=0 * LENGTH_BASE; nTargetCountLimit=1; nPrepareFrames=0; nChannelFrame=0; nWeaponDamagePercent=1024	SKILL_PHYSICS_DAMAGE(0); SKILL_PHYSICS_DAMAGE_RAND(0,1); CALL_ADAPTIVE_DAMAGE(1,0); EXECUTE_SCRIPT(1,0)	L2:nAddRage=0,nCostRage=10,nDamage=40,nDamageRand=40 * 0.1; L3:nAddRage=0,nCostRage=10,nDamage=70,nDamageRand=70 * 0.1; L4:nAddRage=0,nCostRage=10,nDamage=110,nDamageRand=110 * 0.1
绝境战场\绝境_棒打狗头冲刺.lua	nBaseThreat=0; nCostMana=tSkillData[dwSkillLevel].nCostMana; nMinRadius=0 * LENGTH_BASE; nMaxRadius=25 * LENGTH_BASE; nAreaRadius=0 * LENGTH_BASE; nTargetCountLimit=1; nPrepareFrames=0; nChannelFrame=0; nWeaponDamagePercent=1024	DASH(120,0); EXECUTE_SCRIPT(1,0)	L2:nAddRage=0,nCostRage=10,nDamage=107,nDamageRand=5
绝境战场\绝境_横扫六合.lua	nCostMana=tSkillData[dwSkillLevel].nCostMana; nMinRadius=5; nMaxRadius=0; nAngleRange=256; nAreaRadius=5 * LENGTH_BASE; nTargetCountLimit=5; nPrepareFrames=0; nChannelFrame=0; nWeaponDamagePercent=1024	EXECUTE_SCRIPT(1,0)	L2:nDamage=17,nDamageRand=0,nCostMana=23; L3:nDamage=23,nDamageRand=0,nCostMana=32; L4:nDamage=30,nDamageRand=0,nCostMana=45
绝境战场\绝境_横扫六合AOE.lua	nCostMana=tSkillData[dwSkillLevel].nCostMana; nMinRadius=0; nMaxRadius=5; nAngleRange=256; nAreaRadius=5 * LENGTH_BASE; nTargetCountLimit=5; nPrepareFrames=0; nChannelFrame=0; nWeaponDamagePercent=1024	SKILL_SOLAR_DAMAGE(0.5,0); SKILL_SOLAR_DAMAGE_RAND(0.5,0); CALL_ADAPTIVE_DAMAGE(0,0); PHYSICS_ATTACK_POWER_PERCENT(-512,0); CALL_ADAPTIVE_DAMAGE(1,0); CALL_BUFF(3868,1)	L2:nDamage=17,nDamageRand=0,nCostMana=23; L3:nDamage=23,nDamageRand=0,nCostMana=32; L4:nDamage=30,nDamageRand=0,nCostMana=45
绝境战场\绝境_横扫六合单体.lua	nCostMana=tSkillData[dwSkillLevel].nCostMana; nMinRadius=0; nMaxRadius=5; nAngleRange=256; nAreaRadius=5 * LENGTH_BASE; nTargetCountLimit=5; nPrepareFrames=0; nChannelFrame=0; nWeaponDamagePercent=1024	SKILL_SOLAR_DAMAGE(0); SKILL_SOLAR_DAMAGE_RAND(0,0); CALL_ADAPTIVE_DAMAGE(0,0); PHYSICS_ATTACK_POWER_PERCENT(-512,0); CALL_ADAPTIVE_DAMAGE(1,0); CALL_BUFF(3868,1)	L2:nDamage=17,nDamageRand=0,nCostMana=23; L3:nDamage=23,nDamageRand=0,nCostMana=32; L4:nDamage=30,nDamageRand=0,nCostMana=45
绝境战场\绝境_江海凝光.lua	nCostMana=tSkillData[dwSkillLevel].nCostMana; nMinRadius=0; nMaxRadius=20 * LENGTH_BASE; nAngleRange=128; nAreaRadius=tSkillData[dwSkillLevel].nLength * LENGTH_BASE; nTargetCountLimit=5; nPrepareFrames=0; nChannelFrame=48; nWeaponDamagePercent=1024	SKILL_LUNAR_DAMAGE(1,1.3); SKILL_LUNAR_DAMAGE_RAND(1,1.3); CALL_ADAPTIVE_DAMAGE(0,0)	L2:nDamage=40 * 1.23,nDamageRand=40 * 0.13,nCostMana=65,nDamToMana=51; L3:nDamage=66 * 1.23,nDamageRand=66 * 0.13,nCostMana=65,nDamToMana=51; L4:nDamage=85 * 1.23,nDamageRand=85 * 0.13,nCostMana=76,nDamToMana=51
绝境战场\绝境_沧月.lua	nCostMana=98, nKnockedBackSpeed = 100, nKnockedBackDis = 20 * LENGTH_BASE, nBuffID = 724, nBuffLevel = 1, nDamage = 98 * 0.95, nDamageRand = 98 * 0.1}, -- Level 1
	{nCostMana = 126, nKnockedBackSpeed = 100, nKnockedBackDis = 20 * LENGTH_BASE, nBuffID = 724, nBuffLevel = 1, nDamage = 126 * 0.95, nDamageRand = 126 * 0.1}, -- Level 1
	{nCostMana = 153, nKnockedBackSpeed = 100, nKnockedBackDis = 20 * LENGTH_BASE, nBuffID = 724, nBuffLevel = 1, nDamage = 153 * 0.95, nDamageRand = 153 * 0.1}, -- Level 1
	{nCostMana = 181, nKnockedBackSpeed = 100, nKnockedBackDis = 20 * LENGTH_BASE, nBuffID = 724, nBuffLevel = 1, nDamage = 181 * 0.95, nDamageRand = 181 * 0.1}, -- Level 1

}; nWeaponDamagePercent=0; nMinRadius=0											--技能施放最小半径
	skill.nMaxRadius = MELEE_ATTACK_DISTANCE; nAngleRange=128; nPrepareFrames=0	CALL_KNOCKED_DOWN(16,0); CAST_SKILL_TARGET_DST(65117,1)	L2:nCostMana=98,nKnockedBackSpeed=100,nKnockedBackDis=20 * LENGTH_BASE,nBuffID=724,nBuffLevel=1,nDamage=98 * 0.95,nDamageRand=98 * 0.1; L3:nCostMana=126,nKnockedBackSpeed=100,nKnockedBackDis=20 * LENGTH_BASE,nBuffID=724,nBuffLevel=1,nDamage=126 * 0.95,nDamageRand=126 * 0.1; L4:nCostMana=153,nKnockedBackSpeed=100,nKnockedBackDis=20 * LENGTH_BASE,nBuffID=724,nBuffLevel=1,nDamage=153 * 0.95,nDamageRand=153 * 0.1
绝境战场\绝境_沧月击退.lua	nCostMana=49, nTime = 35, nDamage = 43 * 0.95, nDamageRand = 43 * 0.1 }, -- Level 1
	{nCostMana = 62, nTime = 20, nDamage = 78 * 0.95, nDamageRand = 78 * 0.1 }, -- Level 1
	{nCostMana = 76, nTime = 20, nDamage = 109 * 0.95, nDamageRand = 109 * 0.1 }, -- Level 1
	{nCostMana = 90, nTime = 20, nDamage = 141 * 0.95, nDamageRand = 141 * 0.1 }, -- Level 1

}; nPrepareFrames=0; nChannelFrame=48; nWeaponDamagePercent=0; nMinRadius=0											--技能施放最小半径
	skill.nMaxRadius = 6 * LENGTH_BASE; nAngleRange=256; nAreaRadius=6 * LENGTH_BASE; nTargetCountLimit=6	SKILL_PHYSICS_DAMAGE(0); SKILL_PHYSICS_DAMAGE_RAND(0,1); CALL_ADAPTIVE_DAMAGE(1,0); CALL_REPULSED(0)	L2:nCostMana=49,nTime=35,nDamage=43 * 0.95,nDamageRand=43 * 0.1; L3:nCostMana=62,nTime=20,nDamage=78 * 0.95,nDamageRand=78 * 0.1; L4:nCostMana=76,nTime=20,nDamage=109 * 0.95,nDamageRand=109 * 0.1
绝境战场\绝境_浮光掠影.lua	nDamageBase=0, nDamageRand = 0, nCostMana = 0}, --level 1
	{nDamageBase = 0, nDamageRand = 0, nCostMana = 0}, --level 2
	{nDamageBase = 0, nDamageRand = 0, nCostMana = 0}, --level 3
	{nDamageBase = 0, nDamageRand = 0, nCostMana = 0}, --level 4
	{nDamageBase = 0, nDamageRand = 0, nCostMana = 0}, --level 5
	{nDamageBase = 0, nDamageRand = 0, nCostMana = 0}, --level 6
	{nDamageBase = 0, nDamageRand = 0, nCostMana = 0}, --level 7
	{nDamageBase = 0, nDamageRand = 0, nCostMana = 0}, --level 8
	{nDamageBase = 0, nDamageRand = 0, nCostMana = 0}, --level 9
	{nDamageBase = 0, nDamageRand = 0, nCostMana = 0}, --level 10
}; nBaseThreat=0; nCostMana=tSkillData[dwSkillLevel].nCostMana; nMinRadius=0 * LENGTH_BASE; nMaxRadius=0 * LENGTH_BASE; nAngleRange=256; nAreaRadius=0 * LENGTH_BASE; nTargetCountLimit=2; nPrepareFrames=0; nChannelFrame=0; nWeaponDamagePercent=0	EXECUTE_SCRIPT(0,4053)	L2:nDamageBase=0,nDamageRand=0,nCostMana=0; L3:nDamageBase=0,nDamageRand=0,nCostMana=0; L4:nDamageBase=0,nDamageRand=0,nCostMana=0
绝境战场\绝境_渊.lua	nBaseThreat=0; nCostMana=tSkillData[dwSkillLevel].nCostMana; nMinRadius=6 * LENGTH_BASE; nMaxRadius=20 * LENGTH_BASE; nAngleRange=256; nAreaRadius=30 * LENGTH_BASE; nTargetCountLimit=20; nPrepareFrames=0; nChannelFrame=0; nWeaponDamagePercent=0	CALL_BUFF(2790,1); DEL_MULTI_GROUP_BUFF_BY_FUNCTIONTYPE(-4,-10000); DEL_MULTI_GROUP_BUFF_BY_FUNCTIONTYPE(-8,-10000); DEL_MULTI_GROUP_BUFF_BY_FUNCTIONTYPE(-7,-10000); DEL_MULTI_GROUP_BUFF_BY_FUNCTIONTYPE(-2,-10000); CAST_SKILL_TARGET_DST(65122,1); DASH(120,0); CALL_BUFF_STACK_2(-2778,-1); CALL_BUFF(-2779,-1)	
绝境战场\绝境_渊冲刺.lua	nDamageBase=0, nDamageRand = 0, nCostMana = 0}, --level 1
	{nDamageBase = 0, nDamageRand = 0, nCostMana = 0}, --level 2
	{nDamageBase = 0, nDamageRand = 0, nCostMana = 0}, --level 3
	{nDamageBase = 0, nDamageRand = 0, nCostMana = 0}, --level 4
	{nDamageBase = 0, nDamageRand = 0, nCostMana = 0}, --level 5
	{nDamageBase = 0, nDamageRand = 0, nCostMana = 0}, --level 6
	{nDamageBase = 0, nDamageRand = 0, nCostMana = 0}, --level 7
	{nDamageBase = 0, nDamageRand = 0, nCostMana = 0}, --level 8
	{nDamageBase = 0, nDamageRand = 0, nCostMana = 0}, --level 9
	{nDamageBase = 0, nDamageRand = 0, nCostMana = 0}, --level 10
}; nBaseThreat=0; nCostMana=tSkillData[dwSkillLevel].nCostMana; nMinRadius=0 * LENGTH_BASE; nMaxRadius=30 * LENGTH_BASE; nAngleRange=256; nAreaRadius=0 * LENGTH_BASE; nTargetCountLimit=2; nPrepareFrames=0; nChannelFrame=0; nWeaponDamagePercent=0	CALL_BUFF(2790,1); DASH(120,0); EXECUTE_SCRIPT(0)	L2:nDamageBase=0,nDamageRand=0,nCostMana=0; L3:nDamageBase=0,nDamageRand=0,nCostMana=0; L4:nDamageBase=0,nDamageRand=0,nCostMana=0
绝境战场\绝境_渊触发技能事件.lua	nCostMana=tSkillData[dwSkillLevel].nCostMana; nMaxRadius=20 * LENGTH_BASE; nAngleRange=256; nAreaRadius=20 * LENGTH_BASE; nPrepareFrames=tSkillData[dwSkillLevel].nPrepareFrames	DEL_SINGLE_BUFF_BY_ID_AND_LEVEL(51367,1)	
绝境战场\绝境_潜龙勿用.lua	nDamageBase=0, nDamageRand = 0, nCostMana = 0}, --level 1
	{nDamageBase = 0, nDamageRand = 0, nCostMana = 0}, --level 2
	{nDamageBase = 0, nDamageRand = 0, nCostMana = 0}, --level 3
	{nDamageBase = 0, nDamageRand = 0, nCostMana = 0}, --level 4
	{nDamageBase = 0, nDamageRand = 0, nCostMana = 0}, --level 5
	{nDamageBase = 0, nDamageRand = 0, nCostMana = 0}, --level 6
	{nDamageBase = 0, nDamageRand = 0, nCostMana = 0}, --level 7
	{nDamageBase = 0, nDamageRand = 0, nCostMana = 0}, --level 8
	{nDamageBase = 0, nDamageRand = 0, nCostMana = 0}, --level 9
	{nDamageBase = 0, nDamageRand = 0, nCostMana = 0}, --level 10
	{nDamageBase = 0, nDamageRand = 0, nCostMana = 0}, --level 1
	{nDamageBase = 0, nDamageRand = 0, nCostMana = 0}, --level 2
	{nDamageBase = 0, nDamageRand = 0, nCostMana = 0}, --level 3
	{nDamageBase = 0, nDamageRand = 0, nCostMana = 0}, --level 4
	{nDamageBase = 0, nDamageRand = 0, nCostMana = 0}, --level 5
	{nDamageBase = 0, nDamageRand = 0, nCostMana = 0}, --level 6
	{nDamageBase = 0, nDamageRand = 0, nCostMana = 0}, --level 7
	{nDamageBase = 0, nDamageRand = 0, nCostMana = 0}, --level 8
	{nDamageBase = 0, nDamageRand = 0, nCostMana = 0}, --level 9
	{nDamageBase = 0, nDamageRand = 0, nCostMana = 0}, --level 10	
}; nBaseThreat=0; nCostMana=tSkillData[dwSkillLevel].nCostMana; nMinRadius=0 * LENGTH_BASE; nMaxRadius=0 * LENGTH_BASE; nAngleRange=256; nAreaRadius=6 * LENGTH_BASE; nTargetCountLimit=5; nPrepareFrames=0; nChannelFrame=0; nWeaponDamagePercent=0	CAST_SKILL(65676,1)	L2:nDamageBase=0,nDamageRand=0,nCostMana=0; L3:nDamageBase=0,nDamageRand=0,nCostMana=0; L4:nDamageBase=0,nDamageRand=0,nCostMana=0
绝境战场\绝境_潜龙勿用范围伤害.lua	nDamageBase=54, nDamageRand = 54 * 0.1, nCostMana = 0}, --level 1
	{nDamageBase = 102, nDamageRand = 102 * 0.1, nCostMana = 0}, --level 1
	{nDamageBase = 144, nDamageRand = 144 * 0.1, nCostMana = 0}, --level 1
	{nDamageBase = 194, nDamageRand = 194 * 0.1, nCostMana = 0}, --level 1
	{nDamageBase = 244, nDamageRand = 244 * 0.1, nCostMana = 0}, --level 1		
}; nMinRadius=0 * LENGTH_BASE; nMaxRadius=8 * LENGTH_BASE; nAngleRange=64; nAreaRadius=8 * LENGTH_BASE; nTargetCountLimit=5	SKILL_PHYSICS_DAMAGE(0); SKILL_PHYSICS_DAMAGE_RAND(0,1); CALL_ADAPTIVE_DAMAGE(1,0)	L2:nDamageBase=54,nDamageRand=54 * 0.1,nCostMana=0; L3:nDamageBase=102,nDamageRand=102 * 0.1,nCostMana=0; L4:nDamageBase=144,nDamageRand=144 * 0.1,nCostMana=0
绝境战场\绝境_灭.lua	nCostMana=0, nDamage = 149 * 0.95, nDamageRand = 149 * 0.1, nCostLife = 149}, -- Level 1	42
	{nCostMana = 0, nDamage = 172 * 0.95, nDamageRand = 172 * 0.1, nCostLife = 172}, -- Level 2  48
	{nCostMana = 0, nDamage = 196 * 0.95, nDamageRand = 196 * 0.1, nCostLife = 196}, -- Level 3  54
	{nCostMana = 0, nDamage = 219 * 0.95, nDamageRand = 219 * 0.1, nCostLife = 219}, -- Level 4  60
	{nCostMana = 0, nDamage = 243 * 0.95, nDamageRand = 243 * 0.1, nCostLife = 243}, -- Level 5  66
	{nCostMana = 0, nDamage = 324 * 0.8, nDamageRand = 324 * 0.4, nCostLife = 324}, -- Level 6  
}; nWeaponDamagePercent=1024; nMinRadius=0											--技能施放最小半径
	skill.nMaxRadius = MELEE_ATTACK_DISTANCE; nAngleRange=128; nPrepareFrames=0	EXECUTE_SCRIPT(0,4053)	L2:nCostMana=0,nDamage=149 * 0.95,nDamageRand=149 * 0.1,nCostLife=149; L3:nCostMana=0,nDamage=172 * 0.95,nDamageRand=172 * 0.1,nCostLife=172; L4:nCostMana=0,nDamage=196 * 0.95,nDamageRand=196 * 0.1,nCostLife=196
绝境战场\绝境_灭低血量目标.lua	nCostMana=tSkillData[dwSkillLevel].nCostMana; nWeaponDamagePercent=2048; nMinRadius=0											--技能施放最小半径
	skill.nMaxRadius = 4 * LENGTH_BASE; nAngleRange=128; nPrepareFrames=0	SKILL_PHYSICS_DAMAGE(0); SKILL_PHYSICS_DAMAGE_RAND(0,1); CALL_ADAPTIVE_DAMAGE(1,0)	L2:nCostLife=139 * 0.5,nDamage=139 * 2 * 0.95,nDamageRand=139 * 2 * 0.1,nDebuffLevel=1; L3:nCostLife=161 * 0.5,nDamage=161 * 2 * 0.95,nDamageRand=161 * 2 * 0.1,nDebuffLevel=1; L4:nCostLife=183 * 0.5,nDamage=183 * 2 * 0.95,nDamageRand=183 * 2 * 0.1,nDebuffLevel=1
绝境战场\绝境_灭高血量目标.lua	nCostMana=tSkillData[dwSkillLevel].nCostMana; nWeaponDamagePercent=2048; nMinRadius=0											--技能施放最小半径
	skill.nMaxRadius = 4 * LENGTH_BASE; nAngleRange=128; nPrepareFrames=0	SKILL_PHYSICS_DAMAGE(0); SKILL_PHYSICS_DAMAGE_RAND(0,1); CALL_ADAPTIVE_DAMAGE(1,0)	L2:nCostLife=139 * 0.5,nDamage=139 * 2 * 0.95,nDamageRand=139 * 2 * 0.1,nDebuffLevel=1; L3:nCostLife=161 * 0.5,nDamage=161 * 2 * 0.95,nDamageRand=161 * 2 * 0.1,nDebuffLevel=1; L4:nCostLife=183 * 0.5,nDamage=183 * 2 * 0.95,nDamageRand=183 * 2 * 0.1,nDebuffLevel=1
绝境战场\绝境_烈日斩.lua	nDamageBase=485 * 0.95, nDamageRand = 485 * 0.1, nCostMana = 0}, --level 10

}; nBaseThreat=0; nCostMana=tSkillData[dwSkillLevel].nCostMana; nMinRadius=0 * LENGTH_BASE; nMaxRadius=6 * LENGTH_BASE; nAngleRange=128; nAreaRadius=0 * LENGTH_BASE; nTargetCountLimit=2; nPrepareFrames=0; nChannelFrame=0; nWeaponDamagePercent=1024	SKILL_SOLAR_DAMAGE(0); SKILL_SOLAR_DAMAGE_RAND(0,1); CALL_ADAPTIVE_DAMAGE(1,0); EXECUTE_SCRIPT(0,4053)	L2:nDamageBase=485 * 0.95,nDamageRand=485 * 0.1,nCostMana=0
绝境战场\绝境_狂龙乱舞.lua	nDamageBase=0, nDamageRand = 0, nCostMana = 0}, --level 1
	{nDamageBase = 0, nDamageRand = 0, nCostMana = 0}, --level 2
	{nDamageBase = 0, nDamageRand = 0, nCostMana = 0}, --level 3
	{nDamageBase = 0, nDamageRand = 0, nCostMana = 0}, --level 4
	{nDamageBase = 0, nDamageRand = 0, nCostMana = 0}, --level 5
	{nDamageBase = 0, nDamageRand = 0, nCostMana = 0}, --level 6
	{nDamageBase = 0, nDamageRand = 0, nCostMana = 0}, --level 7
}; nBaseThreat=0; nCostMana=tSkillData[dwSkillLevel].nCostMana; nMinRadius=0 * LENGTH_BASE; nMaxRadius=0 * LENGTH_BASE; nAngleRange=128; nAreaRadius=12 * LENGTH_BASE; nTargetCountLimit=1; nPrepareFrames=24; nChannelFrame=24; nWeaponDamagePercent=0	EXECUTE_SCRIPT(0)	L2:nDamageBase=0,nDamageRand=0,nCostMana=0; L3:nDamageBase=0,nDamageRand=0,nCostMana=0; L4:nDamageBase=0,nDamageRand=0,nCostMana=0
绝境战场\绝境_狂龙乱舞伤害.lua	nBaseThreat=0; nCostMana=tSkillData[dwSkillLevel].nCostMana; nMinRadius=0 * LENGTH_BASE; nMaxRadius=30 * LENGTH_BASE; nAreaRadius=8 * LENGTH_BASE; nPrepareFrames=0; nChannelFrame=0; nWeaponDamagePercent=1024	SKILL_PHYSICS_DAMAGE(0); SKILL_PHYSICS_DAMAGE_RAND(0,1); CALL_ADAPTIVE_DAMAGE(1,0)	L2:nAddRage=0,nCostRage=10,nDamage=80,nDamageRand=20; L3:nAddRage=0,nCostRage=10,nDamage=90,nDamageRand=30; L4:nAddRage=0,nCostRage=10,nDamage=120,nDamageRand=30
绝境战场\绝境_玉石俱焚.lua	nDamageBase=121 * 0.95, nDamageRand = 121 * 0.1, nCostMana = 49}, --level 1
	{ nDamageBase = 139 * 0.95, nDamageRand = 139 * 0.1, nCostMana = 90}, --level 2
	{ nDamageBase = 168 * 0.95, nDamageRand = 168 * 0.1, nCostMana = 139}, --level 3
	{ nDamageBase = 203 * 0.95, nDamageRand = 203 * 0.1, nCostMana = 179}, --level 4
	{ nDamageBase = 238 * 0.95, nDamageRand = 238 * 0.1, nCostMana = 219}, --level 5
	{ nDamageBase = 279 * 0.95, nDamageRand = 279 * 0.1, nCostMana = 259}, --level 6
	{ nDamageBase = 365 * 0.95, nDamageRand = 365 * 0.1, nCostMana = 298}, --level 7
	{ nDamageBase = 405 * 0.95, nDamageRand = 405 * 0.1, nCostMana = 328},
}; nCostMana=tSkillData[dwSkillLevel].nCostMana; nMinRadius=0 * LENGTH_BASE; nMaxRadius=20 * LENGTH_BASE; nAngleRange=128; nAreaRadius=0 * LENGTH_BASE; nTargetCountLimit=2; nPrepareFrames=0; nChannelFrame=0; nWeaponDamagePercent=0	EXECUTE_SCRIPT(1,0); SKILL_NEUTRAL_DAMAGE(1,0); SKILL_NEUTRAL_DAMAGE_RAND(1,0); CALL_ADAPTIVE_DAMAGE(1,1); CONSUME_BUFF(51280,1); CONSUME_BUFF(51281,1); CONSUME_BUFF(51282,1); CONSUME_BUFF(51307,1); CONSUME_BUFF(51308,1)	L2:nDamageBase=121 * 0.95,nDamageRand=121 * 0.1,nCostMana=49; L3:nDamageBase=139 * 0.95,nDamageRand=139 * 0.1,nCostMana=90; L4:nDamageBase=168 * 0.95,nDamageRand=168 * 0.1,nCostMana=139
绝境战场\绝境_生太极.lua	nDamageBase=0, nDamageRand = 0, nCostMana = 58}, --level 1
}; nCostMana=tSkillData[dwSkillLevel].nCostMana; nMinRadius=0; nMaxRadius=20 * LENGTH_BASE; nAngleRange=256; nAreaRadius=0 * LENGTH_BASE; nTargetCountLimit=0; nPrepareFrames=16; nChannelFrame=0; nWeaponDamagePercent=0	EXECUTE_SCRIPT(1,0)	L2:nDamageBase=0,nDamageRand=0,nCostMana=58
绝境战场\绝境_生死劫.lua	nDamageBase=286 * 0.95, nDamageRand = 286 * 0.1, nCostMana = 0},		--level 1
}; nCostMana=tSkillData[dwSkillLevel].nCostMana; nWeaponDamagePercent=1024; nMinRadius=0											--技能施放最小半径
	skill.nMaxRadius = 20 * LENGTH_BASE; nAngleRange=128; nPrepareFrames=0	SKILL_SOLAR_DAMAGE(0); SKILL_SOLAR_DAMAGE_RAND(0); CALL_ADAPTIVE_DAMAGE(1,0); EXECUTE_SCRIPT_WITH_PARAM(0,4053)	L2:nDamageBase=286 * 0.95,nDamageRand=286 * 0.1,nCostMana=0
绝境战场\绝境_疾.lua	nCostMana=tSkillData[dwSkillLevel].nCostMana
	--skill.nCostManaBasePercent = 0.5 * (1 + dwSkillLevel / 6) * 35; nMaxRadius=25 * LENGTH_BASE; nAngleRange=32; nAreaRadius=25 * LENGTH_BASE; nPrepareFrames=0	DASH_FORWARD(16,150); CAST_SKILL_TARGET_DST(65249,1)	L2:nDamageLevel=1,nSpeed=100,nCostMana=125; L3:nDamageLevel=2,nSpeed=105,nCostMana=226; L4:nDamageLevel=3,nSpeed=110,nCostMana=314
绝境战场\绝境_疾如风.lua	nDamageBase=0, nDamageRand = 0, nCostMana = 286}, --level 1
}; nCostMana=476; nMinRadius=0; nMaxRadius=0; nAngleRange=256; nAreaRadius=0 * LENGTH_BASE; nTargetCountLimit=2; nPrepareFrames=0; nChannelFrame=0; nWeaponDamagePercent=0	DEL_MULTI_GROUP_BUFF_BY_FUNCTIONTYPE(4,10000); DEL_MULTI_GROUP_BUFF_BY_FUNCTIONTYPE(8,10000); DEL_MULTI_GROUP_BUFF_BY_FUNCTIONTYPE(7,10000); DEL_MULTI_GROUP_BUFF_BY_FUNCTIONTYPE(2,10000); CAST_SKILL(7276,1)	L2:nDamageBase=0,nDamageRand=0,nCostMana=286
绝境战场\绝境_疾实际伤害.lua	nMinRadius=0 * LENGTH_BASE; nMaxRadius=25 * LENGTH_BASE; nAngleRange=256; nAreaRadius=25 * LENGTH_BASE; nTargetCountLimit=5; nPrepareFrames=0; nWeaponDamagePercent=0	SKILL_PHYSICS_DAMAGE(0); SKILL_PHYSICS_DAMAGE_RAND(0,1); CALL_ADAPTIVE_DAMAGE(1,0)	L2:nDamage=600 * 0.95,nDamageRand=230 * 0.1
绝境战场\绝境_百足.lua	nDamageBase=28 * 0.95, nDamageRand = 28 * 0.1, nCostMana = 147}, --level 1
	{nDamageBase = 42 * 0.95, nDamageRand = 42 * 0.1, nCostMana = 220}, --level 2
	{nDamageBase = 56 * 0.95, nDamageRand = 56 * 0.1, nCostMana = 327}, --level 3
	{nDamageBase = 70 * 0.95, nDamageRand = 70 * 0.1, nCostMana = 409}, --level 4
	{nDamageBase = 84 * 0.95, nDamageRand = 84 * 0.1, nCostMana = 490}, --level 5
	{nDamageBase = 98 * 0.95, nDamageRand = 98 * 0.1, nCostMana = 572}, --level 6
	{nDamageBase = 112 * 0.95, nDamageRand = 112 * 0.1, nCostMana = 654}, --level 7
	{nDamageBase = 171 * 0.95, nDamageRand = 171 * 0.1, nCostMana = 731}, --level 8
}; nBaseThreat=0; nCostMana=tSkillData[dwSkillLevel].nCostMana; nMinRadius=0 * LENGTH_BASE; nMaxRadius=20 * LENGTH_BASE; nAngleRange=256; nAreaRadius=6 * LENGTH_BASE; nTargetCountLimit=5; nPrepareFrames=24; nChannelFrame=0; nWeaponDamagePercent=0	SKILL_POISON_DAMAGE(0); SKILL_POISON_DAMAGE_RAND(0,1); CALL_ADAPTIVE_DAMAGE(1,0); CAST_SKILL_TARGET_DST(65069,1); EXECUTE_SCRIPT(1,0)	L2:nDamageBase=28 * 0.95,nDamageRand=28 * 0.1,nCostMana=147; L3:nDamageBase=42 * 0.95,nDamageRand=42 * 0.1,nCostMana=220; L4:nDamageBase=56 * 0.95,nDamageRand=56 * 0.1,nCostMana=327
绝境战场\绝境_百足DOT添加.lua	nDamageBase=83 /3* 0.95, nDamageRand = 83 /3* 0.1, nCostMana = 30},		--level 1
	{nDamageBase = 125/3* 0.95, nDamageRand = 125/3* 0.1, nCostMana = 30},		--level 2
	{nDamageBase = 167/3* 0.95, nDamageRand = 167/3* 0.1, nCostMana = 30},		--level 3
	{nDamageBase = 209/3* 0.95, nDamageRand = 209/3* 0.1, nCostMana = 30},		--level 4
	{nDamageBase = 251/3* 0.95, nDamageRand = 251/3* 0.1, nCostMana = 30},		--level 5
	{nDamageBase = 293/3* 0.95, nDamageRand = 293/3* 0.1, nCostMana = 30},		--level 6
	{nDamageBase = 335/3* 0.95, nDamageRand = 335/3* 0.1, nCostMana = 30},		--level 7
	{nDamageBase = 512/3* 0.95, nDamageRand = 512/3* 0.1, nCostMana = 30},		--level 8
}; nBaseThreat=0; nCostMana=tSkillData[dwSkillLevel].nCostMana; nMinRadius=0 * LENGTH_BASE; nMaxRadius=30 * LENGTH_BASE; nAngleRange=256; nAreaRadius=6 * LENGTH_BASE; nTargetCountLimit=5; nPrepareFrames=24; nChannelFrame=0; nWeaponDamagePercent=0	SKILL_POISON_DAMAGE(-0); SKILL_POISON_DAMAGE_RAND(-0,-0); CALL_POISON_DAMAGE(-0)	L2:nDamageBase=83 /3* 0.95,nDamageRand=83 /3* 0.1,nCostMana=30; L3:nDamageBase=125/3* 0.95,nDamageRand=125/3* 0.1,nCostMana=30; L4:nDamageBase=167/3* 0.95,nDamageRand=167/3* 0.1,nCostMana=30
绝境战场\绝境_百足二次攻击.lua	nDamageBase=28 * 0.95, nDamageRand = 28 * 0.1, nCostMana = 147}, --level 1
	{nDamageBase = 42 * 0.95, nDamageRand = 42 * 0.1, nCostMana = 220}, --level 2
	{nDamageBase = 56 * 0.95, nDamageRand = 56 * 0.1, nCostMana = 327}, --level 3
	{nDamageBase = 70 * 0.95, nDamageRand = 70 * 0.1, nCostMana = 409}, --level 4
	{nDamageBase = 84 * 0.95, nDamageRand = 84 * 0.1, nCostMana = 490}, --level 5
	{nDamageBase = 98 * 0.95, nDamageRand = 98 * 0.1, nCostMana = 572}, --level 6
	{nDamageBase = 112 * 0.95, nDamageRand = 112 * 0.1, nCostMana = 654}, --level 7
	{nDamageBase = 171 * 0.95, nDamageRand = 171 * 0.1, nCostMana = 731}, --level 8
}; nBaseThreat=0; nCostMana=tSkillData[dwSkillLevel].nCostMana; nMinRadius=0 * LENGTH_BASE; nMaxRadius=50 * LENGTH_BASE; nAngleRange=256; nAreaRadius=6 * LENGTH_BASE; nTargetCountLimit=5; nPrepareFrames=24; nChannelFrame=0; nWeaponDamagePercent=0	SKILL_POISON_DAMAGE(0); SKILL_POISON_DAMAGE_RAND(0,1); CALL_ADAPTIVE_DAMAGE(1,0); EXECUTE_SCRIPT(1,0)	L2:nDamageBase=28 * 0.95,nDamageRand=28 * 0.1,nCostMana=147; L3:nDamageBase=42 * 0.95,nDamageRand=42 * 0.1,nCostMana=220; L4:nDamageBase=56 * 0.95,nDamageRand=56 * 0.1,nCostMana=327
绝境战场\绝境_破坚阵.lua	nCostMana=101, nDamage = 500, nDamageRand = 100},		-- Level 12
}; nWeaponDamagePercent=0; nMinRadius=0											--技能施放最小半径
	skill.nMaxRadius        = MELEE_ATTACK_DISTANCE; nAngleRange=128; nPrepareFrames=0	SKILL_PHYSICS_DAMAGE(0); SKILL_PHYSICS_DAMAGE_RAND(0,1); CALL_ADAPTIVE_DAMAGE(1,0); CALL_KNOCKED_DOWN(80,0); CALL_BUFF(994,5); CALL_BUFF(51368,1)	L3:nCostMana=101,nDamage=500,nDamageRand=100
绝境战场\绝境_破苍穹.lua	nDamageBase=0, nDamageRand = 0, nCostMana = 58}, --level 1
}; nCostMana=tSkillData[dwSkillLevel].nCostMana; nMinRadius=0; nMaxRadius=20 * LENGTH_BASE; nAngleRange=256; nAreaRadius=0 * LENGTH_BASE; nTargetCountLimit=0; nPrepareFrames=16; nChannelFrame=0; nWeaponDamagePercent=0	EXECUTE_SCRIPT(1,0)	L2:nDamageBase=0,nDamageRand=0,nCostMana=58
绝境战场\绝境_破风.lua	nCostMana=14, nDotID = 661, nDotLevel = 1, nThreat = 259   }, -- Level 1
	{nCostMana = 22, nDotID = 661, nDotLevel = 2, nThreat = 389   }, -- Level 2
	{nCostMana = 29, nDotID = 661, nDotLevel = 3, nThreat = 518   }, -- Level 3
	{nCostMana = 40, nDotID = 661, nDotLevel = 4, nThreat = 648   }, -- Level 4
	{nCostMana = 49, nDotID = 661, nDotLevel = 5, nThreat = 778   }, -- Level 5
	{nCostMana = 57, nDotID = 661, nDotLevel = 6, nThreat = 907   }, -- Level 6
	{nCostMana = 65, nDotID = 661, nDotLevel = 7, nThreat = 1037  }, -- Level 7
	{nCostMana = 73, nDotID = 661, nDotLevel = 8, nThreat = 1166  }, -- Level 8
	{nCostMana = 81, nDotID = 661, nDotLevel = 9, nThreat = 1296  }, -- Level 9
	{nCostMana = 90, nDotID = 661, nDotLevel = 10, nThreat = 1426  }, -- Level 10
	{nCostMana = 90, nDotID = 661, nDotLevel = 11, nThreat = 1705  }, -- Level 11
}; nWeaponDamagePercent=0; nMinRadius=0											--技能施放最小半径
	skill.nMaxRadius = MELEE_ATTACK_DISTANCE; nAngleRange=128; nPrepareFrames=0	EXECUTE_SCRIPT(0,1); CAST_SKILL_TARGET_DST(407,4053)	L2:nCostMana=14,nDotID=661,nDotLevel=1,nThreat=259; L3:nCostMana=22,nDotID=661,nDotLevel=2,nThreat=389; L4:nCostMana=29,nDotID=661,nDotLevel=3,nThreat=518
绝境战场\绝境_破风普通流血.lua	nCostMana=14, nDotID = 661, nDotLevel = 1, nThreat = 259   }, -- Level 1
	{nCostMana = 22, nDotID = 661, nDotLevel = 2, nThreat = 389   }, -- Level 2
	{nCostMana = 29, nDotID = 661, nDotLevel = 3, nThreat = 518   }, -- Level 3
	{nCostMana = 40, nDotID = 661, nDotLevel = 4, nThreat = 648   }, -- Level 4
	{nCostMana = 49, nDotID = 661, nDotLevel = 5, nThreat = 778   }, -- Level 5
	{nCostMana = 57, nDotID = 661, nDotLevel = 6, nThreat = 907   }, -- Level 6
	{nCostMana = 65, nDotID = 661, nDotLevel = 7, nThreat = 1037  }, -- Level 7
	{nCostMana = 73, nDotID = 661, nDotLevel = 8, nThreat = 1166  }, -- Level 8
	{nCostMana = 81, nDotID = 661, nDotLevel = 9, nThreat = 1296  }, -- Level 9
	{nCostMana = 90, nDotID = 661, nDotLevel = 10, nThreat = 1426  }, -- Level 10
	{nCostMana = 90, nDotID = 661, nDotLevel = 11, nThreat = 1705  }, -- Level 11
}; nWeaponDamagePercent=0; nMinRadius=0											--技能施放最小半径
	skill.nMaxRadius = MELEE_ATTACK_DISTANCE; nAngleRange=128; nPrepareFrames=0	CAST_SKILL_TARGET_DST(407)	L2:nCostMana=14,nDotID=661,nDotLevel=1,nThreat=259; L3:nCostMana=22,nDotID=661,nDotLevel=2,nThreat=389; L4:nCostMana=29,nDotID=661,nDotLevel=3,nThreat=518
绝境战场\绝境_破风额外流血.lua	nCostMana=14, nDotID = 661, nDotLevel = 1, nThreat = 259   }, -- Level 1
	{nCostMana = 22, nDotID = 661, nDotLevel = 2, nThreat = 389   }, -- Level 2
	{nCostMana = 29, nDotID = 661, nDotLevel = 3, nThreat = 518   }, -- Level 3
	{nCostMana = 40, nDotID = 661, nDotLevel = 4, nThreat = 648   }, -- Level 4
	{nCostMana = 49, nDotID = 661, nDotLevel = 5, nThreat = 778   }, -- Level 5
	{nCostMana = 57, nDotID = 661, nDotLevel = 6, nThreat = 907   }, -- Level 6
	{nCostMana = 65, nDotID = 661, nDotLevel = 7, nThreat = 1037  }, -- Level 7
	{nCostMana = 73, nDotID = 661, nDotLevel = 8, nThreat = 1166  }, -- Level 8
	{nCostMana = 81, nDotID = 661, nDotLevel = 9, nThreat = 1296  }, -- Level 9
	{nCostMana = 90, nDotID = 661, nDotLevel = 10, nThreat = 1426  }, -- Level 10
	{nCostMana = 90, nDotID = 661, nDotLevel = 11, nThreat = 1705  }, -- Level 11
}; nWeaponDamagePercent=0; nMinRadius=0											--技能施放最小半径
	skill.nMaxRadius = MELEE_ATTACK_DISTANCE; nAngleRange=128; nPrepareFrames=0	CAST_SKILL_TARGET_DST(407)	L2:nCostMana=14,nDotID=661,nDotLevel=1,nThreat=259; L3:nCostMana=22,nDotID=661,nDotLevel=2,nThreat=389; L4:nCostMana=29,nDotID=661,nDotLevel=3,nThreat=518
绝境战场\绝境_碎星辰.lua	nDamageBase=0, nDamageRand = 0, nCostMana = 58}, --level 1
}; nCostMana=tSkillData[dwSkillLevel].nCostMana; nMinRadius=0; nMaxRadius=20 * LENGTH_BASE; nAngleRange=256; nAreaRadius=0 * LENGTH_BASE; nTargetCountLimit=0; nPrepareFrames=16; nChannelFrame=0; nWeaponDamagePercent=0	EXECUTE_SCRIPT(1,0)	L2:nDamageBase=0,nDamageRand=0,nCostMana=58
绝境战场\绝境_穿.lua	nMinRadius=0											--技能施放最小半径
	skill.nMaxRadius = 8 * LENGTH_BASE; nAngleRange=128; nAreaRadius=4 * LENGTH_BASE; nPrepareFrames=0; nWeaponDamagePercent=0; nTargetCountLimit=5	CAST_SKILL_TARGET_DST(2297,0); SKILL_PHYSICS_DAMAGE(0); SKILL_PHYSICS_DAMAGE_RAND(0,1); CALL_ADAPTIVE_DAMAGE(1,0); CAST_SKILL(65023,1)	L2:nDamage=54 * 0.95,nDamageRand=54 * 0.1,nLevel=1,nCostMana=57,nDebuffID=51292,nDebuffLevel=1; L3:nDamage=65 * 0.95,nDamageRand=65 * 0.1,nLevel=1,nCostMana=68,nDebuffID=3463,nDebuffLevel=2; L4:nDamage=75 * 0.95,nDamageRand=75 * 0.1,nLevel=1,nCostMana=79,nDebuffID=3463,nDebuffLevel=3
绝境战场\绝境_穿云.lua	nCostMana=12, nDamage = 40 * 0.95, nDamageRand = 40 * 0.1}, -- Level 1
	{nCostMana = 19, nDamage = 72 * 0.95, nDamageRand = 72 * 0.1}, -- Level 2
	{nCostMana = 26, nDamage = 108 * 0.95, nDamageRand = 108 * 0.1}, -- Level 3
	{nCostMana = 36, nDamage = 122 * 0.95, nDamageRand = 122 * 0.1}, -- Level 4
	{nCostMana = 44, nDamage = 140 * 0.95, nDamageRand = 140 * 0.1}, -- Level 5
	{nCostMana = 51, nDamage = 158 * 0.95, nDamageRand = 158 * 0.1}, -- Level 6
	{nCostMana = 58, nDamage = 182 * 0.95, nDamageRand = 182 * 0.1}, -- Level 7
	{nCostMana = 66, nDamage = 209 * 0.95, nDamageRand = 209 * 0.1}, -- Level 8
	{nCostMana = 73, nDamage = 225 * 0.95, nDamageRand = 225 * 0.1}, -- Level 9
	{nCostMana = 81, nDamage = 257 * 0.95, nDamageRand = 257 * 0.1}, -- Level 10	 
	{nCostMana = 90, nDamage = 293 * 0.95, nDamageRand = 293 * 0.1}, -- Level 11	
	{nCostMana = 101, nDamage = 293 * 0.95, nDamageRand = 293 * 0.1}, -- Level 12
}; nMinRadius=0											--技能施放最小半径
	skill.nMaxRadius = MELEE_ATTACK_DISTANCE; nAngleRange=128; nWeaponDamagePercent=1024; nPrepareFrames=0	SKILL_PHYSICS_DAMAGE(0); SKILL_PHYSICS_DAMAGE_RAND(0,1); CALL_ADAPTIVE_DAMAGE(1,0)	L2:nCostMana=12,nDamage=40 * 0.95,nDamageRand=40 * 0.1; L3:nCostMana=19,nDamage=72 * 0.95,nDamageRand=72 * 0.1; L4:nCostMana=26,nDamage=108 * 0.95,nDamageRand=108 * 0.1
绝境战场\绝境_穿心弩.lua	nDamageBase=0, nDamageRand = 0, nCostMana = 0}, --level 1
	{nDamageBase = 0, nDamageRand = 0, nCostMana = 0}, --level 2
	{nDamageBase = 0, nDamageRand = 0, nCostMana = 0}, --level 3
	{nDamageBase = 0, nDamageRand = 0, nCostMana = 0}, --level 4
	{nDamageBase = 0, nDamageRand = 0, nCostMana = 0}, --level 5
	{nDamageBase = 0, nDamageRand = 0, nCostMana = 0}, --level 6
	{nDamageBase = 0, nDamageRand = 0, nCostMana = 0}, --level 7
	{nDamageBase = 0, nDamageRand = 0, nCostMana = 0}, --level 8
	{nDamageBase = 0, nDamageRand = 0, nCostMana = 0}, --level 9
	{nDamageBase = 0, nDamageRand = 0, nCostMana = 0}, --level 10
}; nBaseThreat=0; nCostMana=tSkillData[dwSkillLevel].nCostMana; nMinRadius=0 * LENGTH_BASE; nMaxRadius=27 * LENGTH_BASE; nAngleRange=128; nAreaRadius=0 * LENGTH_BASE; nTargetCountLimit=2; nPrepareFrames=24; nChannelFrame=0; nWeaponDamagePercent=0	EXECUTE_SCRIPT(1,-0)	L2:nDamageBase=0,nDamageRand=0,nCostMana=0; L3:nDamageBase=0,nDamageRand=0,nCostMana=0; L4:nDamageBase=0,nDamageRand=0,nCostMana=0
绝境战场\绝境_笑醉狂.lua	nDamageBase=0, nDamageRand = 0, nCostMana = 0}, --level 1
	{nDamageBase = 0, nDamageRand = 0, nCostMana = 0}, --level 2
	{nDamageBase = 0, nDamageRand = 0, nCostMana = 0}, --level 3
	{nDamageBase = 0, nDamageRand = 0, nCostMana = 0}, --level 4
	{nDamageBase = 0, nDamageRand = 0, nCostMana = 0}, --level 5
	{nDamageBase = 0, nDamageRand = 0, nCostMana = 0}, --level 6
	{nDamageBase = 0, nDamageRand = 0, nCostMana = 0}, --level 7
	{nDamageBase = 0, nDamageRand = 0, nCostMana = 0}, --level 8
	{nDamageBase = 0, nDamageRand = 0, nCostMana = 0}, --level 9
	{nDamageBase = 0, nDamageRand = 0, nCostMana = 0}, --level 10
}; nBaseThreat=0; nCostMana=tSkillData[dwSkillLevel].nCostMana; nMinRadius=0 * LENGTH_BASE; nMaxRadius=10 * LENGTH_BASE; nAngleRange=256; nAreaRadius=10 * LENGTH_BASE; nTargetCountLimit=2; nPrepareFrames=0; nChannelFrame=144; nWeaponDamagePercent=0	EXECUTE_SCRIPT(1,0)	L2:nDamageBase=0,nDamageRand=0,nCostMana=0; L3:nDamageBase=0,nDamageRand=0,nCostMana=0; L4:nDamageBase=0,nDamageRand=0,nCostMana=0
绝境战场\绝境_绛唇珠袖.lua	nCostMana=36},
	{nCostMana = 58},
	{nCostMana = 75},
	{nCostMana = 92},
	{nCostMana = 109}
}; nMinRadius=0; nMaxRadius=22 * LENGTH_BASE; nAngleRange=256; nPrepareFrames=0		L2:nCostMana=36; L3:nCostMana=58; L4:nCostMana=75
绝境战场\绝境_绛唇珠袖触发伤害.lua	nMinRadius=0; nMaxRadius=5 * LENGTH_BASE; nAngleRange=256; nPrepareFrames=0	SKILL_LUNAR_DAMAGE(0); SKILL_LUNAR_DAMAGE_RAND(0,1); CALL_ADAPTIVE_DAMAGE(1,0); EXECUTE_SCRIPT(1,0)	L2:nDamage=115,nDamageRand=5; L3:nDamage=163,nDamageRand=5; L4:nDamage=211,nDamageRand=5
绝境战场\绝境_绝境龙牙冲刺技能.lua	nBaseThreat=0; nCostMana=tSkillData[dwSkillLevel].nCostMana; nMinRadius=0 * LENGTH_BASE; nMaxRadius=25 * LENGTH_BASE; nAreaRadius=0 * LENGTH_BASE; nTargetCountLimit=1; nPrepareFrames=0; nChannelFrame=0; nWeaponDamagePercent=1024	DASH(120,0)	L2:nAddRage=0,nCostRage=10,nDamage=107,nDamageRand=5; L3:nAddRage=0,nCostRage=10,nDamage=120,nDamageRand=5; L4:nAddRage=0,nCostRage=10,nDamage=132,nDamageRand=5
绝境战场\绝境_芙蓉并蒂.lua	nDamageBase=20, nDamageRand = 0, nCostMana = 247}, -- Level 1
	{ nDamageBase = 26, nDamageRand = 0, nCostMana = 316}, -- Level 2
	{ nDamageBase = 31, nDamageRand = 0, nCostMana = 385}, -- Level 3
	{ nDamageBase = 35, nDamageRand = 0, nCostMana = 454}, -- Level 4

}; nCostMana=tSkillData[dwSkillLevel].nCostMana; nMinRadius=0 * LENGTH_BASE; nMaxRadius=20 * LENGTH_BASE; nAngleRange=128; nAreaRadius=0 * LENGTH_BASE; nTargetCountLimit=2; nPrepareFrames=0; nChannelFrame=0; nWeaponDamagePercent=0	SKILL_NEUTRAL_DAMAGE(1,0); SKILL_NEUTRAL_DAMAGE_RAND(1,0); CALL_ADAPTIVE_DAMAGE(1,1); EXECUTE_SCRIPT(0,4053)	L2:nDamageBase=20,nDamageRand=0,nCostMana=247; L3:nDamageBase=26,nDamageRand=0,nCostMana=316; L4:nDamageBase=31,nDamageRand=0,nCostMana=385
绝境战场\绝境_蛇影.lua	nDamageBase=34 * 0.95, nDamageRand = 300 * 0.1, nCostMana = 34 }, --level 1
	{nDamageBase = 49 * 0.95, nDamageRand = 300 * 0.1, nCostMana = 49 }, --level 2
	{nDamageBase = 70 * 0.95, nDamageRand = 300 * 0.1, nCostMana = 70 }, --level 3
	{nDamageBase = 87 * 0.95, nDamageRand = 300 * 0.1, nCostMana = 87 }, --level 4
	{nDamageBase = 103 * 0.95, nDamageRand = 300 * 0.1, nCostMana = 103}, --level 5
	{nDamageBase = 120 * 0.95, nDamageRand = 300 * 0.1, nCostMana = 120}, --level 6
	{nDamageBase = 136 * 0.95, nDamageRand = 300 * 0.1, nCostMana = 136}, --level 7
	{nDamageBase = 152 * 0.95, nDamageRand = 300 * 0.1, nCostMana = 152}, --level 8
	{nDamageBase = 169 * 0.95, nDamageRand = 300 * 0.1, nCostMana = 169}, --level 9
	{nDamageBase = 185 * 0.95, nDamageRand = 300 * 0.1, nCostMana = 185}, --level 10
	{nDamageBase = 200 * 0.95, nDamageRand = 300 * 0.1, nCostMana = 200}, --level 11
}; nBaseThreat=0; nCostMana=tSkillData[dwSkillLevel].nCostMana; nMinRadius=0 * LENGTH_BASE; nMaxRadius=20 * LENGTH_BASE; nAngleRange=128; nAreaRadius=4 * LENGTH_BASE; nTargetCountLimit=5; nPrepareFrames=32; nChannelFrame=0; nWeaponDamagePercent=0	EXECUTE_SCRIPT(0,4053)	L2:nDamageBase=34 * 0.95,nDamageRand=300 * 0.1,nCostMana=34; L3:nDamageBase=49 * 0.95,nDamageRand=300 * 0.1,nCostMana=49; L4:nDamageBase=70 * 0.95,nDamageRand=300 * 0.1,nCostMana=70
绝境战场\绝境_蛊虫献祭.lua	nDamageBase=0, nDamageRand = 0, nCostMana = 286}, --level 1
}; nCostMana=476; nMinRadius=0; nMaxRadius=0; nAngleRange=256; nAreaRadius=0 * LENGTH_BASE; nTargetCountLimit=2; nPrepareFrames=0; nChannelFrame=0; nWeaponDamagePercent=0	DEL_MULTI_GROUP_BUFF_BY_FUNCTIONTYPE(4,10000); DEL_MULTI_GROUP_BUFF_BY_FUNCTIONTYPE(8,10000); DEL_MULTI_GROUP_BUFF_BY_FUNCTIONTYPE(7,10000); DEL_MULTI_GROUP_BUFF_BY_FUNCTIONTYPE(2,10000); CAST_SKILL(7276,1); EXECUTE_SCRIPT(0,4053)	L2:nDamageBase=0,nDamageRand=0,nCostMana=286
绝境战场\绝境_蝎心.lua	nDamageBase=43 * 0.95, nDamageRand = 43 * 0.1, nCostMana = 40 }, --level 1
	{nDamageBase = 86 * 0.95, nDamageRand = 86 * 0.1, nCostMana = 40 }, --level 1
	{nDamageBase = 96 * 0.95, nDamageRand = 96 * 0.1, nCostMana = 66 }, --level 2
	{nDamageBase = 114 * 0.95, nDamageRand = 114 * 0.1, nCostMana = 88 }, --level 3
	{nDamageBase = 137 * 0.95, nDamageRand = 137 * 0.1, nCostMana = 122}, --level 4
	{nDamageBase = 161 * 0.95, nDamageRand = 161 * 0.1, nCostMana = 147}, --level 5
	{nDamageBase = 184 * 0.95, nDamageRand = 184 * 0.1, nCostMana = 171}, --level 6
	{nDamageBase = 208 * 0.95, nDamageRand = 208 * 0.1, nCostMana = 196}, --level 7
	{nDamageBase = 232 * 0.95, nDamageRand = 232 * 0.1, nCostMana = 220}, --level 8
	{nDamageBase = 255 * 0.95, nDamageRand = 255 * 0.1, nCostMana = 245}, --level 9
	{nDamageBase = 279 * 0.95, nDamageRand = 279 * 0.1, nCostMana = 270}, --level 10
	{nDamageBase = 384 * 0.95, nDamageRand = 384 * 0.1, nCostMana = 292}, --level 11
}; nBaseThreat=0; nCostMana=tSkillData[dwSkillLevel].nCostMana; nMinRadius=0 * LENGTH_BASE; nMaxRadius=20 * LENGTH_BASE; nAngleRange=128; nAreaRadius=0 * LENGTH_BASE; nTargetCountLimit=2; nPrepareFrames=24; nChannelFrame=0; nWeaponDamagePercent=0	SKILL_POISON_DAMAGE(0); SKILL_POISON_DAMAGE_RAND(0,1); CALL_ADAPTIVE_DAMAGE(1,0); CAST_SKILL_TARGET_DST(2455,1); CAST_SKILL_TARGET_DST(2460,1); CAST_SKILL_TARGET_DST(2465,1); CAST_SKILL(2490,1)	L2:nDamageBase=43 * 0.95,nDamageRand=43 * 0.1,nCostMana=40; L3:nDamageBase=86 * 0.95,nDamageRand=86 * 0.1,nCostMana=40; L4:nDamageBase=96 * 0.95,nDamageRand=96 * 0.1,nCostMana=66
绝境战场\绝境_蟾啸.lua	nDamageBase=300 * 0.95, nDamageRand = 300 * 0.1, nCostMana = 248}, --level 1
	{nDamageBase = 300 * 0.95, nDamageRand = 300 * 0.1, nCostMana = 324}, --level 2
	{nDamageBase = 300 * 0.95, nDamageRand = 300 * 0.1, nCostMana = 400}, --level 3
	{nDamageBase = 300 * 0.95, nDamageRand = 300 * 0.1, nCostMana = 477}, --level 4
	{nDamageBase = 300 * 0.95, nDamageRand = 300 * 0.1, nCostMana = 553}, --level 5
	{nDamageBase = 300 * 0.95, nDamageRand = 300 * 0.1, nCostMana = 630}, --level 6
	{nDamageBase = 300 * 0.95, nDamageRand = 300 * 0.1, nCostMana = 700}, --level 7
}; nBaseThreat=0; nCostMana=tSkillData[dwSkillLevel].nCostMana; nMinRadius=0 * LENGTH_BASE; nMaxRadius=20 * LENGTH_BASE; nAngleRange=128; nAreaRadius=8 * LENGTH_BASE; nTargetCountLimit=8; nPrepareFrames=32; nChannelFrame=0; nWeaponDamagePercent=0	CALL_ADAPTIVE_DAMAGE(1,0); EXECUTE_SCRIPT(0,4053)	L2:nDamageBase=300 * 0.95,nDamageRand=300 * 0.1,nCostMana=248; L3:nDamageBase=300 * 0.95,nDamageRand=300 * 0.1,nCostMana=324; L4:nDamageBase=300 * 0.95,nDamageRand=300 * 0.1,nCostMana=400
绝境战场\绝境_裂苍穹.lua	nCostMana=54, nTime = 16, nDamage = 104 * 0.95, nDamageRand = 104 * 0.1}, -- Level 1
	{nCostMana = 62, nTime = 16, nDamage = 120 * 0.95, nDamageRand = 120 * 0.1},
	{nCostMana = 70, nTime = 16, nDamage = 136 * 0.95, nDamageRand = 136 * 0.1},
	{nCostMana = 79, nTime = 16, nDamage = 151 * 0.95, nDamageRand = 151 * 0.1},
	{nCostMana = 87, nTime = 16, nDamage = 167 * 0.95, nDamageRand = 167 * 0.1}
}; nMinRadius=0											--技能施放最小半径
	skill.nMaxRadius = MELEE_ATTACK_DISTANCE; nAngleRange=128; nPrepareFrames=0	SKILL_PHYSICS_DAMAGE(0); SKILL_PHYSICS_DAMAGE_RAND(0,1); CALL_ADAPTIVE_DAMAGE(1,0); CALL_REPULSED(0,51371); CALL_BUFF(51371,1)	L2:nCostMana=54,nTime=16,nDamage=104 * 0.95,nDamageRand=104 * 0.1; L3:nCostMana=62,nTime=16,nDamage=120 * 0.95,nDamageRand=120 * 0.1; L4:nCostMana=70,nTime=16,nDamage=136 * 0.95,nDamageRand=136 * 0.1
绝境战场\绝境_赤日轮.lua	nCostMana=tSkillData[dwSkillLevel].nCostMana; nMinRadius=0		 									--技能施放最小半径
	skill.nMaxRadius = 4 * LENGTH_BASE; nAngleRange=128; nPrepareFrames=0	CAST_SKILL(64983,1); CAST_SKILL(64984,1); CAST_SKILL(64985,1)	L2:nLunarDamage=42 * 2 * 0.98,nLunarDamageRand=42 * 2 * 0.04,nCostMana=30; L3:nLunarDamage=77 * 2 * 0.98,nLunarDamageRand=77 * 2 * 0.04,nCostMana=50; L4:nLunarDamage=100 * 2 * 0.98,nLunarDamageRand=100 * 2 * 0.04,nCostMana=67
绝境战场\绝境_轮回诀.lua	nMinRadius=0											--技能施放最小半径
	skill.nMaxRadius = 10 * LENGTH_BASE; nAngleRange=256; nPrepareFrames=0	REVIVE(); EXECUTE_SCRIPT(0,1)	L2:nReviveLife=100,nReviveMana=100; L3:nReviveLife=100,nReviveMana=100
绝境战场\绝境_迷心蛊.lua	nDamageBase=0, nDamageRand = 0, nCostMana = 286}, --level 1
}; nCostMana=476; nMinRadius=0; nMaxRadius=0; nAngleRange=256; nAreaRadius=0 * LENGTH_BASE; nTargetCountLimit=2; nPrepareFrames=0; nChannelFrame=0; nWeaponDamagePercent=0		L2:nDamageBase=0,nDamageRand=0,nCostMana=286
绝境战场\绝境_追命箭.lua	nCostMana=tSkillData[dwSkillLevel].nCostMana; nMinRadius=0 * LENGTH_BASE; nMaxRadius=25 * LENGTH_BASE; nAngleRange=128; nAreaRadius=0 * LENGTH_; nTargetCountLimit=2; nPrepareFrames=32; nChannelFrame=0; nWeaponDamagePercent=2048	SKILL_PHYSICS_DAMAGE(1.15,0); SKILL_PHYSICS_DAMAGE_RAND(1.15,0); CALL_ADAPTIVE_DAMAGE(1,0); EXECUTE_SCRIPT(0,4053)	L2:nDamage=945 * 0.95,nDamageRand=945 * 0.1,nCostMana=0
绝境战场\绝境_追命箭额外伤害.lua	nCostMana=tSkillData[dwSkillLevel].nCostMana; nMinRadius=0 * LENGTH_BASE; nMaxRadius=30 * LENGTH_BASE; nAngleRange=128; nAreaRadius=0 * LENGTH_; nTargetCountLimit=2; nPrepareFrames=28; nChannelFrame=0; nWeaponDamagePercent=2048	SKILL_PHYSICS_DAMAGE(1.15,0.5); SKILL_PHYSICS_DAMAGE_RAND(1.15,0.5); CALL_ADAPTIVE_DAMAGE(1,0)	L2:nDamage=945 * 0.95,nDamageRand=945 * 0.1,nCostMana=0
绝境战场\绝境_钟林子技能.lua	nCostMana=26, nDotID = 666, nDotLevel = 1 }, -- Level 1
	{nCostMana = 38, nDotID = 666, nDotLevel = 2 }, -- Level 2
	{nCostMana = 53, nDotID = 666, nDotLevel = 3 }, -- Level 3
	{nCostMana = 74, nDotID = 666, nDotLevel = 4 }, -- Level 4
	{nCostMana = 90, nDotID = 666, nDotLevel = 5 }, -- Level 5
	{nCostMana = 106, nDotID = 666, nDotLevel = 6 }, -- Level 6
	{nCostMana = 122, nDotID = 666, nDotLevel = 7 }, -- Level 7
	{nCostMana = 138, nDotID = 666, nDotLevel = 8 }, -- Level 8
	{nCostMana = 154, nDotID = 666, nDotLevel = 9 }, -- Level 9
	{nCostMana = 170, nDotID = 666, nDotLevel = 10 }, -- Level 10
	{nCostMana = 170, nDotID = 666, nDotLevel = 11 }, -- Level 10
	{nCostMana = 170, nDotID = 666, nDotLevel = 12 }, -- Level 10
}; nMinRadius=0 * LENGTH_BASE; nMaxRadius=20 * LENGTH_BASE; nAngleRange=128; nAreaRadius=0 * LENGTH_BASE; nTargetCountLimit=2; nPrepareFrames=0; nChannelFrame=0; nWeaponDamagePercent=0		L2:nCostMana=26,nDotID=666,nDotLevel=1; L3:nCostMana=38,nDotID=666,nDotLevel=2; L4:nCostMana=53,nDotID=666,nDotLevel=3
绝境战场\绝境_钟林毓秀.lua	nCostMana=26, nDotID = 666, nDotLevel = 1 }, -- Level 1
	{nCostMana = 38, nDotID = 666, nDotLevel = 2 }, -- Level 2
	{nCostMana = 53, nDotID = 666, nDotLevel = 3 }, -- Level 3
	{nCostMana = 74, nDotID = 666, nDotLevel = 4 }, -- Level 4
	{nCostMana = 90, nDotID = 666, nDotLevel = 5 }, -- Level 5
	{nCostMana = 106, nDotID = 666, nDotLevel = 6 }, -- Level 6
	{nCostMana = 122, nDotID = 666, nDotLevel = 7 }, -- Level 7
	{nCostMana = 138, nDotID = 666, nDotLevel = 8 }, -- Level 8
	{nCostMana = 154, nDotID = 666, nDotLevel = 9 }, -- Level 9
	{nCostMana = 170, nDotID = 666, nDotLevel = 10 }, -- Level 10
	{nCostMana = 170, nDotID = 666, nDotLevel = 11 }, -- Level 10
	{nCostMana = 170, nDotID = 666, nDotLevel = 12 }, -- Level 10
}; nMinRadius=0 * LENGTH_BASE; nMaxRadius=20 * LENGTH_BASE; nAngleRange=128; nAreaRadius=0 * LENGTH_BASE; nTargetCountLimit=2; nPrepareFrames=0; nChannelFrame=0; nWeaponDamagePercent=0		L2:nCostMana=26,nDotID=666,nDotLevel=1; L3:nCostMana=38,nDotID=666,nDotLevel=2; L4:nCostMana=53,nDotID=666,nDotLevel=3
绝境战场\绝境_银月斩.lua	nDamageBase=485 * 0.95, nDamageRand = 485 * 0.1, nCostMana = 0}, --level 10

}; nBaseThreat=0; nCostMana=tSkillData[dwSkillLevel].nCostMana; nMinRadius=0 * LENGTH_BASE; nMaxRadius=6 * LENGTH_BASE; nAngleRange=128; nAreaRadius=0 * LENGTH_BASE; nTargetCountLimit=2; nPrepareFrames=0; nChannelFrame=0; nWeaponDamagePercent=1024	SKILL_LUNAR_DAMAGE(0); SKILL_LUNAR_DAMAGE_RAND(0,1); CALL_ADAPTIVE_DAMAGE(1,0); EXECUTE_SCRIPT(0,4053)	L2:nDamageBase=485 * 0.95,nDamageRand=485 * 0.1,nCostMana=0
绝境战场\绝境_镇山河.lua	nDamageBase=0, nDamageRand = 0, nCostMana = 349}, --level 1
}; nCostMana=tSkillData[dwSkillLevel].nCostMana; nMinRadius=0; nMaxRadius=20 * LENGTH_BASE; nAngleRange=256; nAreaRadius=0 * LENGTH_BASE; nTargetCountLimit=0; nPrepareFrames=0; nChannelFrame=0; nWeaponDamagePercent=0	CALL_BUFF(3851,1); EXECUTE_SCRIPT(1,0); CAST_SKILL_TARGET_SRC(706,1)	L2:nDamageBase=0,nDamageRand=0,nCostMana=349
绝境战场\绝境_长针.lua	nCostMana=tSkillData[dwSkillLevel].nCostMana; nMinRadius=0; nMaxRadius=20 * LENGTH_BASE; nAngleRange=256; nAreaRadius=20 * LENGTH_BASE; nTargetCountLimit=2; nPrepareFrames=48; nChannelFrame=0; nWeaponDamagePercent=0	EXECUTE_SCRIPT(0,4053)	L2:nTherapyBase=30000 * 0.5,nTherapyRand=3000 * 0.5,nCostMana=21 * 1.2; L3:nTherapyBase=150,nTherapyRand=16,nCostMana=33 * 1.2; L4:nTherapyBase=197,nTherapyRand=21,nCostMana=50 * 1.2
绝境战场\绝境_长针正常治疗.lua	nCostMana=tSkillData[dwSkillLevel].nCostMana; nMinRadius=0; nMaxRadius=23 * LENGTH_BASE; nAngleRange=256; nAreaRadius=20 * LENGTH_BASE; nTargetCountLimit=2; nPrepareFrames=48; nChannelFrame=0; nWeaponDamagePercent=0	SKILL_THERAPY(1,0); SKILL_THERAPY_RAND(1,0); CALL_THERAPY(0,1)	L2:nTherapyBase=30000 * 0.5* HDJueJingSkillCoe_Heal,nTherapyRand=3000 * 0.5* HDJueJingSkillCoe_Heal,nCostMana=21 * 1.2; L3:nTherapyBase=150,nTherapyRand=16,nCostMana=33 * 1.2; L4:nTherapyBase=197,nTherapyRand=21,nCostMana=50 * 1.2
绝境战场\绝境_长针毒圈减疗.lua	nCostMana=tSkillData[dwSkillLevel].nCostMana; nMinRadius=0; nMaxRadius=23 * LENGTH_BASE; nAngleRange=256; nAreaRadius=20 * LENGTH_BASE; nTargetCountLimit=2; nPrepareFrames=48; nChannelFrame=0; nWeaponDamagePercent=0	SKILL_THERAPY(1,0); SKILL_THERAPY_RAND(1,0); CALL_THERAPY(0,1)	L2:nTherapyBase=30000 * 0.5 * 0.3 * HDJueJingSkillCoe_Heal,nTherapyRand=3000 * 0.5 * 0.3* HDJueJingSkillCoe_Heal,nCostMana=21 * 1.2; L3:nTherapyBase=150,nTherapyRand=16,nCostMana=33 * 1.2; L4:nTherapyBase=197,nTherapyRand=21,nCostMana=50 * 1.2
绝境战场\绝境_阳明指.lua	nDamageBase=39 * 0.95, nDamageRand = 39 * 0.1, nCostMana = 36},
	{ nDamageBase = 78 * 0.95, nDamageRand = 78 * 0.1, nCostMana = 36},
	{ nDamageBase = 121 * 0.95, nDamageRand = 121 * 0.1, nCostMana = 66},
	{ nDamageBase = 139 * 0.95, nDamageRand = 139 * 0.1, nCostMana = 102},
	{ nDamageBase = 168 * 0.95, nDamageRand = 168 * 0.1, nCostMana = 131},
	{ nDamageBase = 203 * 0.95, nDamageRand = 203 * 0.1, nCostMana = 160},
	{ nDamageBase = 238 * 0.95, nDamageRand = 238 * 0.1, nCostMana = 190},
	{ nDamageBase = 279 * 0.95, nDamageRand = 279 * 0.1, nCostMana = 219},
	{ nDamageBase = 365 * 0.95, nDamageRand = 365 * 0.1, nCostMana = 241},
	{ nDamageBase = 405 * 0.95, nDamageRand = 405 * 0.1, nCostMana = 241},

}; nCostMana=tSkillData[dwSkillLevel].nCostMana; nMinRadius=0 * LENGTH_BASE; nMaxRadius=20 * LENGTH_BASE; nAngleRange=128; nAreaRadius=0 * LENGTH_BASE; nTargetCountLimit=2; nPrepareFrames=24; nChannelFrame=0; nWeaponDamagePercent=0	SKILL_NEUTRAL_DAMAGE(1,1); SKILL_NEUTRAL_DAMAGE_RAND(1,1); CALL_ADAPTIVE_DAMAGE(0,1)	L2:nDamageBase=39 * 0.95,nDamageRand=39 * 0.1,nCostMana=36; L3:nDamageBase=78 * 0.95,nDamageRand=78 * 0.1,nCostMana=36; L4:nDamageBase=121 * 0.95,nDamageRand=121 * 0.1,nCostMana=66
绝境战场\绝境_雷霆震怒.lua	nCostMana=44, nMaxRadius = 17 }, --level 1
	{nCostMana = 61, nMaxRadius = 17 }, --level 2
}; nMinRadius=0; nMaxRadius=tSkillData[dwSkillLevel].nMaxRadius * LENGTH_BASE; nAngleRange=128; nAreaRadius=tSkillData[dwSkillLevel].nLength * LENGTH_BASE; nTargetCountLimit=5; nPrepareFrames=0; nChannelFrame=0; nWeaponDamagePercent=1024	EXECUTE_SCRIPT(0,409)	L2:nCostMana=44,nMaxRadius=17; L3:nCostMana=61,nMaxRadius=17
绝境战场\绝境_雷震子.lua	nDamageBase=100, nDamageRand = 0, nCostMana = 0}, --level 1
	{nDamageBase = 0, nDamageRand = 0, nCostMana = 0}, --level 2
	{nDamageBase = 0, nDamageRand = 0, nCostMana = 0}, --level 3
	{nDamageBase = 0, nDamageRand = 0, nCostMana = 0}, --level 4
	{nDamageBase = 0, nDamageRand = 0, nCostMana = 0}, --level 5
	{nDamageBase = 0, nDamageRand = 0, nCostMana = 0}, --level 6
	{nDamageBase = 0, nDamageRand = 0, nCostMana = 0}, --level 7
	{nDamageBase = 0, nDamageRand = 0, nCostMana = 0}, --level 8
	{nDamageBase = 0, nDamageRand = 0, nCostMana = 0}, --level 9
	{nDamageBase = 0, nDamageRand = 0, nCostMana = 0}, --level 10
}; nBaseThreat=0; nCostMana=tSkillData[dwSkillLevel].nCostMana; nMinRadius=0 * LENGTH_BASE; nMaxRadius=20 * LENGTH_BASE; nAngleRange=128; nAreaRadius=0 * LENGTH_BASE; nTargetCountLimit=2; nPrepareFrames=0; nChannelFrame=0; nWeaponDamagePercent=0		L2:nDamageBase=100,nDamageRand=0,nCostMana=0; L3:nDamageBase=0,nDamageRand=0,nCostMana=0; L4:nDamageBase=0,nDamageRand=0,nCostMana=0
绝境战场\绝境_雾暗迷云.lua	nDamageBase=0, nDamageRand = 0, nCostMana = 0}, --level 1
	{nDamageBase = 0, nDamageRand = 0, nCostMana = 0}, --level 2
	{nDamageBase = 0, nDamageRand = 0, nCostMana = 0}, --level 3
	{nDamageBase = 0, nDamageRand = 0, nCostMana = 0}, --level 4
	{nDamageBase = 0, nDamageRand = 0, nCostMana = 0}, --level 5
	{nDamageBase = 0, nDamageRand = 0, nCostMana = 0}, --level 6
	{nDamageBase = 0, nDamageRand = 0, nCostMana = 0}, --level 7
	{nDamageBase = 0, nDamageRand = 0, nCostMana = 0}, --level 8
	{nDamageBase = 0, nDamageRand = 0, nCostMana = 0}, --level 9
	{nDamageBase = 0, nDamageRand = 0, nCostMana = 0}, --level 10
}; nBaseThreat=0; nCostMana=tSkillData[dwSkillLevel].nCostMana; nMinRadius=0 * LENGTH_BASE; nMaxRadius=20 * LENGTH_BASE; nAngleRange=128; nAreaRadius=0 * LENGTH_BASE; nTargetCountLimit=2; nPrepareFrames=24; nChannelFrame=0; nWeaponDamagePercent=0	EXECUTE_SCRIPT(0,4053)	L2:nDamageBase=0,nDamageRand=0,nCostMana=0; L3:nDamageBase=0,nDamageRand=0,nCostMana=0; L4:nDamageBase=0,nDamageRand=0,nCostMana=0
绝境战场\绝境_韦陀献杵.lua	nDamageBase=286 * 0.95, nDamageRand = 286 * 0.1, nCostMana = 0}, --level 1
}; nCostMana=tSkillData[dwSkillLevel].nCostMana; nWeaponDamagePercent=1024; nMinRadius=0											--技能施放最小半径
	skill.nMaxRadius = 20 * LENGTH_BASE; nAngleRange=128; nPrepareFrames=0	SKILL_SOLAR_DAMAGE(0); SKILL_SOLAR_DAMAGE_RAND(0,1); CALL_ADAPTIVE_DAMAGE(1,0); EXECUTE_SCRIPT(0,4053)	L2:nDamageBase=286 * 0.95,nDamageRand=286 * 0.1,nCostMana=0
绝境战场\绝境_风袖低昂.lua	nCostMana=tSkillData[dwSkillLevel].nCostMana; nMinRadius=0; nMaxRadius=20 * LENGTH_BASE; nAngleRange=256; nAreaRadius=20 * LENGTH_BASE; nTargetCountLimit=1; nPrepareFrames=48; nChannelFrame=0; nWeaponDamagePercent=0	EXECUTE_SCRIPT(0,4053)	L2:nTherapyBase=30000 * 0.5,nTherapyRand=3000 * 0.5,nCostMana=21 * 1.2; L3:nTherapyBase=150,nTherapyRand=16,nCostMana=33 * 1.2; L4:nTherapyBase=197,nTherapyRand=21,nCostMana=50 * 1.2
绝境战场\绝境_风袖减疗治疗.lua	nCostMana=tSkillData[dwSkillLevel].nCostMana; nMinRadius=0; nMaxRadius=23 * LENGTH_BASE; nAngleRange=256; nAreaRadius=20 * LENGTH_BASE; nTargetCountLimit=2; nPrepareFrames=48; nChannelFrame=0; nWeaponDamagePercent=0	SKILL_THERAPY(1,0); SKILL_THERAPY_RAND(1,0); CALL_THERAPY(0,1)	L2:nTherapyBase=40000 * 0.3* HDJueJingSkillCoe_Heal,nTherapyRand=4000 *0.3* HDJueJingSkillCoe_Heal,nCostMana=21 * 1.2; L3:nTherapyBase=150,nTherapyRand=16,nCostMana=33 * 1.2; L4:nTherapyBase=197,nTherapyRand=21,nCostMana=50 * 1.2
绝境战场\绝境_风袖正常治疗.lua	nCostMana=tSkillData[dwSkillLevel].nCostMana; nMinRadius=0; nMaxRadius=23 * LENGTH_BASE; nAngleRange=256; nAreaRadius=20 * LENGTH_BASE; nTargetCountLimit=2; nPrepareFrames=48; nChannelFrame=0; nWeaponDamagePercent=0	SKILL_THERAPY(1,0); SKILL_THERAPY_RAND(1,0); CALL_THERAPY(0,1)	L2:nTherapyBase=40000* HDJueJingSkillCoe_Heal,nTherapyRand=4000* HDJueJingSkillCoe_Heal,nCostMana=21 * 1.2; L3:nTherapyBase=150,nTherapyRand=16,nCostMana=33 * 1.2; L4:nTherapyBase=197,nTherapyRand=21,nCostMana=50 * 1.2
绝境战场\绝境_驱夜断愁.lua	nDamageBase=144 * 0.95, nDamageRand = 144 * 0.1, nCostMana = 0}, --level 1
	{nDamageBase = 175 * 0.95, nDamageRand = 175 * 0.1, nCostMana = 0}, --level 2
	{nDamageBase = 206 * 0.95, nDamageRand = 206 * 0.1, nCostMana = 0}, --level 3
	{nDamageBase = 237 * 0.95, nDamageRand = 237 * 0.1, nCostMana = 0}, --level 4
	{nDamageBase = 268 * 0.95, nDamageRand = 268 * 0.1, nCostMana = 0}, --level 5
	{nDamageBase = 299 * 0.95, nDamageRand = 299 * 0.1, nCostMana = 0}, --level 6
	{nDamageBase = 330 * 0.95, nDamageRand = 330 * 0.1, nCostMana = 0}, --level 7
	{nDamageBase = 361 * 0.95, nDamageRand = 361 * 0.1, nCostMana = 0}, --level 8
	{nDamageBase = 394 * 0.95, nDamageRand = 394 * 0.1, nCostMana = 0}, --level 9
	{nDamageBase = 429 * 0.95, nDamageRand = 429 * 0.1, nCostMana = 0}, --level 10
	{nDamageBase = 473 * 0.95, nDamageRand = 473 * 0.1, nCostMana = 0}, --level 11
}; nBaseThreat=0; nCostMana=tSkillData[dwSkillLevel].nCostMana; nMinRadius=0 * LENGTH_BASE; nMaxRadius=4 * LENGTH_BASE; nAngleRange=128; nAreaRadius=0 * LENGTH_BASE; nTargetCountLimit=1; nPrepareFrames=0; nChannelFrame=0; nWeaponDamagePercent=2048	SKILL_LUNAR_DAMAGE(0); SKILL_LUNAR_DAMAGE_RAND(0,1); CALL_ADAPTIVE_DAMAGE(1,0); PHYSICS_ATTACK_POWER_PERCENT(1024,-0); CALL_PHYSICS_DAMAGE(-0,-0); DAMAGE_TO_LIFE_FOR_SELF(512,0)	L2:nDamageBase=144 * 0.95,nDamageRand=144 * 0.1,nCostMana=0; L3:nDamageBase=175 * 0.95,nDamageRand=175 * 0.1,nCostMana=0; L4:nDamageBase=206 * 0.95,nDamageRand=206 * 0.1,nCostMana=0
绝境战场\绝境_鸟翔碧空.lua	nDamageBase=0, nDamageRand = 0, nCostMana = 0}, --level 1
	{nDamageBase = 0, nDamageRand = 0, nCostMana = 0}, --level 2
	{nDamageBase = 0, nDamageRand = 0, nCostMana = 0}, --level 3
	{nDamageBase = 0, nDamageRand = 0, nCostMana = 0}, --level 4
	{nDamageBase = 0, nDamageRand = 0, nCostMana = 0}, --level 5
	{nDamageBase = 0, nDamageRand = 0, nCostMana = 0}, --level 6
	{nDamageBase = 0, nDamageRand = 0, nCostMana = 0}, --level 7
	{nDamageBase = 0, nDamageRand = 0, nCostMana = 0}, --level 8
	{nDamageBase = 0, nDamageRand = 0, nCostMana = 0}, --level 9
	{nDamageBase = 0, nDamageRand = 0, nCostMana = 0}, --level 10
}; nBaseThreat=0; nCostMana=tSkillData[dwSkillLevel].nCostMana; nMinRadius=0 * LENGTH_BASE; nMaxRadius=4 * LENGTH_BASE; nAngleRange=256; nAreaRadius=0 * LENGTH_BASE; nTargetCountLimit=2; nPrepareFrames=0; nChannelFrame=0; nWeaponDamagePercent=0	DEL_SINGLE_BUFF_BY_ID_AND_LEVEL(1298,1); DEL_SINGLE_BUFF_BY_ID_AND_LEVEL(1299,1)	L2:nDamageBase=0,nDamageRand=0,nCostMana=0; L3:nDamageBase=0,nDamageRand=0,nCostMana=0; L4:nDamageBase=0,nDamageRand=0,nCostMana=0
绝境战场\绝境_鹊踏枝.lua	nCostMana=41 }, --level 1
	{ nCostMana = 55 }, --level 2
	{ nCostMana = 76 }, --level 3
	{ nCostMana = 92 }, --level 4
	{ nCostMana = 107 }, --level 5
}; nMinRadius=0; nMaxRadius=20 * LENGTH_BASE; nAngleRange=256; nAreaRadius=20 * LENGTH_BASE; nTargetCountLimit=2; nPrepareFrames=0; nChannelFrame=0; nWeaponDamagePercent=0	DEL_MULTI_GROUP_BUFF_BY_FUNCTIONTYPE(4,10000); DEL_MULTI_GROUP_BUFF_BY_FUNCTIONTYPE(8,10000); DEL_MULTI_GROUP_BUFF_BY_FUNCTIONTYPE(7,10000); DEL_MULTI_GROUP_BUFF_BY_FUNCTIONTYPE(2,10000); CAST_SKILL(7276,1); EXECUTE_SCRIPT(-0,4053)	L2:nCostMana=41; L3:nCostMana=55; L4:nCostMana=76
绝境战场\绝境_鹤归孤山.lua	nMinRadius=0 * LENGTH_BASE; nMaxRadius=8 * LENGTH_BASE; nAngleRange=128; nWeaponDamagePercent=0; nPrepareFrames=32	DASH_FORWARD(12,-12); CALL_BUFF(51335,1); CALL_BUFF(1695,1); CALL_BUFF(1953,1)	L2:nAddRage=0,nCostRage=20,nDamage=141 * 0.95,nDamageRand=141 * 0.1,nDashSpeed=80; L3:nAddRage=0,nCostRage=20,nDamage=164 * 0.95,nDamageRand=164 * 0.1,nDashSpeed=80; L4:nAddRage=0,nCostRage=20,nDamage=188 * 0.95,nDamageRand=188 * 0.1,nDashSpeed=80
绝境战场\绝境_龙吟.lua	nCostMana=30, nDamage = 56, nDamageRand = 56 * 0.1}, -- Level 1
	{nCostMana = 48, nDamage = 86, nDamageRand = 86 * 0.1}, -- Level 2
	{nCostMana = 73, nDamage = 117, nDamageRand = 117 * 0.1}, -- Level 3
	{nCostMana = 93, nDamage = 149, nDamageRand = 149 * 0.1}, -- Level 4
	{nCostMana = 112, nDamage = 182, nDamageRand = 182 * 0.1}, -- Level 5
	{nCostMana = 132, nDamage = 215, nDamageRand = 215 * 0.1}, -- Level 6
	{nCostMana = 152, nDamage = 251, nDamageRand = 251 * 0.1}, -- Level 7
	{nCostMana = 162, nDamage = 289, nDamageRand = 289 * 0.1}		-- Level 8
}; nWeaponDamagePercent=1024; nMinRadius=0											--技能施放最小半径
	skill.nMaxRadius = MELEE_ATTACK_DISTANCE; nAngleRange=128; nPrepareFrames=0	SKILL_PHYSICS_DAMAGE(1.1,1.1); SKILL_PHYSICS_DAMAGE_RAND(1.1,1.1); CALL_ADAPTIVE_DAMAGE(1,0)	L2:nCostMana=30,nDamage=56,nDamageRand=56 * 0.1; L3:nCostMana=48,nDamage=86,nDamageRand=86 * 0.1; L4:nCostMana=73,nDamage=117,nDamageRand=117 * 0.1
绝境战场\绝境_龙战于野.lua	nBaseThreat=0; nCostMana=tSkillData[dwSkillLevel].nCostMana; nMinRadius=0 * LENGTH_BASE; nMaxRadius=4 * LENGTH_BASE; nAreaRadius=0 * LENGTH_BASE; nTargetCountLimit=1; nPrepareFrames=0; nChannelFrame=0; nWeaponDamagePercent=1024	CAST_SKILL(65675)	L2:nAddRage=0,nCostRage=10,nDamage=70,nDamageRand=70; L3:nAddRage=0,nCostRage=10,nDamage=130,nDamageRand=130; L4:nAddRage=0,nCostRage=10,nDamage=160,nDamageRand=160
绝境战场\绝境_龙战于野拉.lua	nMinRadius=0 * LENGTH_BASE; nMaxRadius=10 * LENGTH_BASE; nAngleRange=85; nAreaRadius=10 * LENGTH_BASE; nTargetCountLimit=5	SKILL_PHYSICS_DAMAGE(0); SKILL_PHYSICS_DAMAGE_RAND(0,1); CALL_ADAPTIVE_DAMAGE(1,0); PULL(80,0); EXECUTE_SCRIPT(1,0)	L2:nAddRage=0,nCostRage=10,nDamageBase=240,nDamageRand=24; L3:nAddRage=0,nCostRage=10,nDamageBase=270,nDamageRand=27; L4:nAddRage=0,nCostRage=10,nDamageBase=280,nDamageRand=28
绝境战场\绝境_龙牙.lua	nCostMana=36, nDamage = 106 * 1.07, nDamageRand = 106 * 0.044}, -- Level 1
	{nCostMana = 66, nDamage = 131 * 1.07, nDamageRand = 121 * 0.044}, -- Level 2
	{nCostMana = 103, nDamage = 156 * 1.07, nDamageRand = 139 * 0.044}, -- Level 3
	{nCostMana = 132, nDamage = 181 * 1.07, nDamageRand = 168 * 0.044}, -- Level 4
	{nCostMana = 162, nDamage = 206 * 1.07, nDamageRand = 203 * 0.044}, -- Level 5
	{nCostMana = 191, nDamage = 231 * 1.07, nDamageRand = 238 * 0.044}, -- Level 6
	{nCostMana = 220, nDamage = 279 * 1.07, nDamageRand = 279 * 0.044}, -- Level 7
	{nCostMana = 243, nDamage = 365 * 1.07, nDamageRand = 365 * 0.044}, -- Level 8
	{nCostMana = 268, nDamage = 405 * 1.07, nDamageRand = 405 * 0.044}, -- Level 9
}; nWeaponDamagePercent=1024; nMinRadius=0											--技能施放最小半径
	skill.nMaxRadius = 20 * LENGTH_BASE; nAngleRange=128; nPrepareFrames=0	CAST_SKILL_TARGET_DST(65030,1); SKILL_PHYSICS_DAMAGE(1.1,0); SKILL_PHYSICS_DAMAGE_RAND(1.1,0); CALL_ADAPTIVE_DAMAGE(1,0)	L2:nCostMana=36,nDamage=106 * 1.07,nDamageRand=106 * 0.044; L3:nCostMana=66,nDamage=131 * 1.07,nDamageRand=121 * 0.044; L4:nCostMana=103,nDamage=156 * 1.07,nDamageRand=139 * 0.044
绝境战场\绝境·引窍.lua	nDamageBase=0, nDamageRand = 0, nCostMana = 0}, --level 1
	{nDamageBase = 0, nDamageRand = 0, nCostMana = 0}, --level 2
	{nDamageBase = 0, nDamageRand = 0, nCostMana = 0}, --level 3
	{nDamageBase = 0, nDamageRand = 0, nCostMana = 0}, --level 4
	{nDamageBase = 0, nDamageRand = 0, nCostMana = 0}, --level 5
	{nDamageBase = 0, nDamageRand = 0, nCostMana = 0}, --level 6
	{nDamageBase = 0, nDamageRand = 0, nCostMana = 0}, --level 7
	{nDamageBase = 0, nDamageRand = 0, nCostMana = 0}, --level 8
	{nDamageBase = 0, nDamageRand = 0, nCostMana = 0}, --level 9
	{nDamageBase = 0, nDamageRand = 0, nCostMana = 0}, --level 10
}; nBaseThreat=0; nCostMana=tSkillData[dwSkillLevel].nCostMana; nMinRadius=0 * LENGTH_BASE; nMaxRadius=20 * LENGTH_BASE; nAngleRange=128; nAreaRadius=0 * LENGTH_BASE; nTargetCountLimit=2; nPrepareFrames=24; nChannelFrame=0; nWeaponDamagePercent=0	EXECUTE_SCRIPT(0,4053)	L2:nDamageBase=0,nDamageRand=0,nCostMana=0; L3:nDamageBase=0,nDamageRand=0,nCostMana=0; L4:nDamageBase=0,nDamageRand=0,nCostMana=0
绝境战场\绝境·截阳.lua	nDamageBase=0, nDamageRand = 0, nCostMana = 0}, --level 1
	{nDamageBase = 0, nDamageRand = 0, nCostMana = 0}, --level 2
	{nDamageBase = 0, nDamageRand = 0, nCostMana = 0}, --level 3
	{nDamageBase = 0, nDamageRand = 0, nCostMana = 0}, --level 4
	{nDamageBase = 0, nDamageRand = 0, nCostMana = 0}, --level 5
	{nDamageBase = 0, nDamageRand = 0, nCostMana = 0}, --level 6
	{nDamageBase = 0, nDamageRand = 0, nCostMana = 0}, --level 7
	{nDamageBase = 0, nDamageRand = 0, nCostMana = 0}, --level 8
	{nDamageBase = 0, nDamageRand = 0, nCostMana = 0}, --level 9
	{nDamageBase = 0, nDamageRand = 0, nCostMana = 0}, --level 10
}; nBaseThreat=0; nCostMana=tSkillData[dwSkillLevel].nCostMana; nMinRadius=0 * LENGTH_BASE; nMaxRadius=20 * LENGTH_BASE; nAngleRange=128; nAreaRadius=0 * LENGTH_BASE; nTargetCountLimit=2; nPrepareFrames=0; nChannelFrame=0; nWeaponDamagePercent=0	EXECUTE_SCRIPT(0,4053)	L2:nDamageBase=0,nDamageRand=0,nCostMana=0; L3:nDamageBase=0,nDamageRand=0,nCostMana=0; L4:nDamageBase=0,nDamageRand=0,nCostMana=0
绝境战场\绝境·风流云散.lua	nDamageBase=0, nDamageRand = 0, nCostMana = 0}, --level 1
	{nDamageBase = 0, nDamageRand = 0, nCostMana = 0}, --level 2
	{nDamageBase = 0, nDamageRand = 0, nCostMana = 0}, --level 3
	{nDamageBase = 0, nDamageRand = 0, nCostMana = 0}, --level 4
	{nDamageBase = 0, nDamageRand = 0, nCostMana = 0}, --level 5
	{nDamageBase = 0, nDamageRand = 0, nCostMana = 0}, --level 6
	{nDamageBase = 0, nDamageRand = 0, nCostMana = 0}, --level 7
	{nDamageBase = 0, nDamageRand = 0, nCostMana = 0}, --level 8
	{nDamageBase = 0, nDamageRand = 0, nCostMana = 0}, --level 9
	{nDamageBase = 0, nDamageRand = 0, nCostMana = 0}, --level 10
}; nBaseThreat=0; nCostMana=tSkillData[dwSkillLevel].nCostMana; nMinRadius=0 * LENGTH_BASE; nMaxRadius=20 * LENGTH_BASE; nAngleRange=256; nAreaRadius=1 * LENGTH_BASE; nTargetCountLimit=1; nPrepareFrames=0; nChannelFrame=0; nWeaponDamagePercent=0	DASH_TO_POINT(120,0); EXECUTE_SCRIPT(0,8265)	L2:nDamageBase=0,nDamageRand=0,nCostMana=0; L3:nDamageBase=0,nDamageRand=0,nCostMana=0; L4:nDamageBase=0,nDamageRand=0,nCostMana=0
绝境战场\绝境引窍伤害子技能.lua	nDamageBase=20, nDamageRand = 0, nCostMana = 0}, --level 1
	{nDamageBase = 0, nDamageRand = 0, nCostMana = 0}, --level 2
	{nDamageBase = 0, nDamageRand = 0, nCostMana = 0}, --level 3
	{nDamageBase = 0, nDamageRand = 0, nCostMana = 0}, --level 4
	{nDamageBase = 0, nDamageRand = 0, nCostMana = 0}, --level 5
	{nDamageBase = 0, nDamageRand = 0, nCostMana = 0}, --level 6
	{nDamageBase = 0, nDamageRand = 0, nCostMana = 0}, --level 7
	{nDamageBase = 0, nDamageRand = 0, nCostMana = 0}, --level 8
	{nDamageBase = 0, nDamageRand = 0, nCostMana = 0}, --level 9
	{nDamageBase = 0, nDamageRand = 0, nCostMana = 0}, --level 10
}; nBaseThreat=0; nCostMana=tSkillData[dwSkillLevel].nCostMana; nMinRadius=0 * LENGTH_BASE; nMaxRadius=40 * LENGTH_BASE; nAngleRange=256; nAreaRadius=0 * LENGTH_BASE; nTargetCountLimit=2; nPrepareFrames=0; nChannelFrame=0; nWeaponDamagePercent=0	SKILL_NEUTRAL_DAMAGE(0); SKILL_NEUTRAL_DAMAGE_RAND(0,1); CALL_ADAPTIVE_DAMAGE(1,0)	L2:nDamageBase=20,nDamageRand=0,nCostMana=0; L3:nDamageBase=0,nDamageRand=0,nCostMana=0; L4:nDamageBase=0,nDamageRand=0,nCostMana=0
绝境战场\绝境截阳伤害子技能.lua	nDamageBase=20, nDamageRand = 0, nCostMana = 0}, --level 1
	{nDamageBase = 0, nDamageRand = 0, nCostMana = 0}, --level 2
	{nDamageBase = 0, nDamageRand = 0, nCostMana = 0}, --level 3
	{nDamageBase = 0, nDamageRand = 0, nCostMana = 0}, --level 4
	{nDamageBase = 0, nDamageRand = 0, nCostMana = 0}, --level 5
	{nDamageBase = 0, nDamageRand = 0, nCostMana = 0}, --level 6
	{nDamageBase = 0, nDamageRand = 0, nCostMana = 0}, --level 7
	{nDamageBase = 0, nDamageRand = 0, nCostMana = 0}, --level 8
	{nDamageBase = 0, nDamageRand = 0, nCostMana = 0}, --level 9
	{nDamageBase = 0, nDamageRand = 0, nCostMana = 0}, --level 10
}; nBaseThreat=0; nCostMana=tSkillData[dwSkillLevel].nCostMana; nMinRadius=0 * LENGTH_BASE; nMaxRadius=40 * LENGTH_BASE; nAngleRange=256; nAreaRadius=0 * LENGTH_BASE; nTargetCountLimit=2; nPrepareFrames=0; nChannelFrame=0; nWeaponDamagePercent=0	SKILL_NEUTRAL_DAMAGE(0); SKILL_NEUTRAL_DAMAGE_RAND(0,1); CALL_ADAPTIVE_DAMAGE(1,0)	L2:nDamageBase=20,nDamageRand=0,nCostMana=0; L3:nDamageBase=0,nDamageRand=0,nCostMana=0; L4:nDamageBase=0,nDamageRand=0,nCostMana=0
绝境战场\绝境玉石额外伤害.lua	nDamageBase=121 * 0.95, nDamageRand = 121 * 0.1, nCostMana = 49}, --level 1
	{ nDamageBase = 139 * 0.95, nDamageRand = 139 * 0.1, nCostMana = 90}, --level 2
	{ nDamageBase = 168 * 0.95, nDamageRand = 168 * 0.1, nCostMana = 139}, --level 3
	{ nDamageBase = 203 * 0.95, nDamageRand = 203 * 0.1, nCostMana = 179}, --level 4
	{ nDamageBase = 238 * 0.95, nDamageRand = 238 * 0.1, nCostMana = 219}, --level 5
	{ nDamageBase = 279 * 0.95, nDamageRand = 279 * 0.1, nCostMana = 259}, --level 6
	{ nDamageBase = 365 * 0.95, nDamageRand = 365 * 0.1, nCostMana = 298}, --level 7
	{ nDamageBase = 405 * 0.95, nDamageRand = 405 * 0.1, nCostMana = 328},
}; nCostMana=tSkillData[dwSkillLevel].nCostMana; nMinRadius=0 * LENGTH_BASE; nMaxRadius=20 * LENGTH_BASE; nAngleRange=128; nAreaRadius=0 * LENGTH_BASE; nTargetCountLimit=2; nPrepareFrames=0; nChannelFrame=0; nWeaponDamagePercent=0	SKILL_NEUTRAL_DAMAGE(1,0); SKILL_NEUTRAL_DAMAGE_RAND(1,0); CALL_ADAPTIVE_DAMAGE(1,1)	L2:nDamageBase=121 * 0.95,nDamageRand=121 * 0.1,nCostMana=49; L3:nDamageBase=139 * 0.95,nDamageRand=139 * 0.1,nCostMana=90; L4:nDamageBase=168 * 0.95,nDamageRand=168 * 0.1,nCostMana=139
绝境战场\绝境绝脉爆炸伤害.lua	nDamageBase=20, nDamageRand = 0, nCostMana = 0}, --level 1
	{nDamageBase = 0, nDamageRand = 0, nCostMana = 0}, --level 2
	{nDamageBase = 0, nDamageRand = 0, nCostMana = 0}, --level 3
	{nDamageBase = 0, nDamageRand = 0, nCostMana = 0}, --level 4
	{nDamageBase = 0, nDamageRand = 0, nCostMana = 0}, --level 5
	{nDamageBase = 0, nDamageRand = 0, nCostMana = 0}, --level 6
	{nDamageBase = 0, nDamageRand = 0, nCostMana = 0}, --level 7
	{nDamageBase = 0, nDamageRand = 0, nCostMana = 0}, --level 8
	{nDamageBase = 0, nDamageRand = 0, nCostMana = 0}, --level 9
	{nDamageBase = 0, nDamageRand = 0, nCostMana = 0}, --level 10
}; nBaseThreat=0; nCostMana=tSkillData[dwSkillLevel].nCostMana; nMinRadius=0 * LENGTH_BASE; nMaxRadius=40 * LENGTH_BASE; nAngleRange=256; nAreaRadius=0 * LENGTH_BASE; nTargetCountLimit=2; nPrepareFrames=0; nChannelFrame=0; nWeaponDamagePercent=0	SKILL_NEUTRAL_DAMAGE(0); SKILL_NEUTRAL_DAMAGE_RAND(0,1); CALL_ADAPTIVE_DAMAGE(1,0)	L2:nDamageBase=20,nDamageRand=0,nCostMana=0; L3:nDamageBase=0,nDamageRand=0,nCostMana=0; L4:nDamageBase=0,nDamageRand=0,nCostMana=0
绝境战场\隐身表现延迟处理.lua	nDamageBase=0, nDamageRand = 0, nCostMana = 0}, --level 1
	{nDamageBase = 0, nDamageRand = 0, nCostMana = 0}, --level 2
	{nDamageBase = 0, nDamageRand = 0, nCostMana = 0}, --level 3
	{nDamageBase = 0, nDamageRand = 0, nCostMana = 0}, --level 4
	{nDamageBase = 0, nDamageRand = 0, nCostMana = 0}, --level 5
	{nDamageBase = 0, nDamageRand = 0, nCostMana = 0}, --level 6
	{nDamageBase = 0, nDamageRand = 0, nCostMana = 0}, --level 7
	{nDamageBase = 0, nDamageRand = 0, nCostMana = 0}, --level 8
	{nDamageBase = 0, nDamageRand = 0, nCostMana = 0}, --level 9
	{nDamageBase = 0, nDamageRand = 0, nCostMana = 0}, --level 10
}; nBaseThreat=0; nCostMana=tSkillData[dwSkillLevel].nCostMana; nMinRadius=0 * LENGTH_BASE; nMaxRadius=0 * LENGTH_BASE; nAngleRange=256; nAreaRadius=0 * LENGTH_BASE; nTargetCountLimit=2; nPrepareFrames=0; nChannelFrame=0; nWeaponDamagePercent=0		L2:nDamageBase=0,nDamageRand=0,nCostMana=0; L3:nDamageBase=0,nDamageRand=0,nCostMana=0; L4:nDamageBase=0,nDamageRand=0,nCostMana=0
苍云\套路及子技能\苍云_苍雪刀_劫刀0-10.lua	nDamageBase=120, nDamageRand = 80*0.1, nCostMana = 0}, --level 1
	{nDamageBase = 150, nDamageRand = 90*0.1, nCostMana = 0}, --level 2
	{nDamageBase = 180, nDamageRand = 100*0.1, nCostMana = 0}, --level 3
	{nDamageBase = 210, nDamageRand = 110*0.1, nCostMana = 0}, --level 4
	{nDamageBase = 230, nDamageRand = 120*0.1, nCostMana = 0}, --level 5
	{nDamageBase = 250, nDamageRand = 130*0.1, nCostMana = 0}, --level 6
	{nDamageBase = 270, nDamageRand = 140*0.1, nCostMana = 0}, --level 7
	{nDamageBase = 290, nDamageRand = 150*0.1, nCostMana = 0}, --level 8
	{nDamageBase = 310, nDamageRand = 160*0.1, nCostMana = 0}, --level 9
	{nDamageBase = 330, nDamageRand = 170*0.1, nCostMana = 0}, --level 10
	{nDamageBase = 350, nDamageRand = 120*0.1, nCostMana = 0}, --level 11
	{nDamageBase = 370, nDamageRand = 130*0.1, nCostMana = 0}, --level 12
	{nDamageBase = 390, nDamageRand = 140*0.1, nCostMana = 0}, --level 13
	{nDamageBase = 400, nDamageRand = 150*0.1, nCostMana = 0}, --level 14
	{nDamageBase = 410, nDamageRand = 160*0.1, nCostMana = 0}, --level 15
	{nDamageBase = 420, nDamageRand = 170*0.1, nCostMana = 0}, --level 16
	{nDamageBase = 430, nDamageRand = 180*0.1, nCostMana = 0}, --level 17
	{nDamageBase = 440, nDamageRand = 190*0.1, nCostMana = 0}, --level 18
	{nDamageBase = 450, nDamageRand = 200*0.1, nCostMana = 0}, --level 19
	{nDamageBase = 460, nDamageRand = 210*0.1, nCostMana = 0}, --level 20
	{nDamageBase = 470, nDamageRand = 220*0.1, nCostMana = 0}, --level 21
	{nDamageBase = 480, nDamageRand = 230*0.1, nCostMana = 0}, --level 22
	{nDamageBase = 490, nDamageRand = 240*0.1, nCostMana = 0}, --level 23
	{nDamageBase = 500, nDamageRand = 250*0.1, nCostMana = 0}, --level 24
	{nDamageBase = 510, nDamageRand = 260*0.1, nCostMana = 0}, --level 25
	{nDamageBase = 520, nDamageRand = 270*0.1, nCostMana = 0}, --level 26
	{nDamageBase = 530, nDamageRand = 280*0.1, nCostMana = 0}, --level 27
	{nDamageBase = 550, nDamageRand = 290*0.1, nCostMana = 0}, --level 28
}; nBaseThreat=0; nCostMana=tSkillData[dwSkillLevel].nCostMana; nMinRadius=0 * LENGTH_BASE; nMaxRadius=6 * LENGTH_BASE; nAngleRange=128; nAreaRadius=6 * LENGTH_BASE; nTargetCountLimit=1; nPrepareFrames=0; nChannelFrame=0; nWeaponDamagePercent=1024	SKILL_PHYSICS_DAMAGE(1.45,5); SKILL_PHYSICS_DAMAGE_RAND(1.45,0); CALL_PHYSICS_DAMAGE(0,0)	L2:nDamageBase=120,nDamageRand=80*0.1,nCostMana=0; L3:nDamageBase=150,nDamageRand=90*0.1,nCostMana=0; L4:nDamageBase=180,nDamageRand=100*0.1,nCostMana=0
苍云\套路及子技能\苍云_苍雪刀_劫刀40-50.lua	nDamageBase=120, nDamageRand = 80*0.1, nCostMana = 0}, --level 1
	{nDamageBase = 150, nDamageRand = 90*0.1, nCostMana = 0}, --level 2
	{nDamageBase = 180, nDamageRand = 100*0.1, nCostMana = 0}, --level 3
	{nDamageBase = 210, nDamageRand = 110*0.1, nCostMana = 0}, --level 4
	{nDamageBase = 230, nDamageRand = 120*0.1, nCostMana = 0}, --level 5
	{nDamageBase = 250, nDamageRand = 130*0.1, nCostMana = 0}, --level 6
	{nDamageBase = 270, nDamageRand = 140*0.1, nCostMana = 0}, --level 7
	{nDamageBase = 290, nDamageRand = 150*0.1, nCostMana = 0}, --level 8
	{nDamageBase = 310, nDamageRand = 160*0.1, nCostMana = 0}, --level 9
	{nDamageBase = 330, nDamageRand = 170*0.1, nCostMana = 0}, --level 10
	{nDamageBase = 350, nDamageRand = 120*0.1, nCostMana = 0}, --level 11
	{nDamageBase = 370, nDamageRand = 130*0.1, nCostMana = 0}, --level 12
	{nDamageBase = 390, nDamageRand = 140*0.1, nCostMana = 0}, --level 13
	{nDamageBase = 400, nDamageRand = 150*0.1, nCostMana = 0}, --level 14
	{nDamageBase = 410, nDamageRand = 160*0.1, nCostMana = 0}, --level 15
	{nDamageBase = 420, nDamageRand = 170*0.1, nCostMana = 0}, --level 16
	{nDamageBase = 430, nDamageRand = 180*0.1, nCostMana = 0}, --level 17
	{nDamageBase = 440, nDamageRand = 190*0.1, nCostMana = 0}, --level 18
	{nDamageBase = 450, nDamageRand = 200*0.1, nCostMana = 0}, --level 19
	{nDamageBase = 460, nDamageRand = 210*0.1, nCostMana = 0}, --level 20
	{nDamageBase = 470, nDamageRand = 220*0.1, nCostMana = 0}, --level 21
	{nDamageBase = 480, nDamageRand = 230*0.1, nCostMana = 0}, --level 22
	{nDamageBase = 490, nDamageRand = 240*0.1, nCostMana = 0}, --level 23
	{nDamageBase = 500, nDamageRand = 250*0.1, nCostMana = 0}, --level 24
	{nDamageBase = 510, nDamageRand = 260*0.1, nCostMana = 0}, --level 25
	{nDamageBase = 520, nDamageRand = 270*0.1, nCostMana = 0}, --level 26
	{nDamageBase = 530, nDamageRand = 280*0.1, nCostMana = 0}, --level 27
	{nDamageBase = 550, nDamageRand = 290*0.1, nCostMana = 0}, --level 28
}; nBaseThreat=0; nCostMana=tSkillData[dwSkillLevel].nCostMana; nMinRadius=0 * LENGTH_BASE; nMaxRadius=6 * LENGTH_BASE; nAngleRange=128; nAreaRadius=6 * LENGTH_BASE; nTargetCountLimit=1; nPrepareFrames=0; nChannelFrame=0; nWeaponDamagePercent=1024	SKILL_PHYSICS_DAMAGE(1.25,5); SKILL_PHYSICS_DAMAGE_RAND(1.25,0); CALL_PHYSICS_DAMAGE(0,0)	L2:nDamageBase=120,nDamageRand=80*0.1,nCostMana=0; L3:nDamageBase=150,nDamageRand=90*0.1,nCostMana=0; L4:nDamageBase=180,nDamageRand=100*0.1,nCostMana=0
苍云\套路及子技能\苍云_苍雪刀_斩刀0-10.lua	nDamageBase=230, nDamageRand = 20 * 0.1, nCostMana = 0}, --level 1
	{nDamageBase = 260, nDamageRand = 45 * 0.1, nCostMana = 0}, --level 2
	{nDamageBase = 290, nDamageRand = 60 * 0.1, nCostMana = 0}, --level 3
	{nDamageBase = 320, nDamageRand = 75 * 0.1, nCostMana = 0}, --level 4
	{nDamageBase = 350, nDamageRand = 90 * 0.1, nCostMana = 0}, --level 5
	{nDamageBase = 380, nDamageRand = 105 * 0.1, nCostMana = 0}, --level 6
	{nDamageBase = 410, nDamageRand = 120 * 0.1, nCostMana = 0}, --level 7
	{nDamageBase = 440, nDamageRand = 135 * 0.1, nCostMana = 0}, --level 8
	{nDamageBase = 470, nDamageRand = 150 * 0.1, nCostMana = 0}, --level 9
	{nDamageBase = 510, nDamageRand = 165 * 0.1, nCostMana = 0}, --level 10
	{nDamageBase = 550, nDamageRand = 180 * 0.1, nCostMana = 0}, --level 11
	{nDamageBase = 580, nDamageRand = 195 * 0.1, nCostMana = 0}, --level 12
	{nDamageBase = 610, nDamageRand = 210 * 0.1, nCostMana = 0}, --level 13
	{nDamageBase = 640, nDamageRand = 225 * 0.1, nCostMana = 0}, --level 14
	{nDamageBase = 670, nDamageRand = 240 * 0.1, nCostMana = 0}, --level 15
	{nDamageBase = 700, nDamageRand = 255 * 0.1, nCostMana = 0}, --level 16
	{nDamageBase = 710, nDamageRand = 270 * 0.1, nCostMana = 0}, --level 17
	{nDamageBase = 720, nDamageRand = 285 * 0.1, nCostMana = 0}, --level 18
	{nDamageBase = 730, nDamageRand = 300 * 0.1, nCostMana = 0}, --level 19
	{nDamageBase = 740, nDamageRand = 315 * 0.1, nCostMana = 0}, --level 20
	{nDamageBase = 750, nDamageRand = 330 * 0.1, nCostMana = 0}, --level 21
	{nDamageBase = 760, nDamageRand = 345 * 0.1, nCostMana = 0}, --level 22
}; nBaseThreat=0; nCostMana=tSkillData[dwSkillLevel].nCostMana; nMinRadius=0 * LENGTH_BASE; nMaxRadius=30 * LENGTH_BASE; nAngleRange=128; nAreaRadius=0 * LENGTH_BASE; nTargetCountLimit=2; nPrepareFrames=0; nChannelFrame=0; nWeaponDamagePercent=1024	SKILL_PHYSICS_DAMAGE(0.3,0); SKILL_PHYSICS_DAMAGE_RAND(0.3,0); CALL_PHYSICS_DAMAGE(0,0); EXECUTE_SCRIPT(0)	L2:nDamageBase=230,nDamageRand=20 * 0.1,nCostMana=0; L3:nDamageBase=260,nDamageRand=45 * 0.1,nCostMana=0; L4:nDamageBase=290,nDamageRand=60 * 0.1,nCostMana=0
苍云\套路及子技能\苍云_苍雪刀_斩刀40-50.lua	nDamageBase=230, nDamageRand = 20 * 0.1, nCostMana = 0}, --level 1
	{nDamageBase = 260, nDamageRand = 45 * 0.1, nCostMana = 0}, --level 2
	{nDamageBase = 290, nDamageRand = 60 * 0.1, nCostMana = 0}, --level 3
	{nDamageBase = 320, nDamageRand = 75 * 0.1, nCostMana = 0}, --level 4
	{nDamageBase = 350, nDamageRand = 90 * 0.1, nCostMana = 0}, --level 5
	{nDamageBase = 380, nDamageRand = 105 * 0.1, nCostMana = 0}, --level 6
	{nDamageBase = 410, nDamageRand = 120 * 0.1, nCostMana = 0}, --level 7
	{nDamageBase = 440, nDamageRand = 135 * 0.1, nCostMana = 0}, --level 8
	{nDamageBase = 470, nDamageRand = 150 * 0.1, nCostMana = 0}, --level 9
	{nDamageBase = 510, nDamageRand = 165 * 0.1, nCostMana = 0}, --level 10
	{nDamageBase = 550, nDamageRand = 180 * 0.1, nCostMana = 0}, --level 11
	{nDamageBase = 580, nDamageRand = 195 * 0.1, nCostMana = 0}, --level 12
	{nDamageBase = 610, nDamageRand = 210 * 0.1, nCostMana = 0}, --level 13
	{nDamageBase = 640, nDamageRand = 225 * 0.1, nCostMana = 0}, --level 14
	{nDamageBase = 670, nDamageRand = 240 * 0.1, nCostMana = 0}, --level 15
	{nDamageBase = 700, nDamageRand = 255 * 0.1, nCostMana = 0}, --level 16
	{nDamageBase = 710, nDamageRand = 270 * 0.1, nCostMana = 0}, --level 17
	{nDamageBase = 720, nDamageRand = 285 * 0.1, nCostMana = 0}, --level 18
	{nDamageBase = 730, nDamageRand = 300 * 0.1, nCostMana = 0}, --level 19
	{nDamageBase = 740, nDamageRand = 315 * 0.1, nCostMana = 0}, --level 20
	{nDamageBase = 750, nDamageRand = 330 * 0.1, nCostMana = 0}, --level 21
	{nDamageBase = 760, nDamageRand = 345 * 0.1, nCostMana = 0}, --level 22
}; nBaseThreat=0; nCostMana=tSkillData[dwSkillLevel].nCostMana; nMinRadius=0 * LENGTH_BASE; nMaxRadius=30 * LENGTH_BASE; nAngleRange=128; nAreaRadius=0 * LENGTH_BASE; nTargetCountLimit=2; nPrepareFrames=0; nChannelFrame=0; nWeaponDamagePercent=1024	SKILL_PHYSICS_DAMAGE(0.3,0); SKILL_PHYSICS_DAMAGE_RAND(0.3,0); CALL_PHYSICS_DAMAGE(0,0); EXECUTE_SCRIPT(0)	L2:nDamageBase=230,nDamageRand=20 * 0.1,nCostMana=0; L3:nDamageBase=260,nDamageRand=45 * 0.1,nCostMana=0; L4:nDamageBase=290,nDamageRand=60 * 0.1,nCostMana=0
苍云\套路及子技能\苍云_苍雪刀_绝刀0-10.lua	nDamageBase=240, nDamageRand = 80*0.1, nCostMana = 0}, --level 1
	{nDamageBase = 270, nDamageRand = 100*0.1, nCostMana = 0}, --level 2
	{nDamageBase = 300, nDamageRand = 120*0.1, nCostMana = 0}, --level 3
	{nDamageBase = 330, nDamageRand = 140*0.1, nCostMana = 0}, --level 4
	{nDamageBase = 350, nDamageRand = 160*0.1, nCostMana = 0}, --level 5
	{nDamageBase = 370, nDamageRand = 180*0.1, nCostMana = 0}, --level 6
	{nDamageBase = 390, nDamageRand = 200*0.1, nCostMana = 0}, --level 7
	{nDamageBase = 410, nDamageRand = 220*0.1, nCostMana = 0}, --level 8
	{nDamageBase = 430, nDamageRand = 240*0.1, nCostMana = 0}, --level 9
	{nDamageBase = 450, nDamageRand = 260*0.1, nCostMana = 0}, --level 10
	{nDamageBase = 470, nDamageRand = 280*0.1, nCostMana = 0}, --level 11
	{nDamageBase = 490, nDamageRand = 300*0.1, nCostMana = 0}, --level 12
	{nDamageBase = 510, nDamageRand = 320*0.1, nCostMana = 0}, --level 13
	{nDamageBase = 540, nDamageRand = 340*0.1, nCostMana = 0}, --level 14
	{nDamageBase = 570, nDamageRand = 360*0.1, nCostMana = 0}, --level 15
	{nDamageBase = 600, nDamageRand = 380*0.1, nCostMana = 0}, --level 16
	{nDamageBase = 630, nDamageRand = 400*0.1, nCostMana = 0}, --level 17
	{nDamageBase = 660, nDamageRand = 420*0.1, nCostMana = 0}, --level 18
	{nDamageBase = 690, nDamageRand = 440*0.1, nCostMana = 0}, --level 19
	{nDamageBase = 720, nDamageRand = 500*0.1, nCostMana = 0}, --level 20
}; nBaseThreat=0; nCostMana=tSkillData[dwSkillLevel].nCostMana; nMinRadius=0 * LENGTH_BASE; nMaxRadius=6 * LENGTH_BASE; nAngleRange=128; nAreaRadius=6 * LENGTH_BASE; nTargetCountLimit=1; nPrepareFrames=0; nChannelFrame=0; nWeaponDamagePercent=1024	SKILL_PHYSICS_DAMAGE(1.63,4); SKILL_PHYSICS_DAMAGE_RAND(1.63,4); CALL_PHYSICS_DAMAGE(0,0)	L2:nDamageBase=240,nDamageRand=80*0.1,nCostMana=0; L3:nDamageBase=270,nDamageRand=100*0.1,nCostMana=0; L4:nDamageBase=300,nDamageRand=120*0.1,nCostMana=0
苍云\套路及子技能\苍云_苍雪刀_绝刀40-50.lua	nDamageBase=240, nDamageRand = 80*0.1, nCostMana = 0}, --level 1
	{nDamageBase = 270, nDamageRand = 100*0.1, nCostMana = 0}, --level 2
	{nDamageBase = 300, nDamageRand = 120*0.1, nCostMana = 0}, --level 3
	{nDamageBase = 330, nDamageRand = 140*0.1, nCostMana = 0}, --level 4
	{nDamageBase = 350, nDamageRand = 160*0.1, nCostMana = 0}, --level 5
	{nDamageBase = 370, nDamageRand = 180*0.1, nCostMana = 0}, --level 6
	{nDamageBase = 390, nDamageRand = 200*0.1, nCostMana = 0}, --level 7
	{nDamageBase = 410, nDamageRand = 220*0.1, nCostMana = 0}, --level 8
	{nDamageBase = 430, nDamageRand = 240*0.1, nCostMana = 0}, --level 9
	{nDamageBase = 450, nDamageRand = 260*0.1, nCostMana = 0}, --level 10
	{nDamageBase = 470, nDamageRand = 280*0.1, nCostMana = 0}, --level 11
	{nDamageBase = 490, nDamageRand = 300*0.1, nCostMana = 0}, --level 12
	{nDamageBase = 510, nDamageRand = 320*0.1, nCostMana = 0}, --level 13
	{nDamageBase = 540, nDamageRand = 340*0.1, nCostMana = 0}, --level 14
	{nDamageBase = 570, nDamageRand = 360*0.1, nCostMana = 0}, --level 15
	{nDamageBase = 600, nDamageRand = 380*0.1, nCostMana = 0}, --level 16
	{nDamageBase = 630, nDamageRand = 400*0.1, nCostMana = 0}, --level 17
	{nDamageBase = 660, nDamageRand = 420*0.1, nCostMana = 0}, --level 18
	{nDamageBase = 690, nDamageRand = 440*0.1, nCostMana = 0}, --level 19
	{nDamageBase = 720, nDamageRand = 500*0.1, nCostMana = 0}, --level 20
}; nBaseThreat=0; nCostMana=tSkillData[dwSkillLevel].nCostMana; nMinRadius=0 * LENGTH_BASE; nMaxRadius=6 * LENGTH_BASE; nAngleRange=128; nAreaRadius=6 * LENGTH_BASE; nTargetCountLimit=1; nPrepareFrames=0; nChannelFrame=0; nWeaponDamagePercent=1024	SKILL_PHYSICS_DAMAGE(1.35,4); SKILL_PHYSICS_DAMAGE_RAND(1.35,4); CALL_PHYSICS_DAMAGE(0,0)	L2:nDamageBase=240,nDamageRand=80*0.1,nCostMana=0; L3:nDamageBase=270,nDamageRand=100*0.1,nCostMana=0; L4:nDamageBase=300,nDamageRand=120*0.1,nCostMana=0
苍云\套路及子技能\苍云_苍雪刀_隐刀伤害.lua	nDamageBase=60, nDamageRand = 60*0.1, nCostMana = 0}, --level 1
	{nDamageBase = 80, nDamageRand = 80*0.1, nCostMana = 0}, --level 2
	{nDamageBase = 100, nDamageRand = 100*0.1, nCostMana = 0}, --level 3
	{nDamageBase = 120, nDamageRand = 120*0.1, nCostMana = 0}, --level 4
	{nDamageBase = 140, nDamageRand = 140*0.1, nCostMana = 0}, --level 5
	{nDamageBase = 160, nDamageRand = 160*0.1, nCostMana = 0}, --level 6
	{nDamageBase = 180, nDamageRand = 180*0.1, nCostMana = 0}, --level 7
	{nDamageBase = 200, nDamageRand = 200*0.1, nCostMana = 0}, --level 8
	{nDamageBase = 220, nDamageRand = 220*0.1, nCostMana = 0}, --level 9
	{nDamageBase = 240, nDamageRand = 240*0.1, nCostMana = 0}, --level 10
	{nDamageBase = 260, nDamageRand = 260*0.1, nCostMana = 0}, --level 11
	{nDamageBase = 280, nDamageRand = 280*0.1, nCostMana = 0}, --level 12
	{nDamageBase = 300, nDamageRand = 300*0.1, nCostMana = 0}, --level 13
	{nDamageBase = 320, nDamageRand = 320*0.1, nCostMana = 0}, --level 14
	{nDamageBase = 340, nDamageRand = 340*0.1, nCostMana = 0}, --level 15
	{nDamageBase = 360, nDamageRand = 360*0.1, nCostMana = 0}, --level 16
	{nDamageBase = 380, nDamageRand = 380*0.1, nCostMana = 0}, --level 17
	{nDamageBase = 400, nDamageRand = 400*0.1, nCostMana = 0}, --level 18
}; nBaseThreat=0; nCostMana=tSkillData[dwSkillLevel].nCostMana; nMinRadius=0 * LENGTH_BASE; nMaxRadius=12 * LENGTH_BASE; nAngleRange=256; nAreaRadius=0 * LENGTH_BASE; nTargetCountLimit=1; nPrepareFrames=0; nChannelFrame=0; nWeaponDamagePercent=1024	SKILL_PHYSICS_DAMAGE(0); SKILL_PHYSICS_DAMAGE_RAND(0,0); CALL_PHYSICS_DAMAGE(0,0); EXECUTE_SCRIPT(0,8270)	L2:nDamageBase=60,nDamageRand=60*0.1,nCostMana=0; L3:nDamageBase=80,nDamageRand=80*0.1,nCostMana=0; L4:nDamageBase=100,nDamageRand=100*0.1,nCostMana=0
蓬莱\套路及子技能\蓬莱_乘游九霄_翔极碧落.lua	nDamageBase=0, nDamageRand = 0, nCostMana = 0}, --level 1
	{nDamageBase = 0, nDamageRand = 0, nCostMana = 0}, --level 2
	{nDamageBase = 0, nDamageRand = 0, nCostMana = 0}, --level 3
	{nDamageBase = 0, nDamageRand = 0, nCostMana = 0}, --level 4
	{nDamageBase = 0, nDamageRand = 0, nCostMana = 0}, --level 5
	{nDamageBase = 0, nDamageRand = 0, nCostMana = 0}, --level 6
	{nDamageBase = 0, nDamageRand = 0, nCostMana = 0}, --level 7
	{nDamageBase = 0, nDamageRand = 0, nCostMana = 0}, --level 8
	{nDamageBase = 0, nDamageRand = 0, nCostMana = 0}, --level 9
	{nDamageBase = 0, nDamageRand = 0, nCostMana = 0}, --level 10
}; nBaseThreat=0; nCostMana=tSkillData[dwSkillLevel].nCostMana; nMinRadius=0 * LENGTH_BASE; nMaxRadius=20 * LENGTH_BASE; nAngleRange=256; nAreaRadius=5 * LENGTH_BASE; nTargetCountLimit=1; nPrepareFrames=0; nChannelFrame=0; nWeaponDamagePercent=0	EXECUTE_SCRIPT(0); SKILL_PHYSICS_DAMAGE(0); SKILL_PHYSICS_DAMAGE_RAND(0,0); CALL_PHYSICS_DAMAGE(0,0)	L2:nDamageBase=0,nDamageRand=0,nCostMana=0; L3:nDamageBase=0,nDamageRand=0,nCostMana=0; L4:nDamageBase=0,nDamageRand=0,nCostMana=0
蓬莱\套路及子技能\蓬莱_子技能_伞浮空雕表现技能.lua	nDamageBase=0, nDamageRand = 0, nCostMana = 0}, --level 1
	{nDamageBase = 0, nDamageRand = 0, nCostMana = 0}, --level 2
	{nDamageBase = 0, nDamageRand = 0, nCostMana = 0}, --level 3
	{nDamageBase = 0, nDamageRand = 0, nCostMana = 0}, --level 4
	{nDamageBase = 0, nDamageRand = 0, nCostMana = 0}, --level 5
	{nDamageBase = 0, nDamageRand = 0, nCostMana = 0}, --level 6
	{nDamageBase = 0, nDamageRand = 0, nCostMana = 0}, --level 7
	{nDamageBase = 0, nDamageRand = 0, nCostMana = 0}, --level 8
	{nDamageBase = 0, nDamageRand = 0, nCostMana = 0}, --level 9
	{nDamageBase = 0, nDamageRand = 0, nCostMana = 0}, --level 10
}; nBaseThreat=0; nCostMana=tSkillData[dwSkillLevel].nCostMana; nMinRadius=0 * LENGTH_BASE; nMaxRadius=0 * LENGTH_BASE; nAngleRange=256; nAreaRadius=0 * LENGTH_BASE; nTargetCountLimit=2; nPrepareFrames=0; nChannelFrame=0; nWeaponDamagePercent=0		L2:nDamageBase=0,nDamageRand=0,nCostMana=0; L3:nDamageBase=0,nDamageRand=0,nCostMana=0; L4:nDamageBase=0,nDamageRand=0,nCostMana=0
蓬莱\套路及子技能\蓬莱_子技能_翔极碧落_实际伤害.lua	nDamageBase=0, nDamageRand = 0, nCostMana = 0}, --level 1
	{nDamageBase = 0, nDamageRand = 0, nCostMana = 0}, --level 2
	{nDamageBase = 0, nDamageRand = 0, nCostMana = 0}, --level 3
	{nDamageBase = 0, nDamageRand = 0, nCostMana = 0}, --level 4
	{nDamageBase = 0, nDamageRand = 0, nCostMana = 0}, --level 5
	{nDamageBase = 0, nDamageRand = 0, nCostMana = 0}, --level 6
	{nDamageBase = 0, nDamageRand = 0, nCostMana = 0}, --level 7
	{nDamageBase = 0, nDamageRand = 0, nCostMana = 0}, --level 8
	{nDamageBase = 0, nDamageRand = 0, nCostMana = 0}, --level 9
	{nDamageBase = 0, nDamageRand = 0, nCostMana = 0}, --level 10
}; nBaseThreat=0; nCostMana=tSkillData[dwSkillLevel].nCostMana; nMinRadius=0 * LENGTH_BASE; nMaxRadius=0 * LENGTH_BASE; nAngleRange=256; nAreaRadius=6 * LENGTH_BASE; nTargetCountLimit=6; nPrepareFrames=0; nChannelFrame=0; nWeaponDamagePercent=0	SKILL_PHYSICS_DAMAGE(0); SKILL_PHYSICS_DAMAGE_RAND(0,0); CALL_PHYSICS_DAMAGE(0,0); CALL_REPULSED(10,0); EXECUTE_SCRIPT(0)	L2:nDamageBase=0,nDamageRand=0,nCostMana=0; L3:nDamageBase=0,nDamageRand=0,nCostMana=0; L4:nDamageBase=0,nDamageRand=0,nCostMana=0
蓬莱\套路及子技能\蓬莱_子技能_翔极碧落冲刺.lua	nDamageBase=0, nDamageRand = 0, nCostMana = 0}, --level 1
	{nDamageBase = 0, nDamageRand = 0, nCostMana = 0}, --level 2
	{nDamageBase = 0, nDamageRand = 0, nCostMana = 0}, --level 3
	{nDamageBase = 0, nDamageRand = 0, nCostMana = 0}, --level 4
	{nDamageBase = 0, nDamageRand = 0, nCostMana = 0}, --level 5
	{nDamageBase = 0, nDamageRand = 0, nCostMana = 0}, --level 6
	{nDamageBase = 0, nDamageRand = 0, nCostMana = 0}, --level 7
	{nDamageBase = 0, nDamageRand = 0, nCostMana = 0}, --level 8
	{nDamageBase = 0, nDamageRand = 0, nCostMana = 0}, --level 9
	{nDamageBase = 0, nDamageRand = 0, nCostMana = 0}, --level 10
}; nBaseThreat=0; nCostMana=tSkillData[dwSkillLevel].nCostMana; nMinRadius=0 * LENGTH_BASE; nMaxRadius=30 * LENGTH_BASE; nAngleRange=256; nAreaRadius=30 * LENGTH_BASE; nTargetCountLimit=10; nPrepareFrames=0; nChannelFrame=0; nWeaponDamagePercent=0	DASH_TO_POINT(100,0)	L2:nDamageBase=0,nDamageRand=0,nCostMana=0; L3:nDamageBase=0,nDamageRand=0,nCostMana=0; L4:nDamageBase=0,nDamageRand=0,nCostMana=0
蓬莱\套路及子技能\蓬莱_子技能_翔极碧落打断后沉默.lua	nDamageBase=0, nDamageRand = 0, nCostMana = 0}, --level 1
	{nDamageBase = 0, nDamageRand = 0, nCostMana = 0}, --level 2
	{nDamageBase = 0, nDamageRand = 0, nCostMana = 0}, --level 3
	{nDamageBase = 0, nDamageRand = 0, nCostMana = 0}, --level 4
	{nDamageBase = 0, nDamageRand = 0, nCostMana = 0}, --level 5
	{nDamageBase = 0, nDamageRand = 0, nCostMana = 0}, --level 6
	{nDamageBase = 0, nDamageRand = 0, nCostMana = 0}, --level 7
	{nDamageBase = 0, nDamageRand = 0, nCostMana = 0}, --level 8
	{nDamageBase = 0, nDamageRand = 0, nCostMana = 0}, --level 9
	{nDamageBase = 0, nDamageRand = 0, nCostMana = 0}, --level 10
}; nBaseThreat=0; nCostMana=tSkillData[dwSkillLevel].nCostMana; nMinRadius=0 * LENGTH_BASE; nMaxRadius=50 * LENGTH_BASE; nAngleRange=256; nAreaRadius=50 * LENGTH_BASE; nTargetCountLimit=2; nPrepareFrames=0; nChannelFrame=0; nWeaponDamagePercent=0		L2:nDamageBase=0,nDamageRand=0,nCostMana=0; L3:nDamageBase=0,nDamageRand=0,nCostMana=0; L4:nDamageBase=0,nDamageRand=0,nCostMana=0
蓬莱\套路及子技能\蓬莱_子技能_驭羽骋风表现.lua	nDamageBase=0, nDamageRand = 0, nCostMana = 0}, --level 1
	{nDamageBase = 0, nDamageRand = 0, nCostMana = 0}, --level 2
	{nDamageBase = 0, nDamageRand = 0, nCostMana = 0}, --level 3
	{nDamageBase = 0, nDamageRand = 0, nCostMana = 0}, --level 4
	{nDamageBase = 0, nDamageRand = 0, nCostMana = 0}, --level 5
	{nDamageBase = 0, nDamageRand = 0, nCostMana = 0}, --level 6
	{nDamageBase = 0, nDamageRand = 0, nCostMana = 0}, --level 7
	{nDamageBase = 0, nDamageRand = 0, nCostMana = 0}, --level 8
	{nDamageBase = 0, nDamageRand = 0, nCostMana = 0}, --level 9
	{nDamageBase = 0, nDamageRand = 0, nCostMana = 0}, --level 10
}; nBaseThreat=0; nCostMana=tSkillData[dwSkillLevel].nCostMana; nMinRadius=0 * LENGTH_BASE; nMaxRadius=20 * LENGTH_BASE; nAngleRange=256; nAreaRadius=0 * LENGTH_BASE; nTargetCountLimit=1; nPrepareFrames=0; nChannelFrame=0; nWeaponDamagePercent=0	SKILL_MOVE(309,1); EXECUTE_SCRIPT(1,0)	L2:nDamageBase=0,nDamageRand=0,nCostMana=0; L3:nDamageBase=0,nDamageRand=0,nCostMana=0; L4:nDamageBase=0,nDamageRand=0,nCostMana=0
藏剑\新雾腾额外伤害.lua	nDamageBase=0, nDamageRand = 0, nCostMana = 0}, --level 1
	{nDamageBase = 0, nDamageRand = 0, nCostMana = 0}, --level 2
	{nDamageBase = 0, nDamageRand = 0, nCostMana = 0}, --level 3
	{nDamageBase = 0, nDamageRand = 0, nCostMana = 0}, --level 4
	{nDamageBase = 0, nDamageRand = 0, nCostMana = 0}, --level 5
	{nDamageBase = 0, nDamageRand = 0, nCostMana = 0}, --level 6
	{nDamageBase = 0, nDamageRand = 0, nCostMana = 0}, --level 7
	{nDamageBase = 0, nDamageRand = 0, nCostMana = 0}, --level 8
	{nDamageBase = 0, nDamageRand = 0, nCostMana = 0}, --level 9
	{nDamageBase = 0, nDamageRand = 0, nCostMana = 0}, --level 10
}; nBaseThreat=0; nCostMana=tSkillData[dwSkillLevel].nCostMana; nMinRadius=0 * LENGTH_BASE; nMaxRadius=0 * LENGTH_BASE; nAngleRange=256; nAreaRadius=0 * LENGTH_BASE; nTargetCountLimit=2; nPrepareFrames=0; nChannelFrame=0; nWeaponDamagePercent=0		L2:nDamageBase=0,nDamageRand=0,nCostMana=0; L3:nDamageBase=0,nDamageRand=0,nCostMana=0; L4:nDamageBase=0,nDamageRand=0,nCostMana=0
藏剑\藏剑_冰天_添加夕照瞬发.lua	nDamageBase=0, nDamageRand = 0, nCostMana = 0}, --level 1
	{nDamageBase = 0, nDamageRand = 0, nCostMana = 0}, --level 2
	{nDamageBase = 0, nDamageRand = 0, nCostMana = 0}, --level 3
	{nDamageBase = 0, nDamageRand = 0, nCostMana = 0}, --level 4
	{nDamageBase = 0, nDamageRand = 0, nCostMana = 0}, --level 5
	{nDamageBase = 0, nDamageRand = 0, nCostMana = 0}, --level 6
	{nDamageBase = 0, nDamageRand = 0, nCostMana = 0}, --level 7
	{nDamageBase = 0, nDamageRand = 0, nCostMana = 0}, --level 8
	{nDamageBase = 0, nDamageRand = 0, nCostMana = 0}, --level 9
	{nDamageBase = 0, nDamageRand = 0, nCostMana = 0}, --level 10
}; nBaseThreat=0; nCostMana=tSkillData[dwSkillLevel].nCostMana; nMinRadius=0 * LENGTH_BASE; nMaxRadius=8 * LENGTH_BASE; nAngleRange=256; nAreaRadius=0 * LENGTH_BASE; nTargetCountLimit=1; nPrepareFrames=0; nChannelFrame=0; nWeaponDamagePercent=0	EXECUTE_SCRIPT(1,0)	L2:nDamageBase=0,nDamageRand=0,nCostMana=0; L3:nDamageBase=0,nDamageRand=0,nCostMana=0; L4:nDamageBase=0,nDamageRand=0,nCostMana=0
藏剑\藏剑_灵峰剑式_子技能_霞流宝石跳跃伤害.lua	nAreaRadius=6 * LENGTH_BASE; nMinRadius=0* LENGTH_BASE; nMaxRadius=6 * LENGTH_BASE; nAngleRange=256; nWeaponDamagePercent=1024; nPrepareFrames=0; nTargetCountLimit=10	SKILL_PHYSICS_DAMAGE(0); SKILL_PHYSICS_DAMAGE_RAND(0,0); CALL_PHYSICS_DAMAGE(0,0)	L2:nAddRage=0,nCostRage=15,nDamage=28 *0.95,nDamageRand=28 *0.1; L3:nAddRage=0,nCostRage=15,nDamage=52 *0.95,nDamageRand=52 *0.1; L4:nAddRage=0,nCostRage=15,nDamage=73 *0.95,nDamageRand=73 *0.1
藏剑\藏剑_灵峰剑式_子技能_霞流宝石跳跃驱散.lua	nAreaRadius=6 * LENGTH_BASE; nMinRadius=0* LENGTH_BASE; nMaxRadius=6 * LENGTH_BASE; nAngleRange=256; nWeaponDamagePercent=1024; nPrepareFrames=0; nTargetCountLimit=10	DETACH_SINGLE_BUFF(7,10000); DETACH_SINGLE_BUFF(3,1); DETACH_SINGLE_BUFF(5,1); DETACH_SINGLE_BUFF(11,1)	L2:nAddRage=0,nCostRage=15,nDamage=28 *0.95,nDamageRand=28 *0.1; L3:nAddRage=0,nCostRage=15,nDamage=52 *0.95,nDamageRand=52 *0.1; L4:nAddRage=0,nCostRage=15,nDamage=73 *0.95,nDamageRand=73 *0.1
藏剑\藏剑_灵峰剑式_子技能_霞流宝石近距离.lua	nAreaRadius=6 * LENGTH_BASE; nMinRadius=0* LENGTH_BASE; nMaxRadius=6 * LENGTH_BASE; nAngleRange=256; nWeaponDamagePercent=1024; nPrepareFrames=0; nTargetCountLimit=10	SKILL_PHYSICS_DAMAGE(0); SKILL_PHYSICS_DAMAGE_RAND(0,0); CALL_PHYSICS_DAMAGE(0,0); EXECUTE_SCRIPT(1,0); DETACH_SINGLE_BUFF(7,10000); DETACH_SINGLE_BUFF(3,1); DETACH_SINGLE_BUFF(5,1); DETACH_SINGLE_BUFF(11,1)	L2:nAddRage=0,nCostRage=15,nDamage=28 *2*0.95,nDamageRand=28 *2*0.1; L3:nAddRage=0,nCostRage=15,nDamage=52 *2*0.95,nDamageRand=52 *2*0.1; L4:nAddRage=0,nCostRage=15,nDamage=73 *2*0.95,nDamageRand=73 *2*0.1
藏剑\藏剑_灵峰剑式_子技能_霞流宝石远距离.lua	nAreaRadius=6 * LENGTH_BASE; nMinRadius=0 * LENGTH_BASE; nMaxRadius=6 * LENGTH_BASE; nAngleRange=256; nWeaponDamagePercent=1024; nPrepareFrames=0; nTargetCountLimit=10	EXECUTE_SCRIPT(1,0); DETACH_SINGLE_BUFF(7,10000); DETACH_SINGLE_BUFF(3,1); DETACH_SINGLE_BUFF(5,1); DETACH_SINGLE_BUFF(11,1)	L2:nAddRage=0,nCostRage=15,nDamage=28 * 0.95,nDamageRand=28 * 0.1; L3:nAddRage=0,nCostRage=15,nDamage=52 * 0.95,nDamageRand=52 * 0.1; L4:nAddRage=0,nCostRage=15,nDamage=73 * 0.95,nDamageRand=73 * 0.1
藏剑\藏剑_灵峰剑式_霞流宝石.lua	nMinRadius=0 * LENGTH_BASE; nMaxRadius=6 * LENGTH_BASE; nAngleRange=256; nWeaponDamagePercent=1024; nPrepareFrames=0; nAreaRadius=6 * LENGTH_BASE; nTargetCountLimit=10	CAST_SKILL_TARGET_DST(1611,1944); CAST_SKILL_TARGET_DST(1944,1612); CAST_SKILL_TARGET_DST(1612,13428); CAST_SKILL_TARGET_DST(13428)	L2:nAddRage=0,nCostRage=20,nDamage=185 * 0.95,nDamageRand=185 * 0.1; L3:nAddRage=0,nCostRage=20,nDamage=52 * 0.95,nDamageRand=52 * 0.1; L4:nAddRage=0,nCostRage=20,nDamage=73 * 0.95,nDamageRand=73 * 0.1
藏剑\藏剑_西子情_判定剑气增加云飞伤害.lua	nDamageBase=0, nDamageRand = 0, nCostMana = 0}, --level 1
	{nDamageBase = 0, nDamageRand = 0, nCostMana = 0}, --level 2
	{nDamageBase = 0, nDamageRand = 0, nCostMana = 0}, --level 3
	{nDamageBase = 0, nDamageRand = 0, nCostMana = 0}, --level 4
	{nDamageBase = 0, nDamageRand = 0, nCostMana = 0}, --level 5
	{nDamageBase = 0, nDamageRand = 0, nCostMana = 0}, --level 6
	{nDamageBase = 0, nDamageRand = 0, nCostMana = 0}, --level 7
	{nDamageBase = 0, nDamageRand = 0, nCostMana = 0}, --level 8
	{nDamageBase = 0, nDamageRand = 0, nCostMana = 0}, --level 9
	{nDamageBase = 0, nDamageRand = 0, nCostMana = 0}, --level 10
}; nBaseThreat=0; nCostMana=tSkillData[dwSkillLevel].nCostMana; nMinRadius=0 * LENGTH_BASE; nMaxRadius=0 * LENGTH_BASE; nAngleRange=256; nAreaRadius=0 * LENGTH_BASE; nTargetCountLimit=2; nPrepareFrames=0; nChannelFrame=0; nWeaponDamagePercent=0		L2:nDamageBase=0,nDamageRand=0,nCostMana=0; L3:nDamageBase=0,nDamageRand=0,nCostMana=0; L4:nDamageBase=0,nDamageRand=0,nCostMana=0
藏剑\镇派\藏剑_冰天_添加会效.lua	nDamageBase=0, nDamageRand = 0, nCostMana = 0}, --level 1
	{nDamageBase = 0, nDamageRand = 0, nCostMana = 0}, --level 2
	{nDamageBase = 0, nDamageRand = 0, nCostMana = 0}, --level 3
	{nDamageBase = 0, nDamageRand = 0, nCostMana = 0}, --level 4
	{nDamageBase = 0, nDamageRand = 0, nCostMana = 0}, --level 5
	{nDamageBase = 0, nDamageRand = 0, nCostMana = 0}, --level 6
	{nDamageBase = 0, nDamageRand = 0, nCostMana = 0}, --level 7
	{nDamageBase = 0, nDamageRand = 0, nCostMana = 0}, --level 8
	{nDamageBase = 0, nDamageRand = 0, nCostMana = 0}, --level 9
	{nDamageBase = 0, nDamageRand = 0, nCostMana = 0}, --level 10
}; nBaseThreat=0; nCostMana=tSkillData[dwSkillLevel].nCostMana; nMinRadius=0 * LENGTH_BASE; nMaxRadius=8 * LENGTH_BASE; nAngleRange=256; nAreaRadius=0 * LENGTH_BASE; nTargetCountLimit=1; nPrepareFrames=0; nChannelFrame=0; nWeaponDamagePercent=0	EXECUTE_SCRIPT(1,0)	L2:nDamageBase=0,nDamageRand=0,nCostMana=0; L3:nDamageBase=0,nDamageRand=0,nCostMana=0; L4:nDamageBase=0,nDamageRand=0,nCostMana=0
衍天\套路及子技能\踏星行空中悬停.lua	nDamageBase=0, nDamageRand = 0, nCostMana = 286}, --level 1
}; nCostMana=476; nMinRadius=0; nMaxRadius=0; nAngleRange=256; nAreaRadius=0 * LENGTH_BASE; nTargetCountLimit=2; nPrepareFrames=0; nChannelFrame=0; nWeaponDamagePercent=0	EXECUTE_SCRIPT(0,17585)	L2:nDamageBase=0,nDamageRand=0,nCostMana=286
装备\中秋扇子.lua	nDamageBase=0, nDamageRand = 0, nCostMana = 0}, --level 1
	{nDamageBase = 0, nDamageRand = 0, nCostMana = 0}, --level 2
	{nDamageBase = 0, nDamageRand = 0, nCostMana = 0}, --level 3
	{nDamageBase = 0, nDamageRand = 0, nCostMana = 0}, --level 4
	{nDamageBase = 0, nDamageRand = 0, nCostMana = 0}, --level 5
	{nDamageBase = 0, nDamageRand = 0, nCostMana = 0}, --level 6
	{nDamageBase = 0, nDamageRand = 0, nCostMana = 0}, --level 7
	{nDamageBase = 0, nDamageRand = 0, nCostMana = 0}, --level 8
	{nDamageBase = 0, nDamageRand = 0, nCostMana = 0}, --level 9
	{nDamageBase = 0, nDamageRand = 0, nCostMana = 0}, --level 10
}; nBaseThreat=0; nCostMana=tSkillData[dwSkillLevel].nCostMana; nMinRadius=0 * LENGTH_BASE; nMaxRadius=4 * LENGTH_BASE; nAngleRange=256; nAreaRadius=0 * LENGTH_BASE; nTargetCountLimit=2; nPrepareFrames=0; nChannelFrame=0; nWeaponDamagePercent=0	EXECUTE_SCRIPT(0)	L2:nDamageBase=0,nDamageRand=0,nCostMana=0; L3:nDamageBase=0,nDamageRand=0,nCostMana=0; L4:nDamageBase=0,nDamageRand=0,nCostMana=0
装备\充值伞.lua	nDamageBase=0, nDamageRand = 0, nCostMana = 0}, --level 1
	{nDamageBase = 0, nDamageRand = 0, nCostMana = 0}, --level 2
	{nDamageBase = 0, nDamageRand = 0, nCostMana = 0}, --level 3
	{nDamageBase = 0, nDamageRand = 0, nCostMana = 0}, --level 4
	{nDamageBase = 0, nDamageRand = 0, nCostMana = 0}, --level 5
	{nDamageBase = 0, nDamageRand = 0, nCostMana = 0}, --level 6
	{nDamageBase = 0, nDamageRand = 0, nCostMana = 0}, --level 7
	{nDamageBase = 0, nDamageRand = 0, nCostMana = 0}, --level 8
	{nDamageBase = 0, nDamageRand = 0, nCostMana = 0}, --level 9
	{nDamageBase = 0, nDamageRand = 0, nCostMana = 0}, --level 10
}; nBaseThreat=0; nCostMana=tSkillData[dwSkillLevel].nCostMana; nMinRadius=0 * LENGTH_BASE; nMaxRadius=4 * LENGTH_BASE; nAngleRange=256; nAreaRadius=0 * LENGTH_BASE; nTargetCountLimit=2; nPrepareFrames=0; nChannelFrame=0; nWeaponDamagePercent=0	EXECUTE_SCRIPT(0)	L2:nDamageBase=0,nDamageRand=0,nCostMana=0; L3:nDamageBase=0,nDamageRand=0,nCostMana=0; L4:nDamageBase=0,nDamageRand=0,nCostMana=0
装备\挂件相关\分段外装通用_ab.lua	nDamageBase=0, nDamageRand = 0, nCostMana = 0}, --level 1
}; nMinRadius=0 * LENGTH_BASE; nMaxRadius=4 * LENGTH_BASE; nAngleRange=256	EXECUTE_SCRIPT_WITH_PARAM(-1,0)	L2:nDamageBase=0,nDamageRand=0,nCostMana=0
装备\挂件相关\分段外装通用_cd.lua	nDamageBase=0, nDamageRand = 0, nCostMana = 0}, --level 1
}; nMinRadius=0 * LENGTH_BASE; nMaxRadius=4 * LENGTH_BASE; nAngleRange=256	EXECUTE_SCRIPT_WITH_PARAM(-1,0)	L2:nDamageBase=0,nDamageRand=0,nCostMana=0
装备\挂件相关\分段外装通用_ef.lua	nDamageBase=0, nDamageRand = 0, nCostMana = 0}, --level 1
}; nMinRadius=0 * LENGTH_BASE; nMaxRadius=4 * LENGTH_BASE; nAngleRange=256	EXECUTE_SCRIPT_WITH_PARAM(-1,0)	L2:nDamageBase=0,nDamageRand=0,nCostMana=0
装备\挂件相关\分段外装通用_g.lua	nDamageBase=0, nDamageRand = 0, nCostMana = 0}, --level 1
}; nMinRadius=0 * LENGTH_BASE; nMaxRadius=4 * LENGTH_BASE; nAngleRange=256	EXECUTE_SCRIPT_WITH_PARAM(-1,0)	L2:nDamageBase=0,nDamageRand=0,nCostMana=0
装备\挂件相关\分段外装通用_退出.lua	nDamageBase=0, nDamageRand = 0, nCostMana = 0}, --level 1
}; nMinRadius=0 * LENGTH_BASE; nMaxRadius=4 * LENGTH_BASE; nAngleRange=256	EXECUTE_SCRIPT_WITH_PARAM(-1,0)	L2:nDamageBase=0,nDamageRand=0,nCostMana=0
装备\挂件相关\外装211_冲浪_ab.lua	nDamageBase=0, nDamageRand = 0, nCostMana = 0}, --level 1
}; nMinRadius=0 * LENGTH_BASE; nMaxRadius=4 * LENGTH_BASE; nAngleRange=256	EXECUTE_SCRIPT_WITH_PARAM(211,-1)	L2:nDamageBase=0,nDamageRand=0,nCostMana=0
装备\挂件相关\外装211_冲浪_cd.lua	nDamageBase=0, nDamageRand = 0, nCostMana = 0}, --level 1
}; nMinRadius=0 * LENGTH_BASE; nMaxRadius=4 * LENGTH_BASE; nAngleRange=256	EXECUTE_SCRIPT_WITH_PARAM(211,-1)	L2:nDamageBase=0,nDamageRand=0,nCostMana=0
装备\挂件相关\外装211_冲浪_ef.lua	nDamageBase=0, nDamageRand = 0, nCostMana = 0}, --level 1
}; nMinRadius=0 * LENGTH_BASE; nMaxRadius=4 * LENGTH_BASE; nAngleRange=256	EXECUTE_SCRIPT_WITH_PARAM(211,-1)	L2:nDamageBase=0,nDamageRand=0,nCostMana=0
装备\挂件相关\外装211_冲浪_g.lua	nDamageBase=0, nDamageRand = 0, nCostMana = 0}, --level 1
}; nMinRadius=0 * LENGTH_BASE; nMaxRadius=4 * LENGTH_BASE; nAngleRange=256	EXECUTE_SCRIPT_WITH_PARAM(211,-1)	L2:nDamageBase=0,nDamageRand=0,nCostMana=0
装备\挂件相关\外装211_冲浪_退出.lua	nDamageBase=0, nDamageRand = 0, nCostMana = 0}, --level 1
}; nMinRadius=0 * LENGTH_BASE; nMaxRadius=4 * LENGTH_BASE; nAngleRange=256	EXECUTE_SCRIPT_WITH_PARAM(211,1)	L2:nDamageBase=0,nDamageRand=0,nCostMana=0
装备\挂件相关\外装212_唐刀_ab.lua	nDamageBase=0, nDamageRand = 0, nCostMana = 0}, --level 1
}; nMinRadius=0 * LENGTH_BASE; nMaxRadius=4 * LENGTH_BASE; nAngleRange=256	EXECUTE_SCRIPT_WITH_PARAM(212,-1)	L2:nDamageBase=0,nDamageRand=0,nCostMana=0
装备\挂件相关\外装212_唐刀_cd.lua	nDamageBase=0, nDamageRand = 0, nCostMana = 0}, --level 1
}; nMinRadius=0 * LENGTH_BASE; nMaxRadius=4 * LENGTH_BASE; nAngleRange=256	EXECUTE_SCRIPT_WITH_PARAM(212,-1)	L2:nDamageBase=0,nDamageRand=0,nCostMana=0
装备\挂件相关\外装212_唐刀_ef.lua	nDamageBase=0, nDamageRand = 0, nCostMana = 0}, --level 1
}; nMinRadius=0 * LENGTH_BASE; nMaxRadius=4 * LENGTH_BASE; nAngleRange=256	EXECUTE_SCRIPT_WITH_PARAM(212,-1)	L2:nDamageBase=0,nDamageRand=0,nCostMana=0
装备\挂件相关\外装212_唐刀_g.lua	nDamageBase=0, nDamageRand = 0, nCostMana = 0}, --level 1
}; nMinRadius=0 * LENGTH_BASE; nMaxRadius=4 * LENGTH_BASE; nAngleRange=256	EXECUTE_SCRIPT_WITH_PARAM(212,-1)	L2:nDamageBase=0,nDamageRand=0,nCostMana=0
装备\挂件相关\外装212_唐刀_退出.lua	nDamageBase=0, nDamageRand = 0, nCostMana = 0}, --level 1
}; nMinRadius=0 * LENGTH_BASE; nMaxRadius=4 * LENGTH_BASE; nAngleRange=256	EXECUTE_SCRIPT_WITH_PARAM(212,1)	L2:nDamageBase=0,nDamageRand=0,nCostMana=0
装备\挂件相关\外装212_弓舞_ab.lua	nDamageBase=0, nDamageRand = 0, nCostMana = 0}, --level 1
}; nMinRadius=0 * LENGTH_BASE; nMaxRadius=4 * LENGTH_BASE; nAngleRange=256	EXECUTE_SCRIPT_WITH_PARAM(212,-1)	L2:nDamageBase=0,nDamageRand=0,nCostMana=0
装备\挂件相关\外装212_弓舞_cd.lua	nDamageBase=0, nDamageRand = 0, nCostMana = 0}, --level 1
}; nMinRadius=0 * LENGTH_BASE; nMaxRadius=4 * LENGTH_BASE; nAngleRange=256	EXECUTE_SCRIPT_WITH_PARAM(212,-1)	L2:nDamageBase=0,nDamageRand=0,nCostMana=0
装备\挂件相关\外装212_弓舞_ef.lua	nDamageBase=0, nDamageRand = 0, nCostMana = 0}, --level 1
}; nMinRadius=0 * LENGTH_BASE; nMaxRadius=4 * LENGTH_BASE; nAngleRange=256	EXECUTE_SCRIPT_WITH_PARAM(212,-1)	L2:nDamageBase=0,nDamageRand=0,nCostMana=0
装备\挂件相关\外装212_弓舞_g.lua	nDamageBase=0, nDamageRand = 0, nCostMana = 0}, --level 1
}; nMinRadius=0 * LENGTH_BASE; nMaxRadius=4 * LENGTH_BASE; nAngleRange=256	EXECUTE_SCRIPT_WITH_PARAM(212,-1)	L2:nDamageBase=0,nDamageRand=0,nCostMana=0
装备\挂件相关\外装212_弓舞_退出.lua	nDamageBase=0, nDamageRand = 0, nCostMana = 0}, --level 1
}; nMinRadius=0 * LENGTH_BASE; nMaxRadius=4 * LENGTH_BASE; nAngleRange=256	EXECUTE_SCRIPT_WITH_PARAM(212,1)	L2:nDamageBase=0,nDamageRand=0,nCostMana=0
装备\挂件相关\外装221_绣球_ab.lua	nDamageBase=0, nDamageRand = 0, nCostMana = 0}, --level 1
}; nMinRadius=0 * LENGTH_BASE; nMaxRadius=4 * LENGTH_BASE; nAngleRange=256	EXECUTE_SCRIPT_WITH_PARAM(221,-1)	L2:nDamageBase=0,nDamageRand=0,nCostMana=0
装备\挂件相关\外装221_绣球_cd.lua	nDamageBase=0, nDamageRand = 0, nCostMana = 0}, --level 1
}; nMinRadius=0 * LENGTH_BASE; nMaxRadius=4 * LENGTH_BASE; nAngleRange=256	EXECUTE_SCRIPT_WITH_PARAM(221,-1)	L2:nDamageBase=0,nDamageRand=0,nCostMana=0
装备\挂件相关\外装221_绣球_ef.lua	nDamageBase=0, nDamageRand = 0, nCostMana = 0}, --level 1
}; nMinRadius=0 * LENGTH_BASE; nMaxRadius=4 * LENGTH_BASE; nAngleRange=256	EXECUTE_SCRIPT_WITH_PARAM(221,-1)	L2:nDamageBase=0,nDamageRand=0,nCostMana=0
装备\挂件相关\外装221_绣球_g.lua	nMinRadius=0 * LENGTH_BASE; nMaxRadius=4 * LENGTH_BASE; nAngleRange=256	EXECUTE_SCRIPT_WITH_PARAM(221,-1)	L2:nDamageBase=0,nDamageRand=0,nCostMana=0
装备\挂件相关\外装221_绣球_退出.lua	nDamageBase=0, nDamageRand = 0, nCostMana = 0}, --level 1
}; nMinRadius=0 * LENGTH_BASE; nMaxRadius=4 * LENGTH_BASE; nAngleRange=256	EXECUTE_SCRIPT_WITH_PARAM(221,-1)	L2:nDamageBase=0,nDamageRand=0,nCostMana=0
装备\挂件相关\外装242_不良人_ab.lua	nDamageBase=0, nDamageRand = 0, nCostMana = 0}, --level 1
}; nMinRadius=0 * LENGTH_BASE; nMaxRadius=4 * LENGTH_BASE; nAngleRange=256	EXECUTE_SCRIPT_WITH_PARAM(242,-1)	L2:nDamageBase=0,nDamageRand=0,nCostMana=0
装备\挂件相关\外装242_不良人_cd.lua	nDamageBase=0, nDamageRand = 0, nCostMana = 0}, --level 1
}; nMinRadius=0 * LENGTH_BASE; nMaxRadius=4 * LENGTH_BASE; nAngleRange=256	EXECUTE_SCRIPT_WITH_PARAM(242,-1)	L2:nDamageBase=0,nDamageRand=0,nCostMana=0
装备\挂件相关\外装242_不良人_ef.lua	nDamageBase=0, nDamageRand = 0, nCostMana = 0}, --level 1
}; nMinRadius=0 * LENGTH_BASE; nMaxRadius=4 * LENGTH_BASE; nAngleRange=256	EXECUTE_SCRIPT_WITH_PARAM(242,-1)	L2:nDamageBase=0,nDamageRand=0,nCostMana=0
装备\挂件相关\外装242_不良人_g.lua	nDamageBase=0, nDamageRand = 0, nCostMana = 0}, --level 1
}; nMinRadius=0 * LENGTH_BASE; nMaxRadius=4 * LENGTH_BASE; nAngleRange=256	EXECUTE_SCRIPT_WITH_PARAM(242,-1)	L2:nDamageBase=0,nDamageRand=0,nCostMana=0
装备\挂件相关\外装242_不良人_退出.lua	nDamageBase=0, nDamageRand = 0, nCostMana = 0}, --level 1
}; nMinRadius=0 * LENGTH_BASE; nMaxRadius=4 * LENGTH_BASE; nAngleRange=256	EXECUTE_SCRIPT_WITH_PARAM(242,1)	L2:nDamageBase=0,nDamageRand=0,nCostMana=0
装备\挂件相关\外装243_鱼灯_ab.lua	nDamageBase=0, nDamageRand = 0, nCostMana = 0}, --level 1
}; nMinRadius=0 * LENGTH_BASE; nMaxRadius=4 * LENGTH_BASE; nAngleRange=256	EXECUTE_SCRIPT_WITH_PARAM(243,-1)	L2:nDamageBase=0,nDamageRand=0,nCostMana=0
装备\挂件相关\外装243_鱼灯_cd.lua	nDamageBase=0, nDamageRand = 0, nCostMana = 0}, --level 1
}; nMinRadius=0 * LENGTH_BASE; nMaxRadius=4 * LENGTH_BASE; nAngleRange=256	EXECUTE_SCRIPT_WITH_PARAM(243,-1)	L2:nDamageBase=0,nDamageRand=0,nCostMana=0
装备\挂件相关\外装243_鱼灯_ef.lua	nDamageBase=0, nDamageRand = 0, nCostMana = 0}, --level 1
}; nMinRadius=0 * LENGTH_BASE; nMaxRadius=4 * LENGTH_BASE; nAngleRange=256	EXECUTE_SCRIPT_WITH_PARAM(243,-1)	L2:nDamageBase=0,nDamageRand=0,nCostMana=0
装备\挂件相关\外装243_鱼灯_g.lua	nDamageBase=0, nDamageRand = 0, nCostMana = 0}, --level 1
}; nMinRadius=0 * LENGTH_BASE; nMaxRadius=4 * LENGTH_BASE; nAngleRange=256	EXECUTE_SCRIPT_WITH_PARAM(243,-1)	L2:nDamageBase=0,nDamageRand=0,nCostMana=0
装备\挂件相关\外装243_鱼灯_退出.lua	nDamageBase=0, nDamageRand = 0, nCostMana = 0}, --level 1
}; nMinRadius=0 * LENGTH_BASE; nMaxRadius=4 * LENGTH_BASE; nAngleRange=256	EXECUTE_SCRIPT_WITH_PARAM(243,-1)	L2:nDamageBase=0,nDamageRand=0,nCostMana=0
装备\挂件相关\挂件_万品龙烛.lua	nDamageBase=0, nDamageRand = 0, nCostMana = 0}, --level 1
	{nDamageBase = 0, nDamageRand = 0, nCostMana = 0}, --level 2
	{nDamageBase = 0, nDamageRand = 0, nCostMana = 0}, --level 3
}; nMinRadius=0 * LENGTH_BASE; nMaxRadius=4 * LENGTH_BASE; nAngleRange=256	EXECUTE_SCRIPT(0,938)	L2:nDamageBase=0,nDamageRand=0,nCostMana=0; L3:nDamageBase=0,nDamageRand=0,nCostMana=0; L4:nDamageBase=0,nDamageRand=0,nCostMana=0
装备\挂件相关\背挂_笙_跪坐.lua	nDamageBase=0, nDamageRand = 0, nCostMana = 0}, --level 1
	{nDamageBase = 0, nDamageRand = 0, nCostMana = 0}, --level 2
	{nDamageBase = 0, nDamageRand = 0, nCostMana = 0}, --level 3
}; nMinRadius=0 * LENGTH_BASE; nMaxRadius=4 * LENGTH_BASE; nAngleRange=256	EXECUTE_SCRIPT(0,938)	L2:nDamageBase=0,nDamageRand=0,nCostMana=0; L3:nDamageBase=0,nDamageRand=0,nCostMana=0; L4:nDamageBase=0,nDamageRand=0,nCostMana=0
装备\挂件相关\表现1号_夏.lua	nDamageBase=0, nDamageRand = 0, nCostMana = 0}, --level 1
	{nDamageBase = 0, nDamageRand = 0, nCostMana = 0}, --level 2
	{nDamageBase = 0, nDamageRand = 0, nCostMana = 0}, --level 3
	{nDamageBase = 0, nDamageRand = 0, nCostMana = 0}, --level 4
	{nDamageBase = 0, nDamageRand = 0, nCostMana = 0}, --level 5
	{nDamageBase = 0, nDamageRand = 0, nCostMana = 0}, --level 6
	{nDamageBase = 0, nDamageRand = 0, nCostMana = 0}, --level 7
	{nDamageBase = 0, nDamageRand = 0, nCostMana = 0}, --level 8
	{nDamageBase = 0, nDamageRand = 0, nCostMana = 0}, --level 9
	{nDamageBase = 0, nDamageRand = 0, nCostMana = 0}, --level 10
}; nMinRadius=0 * LENGTH_BASE; nMaxRadius=4 * LENGTH_BASE; nAngleRange=256; nBaseThreat=0; nCostMana=tSkillData[dwSkillLevel].nCostMana; nAreaRadius=0 * LENGTH_BASE; nTargetCountLimit=2; nPrepareFrames=0; nChannelFrame=0; nWeaponDamagePercent=0	EXECUTE_SCRIPT(1,0)	L2:nDamageBase=0,nDamageRand=0,nCostMana=0; L3:nDamageBase=0,nDamageRand=0,nCostMana=0; L4:nDamageBase=0,nDamageRand=0,nCostMana=0
装备\挂件相关\表现2号_孔.lua	nDamageBase=0, nDamageRand = 0, nCostMana = 0}, --level 1
	{nDamageBase = 0, nDamageRand = 0, nCostMana = 0}, --level 2
	{nDamageBase = 0, nDamageRand = 0, nCostMana = 0}, --level 3
	{nDamageBase = 0, nDamageRand = 0, nCostMana = 0}, --level 4
	{nDamageBase = 0, nDamageRand = 0, nCostMana = 0}, --level 5
	{nDamageBase = 0, nDamageRand = 0, nCostMana = 0}, --level 6
	{nDamageBase = 0, nDamageRand = 0, nCostMana = 0}, --level 7
	{nDamageBase = 0, nDamageRand = 0, nCostMana = 0}, --level 8
	{nDamageBase = 0, nDamageRand = 0, nCostMana = 0}, --level 9
	{nDamageBase = 0, nDamageRand = 0, nCostMana = 0}, --level 10
}; nMinRadius=0 * LENGTH_BASE; nMaxRadius=4 * LENGTH_BASE; nAngleRange=256; nBaseThreat=0; nCostMana=tSkillData[dwSkillLevel].nCostMana; nAreaRadius=0 * LENGTH_BASE; nTargetCountLimit=2; nPrepareFrames=0; nChannelFrame=0; nWeaponDamagePercent=0	EXECUTE_SCRIPT(2,0)	L2:nDamageBase=0,nDamageRand=0,nCostMana=0; L3:nDamageBase=0,nDamageRand=0,nCostMana=0; L4:nDamageBase=0,nDamageRand=0,nCostMana=0
装备\挂件相关\表现3号_花.lua	nDamageBase=0, nDamageRand = 0, nCostMana = 0}, --level 1
	{nDamageBase = 0, nDamageRand = 0, nCostMana = 0}, --level 2
	{nDamageBase = 0, nDamageRand = 0, nCostMana = 0}, --level 3
	{nDamageBase = 0, nDamageRand = 0, nCostMana = 0}, --level 4
	{nDamageBase = 0, nDamageRand = 0, nCostMana = 0}, --level 5
	{nDamageBase = 0, nDamageRand = 0, nCostMana = 0}, --level 6
	{nDamageBase = 0, nDamageRand = 0, nCostMana = 0}, --level 7
	{nDamageBase = 0, nDamageRand = 0, nCostMana = 0}, --level 8
	{nDamageBase = 0, nDamageRand = 0, nCostMana = 0}, --level 9
	{nDamageBase = 0, nDamageRand = 0, nCostMana = 0}, --level 10
}; nMinRadius=0 * LENGTH_BASE; nMaxRadius=4 * LENGTH_BASE; nAngleRange=256; nBaseThreat=0; nCostMana=tSkillData[dwSkillLevel].nCostMana; nAreaRadius=0 * LENGTH_BASE; nTargetCountLimit=2; nPrepareFrames=0; nChannelFrame=0; nWeaponDamagePercent=0	EXECUTE_SCRIPT(3,0)	L2:nDamageBase=0,nDamageRand=0,nCostMana=0; L3:nDamageBase=0,nDamageRand=0,nCostMana=0; L4:nDamageBase=0,nDamageRand=0,nCostMana=0
装备\挂件相关\表现4号_蝶.lua	nDamageBase=0, nDamageRand = 0, nCostMana = 0}, --level 1
	{nDamageBase = 0, nDamageRand = 0, nCostMana = 0}, --level 2
	{nDamageBase = 0, nDamageRand = 0, nCostMana = 0}, --level 3
	{nDamageBase = 0, nDamageRand = 0, nCostMana = 0}, --level 4
	{nDamageBase = 0, nDamageRand = 0, nCostMana = 0}, --level 5
	{nDamageBase = 0, nDamageRand = 0, nCostMana = 0}, --level 6
	{nDamageBase = 0, nDamageRand = 0, nCostMana = 0}, --level 7
	{nDamageBase = 0, nDamageRand = 0, nCostMana = 0}, --level 8
	{nDamageBase = 0, nDamageRand = 0, nCostMana = 0}, --level 9
	{nDamageBase = 0, nDamageRand = 0, nCostMana = 0}, --level 10
}; nMinRadius=0 * LENGTH_BASE; nMaxRadius=4 * LENGTH_BASE; nAngleRange=256; nBaseThreat=0; nCostMana=tSkillData[dwSkillLevel].nCostMana; nAreaRadius=0 * LENGTH_BASE; nTargetCountLimit=2; nPrepareFrames=0; nChannelFrame=0; nWeaponDamagePercent=0	EXECUTE_SCRIPT(4,0)	L2:nDamageBase=0,nDamageRand=0,nCostMana=0; L3:nDamageBase=0,nDamageRand=0,nCostMana=0; L4:nDamageBase=0,nDamageRand=0,nCostMana=0
装备\挂件相关\表现5号_金.lua	nDamageBase=0, nDamageRand = 0, nCostMana = 0}, --level 1
	{nDamageBase = 0, nDamageRand = 0, nCostMana = 0}, --level 2
	{nDamageBase = 0, nDamageRand = 0, nCostMana = 0}, --level 3
	{nDamageBase = 0, nDamageRand = 0, nCostMana = 0}, --level 4
	{nDamageBase = 0, nDamageRand = 0, nCostMana = 0}, --level 5
	{nDamageBase = 0, nDamageRand = 0, nCostMana = 0}, --level 6
	{nDamageBase = 0, nDamageRand = 0, nCostMana = 0}, --level 7
	{nDamageBase = 0, nDamageRand = 0, nCostMana = 0}, --level 8
	{nDamageBase = 0, nDamageRand = 0, nCostMana = 0}, --level 9
	{nDamageBase = 0, nDamageRand = 0, nCostMana = 0}, --level 10
}; nMinRadius=0 * LENGTH_BASE; nMaxRadius=4 * LENGTH_BASE; nAngleRange=256; nBaseThreat=0; nCostMana=tSkillData[dwSkillLevel].nCostMana; nAreaRadius=0 * LENGTH_BASE; nTargetCountLimit=2; nPrepareFrames=0; nChannelFrame=0; nWeaponDamagePercent=0	EXECUTE_SCRIPT(5,0)	L2:nDamageBase=0,nDamageRand=0,nCostMana=0; L3:nDamageBase=0,nDamageRand=0,nCostMana=0; L4:nDamageBase=0,nDamageRand=0,nCostMana=0
装备\挂件相关\表现6号_玄.lua	nDamageBase=0, nDamageRand = 0, nCostMana = 0}, --level 1
	{nDamageBase = 0, nDamageRand = 0, nCostMana = 0}, --level 2
	{nDamageBase = 0, nDamageRand = 0, nCostMana = 0}, --level 3
	{nDamageBase = 0, nDamageRand = 0, nCostMana = 0}, --level 4
	{nDamageBase = 0, nDamageRand = 0, nCostMana = 0}, --level 5
	{nDamageBase = 0, nDamageRand = 0, nCostMana = 0}, --level 6
	{nDamageBase = 0, nDamageRand = 0, nCostMana = 0}, --level 7
	{nDamageBase = 0, nDamageRand = 0, nCostMana = 0}, --level 8
	{nDamageBase = 0, nDamageRand = 0, nCostMana = 0}, --level 9
	{nDamageBase = 0, nDamageRand = 0, nCostMana = 0}, --level 10
}; nMinRadius=0 * LENGTH_BASE; nMaxRadius=4 * LENGTH_BASE; nAngleRange=256; nBaseThreat=0; nCostMana=tSkillData[dwSkillLevel].nCostMana; nAreaRadius=0 * LENGTH_BASE; nTargetCountLimit=2; nPrepareFrames=0; nChannelFrame=0; nWeaponDamagePercent=0	EXECUTE_SCRIPT(6,0)	L2:nDamageBase=0,nDamageRand=0,nCostMana=0; L3:nDamageBase=0,nDamageRand=0,nCostMana=0; L4:nDamageBase=0,nDamageRand=0,nCostMana=0
装备\挂件相关\表现_披风_蝶梦终霄.lua	nDamageBase=0, nDamageRand = 0, nCostMana = 0}, --level 1
	{nDamageBase = 0, nDamageRand = 0, nCostMana = 0}, --level 2
	{nDamageBase = 0, nDamageRand = 0, nCostMana = 0}, --level 3
	{nDamageBase = 0, nDamageRand = 0, nCostMana = 0}, --level 4
	{nDamageBase = 0, nDamageRand = 0, nCostMana = 0}, --level 5
	{nDamageBase = 0, nDamageRand = 0, nCostMana = 0}, --level 6
	{nDamageBase = 0, nDamageRand = 0, nCostMana = 0}, --level 7
	{nDamageBase = 0, nDamageRand = 0, nCostMana = 0}, --level 8
	{nDamageBase = 0, nDamageRand = 0, nCostMana = 0}, --level 9
	{nDamageBase = 0, nDamageRand = 0, nCostMana = 0}, --level 10
}; nMinRadius=0 * LENGTH_BASE; nMaxRadius=4 * LENGTH_BASE; nAngleRange=256	EXECUTE_SCRIPT(0,938)	L2:nDamageBase=0,nDamageRand=0,nCostMana=0; L3:nDamageBase=0,nDamageRand=0,nCostMana=0; L4:nDamageBase=0,nDamageRand=0,nCostMana=0
装备\挂件相关\表现_比翼相思.lua	nDamageBase=0, nDamageRand = 0, nCostMana = 0}, --level 1
	{nDamageBase = 0, nDamageRand = 0, nCostMana = 0}, --level 2
	{nDamageBase = 0, nDamageRand = 0, nCostMana = 0}, --level 3
	{nDamageBase = 0, nDamageRand = 0, nCostMana = 0}, --level 4
	{nDamageBase = 0, nDamageRand = 0, nCostMana = 0}, --level 5
	{nDamageBase = 0, nDamageRand = 0, nCostMana = 0}, --level 6
	{nDamageBase = 0, nDamageRand = 0, nCostMana = 0}, --level 7
	{nDamageBase = 0, nDamageRand = 0, nCostMana = 0}, --level 8
	{nDamageBase = 0, nDamageRand = 0, nCostMana = 0}, --level 9
	{nDamageBase = 0, nDamageRand = 0, nCostMana = 0}, --level 10
}; nMinRadius=0 * LENGTH_BASE; nMaxRadius=4 * LENGTH_BASE; nAngleRange=256; nBaseThreat=0; nCostMana=tSkillData[dwSkillLevel].nCostMana; nAreaRadius=0 * LENGTH_BASE; nTargetCountLimit=2; nPrepareFrames=0; nChannelFrame=0; nWeaponDamagePercent=0	EXECUTE_SCRIPT(0,938)	L2:nDamageBase=0,nDamageRand=0,nCostMana=0; L3:nDamageBase=0,nDamageRand=0,nCostMana=0; L4:nDamageBase=0,nDamageRand=0,nCostMana=0
装备\罗伞戏鱼渊.lua	nDamageBase=0, nDamageRand = 0, nCostMana = 0}, --level 1
	{nDamageBase = 0, nDamageRand = 0, nCostMana = 0}, --level 2
	{nDamageBase = 0, nDamageRand = 0, nCostMana = 0}, --level 3
	{nDamageBase = 0, nDamageRand = 0, nCostMana = 0}, --level 4
	{nDamageBase = 0, nDamageRand = 0, nCostMana = 0}, --level 5
	{nDamageBase = 0, nDamageRand = 0, nCostMana = 0}, --level 6
	{nDamageBase = 0, nDamageRand = 0, nCostMana = 0}, --level 7
	{nDamageBase = 0, nDamageRand = 0, nCostMana = 0}, --level 8
	{nDamageBase = 0, nDamageRand = 0, nCostMana = 0}, --level 9
	{nDamageBase = 0, nDamageRand = 0, nCostMana = 0}, --level 10
}; nBaseThreat=0; nCostMana=tSkillData[dwSkillLevel].nCostMana; nMinRadius=0 * LENGTH_BASE; nMaxRadius=4 * LENGTH_BASE; nAngleRange=256; nAreaRadius=0 * LENGTH_BASE; nTargetCountLimit=2; nPrepareFrames=0; nChannelFrame=0; nWeaponDamagePercent=0	EXECUTE_SCRIPT(0)	L2:nDamageBase=0,nDamageRand=0,nCostMana=0; L3:nDamageBase=0,nDamageRand=0,nCostMana=0; L4:nDamageBase=0,nDamageRand=0,nCostMana=0
装备\面具舞蹈201503月.lua	nDamageBase=0, nDamageRand = 0, nCostMana = 0}, --level 1
	{nDamageBase = 0, nDamageRand = 0, nCostMana = 0}, --level 2
	{nDamageBase = 0, nDamageRand = 0, nCostMana = 0}, --level 3
	{nDamageBase = 0, nDamageRand = 0, nCostMana = 0}, --level 4
	{nDamageBase = 0, nDamageRand = 0, nCostMana = 0}, --level 5
	{nDamageBase = 0, nDamageRand = 0, nCostMana = 0}, --level 6
	{nDamageBase = 0, nDamageRand = 0, nCostMana = 0}, --level 7
	{nDamageBase = 0, nDamageRand = 0, nCostMana = 0}, --level 8
	{nDamageBase = 0, nDamageRand = 0, nCostMana = 0}, --level 9
	{nDamageBase = 0, nDamageRand = 0, nCostMana = 0}, --level 10
}; nBaseThreat=0; nCostMana=tSkillData[dwSkillLevel].nCostMana; nMinRadius=0 * LENGTH_BASE; nMaxRadius=4 * LENGTH_BASE; nAngleRange=256; nAreaRadius=0 * LENGTH_BASE; nTargetCountLimit=2; nPrepareFrames=0; nChannelFrame=0; nWeaponDamagePercent=0	EXECUTE_SCRIPT(201503,0)	L2:nDamageBase=0,nDamageRand=0,nCostMana=0; L3:nDamageBase=0,nDamageRand=0,nCostMana=0; L4:nDamageBase=0,nDamageRand=0,nCostMana=0
轻功\八大派\少林\少林水冲刺C执行.lua	nDamageBase=0, nDamageRand = 0, nCostMana = 0}, --level 1
	{nDamageBase = 0, nDamageRand = 0, nCostMana = 0}, --level 2
	{nDamageBase = 0, nDamageRand = 0, nCostMana = 0}, --level 3
	{nDamageBase = 0, nDamageRand = 0, nCostMana = 0}, --level 4
	{nDamageBase = 0, nDamageRand = 0, nCostMana = 0}, --level 5
	{nDamageBase = 0, nDamageRand = 0, nCostMana = 0}, --level 6
	{nDamageBase = 0, nDamageRand = 0, nCostMana = 0}, --level 7
	{nDamageBase = 0, nDamageRand = 0, nCostMana = 0}, --level 8
	{nDamageBase = 0, nDamageRand = 0, nCostMana = 0}, --level 9
	{nDamageBase = 0, nDamageRand = 0, nCostMana = 0}, --level 10
}; nMaxRadius=4 * LENGTH_BASE	SKILL_MOVE(182,1); SET_JUMP_COUNT(13,1)	L2:nDamageBase=0,nDamageRand=0,nCostMana=0; L3:nDamageBase=0,nDamageRand=0,nCostMana=0; L4:nDamageBase=0,nDamageRand=0,nCostMana=0
轻功\轻功通用\近战通用冲刺.lua	nBaseThreat=0; nCostMana=tSkillData[dwSkillLevel].nCostMana; nMinRadius=4 * LENGTH_BASE; nMaxRadius=50 * LENGTH_BASE; nAngleRange=128; nAreaRadius=8 * LENGTH_BASE; nTargetCountLimit=1; nPrepareFrames=0; nChannelFrame=0; nWeaponDamagePercent=0	DASH(100,0)	L2:nDashSpeed=100
长歌\套路及子技能\爻辰剑宫加三尺.lua	nDamageBase=0, nDamageRand = 0, nCostMana = 0}, --level 1
	{nDamageBase = 0, nDamageRand = 0, nCostMana = 0}, --level 2
	{nDamageBase = 0, nDamageRand = 0, nCostMana = 0}, --level 3
	{nDamageBase = 0, nDamageRand = 0, nCostMana = 0}, --level 4
	{nDamageBase = 0, nDamageRand = 0, nCostMana = 0}, --level 5
	{nDamageBase = 0, nDamageRand = 0, nCostMana = 0}, --level 6
	{nDamageBase = 0, nDamageRand = 0, nCostMana = 0}, --level 7
	{nDamageBase = 0, nDamageRand = 0, nCostMana = 0}, --level 8
	{nDamageBase = 0, nDamageRand = 0, nCostMana = 0}, --level 9
	{nDamageBase = 0, nDamageRand = 0, nCostMana = 0}, --level 10
}; nBaseThreat=0; nCostMana=tSkillData[dwSkillLevel].nCostMana; nMinRadius=0 * LENGTH_BASE; nMaxRadius=4 * LENGTH_BASE; nAngleRange=256; nAreaRadius=0 * LENGTH_BASE; nTargetCountLimit=2; nPrepareFrames=0; nChannelFrame=0; nWeaponDamagePercent=0	SET_TALENT_RECIPE(5915,1)	L2:nDamageBase=0,nDamageRand=0,nCostMana=0; L3:nDamageBase=0,nDamageRand=0,nCostMana=0; L4:nDamageBase=0,nDamageRand=0,nCostMana=0
长歌\套路及子技能\长歌_删除影子效果.lua	nDamageBase=0, nDamageRand = 0, nCostMana = 0}, --level 1
	{nDamageBase = 0, nDamageRand = 0, nCostMana = 0}, --level 2
	{nDamageBase = 0, nDamageRand = 0, nCostMana = 0}, --level 3
	{nDamageBase = 0, nDamageRand = 0, nCostMana = 0}, --level 4
	{nDamageBase = 0, nDamageRand = 0, nCostMana = 0}, --level 5
	{nDamageBase = 0, nDamageRand = 0, nCostMana = 0}, --level 6
	{nDamageBase = 0, nDamageRand = 0, nCostMana = 0}, --level 7
	{nDamageBase = 0, nDamageRand = 0, nCostMana = 0}, --level 8
	{nDamageBase = 0, nDamageRand = 0, nCostMana = 0}, --level 9
	{nDamageBase = 0, nDamageRand = 0, nCostMana = 0}, --level 10
}; nBaseThreat=0; nCostMana=tSkillData[dwSkillLevel].nCostMana; nMinRadius=0 * LENGTH_BASE; nMaxRadius=4 * LENGTH_BASE; nAngleRange=256; nAreaRadius=0 * LENGTH_BASE; nTargetCountLimit=2; nPrepareFrames=0; nChannelFrame=0; nWeaponDamagePercent=0	DASH_FORWARD(1,1)	L2:nDamageBase=0,nDamageRand=0,nCostMana=0; L3:nDamageBase=0,nDamageRand=0,nCostMana=0; L4:nDamageBase=0,nDamageRand=0,nCostMana=0
长歌\套路及子技能\青霄化羽选择buff子技能3.lua	nDamageBase=0, nDamageRand = 0, nCostMana = 0}, --level 1
	{nDamageBase = 0, nDamageRand = 0, nCostMana = 0}, --level 2
	{nDamageBase = 0, nDamageRand = 0, nCostMana = 0}, --level 3
	{nDamageBase = 0, nDamageRand = 0, nCostMana = 0}, --level 4
	{nDamageBase = 0, nDamageRand = 0, nCostMana = 0}, --level 5
	{nDamageBase = 0, nDamageRand = 0, nCostMana = 0}, --level 6
	{nDamageBase = 0, nDamageRand = 0, nCostMana = 0}, --level 7
	{nDamageBase = 0, nDamageRand = 0, nCostMana = 0}, --level 8
	{nDamageBase = 0, nDamageRand = 0, nCostMana = 0}, --level 9
	{nDamageBase = 0, nDamageRand = 0, nCostMana = 0}, --level 10
}; nBaseThreat=0; nCostMana=tSkillData[dwSkillLevel].nCostMana; nMinRadius=0 * LENGTH_BASE; nMaxRadius=6 * LENGTH_BASE; nAngleRange=256; nAreaRadius=20 * LENGTH_BASE; nTargetCountLimit=3; nPrepareFrames=0; nChannelFrame=0; nWeaponDamagePercent=0	EXECUTE_SCRIPT(3,0)	L2:nDamageBase=0,nDamageRand=0,nCostMana=0; L3:nDamageBase=0,nDamageRand=0,nCostMana=0; L4:nDamageBase=0,nDamageRand=0,nCostMana=0
阵法\唐门内功阵法第五重_小队加闪避.lua	nDamageBase=0, nDamageRand = 0, nCostMana = 0},		--level 1
	{nDamageBase = 0, nDamageRand = 0, nCostMana = 0},		--level 2
	{nDamageBase = 0, nDamageRand = 0, nCostMana = 0},		--level 3
	{nDamageBase = 0, nDamageRand = 0, nCostMana = 0},		--level 4
	{nDamageBase = 0, nDamageRand = 0, nCostMana = 0},		--level 5
	{nDamageBase = 0, nDamageRand = 0, nCostMana = 0},		--level 6
	{nDamageBase = 0, nDamageRand = 0, nCostMana = 0},		--level 7
	{nDamageBase = 0, nDamageRand = 0, nCostMana = 0},		--level 8
	{nDamageBase = 0, nDamageRand = 0, nCostMana = 0},		--level 9
	{nDamageBase = 0, nDamageRand = 0, nCostMana = 0},		--level 10
}; nBaseThreat=0; nCostMana=tSkillData[dwSkillLevel].nCostMana; nMinRadius=0 * LENGTH_BASE; nMaxRadius=30 * LENGTH_BASE; nAngleRange=256; nAreaRadius=30 * LENGTH_BASE; nTargetCountLimit=6; nPrepareFrames=0; nChannelFrame=0; nWeaponDamagePercent=0		L2:nDamageBase=0,nDamageRand=0,nCostMana=0; L3:nDamageBase=0,nDamageRand=0,nCostMana=0; L4:nDamageBase=0,nDamageRand=0,nCostMana=0
阵法\少林攻击阵法第五重.lua	nCostMana=tSkillData[dwSkillLevel].nCostMana; nMinRadius=0											--技能施放最小半径
    skill.nMaxRadius        = 30 * LENGTH_BASE; nAngleRange=256; nAreaRadius=30 * LENGTH_BASE	CALL_BUFF(920,1)	
霸刀\套路及子技能\霸刀_大刀_鸣震九霄.lua	nDamageBase=0, nDamageRand = 0, nCostMana = 0}, --level 1
	{nDamageBase = 0, nDamageRand = 0, nCostMana = 0}, --level 2
	{nDamageBase = 0, nDamageRand = 0, nCostMana = 0}, --level 3
	{nDamageBase = 0, nDamageRand = 0, nCostMana = 0}, --level 4
	{nDamageBase = 0, nDamageRand = 0, nCostMana = 0}, --level 5
	{nDamageBase = 0, nDamageRand = 0, nCostMana = 0}, --level 6
	{nDamageBase = 0, nDamageRand = 0, nCostMana = 0}, --level 7
	{nDamageBase = 0, nDamageRand = 0, nCostMana = 0}, --level 8
	{nDamageBase = 0, nDamageRand = 0, nCostMana = 0}, --level 9
	{nDamageBase = 0, nDamageRand = 0, nCostMana = 0}, --level 10
}; nBaseThreat=0; nCostMana=tSkillData[dwSkillLevel].nCostMana; nMinRadius=0 * LENGTH_BASE; nMaxRadius=20 * LENGTH_BASE; nAngleRange=256; nAreaRadius=10 * LENGTH_BASE; nTargetCountLimit=5; nPrepareFrames=0; nChannelFrame=0; nWeaponDamagePercent=0	EXECUTE_SCRIPT(1,0); EXECUTE_SCRIPT(1,0)	L2:nDamageBase=0,nDamageRand=0,nCostMana=0; L3:nDamageBase=0,nDamageRand=0,nCostMana=0; L4:nDamageBase=0,nDamageRand=0,nCostMana=0
霸刀\套路及子技能\霸刀_横断山河40-60伤害.lua	nDamageBase=55, nDamageRand = 5, nCostMana = 0}, --level 1
	{nDamageBase = 70, nDamageRand = 5, nCostMana = 0}, --level 2
	{nDamageBase = 85, nDamageRand = 5, nCostMana = 0}, --level 3
	{nDamageBase = 100, nDamageRand = 5, nCostMana = 0}, --level 4
	{nDamageBase = 115, nDamageRand = 5, nCostMana = 0}, --level 5
	{nDamageBase = 130, nDamageRand = 10, nCostMana = 0}, --level 6
	{nDamageBase = 145, nDamageRand = 10, nCostMana = 0}, --level 7
	{nDamageBase = 160, nDamageRand = 10, nCostMana = 0}, --level 8
	{nDamageBase = 175, nDamageRand = 10, nCostMana = 0}, --level 9
	{nDamageBase = 190, nDamageRand = 15, nCostMana = 0}, --level 10
	{nDamageBase = 205, nDamageRand = 15, nCostMana = 0}, --level 6
	{nDamageBase = 220, nDamageRand = 15, nCostMana = 0}, --level 7
	{nDamageBase = 235, nDamageRand = 20, nCostMana = 0}, --level 8
	{nDamageBase = 240, nDamageRand = 20, nCostMana = 0}, --level 9
	{nDamageBase = 250, nDamageRand = 20, nCostMana = 0}, --level 10
}; nBaseThreat=0; nCostMana=tSkillData[dwSkillLevel].nCostMana; nMinRadius=0 * LENGTH_BASE; nMaxRadius=50 * LENGTH_BASE; nAngleRange=256; nAreaRadius=5 * LENGTH_BASE; nTargetCountLimit=1; nPrepareFrames=0; nChannelFrame=0; nWeaponDamagePercent=0	SKILL_PHYSICS_DAMAGE(0.8,0); SKILL_PHYSICS_DAMAGE_RAND(0.8,0); CALL_PHYSICS_DAMAGE(0,0)	L2:nDamageBase=55,nDamageRand=5,nCostMana=0; L3:nDamageBase=70,nDamageRand=5,nCostMana=0; L4:nDamageBase=85,nDamageRand=5,nCostMana=0
