ID	Name	DisplayName	Perform	Broadcast	MaxLootRange	bCanPK	bCanDuel	Type	MaxCopyCount	FarmerMaxCopyCount	MinPlayerCount	MaxPlayerCount	MaxFullLevelPlayerCount	MaxFarmerCount	KeepTime	ManualReset	RefreshCycle	RefreshOffset	MapDrop	ReviveInSitu	UseLastEntry	LimitTimes	BanSkillMask	BattleRelationMask	RevieCycle	AllScenePlayerInFight	ResourcePath	MiniMapResourcePath	ScriptFile	LoginIntervalTime	PreQueuePlayerCount	DoNotGoThroughRoof	QuestCountAchID	CampType	FightList	NeedCampBuff	MaxMapLevel	bCanTongWar	CanJoinBattleField	BanUseItemMask	CanJoinArena	IsArenaMap	NewCampFight	CanJoinTongBattlefield	MapCostThew	InvalidBuffMask	SingleMap	BanChangeTalent	CanSprint	DisableChangeEquip	DisableTalk	QueueForSwitchWhenFull	CampQueue	MaxNeutralPlayerCount	MaxGoodPlayerCount	MaxEvilPlayerCount	InvalidEnchantMask	ForceCheckProgress	IsTongWarMap	MaxCastleVIPPlayerCount	CanJoinCastleVIPQueue	BanTradeItemMask	CanTradeMoney	BanEquipItemMask	CanExistItemMask	IsBattlefield	IsDungeonRoleProgressMap	MapCostVigor	SyncTempData	IsTongLeagueMap	OperationMask	EnableNav	EnableNavAutoFly	AutoSelectIndex	LackMapPakBitIndex	NavWaterG
1	稻香村	稻香村	100	1	2	0	0	0	1		1	1000			10	0	0	0	15	1	0	0	0	0	0	0	data\source\maps\稻香村\稻香村.jsonmap			20	0	0	375	1	0	0	0	0	0	16	0	0	0	0		0	0	0	1			1	0	0	0	0	2	0		0	0	1	1	1	0							1	1			10
2	万花	万花	100	1	2	0	1	0	2		1	1500	1200		10	0	0	0	10	1	0	0	0	0	0	0	data\source\maps\万花\万花.jsonmap			0	0	0	378	1	0	0		0	1	16	1	0	0	0		0	0	0	1			1	0	0	0	0	2	0				1	1	1	0							1	1	1		10
3	1024_蓝天白云	1024_蓝天白云	100	2	4	1	1	0	1		1	1200			10	1	0	0		1	1	5	0	0	0	0	data\source\maps\1024_蓝天白云\1024_蓝天白云.jsonmap			0	0	0		4	0	0		0	0	16	0	0	0	0		0	0	0	1			1	0	0	0	0	1	0				1	1	1	0							0	0			10
5	少林	少林	100	2	2	0	1	0	2		1	1500	1200		10	0	0	0	7	1	0	0	0	0	0	0	data\source\maps\少林\少林.jsonmap			0	0	0	376	1	0	0		0	1	16	1	0	0	0		0	0	0	1			1	0	0	0	0	2	0				1	1	1	0							1	1	1		10
6	扬州	扬州	100	1	2	0	1	0	1		1	1200	1150		10	0	0	0	3	1	0	0	16	0	0	0	data\source\maps\扬州\扬州.jsonmap			0	0	0	384	1	0	0		0	1	16	1	0	0	1		16	0	0	1			1	0	0	0	0	2	0				1	1	1	0				1			1	1		1	10
7	纯阳	纯阳	100	2	2	0	1	0	2		1	1500	1200		10	0	0	0	5	1	0	0	0	0	0	0	data\source\maps\纯阳\纯阳.jsonmap			0	0	0	377	1	0	0		0	1	16	1	0	0	0		0	0	0	1			1	0	0	0	0	2	0				1	1	1	0				1			1	1	1		10
8	洛阳	洛阳	100	1	2	0	1	0	1		1	1500			10	0	0	0	3	1	0	0	16	0	0	0	data\source\maps\洛阳\洛阳.jsonmap			0	0	0	786	1	0	0		0	1	16	1	0	0	1		16	0	0	1			1	0	0	0	0	2	0				1	1	1	0							1	1		2	10
9	洛道	洛道	100	1	2	1	1	0	1		1	1000			10	0	0	0	21	1	0	0	0	0	0	0	data\source\maps\洛道\洛道.jsonmap			0	0	0	386	4	0	0		1	1	16	1	0	1	0		0	0	0	1			1	1	100	450	450	2	0				1	1	1	0							1	1			10
10	寇岛	寇岛	100	1	4	1	1	0	1		1	1024			10	0	0	0	12	1	0	0	0	0	0	0	data\source\maps\寇岛\寇岛.jsonmap			0	0	0	387	4	0	0		1	1	16	1	0	0	0		0	0	0	1			1	0	0	0	0	2	0				1	1	1	0							1	1			10
11	天策	天策	100	2	2	0	1	0	2		1	1500	1200		10	0	0	0	9	1	0	0	0	0	0	0	data\source\maps\天策\天策.jsonmap			0	0	0	380	1	0	0		0	1	16	1	0	0	0		0	0	0	1			1	0	0	0	0	2	0				1	1	1	0							1	1	1		10
12	枫华谷	枫华谷	100	1	2	1	1	0	1		1	1024			10	0	0	0	21	1	0	0	0	0	0	0	data\source\maps\枫华谷\枫华谷.jsonmap			0	0	0	388	4	0	0		1	1	16	1	0	0	0		0	0	0	1			1	0	0	0	0	2	0				1	1	1	0							1	1			10
13	金水镇	金水镇	100	1	2	1	1	0	1		1	1000			10	0	0	0	1	1	0	0	0	0	0	0	data\source\maps\金水镇\金水镇.jsonmap			0	0	0	389	4	0	0		1	1	16	1	0	1	1		0	0	0	1			1	1	100	450	450	2	0				1	1	1	0							1	1			10
14	灵霄峡	灵霄峡	100	2	4	0	0	1	128		1	5			2	1	1440	420		0	1	0	128	0	0	0	data\source\maps\灵霄峡\灵霄峡.jsonmap			0	0	0		1	0	0		0	0	16	0	0	0	0		131	0	0	0			1	0	0	0	0	1	1				1	1	1	0			50				1	0			10
15	长安	长安	100	1	2	0	1	0	1		1	1500			10	0	0	0	3	1	0	0	16	0	0	0	data\source\maps\长安\长安.jsonmap			0	0	0	383	1	0	0		0	1	16	1	0	0	1		16	0	0	1			1	0	0	0	0	2	0				1	1	1	0							1	1		3	10
16	七秀	七秀	100	1	2	0	1	0	2		1	1500	1200		10	0	0	0	6	1	0	0	0	0	0	0	data\source\maps\七秀\七秀.jsonmap			0	0	0	379	1	0	0		0	1	16	1	0	0	0		0	0	0	1			1	0	0	0	0	2	0				1	1	1	0							1	1	1		10
17	天工坊	天工坊	100	2	4	0	0	1	128		1	5			2	1	1440	420		0	1	0	128	0	0	0	data\source\maps\天工坊\天工坊.jsonmap			0	0	0		1	0	0		0	0	16	0	0	0	0		131	0	0	0			1	0	0	0	0	1	1				1	1	1	0			50				1	0			10
18	无盐岛	无盐岛	100	2	4	0	0	1	128		1	5			2	1	1440	420		0	1	0	128	0	0	0	data\source\maps\无盐岛\无盐岛.jsonmap			0	0	0		1	0	0		0	0	16	0	0	0	0		131	0	0	0			1	0	0	0	0	1	1				1	1	1	0			50				1	0			10
19	空雾峰	空雾峰	100	2	4	0	0	1	128		1	5			2	1	1440	420		0	1	0	128	0	0	0	data\source\maps\空雾峰\空雾峰.jsonmap			0	0	0		1	0	0		0	0	16	0	0	0	0		131	0	0	0			1	0	0	0	0	1	1				1	1	1	0			50				1	0			10
20	天地三才阵	天地三才阵	100	2	4	0	0	1	4096		1	5			2	1	1440	420		0	1	0	128	0	0	0	data\source\maps\天地三才阵\天地三才阵.jsonmap			0	0	0		1	0	0		0	0	16	0	0	0	0		131	0	0	0			1	0	0	0	0	1	1				1	1	1	0			50				1	0			10
21	巴陵县	巴陵县	100	1	2	1	1	0	1		1	1000			10	0	0	0	21	1	0	0	0	0	0	0	data\source\maps\巴陵县\巴陵县.jsonmap			0	0	0	393	4	0	0		1	1	16	1	0	1	0		0	0	0	1			1	1	100	450	450	2	0				1	1	1	0							1	1			100
22	南屏山	南屏山	100	1	2	1	1	0	1		1	1000			10	0	0	0	22	1	0	0	0	0	0	0	data\source\maps\南屏山\南屏山.jsonmap			0	0	0	392	5	0	0		1	1	16	1	0	1	0		0	0	0	1			1	1	100	450	450	2	0				1	1	1	0							1	1			10
23	龙门荒漠	龙门荒漠	100	1	2	1	1	0	1		1	1200			10	0	0	0	22	1	0	0	0	0	0	0	data\source\maps\龙门荒漠\龙门荒漠.jsonmap			0	0	0	390	4	0	0		1	1	16	1	0	1	0		0	0	0	1			1	1	300	450	450	2	0				1	1	1	0							1	1			10
25	浩气盟	浩气盟	100	1	2	0	1	0	10		1	1400			10	0	0	0		1	0	0	0	0	0	0	data\source\maps\浩气盟\浩气盟.jsonmap			0	0	0	781	5	0	1		0	1	16	1	0	1	0		0	0	0	1			1	1	200	600	600	2	0				1	1	1	0							1	1			10
26	荻花宫前山	荻花宫前山	100	2	4	0	0	1	128		1	5			2	1	1440	420		0	1	0	128	0	0	0	data\source\maps\荻花宫前山\荻花宫前山.jsonmap			0	0	0		1	0	0		0	0	16	0	0	0	0		131	0	0	0			1	0	0	0	0	1	1				1	1	1	0			65				1	0			10
27	恶人谷	恶人谷	100	1	2	0	1	0	10		1	1400			10	0	0	0		1	0	0	0	0	0	0	data\source\maps\恶人谷\恶人谷.jsonmap			0	0	0	406	5	0	1		0	1	16	1	0	1	0		0	0	0	1			1	1	200	600	600	2	0				1	1	1	0							1	1			10
28	日轮山城	日轮山城	100	2	4	0	0	1	128		1	5			2	1	1440	420		0	1	0	128	0	0	0	data\source\maps\日轮山城\日轮山城.jsonmap			0	0	0		1	0	0		0	0	16	0	0	0	0		131	0	0	0			1	0	0	0	0	1	1				1	1	1	0			65				1	0			10
29	五十级云湖天池	五十级云湖天池	100	4	5	0	0	2	512		1	24			10	0	0	0		0	1	0	256	2	160	0	data\source\maps\五十级云湖天池\五十级云湖天池.map			0	0	0		5	0	0		0	0	16	0	0	0	0		256	0	0	1			1	0	0	0	0	2	0				2	0	1	0						7	0	0			10
30	昆仑	昆仑	100	1	2	1	1	0	1		1	1000			10	0	0	0	22	1	0	0	0	0	0	0	data\source\maps\昆仑\昆仑.jsonmap			0	0	0	391	5	0	0		1	1	16	1	0	1	0		0	0	0	1			1	1	100	450	450	2	0				1	1	1	0							1	1			10
31	特殊光照地图1	特殊光照地图2	100	1	2	0	0	0	1		1	64			10	0	0	0		1	0	0	0	0	0	0	data\source\maps\特殊光照地图1\特殊光照地图1.map			0	0	0		1	0	0		0	0	16	0	0	0	0		0	0	0	1			1	0	0	0	0	2	0				1	1	1	0							0	0			10
32	战宝迦兰	战宝迦兰	100	2	6	0	0	1	256		1	10			2	0	4320	420		0	1	0	128	0	0	0	data\source\maps\战宝迦兰\战宝迦兰.jsonmap			0	0	1		1	1	0		0	0	16	0	0	0	0		131	0	0	0			1	0	0	0	0	1	1				1	1	1	0							1	0			10
33	天子峰	天子峰	100	2	4	0	0	1	128		1	5			10	1	1440	420		0	1	0	128	0	0	0	data\source\maps\天子峰\天子峰.jsonmap			0	0	0		1	0	0		0	0	16	0	0	0	0		131	0	0	0			1	0	0	0	0	1	1				1	1	1	0			75				1	0			10
34	风雨稻香村	风雨稻香村	100	2	4	0	0	1	128		1	5			2	1	1440	420		0	1	0	128	0	0	0	data\source\maps\风雨稻香村\风雨稻香村.jsonmap			0	0	0		1	0	0		0	0	16	0	0	0	0		131	0	0	0			1	0	0	0	0	1	1				1	1	1	0			65				1	0			10
35	瞿塘峡	瞿塘峡	100	1	2	1	1	0	1		1	1000			10	0	0	0	22	1	0	0	0	0	0	0	data\source\maps\瞿塘峡\瞿塘峡.jsonmap			0	0	0	789	4	0	0		1	1	16	1	0	1	0		0	0	0	1			1	1	100	450	450	2	0				1	1	1	0							1	1			10
36	英雄天地三才阵	英雄天地三才阵	100	2	4	0	0	1	256		1	5			2	1	1440	420		0	1	0	128	0	0	0	data\source\maps\英雄天地三才阵\英雄天地三才阵.jsonmap			0	0	0		1	0	0		0	0	16	0	0	0	0		131	0	0	0			1	0	0	0	0	1	1				1	1	1	0			65				1	0			10
37	英雄天工坊	英雄天工坊	100	2	4	0	0	1	256		1	5			2	1	1440	420		0	1	0	128	0	0	0	data\source\maps\英雄天工坊\英雄天工坊.jsonmap			0	0	0		1	0	0		0	0	16	0	0	0	0		131	0	0	0			1	0	0	0	0	1	1				1	1	1	0			65				1	0			10
38	神农洇	神农洇	100	4	5	0	0	2	512		1	34			2	0	0	0		0	1	0	0	2	160	0	data\source\maps\神农洇\神农洇.jsonmap			0	0	0		5	0	0		0	0	16	0	0	0	0		256	0	0	1			1	0	0	0	0	2	0				2	0	1	0	1					7	0	0			10
39	四十级云湖天池	四十级云湖天池	100	4	5	0	0	2	512		1	24			2	0	0	0		0	1	0	256	2	160	0	data\source\maps\四十级云湖天池\四十级云湖天池.map			0	0	0		5	0	0		0	0	16	0	0	0	0		256	0	0	1			1	0	0	0	0	2	0				2	0	1	0	1					7	0	0			10
40	英雄荻花宫前山	英雄荻花宫前山	100	2	4	0	0	1	256		1	5			2	1	1440	420		0	1	0	128	0	0	0	data\source\maps\英雄荻花宫前山\英雄荻花宫前山.jsonmap			0	0	0		1	0	0		0	0	16	0	0	0	0		131	0	0	0			1	0	0	0	0	1	1				1	1	1	0			75				1	0			10
41	英雄无盐岛	英雄无盐岛	100	2	4	0	0	1	256		1	5			2	1	1440	420		0	1	0	128	0	0	0	data\source\maps\英雄无盐岛\英雄无盐岛.jsonmap			0	0	0		1	0	0		0	0	16	0	0	0	0		131	0	0	0			1	0	0	0	0	1	1				1	1	1	0			65				1	0			10
42	英雄天子峰	英雄天子峰	100	2	4	0	0	1	256		1	5			2	1	1440	420		0	1	0	128	0	0	0	data\source\maps\英雄天子峰\英雄天子峰.jsonmap			0	0	0		1	0	0		0	0	16	0	0	0	0		131	0	0	0			1	0	0	0	0	1	1				1	1	1	0			95				1	0			10
43	英雄空雾峰	英雄空雾峰	100	2	4	0	0	1	256		1	5			2	1	1440	420		0	1	0	128	0	0	0	data\source\maps\英雄空雾峰\英雄空雾峰.jsonmap			0	0	0		1	0	0		0	0	16	0	0	0	0		131	0	0	0			1	0	0	0	0	1	1				1	1	1	0			65				1	0			10
44	英雄日轮山城	英雄日轮山城	100	2	4	0	0	1	256		1	5			2	1	1440	420		0	1	0	128	0	0	0	data\source\maps\英雄日轮山城\英雄日轮山城.jsonmap			0	0	0		1	0	0		0	0	16	0	0	0	0		131	0	0	0			1	0	0	0	0	1	1				1	1	1	0			75				1	0			10
45	英雄灵霄峡	英雄灵霄峡	100	2	4	0	0	1	256		1	5			2	1	1440	420	2	0	1	0	128	0	0	0	data\source\maps\英雄灵霄峡\英雄灵霄峡.jsonmap			0	0	0		1	0	0		0	0	16	0	0	0	0		131	0	0	0			1	0	0	0	0	1	1				1	1	1	0			65				1	0			10
46	英雄战宝迦兰	英雄战宝迦兰	100	2	6	0	0	1	256		1	25			2	1	10080	6180		0	1	0	128	0	0	0	data\source\maps\英雄战宝迦兰\英雄战宝迦兰.jsonmap			0	0	1		1	1	0		0	0	16	0	0	0	0		131	0	0	0			1	0	0	0	0	1	1				1	1	1	0							1	0			10
47	英雄风雨稻香村	英雄风雨稻香村	100	2	4	0	0	1	256		1	5			2	1	1440	420		0	1	0	128	0	0	0	data\source\maps\英雄风雨稻香村\英雄风雨稻香村.jsonmap			0	0	0		1	0	0		0	0	16	0	0	0	0		131	0	0	0			1	0	0	0	0	1	1				1	1	1	0			75				1	0			10
48	珍珑棋谷	珍珑棋谷	100	4	5	0	0	2	512		1	54			2	0	0	0		0	1	0	0	2	160	0	data\source\maps\珍珑棋谷\珍珑棋谷.jsonmap			0	0	0		5	0	0		0	0	16	0	0	0	0		256	0	0	1			1	0	0	0	0	2	0				2	0	1	0	1					7	0	0			10
49	藏剑山庄	藏剑山庄	100	1	2	0	1	0	2		1	1500	1200		10	0	0	0	4	1	0	0	0	0	0	0	data\source\maps\藏剑山庄\藏剑山庄.jsonmap			0	0	0	1337	1	0	0		0	1	16	1	0	0	0		0	0	0	1			1	0	0	0	0	2	0				1	1	1	0							1	1	1		10
50	丝绸之路	丝绸之路	100	4	5	0	0	2	512		1	54			2	0	0	0		0	1	0	0	2	160	0	data\source\maps\丝绸之路\丝绸之路.jsonmap			0	0	0		5	0	0		0	0	16	0	0	0	0		256	0	0	1			1	0	0	0	0	2	0				2	0	1	0	1					7	0	0			10
51	剑冢	剑冢	100	2	4	0	0	1	128		1	5			10	1	1440	420		0	1	0	128	0	0	0	data\source\maps\剑冢\剑冢.jsonmap			0	0	0		1	0	0		0	0	16	0	0	0	0		131	0	0	0			1	0	0	0	0	1	1				1	1	1	0			50				1	0			10
52	七十级云湖天池	七十级云湖天池	100	4	5	0	0	2	512		1	24			2	0	0	0		0	1	0	0	2	160	0	data\source\maps\七十级云湖天池\七十级云湖天池.jsonmap			0	0	0		5	0	0		0	0	16	0	0	0	0		256	0	0	1			1	0	0	0	0	2	0				2	0	1	0	1					7	0	0			10
53	邀星坪_夜射天狼	邀星坪_夜射天狼	100	4	4	0	0	1	128		1	2			2	1	0	0		0	1	0	131	0	0	0	data\source\maps\邀星坪_夜射天狼\邀星坪_夜射天狼.map			0	0	0		1	0	0		0	0	16	0	0	0	0		131	0	0	0			1	0	0	0	0	1	0				1	1	1	0							0	0			10
55	守株围场_打猎	守株围场_打猎	100	2	4	0	0	1	64		1	2			2	1	0	0		0	1	0	131	0	0	0	data\source\maps\守株围场_打猎\守株围场_打猎.map			0	0	0		1	0	0		0	0	16	0	0	0	0		131	0	0	0			1	0	0	0	0	1	0				1	1	1	0							0	0			10
56	困龙岭_梅花桩	困龙岭_梅花桩	100	2	4	0	0	1	64		1	2			2	1	0	0		0	1	0	131	0	0	0	data\source\maps\困龙岭_梅花桩\困龙岭_梅花桩.map			0	0	0		1	0	0		0	0	16	0	0	0	0		131	0	0	0			1	0	0	0	0	1	0				1	1	1	0							0	0			10
57	陷空坳_宇文宝藏	陷空坳_宇文宝藏	100	2	4	0	0	1	128		1	2			2	1	0	0		0	1	0	131	0	0	0	data\source\maps\陷空坳_宇文宝藏\陷空坳_宇文宝藏.map			0	0	0		1	0	0		0	0	16	0	0	0	0		131	0	0	0			1	0	0	0	0	1	0				1	1	1	0							0	0			10
58	百草园	百草园	100	2	4	0	0	4	512		1	50			10	0	0	0		1	1	0	6	0	0	0	data\source\maps\百草园\百草园.map			0	0	0		1	0	0		0	0	16	0	0	0	0		6	0	0	1			1	0	0	0	0	1	0				1	1	1	0							0	0			10
60	持国天王殿	持国天王殿	100	3	6	0	0	1	256		1	10			10	0	4320	420		0	1	0	128	0	0	0	data\source\maps\持国天王殿\持国天王殿.jsonmap			0	0	0		1	1	0		0	0	16	0	0	0	0		131	0	0	0			1	0	0	0	0	1	1				1	1	1	0							1	0			10
61	宫中神武遗迹	宫中神武遗迹	100	3	6	0	0	1	256		1	10			10	0	4320	420		0	1	0	128	0	0	0	data\source\maps\宫中神武遗迹\宫中神武遗迹.jsonmap			0	0	0		1	1	0		0	0	16	0	0	0	0		131	0	0	0			1	0	0	0	0	1	1				1	1	1	0							1	0			10
62	英雄剑冢	英雄剑冢	100	2	4	0	0	1	256		1	5			2	1	1440	420		0	1	0	128	0	0	0	data\source\maps\英雄剑冢\英雄剑冢.jsonmap			0	0	0		1	0	0		0	0	16	0	0	0	0		131	0	0	0			1	0	0	0	0	1	1				1	1	1	0			105				1	0			10
63	英雄宫中神武遗迹	英雄宫中神武遗迹	100	3	6	0	0	1	256		1	25			2	1	10080	6180		0	1	0	128	0	0	0	data\source\maps\英雄宫中神武遗迹\英雄宫中神武遗迹.jsonmap			0	0	0		1	1	0		0	0	16	0	0	0	0		131	0	0	0			1	0	0	0	0	1	1				1	1	1	0							1	0			10
64	25人普通宫中神武遗迹	25人普通宫中神武遗迹	100	3	6	0	0	1	256		1	25			2	1	10080	6180		0	1	0	128	0	0	0	data\source\maps\25人普通宫中神武遗迹\25人普通宫中神武遗迹.jsonmap			0	0	0		1	1	0		0	0	16	0	0	0	0		131	0	0	0			1	0	0	0	0	1	1				1	1	1	0							1	0			10
65	25人普通持国天王殿	25人普通持国天王殿	100	3	6	0	0	1	256		1	25			2	1	10080	6180		0	1	0	128	0	0	0	data\source\maps\25人普通持国天王殿\25人普通持国天王殿.jsonmap			0	0	0		1	1	0		0	0	16	0	0	0	0		131	0	0	0			1	0	0	0	0	1	1				1	1	1	0							1	0			10
66	英雄持国天王殿	英雄持国天王殿	100	3	6	0	0	1	256		1	25			2	1	10080	6180		0	1	0	128	0	0	0	data\source\maps\英雄持国天王殿\英雄持国天王殿.jsonmap			0	0	0		1	1	0		0	0	16	0	0	0	0		131	0	0	0			1	0	0	0	0	1	1				1	1	1	0							1	0			10
67	荻花宫后山	荻花宫后山	100	3	6	0	0	1	256		1	10			2	0	4320	6180		0	1	0	128	0	0	0	data\source\maps\荻花宫后山\荻花宫后山.jsonmap			0	0	0		1	1	0		0	0	16	0	0	0	0		131	0	0	0			1	0	0	0	0	1	1				1	1	1	0							1	0			10
68	荻花圣殿	荻花圣殿	100	3	6	0	0	1	256		1	10			2	0	4320	420		1	1	0	128	0	0	0	data\source\maps\荻花圣殿\荻花圣殿.jsonmap			0	0	1		1	1	0		0	0	16	0	0	0	0		131	0	0	0			1	0	0	0	0	1	1				1	1	1	0							1	0			10
69	10人英雄荻花圣殿	10人英雄荻花圣殿	100	3	6	0	0	1	256		1	10			2	1	4320	420		0	1	0	128	0	0	0	data\source\maps\10人英雄荻花圣殿\10人英雄荻花圣殿.jsonmap			0	0	1		1	1	0		0	0	16	0	0	0	0		131	0	0	0			1	0	0	0	0	1	1				1	1	1	0							1	0			10
70	25人普通荻花圣殿	25人普通荻花圣殿	100	3	6	0	0	1	256		1	25			2	1	10080	6180		1	1	0	128	0	0	0	data\source\maps\25人普通荻花圣殿\25人普通荻花圣殿.jsonmap			0	0	1		1	1	0		0	0	16	0	0	0	0		131	0	0	0			1	0	0	0	0	1	1				1	1	1	0							1	0			10
71	仙踪林	仙踪林	100	2	4	0	0	1	128		1	5			2	1	1440	420		0	1	0	128	0	0	0	data\source\maps\仙踪林\仙踪林.jsonmap			0	0	0		1	1	0		0	0	16	0	0	0	0		131	0	0	0			1	0	0	0	0	1	1				1	1	1	0							1	0			10
72	25人英雄荻花圣殿	25人英雄荻花圣殿	100	3	6	0	0	1	256		1	25			2	1	10080	6180		0	1	0	128	0	0	0	data\source\maps\25人英雄荻花圣殿\25人英雄荻花圣殿.jsonmap			0	0	1		1	1	0		0	0	16	0	0	0	0		131	0	0	0			1	0	0	0	0	1	1				1	1	1	0							1	0			10
73	英雄荻花宫后山	英雄荻花宫后山	100	3	6	0	0	1	256		1	10			2	1	4320	6180		0	1	0	128	0	0	0	data\source\maps\英雄荻花宫后山\英雄荻花宫后山.jsonmap			0	0	0		1	1	0		0	0	16	0	0	0	0		131	0	0	0			1	0	0	0	0	1	1				1	1	1	0							1	0			10
74	帮会领地	帮会领地	100	1	4	0	1	4	900	590	1	900			1	0	0	0		1	1	0	6	2	0	0	data\source\maps\帮会领地\帮会领地.jsonmap			0	0	0		1	0	0		0	0	16	0	0	0	1		6	0	0	1			1	0	300	300	300	1	0				1	1	1	0				1			1	1			10
75	毒神殿	毒神殿	100	2	4	0	0	1	128		1	5			2	1	1440	420		0	1	0	128	0	0	0	data\source\maps\毒神殿\毒神殿.jsonmap			0	0	0		1	1	0		0	0	16	0	0	0	0		131	0	0	0			1	0	0	0	0	1	1				1	1	1	0							1	0			10
100	白龙口	白龙口	100	1	2	1	1	0	1		1	1000			10	0	0	0	23	1	0	0	0	0	0	0	data\source\maps\白龙口\白龙口.jsonmap			0	0	0	1854	4	0	0		1	1	16	1	0	1	0		0	0	0	1			1	1	100	450	450	2	0				1	1	1	0							1	1			10
101	无量山	无量山	100	1	2	1	1	0	1		1	1000			10	0	0	0	23	1	0	0	0	0	0	0	data\source\maps\无量山\无量山.jsonmap			0	0	0	1861	4	0	0		1	1	16	1	0	1	0		0	0	0	1			1	1	100	450	450	2	0				1	1	1	0							1	1			10
102	五毒	五毒	100	1	2	0	1	0	2		1	1500	1200		10	0	0	0	11	1	0	0	0	0	0	0	data\source\maps\五毒\五毒.jsonmap			0	0	0	1876	1	0	0		0	1	16	1	0	0	0		0	0	0	1			1	0	0	0	0	2	0				1	1	1	0							1	1	1		10
103	融天岭	融天岭	100	1	2	1	1	0	1		1	1000			10	0	0	0	23	1	0	0	0	0	0	0	data\source\maps\融天岭\融天岭.jsonmap			0	0	0	1817	4	0	0		1	1	16	1	0	1	0		0	0	0	1			1	1	100	450	450	2	0				1	1	1	0							1	1			10
104	黑龙沼	黑龙沼	100	1	2	1	1	0	1		1	1000			10	0	0	0	23	1	0	0	0	0	0	0	data\source\maps\黑龙沼\黑龙沼.jsonmap			0	0	0	1832	4	0	0		1	1	16	1	0	1	0		0	0	0	1			1	1	100	450	450	2	0				1	1	1	0							1	1			10
105	苍山洱海	苍山洱海	100	1	2	1	1	0	1		1	1000			10	0	0	0		1	0	0	0	0	0	0	data\source\maps\苍山洱海\苍山洱海.jsonmap			0	0	0	6442	4	0	0		1	1	16	1	0	1	0		0	0	0	1			1	1	100	450	450	2	0				1	1	1	0							1	1			10
106	法王窟	法王窟	100	2	4	0	0	1	128		1	5			10	1	1440	420		0	1	0	128	0	0	0	data\source\maps\法王窟\法王窟.jsonmap			0	0	0		1	1	0		0	0	16	0	0	0	0		131	0	0	0			1	0	0	0	0	1	1				1	1	1	0							1	0			10
107	无量宫	无量宫	100	2	4	0	0	1	128		1	5			2	1	1440	420		0	1	0	128	0	0	0	data\source\maps\无量宫\无量宫.jsonmap			0	0	0		1	0	0		0	0	16	0	0	0	0		131	0	0	0			1	0	0	0	0	1	1				1	1	1	0							1	0			10
108	成都	成都	100	1	2	0	1	0	1		1	1200	1150		10	0	0	0	23	1	0	0	16	0	0	0	data\source\maps\成都\成都.jsonmap			0	0	0	1807	1	0	0		0	1	16	1	0	0	1		16	0	0	1			1	0	0	0	0	2	0				1	1	1	0				1			1	1		4	10
109	龙渊泽	龙渊泽	100	3	6	0	1	1	320		1	10			2	0	4320	420		0	1	0	128	0	0	0	data\source\maps\龙渊泽\龙渊泽.jsonmap			0	0	0		1	1	0		0	0	16	0	0	0	0		131	0	0	0			1	0	0	0	0	1	1				1	1	1	0							1	0			10
110	寂灭厅	寂灭厅	100	2	4	0	0	1	128		1	5			2	1	1440	420		0	1	0	128	0	0	0	data\source\maps\寂灭厅\寂灭厅.jsonmap			0	0	1		1	0	0		0	0	16	0	0	0	0		131	0	0	0			1	0	0	0	0	1	1				1	1	1	0							1	0			10
111	英雄仙踪林	英雄仙踪林	100	2	4	0	0	1	320		1	5			2	1	1440	420		0	1	0	128	0	0	0	data\source\maps\英雄仙踪林\英雄仙踪林.jsonmap			0	0	0		1	1	0		0	0	16	0	0	0	0		131	0	0	0			1	0	0	0	0	1	1				1	1	1	0			80				1	0			10
112	英雄毒神殿	英雄毒神殿	100	2	4	0	0	1	320		1	5			2	1	1440	420		0	1	0	128	0	0	0	data\source\maps\英雄毒神殿\英雄毒神殿.jsonmap			0	0	0		1	1	0		0	0	16	0	0	0	0		131	0	0	0			1	0	0	0	0	1	1				1	1	1	0			80				1	0			10
113	英雄寂灭厅	英雄寂灭厅	100	2	4	0	0	1	320		1	5			2	1	1440	420		0	1	0	128	0	0	0	data\source\maps\英雄寂灭厅\英雄寂灭厅.jsonmap			0	0	1		1	0	0		0	0	16	0	0	0	0		131	0	0	0			1	0	0	0	0	1	1				1	1	1	0			80				1	0			10
114	英雄无量宫	英雄无量宫	100	2	4	0	0	1	320		1	5			2	1	1440	420		0	1	0	128	0	0	0	data\source\maps\英雄无量宫\英雄无量宫.jsonmap			0	0	0		1	0	0		0	0	16	0	0	0	0		131	0	0	0			1	0	0	0	0	1	1				1	1	1	0			80				1	0			10
115	英雄法王窟	英雄法王窟	100	2	4	0	0	1	320		1	5			2	1	1440	420		0	1	0	128	0	0	0	data\source\maps\英雄法王窟\英雄法王窟.jsonmap			0	0	0		1	1	0		0	0	16	0	0	0	0		131	0	0	0			1	0	0	0	0	1	1				1	1	1	0			80				1	0			10
116	低级仙踪林	低级仙踪林	100	2	4	0	0	1	128		1	5			2	1	1440	420		0	1	0	128	0	0	0	data\source\maps\低级仙踪林\低级仙踪林.jsonmap			0	0	0		1	1	0		0	0	16	0	0	0	0		131	0	0	0			1	0	0	0	0	1	1				1	1	1	0			50				1	0			10
117	25人英雄龙渊泽	25人英雄龙渊泽	100	3	6	0	1	1	256		1	25			2	1	10080	6180		0	1	0	128	0	0	0	data\source\maps\25人英雄龙渊泽\25人英雄龙渊泽.jsonmap			0	0	0		1	1	0		0	0	16	0	0	0	0		131	0	0	0			1	0	0	0	0	1	1				1	1	1	0							1	0			10
118	25人普通龙渊泽	25人普通龙渊泽	100	3	6	0	1	1	256		1	25			2	1	10080	6180		0	1	0	128	0	0	0	data\source\maps\25人普通龙渊泽\25人普通龙渊泽.jsonmap			0	0	0		1	1	0		0	0	16	0	0	0	0		131	0	0	0			1	0	0	0	0	1	1				1	1	1	0							1	0			10
119	10人英雄龙渊泽	10人英雄龙渊泽	100	3	6	0	1	1	256		1	10			2	1	4320	420		0	1	0	128	0	0	0	data\source\maps\10人英雄龙渊泽\10人英雄龙渊泽.jsonmap			0	0	0		1	1	0		0	0	16	0	0	0	0		131	0	0	0			1	0	0	0	0	1	1				1	1	1	0							1	0			10
120	荻花洞窟	荻花洞窟	100	3	6	0	0	1	256		1	10			2	0	4320	420		0	1	0	128	0	0	0	data\source\maps\荻花洞窟\荻花洞窟.jsonmap			0	0	1		1	1	0		0	0	16	0	0	0	0		131	0	0	0			1	0	0	0	0	1	1				1	1	1	0							1	0			10
121	英雄神农洇	英雄神农洇	100	4	5	0	0	2	512		1	34			2	0	0	0		0	1	0	256	2	160	0	data\source\maps\英雄神农洇\英雄神农洇.map			0	0	0		5	0	0		0	0	16	0	0	0	0		256	0	0	0			1	0	0	0	0	2	0				2	0	1	0						7	0	0			10
122	唐门	唐门	100	1	2	0	1	0	2		1	1500	1200		10	0	0	0	8	1	0	0	0	0	0	0	data\source\maps\唐门\唐门.jsonmap			0	0	0	2705	1	0	0		0	1	16	1	0	0	0		0	0	0	1			1	0	0	0	0	2	0				1	1	1	0				1			1	1	1		10
123	低级唐门密室	低级唐门密室	100	3	4	0	0	1	128		1	5			10	1	1440	420		0	1	0	128	0	0	0	data\source\maps\低级唐门密室\低级唐门密室.jsonmap			0	0	0		1	1	0		0	0	16	0	0	0	0		131	0	0	0			1	0	0	0	0	1	1				1	1	1	0			50				1	0			10
125	唐门密室	唐门密室	100	3	4	0	0	1	320		1	5			2	1	1440	420		0	1	0	128	0	0	0	data\source\maps\唐门密室\唐门密室.jsonmap			0	0	1		1	0	0		0	0	16	0	0	0	0		131	0	0	0			1	0	0	0	0	1	1				1	1	1	0			90				1	0			10
126	神剑冢	神剑冢	100	3	6	0	0	1	256		1	25			10	0	1440	420		0	1	0	131	0	0	0	data\source\maps\神剑冢\神剑冢.jsonmap			0	0	1		1	1	0		0	0	16	0	0	0	0		131	0	0	0			1	0	0	0	0	1	0				1	1	1	0						7	1	0			10
127	天山碎冰谷	天山碎冰谷	100	4	1	0	0	2	2048		1	1024			2	0	0	0		0	0	0	8	2	0	0	data\source\maps\天山碎冰谷\天山碎冰谷.jsonmap			0	0	0		4	0	0		0	0	1	0	1	0	0		8	0	0	0	1		1	0	0	0	0	4	0				2	0	1	0						7	0	0			10
128	乐山大佛窟	乐山大佛窟	100	4	1	0	0	2	2048		1	1024			2	0	0	0		0	0	0	8	2	0	0	data\source\maps\乐山大佛窟\乐山大佛窟.jsonmap			0	0	0		4	0	0		0	0	1	0	1	0	0		8	0	0	0	1		1	0	0	0	0	4	0				2	0	1	0						7	0	0			10
129	华山之巅	华山之巅	100	4	1	0	0	2	2048		1	1024			2	0	0	0		0	0	0	8	2	0	0	data\source\maps\华山之巅\华山之巅.jsonmap			0	0	0		4	0	0		0	0	1	0	1	0	0		8	0	0	0	1		1	0	0	0	0	4	0				2	0	1	0						7	0	0			10
130	英雄荻花洞窟	英雄荻花洞窟	100	3	6	0	0	1	256		1	25			2	1	10080	6180		0	1	0	128	0	0	0	data\source\maps\英雄荻花洞窟\英雄荻花洞窟.jsonmap			0	0	1		1	1	0		0	0	16	0	0	0	0		131	0	0	0			1	0	0	0	0	1	1				1	1	1	0							1	0			10
131	持国天王回忆录	持国天王回忆录	100	3	4	0	0	1	320		1	10			2	0	4320	420		0	1	0	128	0	0	0	data\source\maps\持国天王回忆录\持国天王回忆录.jsonmap			0	0	1		1	1	0				16				0		131	0	0	0			1	0	0	0	0	1	1				1	1	1	0							1	0			10
133	25人英雄烛龙殿	25人英雄烛龙殿	100	3	6	0	0	1	512		1	25			2	1	10080	6180		0	1	0	128	0	0	0	data\source\maps\25人英雄烛龙殿\25人英雄烛龙殿.jsonmap			0	0	1		1	1	0		0	0	16	0	0	0	0		128	0	0	0			1	0	0	0	0	1	1				1	1	1	0							1	0			10
134	烛龙殿	烛龙殿	100	3	6	0	0	1	256		1	10			10	0	4320	420		0	1	0	128	0	0	0	data\source\maps\烛龙殿\烛龙殿.jsonmap			0	0	1		1	1	0		0	0	16	0	0	0	0		128	0	0	0			1	0	0	0	0	1	1				1	1	1	0							1	0			10
135	三国古战场	三国古战场	100	4	5	0	0	2	512		1	34			2	0	0	0		0	1	0	0	2	160	0	data\source\maps\三国古战场\三国古战场.jsonmap			0	0	0		5	0	0		0	0	16	0	0	0	0		256	0	0	1			1	0	0	0	0	2	0				2	0	1	0	1					7	0	0			10
136	会战唐门	会战唐门	100	3	6	0	0	1	256		1	10			10	0	4320	420		0	1	0	128	0	0	0	data\source\maps\会战唐门\会战唐门.jsonmap			0	0	1		1	1	0		0	0	16	0	0		0		131	0	0	0			1	0	0	0	0	1	1				1	1	1	0							1	0			10
137	大漠楼兰	大漠楼兰	100	4	1	0	0	2	2048		1	1024			2	0	0	0		0	1	0	8	2	0	0	data\source\maps\大漠楼兰\大漠楼兰.map			0	0	0		4	1	0		0	0	1	0	1	0	0		8	0	1	0	1		1	0	0	0	0	4	0				2	0	1	0						7	0	0			10
138	25人英雄会战唐门	25人英雄会战唐门	100	3	6	0	0	1	256		1	25			2	1	10080	6180		0	1	0	128	0	0	0	data\source\maps\25人英雄会战唐门\25人英雄会战唐门.jsonmap			0	0	1		1	1	0		0	0	16	0	0		0		131	0	0	0			1	0	0	0	0	1	1				1	1	1	0							1	0			10
139	枫华谷_安史之乱	枫华谷·战乱	100	1	2	1	1	0	1		1	1000			10	0	0	0	24	1	0	0	0	0	0	0	data\source\maps\枫华谷_安史之乱\枫华谷_安史之乱.jsonmap			0	0	0	3478	4	0	0		1	1	16	1	0	1	0		0	0	0	1			1	1	100	450	450	2	0				1	1	1	0							1	1			10
140	南诏皇宫	南诏皇宫	100	3	6	0	0	1	256		1	10			10	0	4320	420		0	1	0	128	0	0	0	data\source\maps\南诏皇宫\南诏皇宫.jsonmap			0	0	1		1	1	0		0	0	16	0	0		0		131	0	0	0			1	0	0	0	0	1	1				1	1	1	0							1	0			10
141	光明顶秘道	光明顶秘道	100	3	4	0	0	1	320		1	5			2	1	1440	420		0	1	0	128	0	0	0	data\source\maps\光明顶秘道\光明顶秘道.jsonmap			0	0	1		1	0	0		0	0	16	0	0	0	0		131	0	0	0			1	0	0	0	0	1	1				1	1	1	0			90				1	0			10
142	低级光明顶秘道	低级光明顶秘道	100	3	4	0	0	1	128		1	5			2	1	1440	420		0	1	0	128	0	0	0	data\source\maps\低级光明顶秘道\低级光明顶秘道.jsonmap			0	0	1		1	1	0		0	0	16	0	0	0	0		131	0	0	0			1	0	0	0	0	1	1				1	1	1	0			50				1	0			10
143	试炼秘境1	试炼之地	100	1	2	0	0	1	1024		1	1			1	1	0	0		0	0	0	32	0	0	0	data\source\maps\试炼秘境1\试炼秘境1.jsonmap			0	0	0		1	0	0	0	0	0	2	0	0	0	0		32	1	0	0			1	0	0	0	0	1	0				1	1	1	0							0	0			10
144	试炼秘境2	试炼之地	100	1	2	0	0	1	1024		1	1			1	1	0	0		0	0	0	32	0	0	0	data\source\maps\试炼秘境2\试炼秘境2.jsonmap			0	0	0		1	0	0	0	0	0	2	0	0	0	0		32	1	0	0			1	0	0	0	0	1	0				1	1	1	0							0	0			10
145	试炼秘境3	试炼之地	100	1	2	0	0	1	1024		1	1			1	1	0	0		0	0	0	32	0	0	0	data\source\maps\试炼秘境3\试炼秘境3.jsonmap			0	0	0		1	0	0	0	0	0	2	0	0	0	0		32	1	0	0			1	0	0	0	0	1	0				1	1	1	0							0	0			10
146	试炼秘境4	试炼之地	100	1	2	0	0	1	1024		1	1			1	1	0	0		0	0	0	32	0	0	0	data\source\maps\试炼秘境4\试炼秘境4.jsonmap			0	0	0		1	0	0	0	0	0	2	0	0	0	0		32	1	0	0			1	0	0	0	0	1	0				1	1	1	0							0	0			10
147	试炼秘境5	试炼之地	100	1	2	0	0	1	1024		1	1			1	1	0	0		0	0	0	32	0	0	0	data\source\maps\试炼秘境5\试炼秘境5.jsonmap			0	0	0		1	0	0	0	0	0	2	0	0	0	0		32	1	0	0			1	0	0	0	0	1	0				1	1	1	0							0	0			10
148	英雄持国回忆录	英雄持国回忆录	100	3	4	0	0	1	320		1	25			2	1	10080	6180		0	1	0	128	0	0	0	data\source\maps\英雄持国回忆录\英雄持国回忆录.jsonmap			0	0	1		1	1	0				16				0		131	0	0	0			1	0	0	0	0	1	1				1	1	1	0							1	0			10
149	帮会约战	雪原争锋	100	4	5	0	0	2	2048		1	54			2	0	0	0		0	1	0	256	216	160	0	data\source\maps\帮会约战\帮会约战.jsonmap			0	0	0		5	0	0		0	0	16	0	0	0	0		256	0	0	1			1	0	0	0	0	2	0	1			1	1	1	0						7	0	0			10
150	明教	明教	100	1	2	0	1	0	2		1	1500	1200		10	0	0	0	13	1	0	0	0	0	0	0	data\source\maps\明教\明教.jsonmap			0	0	0	3294	1	0	0		0	1	16	1	0	0	0		0	0	0	1			1	0	0	0	0	2	0				1	1	1	0							1	1	1		10
151	洛阳_安史之乱	洛阳·战乱	100	1	2	1	1	0	1		1	1000	900		10	0	0	0	24	1	0	0	0	0	0	0	data\source\maps\洛阳_安史之乱\洛阳_安史之乱.jsonmap			0	0	0	3460	4	0	0	0	1	1	16	1	0	0	0		0	0	0	1			1	1	100	450	450	2	0				1	1	1	0							1	1			10
152	大唐监狱	大唐监狱	100	1	2	1	1	0	1		1	1500			10	0	0	0		1	0	0	64	2	0	0	data\source\maps\大唐监狱\大唐监狱.jsonmap			0	0	0		4	0	0		0	0	16	0	0	0	0		64	0	0	1			1	0	0	0	0	2	0				1	1	1	0							0	0			10
153	马嵬驿	马嵬驿	100	1	2	1	1	0	1		1	1000			10	0	0	0	24	1	0	0	0	0	0	0	data\source\maps\马嵬驿\马嵬驿.jsonmap			0	0	0	3484	4	0	0	0	1	1	16	1	0	1	1		0	0	0	1			1	1	100	450	450	2	0				1	1	1	0							1	1			10
155	英雄南诏皇宫	英雄南诏皇宫	100	3	6	0	0	1	256		1	25			2	1	10080	6180		0	1	0	128	0	0	0	data\source\maps\英雄南诏皇宫\英雄南诏皇宫.jsonmap			0	0	1		1	1	0		0	0	16	0	0	0	0		131	0	0	0			1	0	0	0	0	1	1				1	1	1	0							1	0			10
156	长安_安史之乱	长安·战乱	100	1	2	1	1	0	1		1	1800	1770		10	0	0	0	24	1	0	0	0	0	0	0	data\source\maps\长安_安史之乱\长安_安史之乱.jsonmap			0	0	0	3466	4	0	0	0	1	1	16	1	0	0	0		0	0	0	1			1	0	0	0	0	2	0				1	1	1	0							1	1			10
157	英雄一线天	英雄一线天	100	3	4	0	0	1	400		1	5			10	1	1440	420		0	1	0	128	0	0	0	data\source\maps\英雄一线天\英雄一线天.jsonmap			0	0	1		1	0	0		0	0	16	0	0	0	0		131	0	0	0			1	0	0	0	0	1	1				1	1	1	0			120				1	0			10
158	天策_安史之乱	天策·战乱	100	1	2	1	1	0	1		1	1800	1500		10	0	0	0	24	1	0	0	0	0	0	0	data\source\maps\天策_安史之乱\天策_安史之乱.jsonmap			0	0	0	3472	1	0	0	0	0	1	16	1	0	0	0		0	0	0	1			1	0	0	0	0	2	0				1	1	1	0							1	1			10
159	丐帮	丐帮	100	1	2	0	1	0	2		1	1500	1200		10	0	0	0	14	1	0	0	0	0	0	0	data\source\maps\丐帮\丐帮.jsonmap			0	0	0	3454	1	0	0		0	1	16	1	0	0	0		131	0	0	1			1	0	0	0	0	2	0				1	1	1	0				1			1	1	1		10
160	战宝军械库	战宝军械库	100	3	6	0	0	1	256		1	10			2	0	4320	420		0	1	0	128	0	0	0	data\source\maps\战宝军械库\战宝军械库.jsonmap			0	0	1		1	1	0		0	0	16	0	0		0		131	0	0	0			1	0	0	0	0	1	1				1	1	1	0							1	0			10
161	华清宫	华清宫	100	3	4	0	0	1	320		1	5			10	1	1440	420		0	1	0	128	0	0	0	data\source\maps\华清宫\华清宫.jsonmap			0	0	1		1	0	0		0	0	16	0	0	0	0		131	0	0	0			1	0	0	0	0	1	1				1	1	1	0							1	0			10
162	英雄华清宫	英雄华清宫	100	3	4	0	0	1	400		1	5			10	1	1440	420		0	1	0	128	0	0	0	data\source\maps\英雄华清宫\英雄华清宫.jsonmap			0	0	1		1	0	0		0	0	16	0	0	0	0		131	0	0	0			1	0	0	0	0	1	1				1	1	1	0			120				1	0			10
163	华清宫回忆录	华清宫回忆录	100	3	4	0	0	1	400		1	5			10	1	1440	420		0	1	0	128	0	0	0	data\source\maps\华清宫回忆录\华清宫回忆录.jsonmap			0	0	1		1	0	0		0	0	16	0	0	0	0		131	0	0	0			1	0	0	0	0	1	1				1	1	1	0			120				1	0			10
164	大明宫	大明宫	100	3	6	0	0	1	256		1	10			10	0	4320	420		0	1	0	128	0	0	0	data\source\maps\大明宫\大明宫.jsonmap			0	0	1		1	1	0		0	0	16	0	0	0	0		128	0	0	0			1	0	0	0	0	1	1				1	1	1	0							1	0			10
165	英雄大明宫	英雄大明宫	100	3	6	0	0	1	256		1	25			2	1	10080	6180		0	1	0	128	0	0	0	data\source\maps\英雄大明宫\英雄大明宫.jsonmap			0	0	1		1	1	0		0	0	16	0	0	0	0		128	0	0	0			1	0	0	0	0	1	1				1	1	1	0							1	0			10
167	一线天	一线天	100	3	4	0	0	1	320		1	5			10	1	1440	420		0	1	0	128	0	0	0	data\source\maps\一线天\一线天.jsonmap			0	0	1		1	0	0		0	0	16	0	0	0	0		131	0	0	0			1	0	0	0	0	1	1				1	1	1	0							1	0			10
169	流离岛	流离岛	100	3	4	0	0	1	320		1	5			10	1	1440	420		0	1	0	128	0	0	0	data\source\maps\流离岛\流离岛.jsonmap			0	0	1		1	0	0		0	0	16	0	0	0	0		131	0	0	0			1	0	0	0	0	1	1				1	1	1	0			50				1	0			10
170	英雄流离岛	英雄流离岛	100	3	4	0	0	1	400		1	5			10	1	1440	420		0	1	0	128	0	0	0	data\source\maps\英雄流离岛\英雄流离岛.jsonmap			0	0	1		1	0	0		0	0	16	0	0	0	0		131	0	0	0			1	0	0	0	0	1	1				1	1	1	0			120				1	0			10
171	英雄战宝军械库	英雄战宝军械库	100	3	6	0	0	1	256		1	25			2	1	10080	6180		0	1	0	128	0	0	0	data\source\maps\英雄战宝军械库\英雄战宝军械库.jsonmap			0	0	1		1	1	0		0	0	16	0	0	0	0		131	0	0	0			1	0	0	0	0	1	1				1	1	1	0							1	0			10
172	长安内城	长安城	100	1	2	0	1	0	1		1	1800	1750		10	0	0	0		1	0	0	16	0	0	0	data\source\maps\长安内城\长安内城.jsonmap			0	0	0	3847	1	0	0		0	1	16	1	0	0	1		16	0	0	0			1	0	0	0	0	2	0				1	1	1	0							1	0		5	10
173	齐物阁	齐物阁	100	4	3	0	0	2	512		1	27			2	0	0	0		0	1	0	8	1	0	0	data\source\maps\齐物阁\齐物阁.map			0	0	0		5	0	0		0	0	1	0	0	0	0		8	0	0	0	1	1	1	0	0	0	0	2	0				2	0	1	0						7	0	0			10
174	迷仙引	迷仙引	100	1	2	0	0	1	1024		1	2			10	0	0	0		1	0	0	131	0	0	0	data\source\maps\迷仙引\迷仙引.jsonmap			0	0	0		1	0	0		0	0	16	0	0	0	0		131	0	0	0			1	0	0	0	0	1	0				1	1	1	0							0	0			10
175	血战天策	血战天策	100	3	6	0	0	1	256		1	10			10	0	4320	420		0	1	0	128	0	0	0	data\source\maps\血战天策\血战天策.jsonmap			0	0	1		1	1	0		0	0	16	0	0	0	0		128	0	0	0			1	0	0	0	0	1	1				1	1	1	0							1	0			10
176	英雄血战天策	英雄血战天策	100	3	6	0	0	1	256		1	25			2	1	10080	6180		0	1	0	128	0	0	0	data\source\maps\英雄血战天策\英雄血战天策.jsonmap			0	0	1		1	1	0		0	0	16	0	0	0	0		128	0	0	0			1	0	0	0	0	1	1				1	1	1	0							1	0			10
177	风雪稻香村	风雪稻香村	100	3	6	0	0	1	256		1	10			10	0	4320	420	16	0	1	0	128	0	0	0	data\source\maps\风雪稻香村\风雪稻香村.jsonmap			0	0	1		1	1	0		0	0	16	0	0	0	0		128	0	0	0			1	0	0	0	0	1	1				1	1	1	0							1	0			10
178	英雄风雪稻香村	英雄风雪稻香村	100	3	6	0	0	1	256		1	25			2	1	10080	6180		0	1	0	128	0	0	0	data\source\maps\英雄风雪稻香村\英雄风雪稻香村.jsonmap			0	0	1		1	1	0		0	0	16	0	0	0	0		128	0	0	0			1	0	0	0	0	1	1				1	1	1	0							1	0			10
179	直城门	直城门	100	3	4	0	0	1	400		1	5			10	1	1440	420		0	1	0	128	0	0	0	data\source\maps\直城门\直城门.jsonmap			0	0	1		1	0	0		0	0	16	0	0	0	0		131	0	0				1	0	0	0	0	1	1				1	1	1	0			120				1	0			10
181	狼影殿	狼影殿	100	4	3	0	0	2	512		1	45			2	0	0	0		0	1	0	8	475	0	0	data\source\maps\狼影殿\狼影殿.map			0	0	0		5	0	0		0	0	1	0	0	0	0		8	0	0	0	1	1	1	0	0	0	0	2	0				2	0	1	0						7	0	0			10
182	秦皇陵	秦皇陵	100	3	6	0	0	1	256		1	10			10	0	4320	420		0	1	0	128	0	0	0	data\source\maps\秦皇陵\秦皇陵.jsonmap			0	0	1		1	1	0		0	0	16	0	0	0	0		128	0	0	0			1					1	1				1	1	1	0							1	0			10
183	英雄秦皇陵	英雄秦皇陵	100	3	6	0	0	1	256		1	25			2	1	10080	6180		0	1	0	128	0	0	0	data\source\maps\英雄秦皇陵\英雄秦皇陵.jsonmap			0	0	1		1	1	0		0	0	16	0	0	0	0		128	0	0	0			1					1	1				1	1	1	0							1	0			10
184	墨家秘殿	墨家秘殿	100	3	4	0	0	1	320		1	5			10	1	1440	420		0	1	0	128	0	0	0	data\source\maps\墨家秘殿\墨家秘殿.jsonmap			0	0	1		1	0	0		0	0	16	0	0	0	0		131	0	0				1	0	0	0	0	1	1				1	1	1	0			120				1	0			10
186	冷香丘	浮香丘	100	4	5	0	0	2	512		1	34			2	0	0	0		0	1	0	0	2	160	0	data\source\maps\冷香丘\冷香丘.jsonmap			0	0	0		5	0	0		0	0	16	0	0	0	0		256	0	0	1			1	0	0	0	0	2	0				2	0	1	0	1					7	0	0			10
187	春明门	春明门	100	3	4	0	0	1	256		1	5			10	1	1440	420		0	1	0	128	0	0	0	data\source\maps\春明门\春明门.jsonmap			0	0	1		1	1	0	0	0	0	16	0	0	0	0		131	0	0	0								1	1				1	1	1	0			120				1	0			10
189	寻宝洞_野人谷	藏宝洞·野人谷	100	2	4	0	0	1	1024		1	5			2	0	1440	420		0	1	0	130	0	0	0	data\source\maps\寻宝洞_野人谷\寻宝洞_野人谷.jsonmap			0	0	0		1	0	0		0	0	16	0	0	0	0		131	0	0	0			1	0	0	0	0	1	0				1	1	1	0							0	0			10
190	寻宝洞_夜狼山	藏宝洞·夜狼山	100	2	4	0	0	1	1024		1	5			2	0	1440	420		0	1	0	130	0	0	0	data\source\maps\寻宝洞_夜狼山\寻宝洞_夜狼山.jsonmap			0	0	0		1	0	0		0	0	16	0	0	0	0		131	0	0	0			1	0	0	0	0	1	0				1	1	1	0							0	0			10
191	太原之战_夜守孤城	太原之战·夜守孤城	100	4	6	0	0	1	256		1	10			10	0	4320	420		0	1	0	128	0	0	0	data\source\maps\太原之战_夜守孤城\太原之战_夜守孤城.jsonmap			0	0	1		1	1	0		0	0	16	0	0	0	0		128	0	0	0			1					1	1				1	1	1	0							1	0			10
192	太原之战_逐虎驱狼	太原之战·逐虎驱狼	100	3	6	0	0	1	256		1	10			10	0	4320	420		0	1	0	128	0	0	0	data\source\maps\太原之战_逐虎驱狼\太原之战_逐虎驱狼.jsonmap			0	0	1		1	1	0		0	0	16	0	0	0	0		128	0	0	0			1					1	1				1	1	1	0							1	0			10
193	苍云	苍云	100	1	2	0	1	0	2		1	1500	1200		10	0	0	0	17	1	0	0	0	0	0	0	data\source\maps\苍云\苍云.jsonmap			0	0	0	4311	1	0	0	0	0	1	16	1	0	0	0		131	0	0	1			1	0	0	0	0	2	0				1	1	1	0			50				1	0	1		10
194	太原	太原	100	1	2	0	1	0	1		1	1000	950		10	0	0	0	18	1	0	0	16	0	0	0	data\source\maps\太原\太原.jsonmap			0	0	0	4317	1	0	0		0	1	16	1	0	0	1		16	0	0	1			1	0	0	0	0	2	0				1	1	1	0				1			1	1		6	10
195	雁门关之役	雁门关之役	100	3	4	0	0	1	320		1	5			10	1	1440	420		0	1	0	128	0	0	0	data\source\maps\雁门关之役\雁门关之役.jsonmap			0	0	1		1	0	0		0	0	16	0	0	0	0		131	0	0	0			1	0	0	0	0	1	1				1	1	1	0			120				1	0			10
196	普通雁门关之役	普通雁门关之役	100	3	4	0	0	1	320		1	5			10	1	1440	420		0	1	0	128	0	0	0	data\source\maps\普通雁门关之役\普通雁门关之役.jsonmap			0	0	1		1	0	0		0	0	16	0	0	0	0		131	0	0	0			1	0	0	0	0	1	1				1	1	1	0			50				1	0			10
197	苍云血誓	苍云	100	1	2	0	1	0	2		1	1500	1200		10	0	0	0		1	0	0	0	0	0	0	data\source\maps\苍云血誓\苍云血誓.jsonmap			0	0	0	4311	1	0	0	0	0	0	16	0	0	0	0		131	0	0	1			1	0	0	0	0	2	0				1	1	1	0			50				1	0	1		10
198	英雄太原之战_夜守孤城	英雄太原之战·夜守孤城	100	4	6	0	0	1	256		1	25			2	1	10080	6180		0	1	0	128	0	0	0	data\source\maps\英雄太原之战_夜守孤城\英雄太原之战_夜守孤城.jsonmap			0	0	1		1	1	0		0	0	16	0	0	0	0		128	0	0	0			1					1	1				1	1	1	0							1	0			10
199	英雄太原之战_逐虎驱狼	英雄太原之战·逐虎驱狼	100	3	6	0	0	1	512		1	25			2	1	10080	6180		0	1	0	128	0	0	0	data\source\maps\英雄太原之战_逐虎驱狼\英雄太原之战_逐虎驱狼.jsonmap			0	0	1		1	1	0		0	0	16	0	0	0	0		128	0	0	0			1					1	1				1	1	1	0							1	0			10
200	璨翠海厅	璨翠海厅	100	3	4	0	0	1	400		1	5			10	1	1440	420		0	1	0	128	0	0	0	data\source\maps\璨翠海厅\璨翠海厅.jsonmap			0	0	1		1	1	0		0	0	16	0	0	0	0		131	0	0	0			1	0	0	0	0	1	1				1	1	1	0			120				1	0			10
203	天泣林	天泣林	100	3	4	0	0	1	256		1	5			10	1	1440	420		0	1	0	128	0	0	0	data\source\maps\天泣林\天泣林.jsonmap			0	0	1		1	1	0	0	0	0	16	0	0	0	0		131	0	0	0								1	1				1	1	1	0							1	0			10
204	阴山圣泉	阴山圣泉	100	3	4	0	0	1	256		1	5			10	1	1440	420		0	1	0	128	0	0	0	data\source\maps\阴山圣泉\阴山圣泉.jsonmap			0	0	1		1	1	0	0	0	0	16	0	0	0	0		131	0	0	0								1	1				1	1	1	0							1	0			10
205	挑战太原之战_夜守孤城	挑战太原之战·夜守孤城	100	4	6	0	0	1	256		1	25			2	1	10080	6180		0	1	0	128	0	0	0	data\source\maps\挑战太原之战_夜守孤城\挑战太原之战_夜守孤城.jsonmap			0	0	1		1	1	0		0	0	16	0	0	0	0		128	0	0	0			1					1	1				1	1	1	0							1	0			10
206	挑战太原之战_逐虎驱狼	挑战太原之战·逐虎驱狼	100	3	6	0	0	1	256		1	25			2	1	10080	6180		0	1	0	128	0	0	0	data\source\maps\挑战太原之战_逐虎驱狼\挑战太原之战_逐虎驱狼.jsonmap			0	0	1		1	1	0		0	0	16	0	0	0	0		128	0	0	0			1					1	1				1	1	1	0							1	0			10
209	梵空禅院	梵空禅院	100	3	4	0	0	1	256		1	5			10	1	1440	420		0	1	0	128	0	0	0	data\source\maps\梵空禅院\梵空禅院.jsonmap			0	0	1		1	1	0	0	0	0	16	0	0	0	0		131	0	0	0								1	1				1	1	1	0							1	0			10
211	10人挑战太原之战_夜守孤城	10人挑战太原之战·夜守孤城	100	4	6	0	0	1	256		1	10			10	1	4320	420		0	1	0	128	0	0	0	data\source\maps\10人挑战太原之战_夜守孤城\10人挑战太原之战_夜守孤城.jsonmap			0	0	1		1	1	0		0	0	16	0	0	0	0		128	0	0	0			1					1	1				1	1	1	0							1	0			10
212	10人挑战太原之战_逐虎驱狼	10人挑战太原之战·逐虎驱狼	100	3	6	0	0	1	256		1	10			10	1	4320	420		0	1	0	128	0	0	0	data\source\maps\10人挑战太原之战_逐虎驱狼\10人挑战太原之战_逐虎驱狼.jsonmap			0	0	1		1	1	0		0	0	16	0	0	0	0		128	0	0	0			1					1	1				1	1	1	0							1	0			10
213	长歌门	长歌门	100	2	2	0	1	0	2		1	1500	1200	100	10	0	0	0	19	1	0	0	0	0	0	0	data\source\maps\长歌门\长歌门.jsonmap			0	0	0	4985	1	0	0	0	0	1	16	1	0	0	0		131	0	0	1			1	0	0	0	0	2					1	1	1	0			50				1	1	1		10
214	五台山	五台山	100	1	2	1	1	0	1		1	1000		100	10	0	0	0	25	1	0	0	0	0	0	0	data\source\maps\五台山\五台山.jsonmap			0	0	0	4991	4	0	0	0	1	1	16	1	0	0	0		0	0	0	1			1	1	100	450	450	2					1	1	1	0							1	1			10
215	千岛湖	千岛湖	100	1	2	1	1	0	1		1	1000	970	100	10	0	0	0	25	1	0	0	0	0	0	0	data\source\maps\千岛湖\千岛湖.jsonmap			0	0	0	4997	4	0	0	0	1	1	16	1	0	0	0		0	0	0	1			1	1	100	450	450	2					1	1	1	0							1	1			10
216	阴山大草原	阴山大草原	100	1	2	1	1	0	1		1	1000		100	10	0	0	0	25	1	0	0	0	0	0	0	data\source\maps\阴山大草原\阴山大草原.jsonmap			0	0	0	5009	4	0	0	0	1	1	16	1	0	1	0		0	0	0	1			1	1	100	450	450	2					1	1	1	0							1	1			10
217	黑戈壁	黑戈壁	100	1	2	1	1	0	1		1	1000		50	10	0	0	0	25	1	0	0	0	0	0	0	data\source\maps\黑戈壁\黑戈壁.jsonmap			0	0	0	5003	4	0	0	0	1	1	16	1	0	0	0		0	0	0	1			1	1	100	450	450	2					1	1	1	0							1	1			10
218	引仙水榭	引仙水榭	100	3	4	0	0	1	256		1	5			10	1	1440	420		0	1	0	128	0	0	0	data\source\maps\引仙水榭\引仙水榭.jsonmap			0	0	1		1	1	0	0	0	0	16	0	0	0	0		131	0	0	0								1	1				1	1	1	0							1	0			10
219	微山书院	微山书院	100	3	4	0	0	1	256		1	5			10	1	1440	420		0	1	0	128	0	0	0	data\source\maps\微山书院\微山书院.jsonmap			0	0	1		1	1	0	0	0	0	16	0	0	0	0		131	0	0	0								1	1				1	1	1	0			50				1	0			10
220	永王行宫_仙侣庭园	永王行宫_仙侣庭园	100	3	6	0	0	1	256		1	10			10	0	4320	420		0	1	0	128	0	0	0	data\source\maps\永王行宫_仙侣庭园\永王行宫_仙侣庭园.jsonmap			0	0	1		1	1	0		0	0	16	0	0	0	0		128	0	0	0			1					1	1				1	1	1	0							1	0			10
221	永王行宫_花月别院	永王行宫_花月别院	100	3	6	0	0	1	256		1	10			10	0	4320	420		0	1	0	128	0	0	0	data\source\maps\永王行宫_花月别院\永王行宫_花月别院.jsonmap			0	0	1		1	1	0		0	0	16	0	0	0	0		128	0	0	0			1					1	1				1	1	1	0							1	0			10
222	挑战璨翠海厅	挑战璨翠海厅	100	3	4	0	0	1	400		1	5			10	1	1440	420		0	1	0	128	0	0	0	data\source\maps\挑战璨翠海厅\挑战璨翠海厅.jsonmap			0	0	1		1	1	0		0	0	16	0	0	0	0		131	0	0	0			1	0	0	0	0	1	1				1	1	1	0							1	0			10
224	英雄天泣林	英雄天泣林	100	3	4	0	0	1	1024		1	5			3	1	1440	420		0	1	0	128	0	0	0	data\source\maps\英雄天泣林\英雄天泣林.jsonmap			0	0	1		1	1	0	0	0	0	16	0	0	0	0		131	0	0	0								1	1				1	1	1	0			120				1	0			10
225	英雄微山书院	英雄微山书院	100	3	4	0	0	1	1024		1	5			3	1	1440	420		0	1	0	128	0	0	0	data\source\maps\英雄微山书院\英雄微山书院.jsonmap			0	0	1		1	1	0	0	0	0	16	0	0	0	0		131	0	0	0								1	1				1	1	1	0			120				1	0			10
227	英雄阴山圣泉	英雄阴山圣泉	100	3	4	0	0	1	1024		1	5			3	1	1440	420		0	1	0	128	0	0	0	data\source\maps\英雄阴山圣泉\英雄阴山圣泉.jsonmap			0	0	1		1	1	0	0	0	0	16	0	0	0	0		131	0	0	0								1	1				1	1	1	0			120				1	0			10
228	英雄梵空禅院	英雄梵空禅院	100	3	4	0	0	1	1024		1	5			3	1	1440	420		0	1	0	128	0	0	0	data\source\maps\英雄梵空禅院\英雄梵空禅院.jsonmap			0	0	1		1	1	0	0	0	0	16	0	0	0	0		131	0	0	0								1	1				1	1	1	0			120				1	0			10
229	英雄引仙水榭	英雄引仙水榭	100	3	4	0	0	1	1024		1	5			3	1	1440	420		0	1	0	128	0	0	0	data\source\maps\英雄引仙水榭\英雄引仙水榭.jsonmap			0	0	1		1	1	0	0	0	0	16	0	0	0	0		131	0	0	0								1	1				1	1	1	0			120				1	0			10
230	英雄永王行宫_花月别院	英雄永王行宫_花月别院	100	3	6	0	0	1	256		1	25			2	1	10080	6180		0	1	0	128	0	0	0	data\source\maps\英雄永王行宫_花月别院\英雄永王行宫_花月别院.jsonmap			0	0	1		1	1	0		0	0	16	0	0	0	0		128	0	0	0			1					1	1				1	1	1	0							1	0			10
231	英雄永王行宫_仙侣庭园	英雄永王行宫_仙侣庭园	100	3	6	0	0	1	256		1	25			2	1	10080	6180		0	1	0	128	0	0	0	data\source\maps\英雄永王行宫_仙侣庭园\英雄永王行宫_仙侣庭园.jsonmap			0	0	1		1	1	0		0	0	16	0	0	0	0		128	0	0	0			1					1	1				1	1	1	0							1	0			10
232	帮会永王行宫_仙侣庭园	试炼永王行宫_仙侣庭园	100	3	6	0	0	1	256		1	25			2	1	10080	6180		0	1	0	128	0	0	0	data\source\maps\帮会永王行宫_仙侣庭园\帮会永王行宫_仙侣庭园.map			0	0	1		1	1	0		0	0	16	0	0	0	0		128	0	0	0			1					1	1				1	1	1	0						7	1	0			10
233	帮会永王行宫_花月别院	试炼永王行宫_花月别院	100	3	6	0	0	1	256		1	25			2	1	10080	6180		0	1	0	128	0	0	0	data\source\maps\帮会永王行宫_花月别院\帮会永王行宫_花月别院.map			0	0	1		1	1	0		0	0	16	0	0	0	0		128	0	0	0			1					1	1				1	1	1	0						7	1	0			10
234	10人挑战永王行宫_仙侣庭园	10人挑战永王行宫_仙侣庭园	100	3	6	0	0	1	256		1	10			10	1	4320	420		0	1	0	128	0	0	0	data\source\maps\10人挑战永王行宫_仙侣庭园\10人挑战永王行宫_仙侣庭园.jsonmap			0	0	1		1	1	0		0	0	16	0	0	0	0		128	0	0	0			1					1	1				1	1	1	0							1	0			10
235	10人挑战永王行宫_花月别院	10人挑战永王行宫_花月别院	100	3	6	0	0	1	256		1	10			10	1	4320	420		0	1	0	128	0	0	0	data\source\maps\10人挑战永王行宫_花月别院\10人挑战永王行宫_花月别院.jsonmap			0	0	1		1	1	0		0	0	16	0	0	0	0		128	0	0	0			1					1	1				1	1	1	0							1	0			10
236	25人挑战永王行宫_仙侣庭园	25人挑战永王行宫_仙侣庭园	100	3	6	0	0	1	256		1	25			2	1	10080	6180		0	1	0	128	0	0	0	data\source\maps\25人挑战永王行宫_仙侣庭园\25人挑战永王行宫_仙侣庭园.jsonmap			0	0	1		1	1	0		0	0	16	0	0	0	0		128	0	0	0			1					1	1				1	1	1	0							1	0			10
237	25人挑战永王行宫_花月别院	25人挑战永王行宫_花月别院	100	3	6	0	0	1	256		1	25			2	1	10080	6180		0	1	0	128	0	0	0	data\source\maps\25人挑战永王行宫_花月别院\25人挑战永王行宫_花月别院.jsonmap			0	0	1		1	1	0		0	0	16	0	0	0	0		128	0	0	0			1					1	1				1	1	1	0							1	0			10
238	青竹书院	青竹书院	100	4	1	0	0	2	2048		1	1024			2	0	0	0		0	0	0	8	2	0	0	data\source\maps\青竹书院\青竹书院.jsonmap			0	0	0		4	0	0		0	0	1	0	1	0	0		8	0	0	0	1		1	0	0	0	0	4	0				2	0	1	0						7	0	0			10
239	洛阳城北	洛阳城	100	1	2	1	1	0	1		1	1100	1000	50	10	0	0	0		1	0	0	0	0	0	0	data\source\maps\洛阳城北\洛阳城北.jsonmap			0	0	0	5629	4	0	0	0	1	1	16	1	0	0	0		0	0	0	1			1	0	0	0	0	2	0				1	1	1	0							1	1			10
240	上阳宫_观风殿	上阳宫_观风殿	100	3	6	0	0	1	256		1	10			10	0	4320	420		0	1	0	128	0	0	0	data\source\maps\上阳宫_观风殿\上阳宫_观风殿.jsonmap			0	0	1		1	1	0		0	0	16	0	0	0	0		128	0	0	0			1					1	1				1	1	1	0							1	0			10
241	上阳宫_双曜亭	上阳宫_双曜亭	100	3	6	0	0	1	256		1	10			10	0	4320	420		0	1	0	128	0	0	0	data\source\maps\上阳宫_双曜亭\上阳宫_双曜亭.jsonmap			0	0	1		1	1	0		0	0	16	0	0	0	0		128	0	0	0			1					1	1				1	1	1	0							1	0			10
242	白帝水宫	白帝水宫	100	3	4	0	0	1	1024		1	5			2	1	1440	420		0	1	0	128	0	0	0	data\source\maps\白帝水宫\白帝水宫.jsonmap			0	0	1		1	1	0	0	0	0	16	0	0	0	0		131	0	0	0								1	1				1	1	1	0			120				1	0			10
243	霸刀山庄	霸刀山庄	100	2	2	0	1	0	2		1	1500	1200	100	10	0	0	0	20	1	0	0	0	0	0	0	data\source\maps\霸刀山庄\霸刀山庄.jsonmap			0	0	0	5481	1	0	0	0	0	1	16	1	0	0	0		131	0	0	1			1	0	0	0	0	2					1	1	1	0			50				1	1	1		10
244	挑战白帝水宫	挑战白帝水宫	100	3	4	0	0	1	1024		1	5			2	1	1440	420		0	1	0	128	0	0	0	data\source\maps\挑战白帝水宫\挑战白帝水宫.jsonmap			0	0	1		1	1	0		0	0	16	0	0	0	0		131	0	0	0			1	0	0	0	0	1	1				1	1	1	0							1	0			10
245	大梦迷境	大梦迷境	100	1	2	0	0	1	1024		1	1			5	0	0	0		1	0	0	131	0	0	0	data\source\maps\大梦迷境\大梦迷境.jsonmap			0	0	0		1	0	0		0	0	16	0	0	0	0		131	0	0	0			1	0	0	0	0	1	0				1	1	1	0							0	0			10
246	星海幻景	星海幻景	100	1	2	0	0	1	2048		1	5			10	0	0	0		1	0	0	128	0	0	0	data\source\maps\星海幻景\星海幻景.jsonmap			0	0	0		1	0	0		0	0	16	0	0	0	0		131	0	0	0			1	0	0	0	0	1	0				1	1	1	0							0	0			10
247	梦回稻香	梦回稻香	100	1	2	0	0	1	2048		1	1			2	0	0	0		1	0	0	0	0	0	0	data\source\maps\梦回稻香\梦回稻香.jsonmap			0	0	0		1	0	0	0	0	0	16	0	0	0	0		32	1	0	1			1	0	0	0	0	1	0				1	1	1	0							1	1			10
248	英雄上阳宫_观风殿	英雄上阳宫_观风殿	100	3	6	0	0	1	256		1	25			2	1	10080	6180		0	1	0	128	0	0	0	data\source\maps\英雄上阳宫_观风殿\英雄上阳宫_观风殿.jsonmap			0	0	1		1	1	0		0	0	16	0	0	0	0		128	0	0	0			1					1	1				1	1	1	0							1	0			10
249	英雄上阳宫_双曜亭	英雄上阳宫_双曜亭	100	3	6	0	0	1	256		1	25			2	1	10080	6180		0	1	0	128	0	0	0	data\source\maps\英雄上阳宫_双曜亭\英雄上阳宫_双曜亭.jsonmap			0	0	1		1	1	0		0	0	16	0	0	0	0		128	0	0	0			1					1	1				1	1	1	0							1	0			10
250	帮会上阳宫_观风殿	试炼上阳宫_观风殿	100	3	6	0	0	1	256		1	25			2	1	10080	6180		0	1	0	128	0	0	0	data\source\maps\帮会上阳宫_观风殿\帮会上阳宫_观风殿.map			0	0	1		1	1	0		0	0	16	0	0	0	0		128	0	0	0			1					1	1				1	1	1	0						7	1	0			10
251	帮会上阳宫_双曜亭	试炼上阳宫_双曜亭	100	3	6	0	0	1	256		1	25			2	1	10080	6180		0	1	0	128	0	0	0	data\source\maps\帮会上阳宫_双曜亭\帮会上阳宫_双曜亭.map			0	0	1		1	1	0		0	0	16	0	0	0	0		128	0	0	0			1					1	1				1	1	1	0						7	1	0			10
256	夕颜阁	夕颜阁	100	3	4	0	0	1	1024		1	5			2	1	1440	420		0	1	0	128	0	0	0	data\source\maps\夕颜阁\夕颜阁.jsonmap			0	0	1		1	1	0	0	0	0	16	0	0	0	0		131	0	0	0								1	1				1	1	1	0			50				1	0			10
257	英雄夕颜阁	英雄夕颜阁	100	3	4	0	0	1	1024		1	5			2	1	1440	420		0	1	0	128	0	0	0	data\source\maps\英雄夕颜阁\英雄夕颜阁.jsonmap			0	0	1		1	1	0	0	0	0	16	0	0	0	0		131	0	0	0								1	1				1	1	1	0			120				1	0			10
258	素月清秋	素月清秋	100	1	2	0	0	1	1024		1	5			10	0	0	0		1	0	0	128	0	0	0	data\source\maps\素月清秋\素月清秋.jsonmap			0	0	0		1	0	0		0	0	16	0	0	0	0		131	0	0	0			1	0	0	0	0	1	0				1	1	1	0							0	0			10
259	竞技大师_华山之巅	竞技大师_华山之巅	100	16	2	0	1	0	1		1	200			10	0	0	0		1	0	0	0	0	0	0	data\source\maps\竞技大师_华山之巅\竞技大师_华山之巅.jsonmap			0	0	0		1	0	0		1	1	16	1	0	1	1		0	0	0	0			1	0	0	0	0	2	0				1	1	1	0						7	0	0			10
260	挑战夕颜阁	挑战夕颜阁	100	3	4	0	0	1	1024		1	5			2	1	1440	420		0	1	0	128	0	0	0	data\source\maps\挑战夕颜阁\挑战夕颜阁.jsonmap			0	0	1		1	1	0		0	0	16	0	0	0	0		131	0	0	0			1	0	0	0	0	1	1				1	1	1	0							1	0			10
261	天街灯市	天街灯市	100	1	2	0	0	1	1024		1	5			10	0	0	0		1	0	0	128	0	0	0	data\source\maps\天街灯市\天街灯市.jsonmap			0	0	0		1	0	0		0	0	16	0	0	0	0		131	0	0	0			1	0	0	0	0	1	0				1	1	1	0							0	0			10
262	刀轮海厅	刀轮海厅	100	3	4	0	0	1	1024		1	5			2	1	1440	420		0	1	0	128	0	0	0	data\source\maps\刀轮海厅\刀轮海厅.jsonmap			0	0	1		1	1	0	0	0	0	16	0	0	0	0		131	0	0	0								1	1				1	1	1	0			120				1	0			10
263	风雷刀谷_锻刀厅	风雷刀谷_锻刀厅	100	3	6	0	0	1	256		1	10			10	0	4320	420		0	1	0	128	0	0	0	data\source\maps\风雷刀谷_锻刀厅\风雷刀谷_锻刀厅.jsonmap			0	0	1		1	1	0		0	0	16	0	0	0	0		128	0	0	0			1					1	1				1	1	1	0							1	0			10
264	风雷刀谷_千雷殿	风雷刀谷_千雷殿	100	3	6	0	0	1	256		1	10			10	0	4320	420		0	1	0	128	0	0	0	data\source\maps\风雷刀谷_千雷殿\风雷刀谷_千雷殿.jsonmap			0	0	1		1	1	0		0	0	16	0	0	0	0		128	0	0	0			1					1	1				1	1	1	0							1	0			10
265	春节天街灯市	天街灯市·春节·福	100	1	2	0	0	0	1		1	1000			10	0	0	0		1	0	0	0	0	0	0	data\source\maps\春节天街灯市\春节天街灯市.jsonmap			0	0	0		1	0	0		0	0	16	0	0	0	0		0	0	0	0			1	0	0	0	0		0				1	1	1	0							1	1			10
266	春节天街灯市	天街灯市·春节·禄	100	1	2	0	0	0	1		1	1000			10	0	0	0		1	0	0	0	0	0	0	data\source\maps\春节天街灯市\春节天街灯市.jsonmap			0	0	0		1	0	0		0	0	16	0	0	0	0		0	0	0	0			1	0	0	0	0		0				1	1	1	0							1	1			10
267	春节天街灯市	天街灯市·春节·寿	100	1	2	0	0	0	1		1	1000			10	0	0	0		1	0	0	0	0	0	0	data\source\maps\春节天街灯市\春节天街灯市.jsonmap			0	0	0		1	0	0		0	0	16	0	0	0	0		0	0	0	0			1	0	0	0	0		0				1	1	1	0							1	1			10
268	春节天街灯市	天街灯市·春节·祥	100	1	2	0	0	0	1		1	1000			10	0	0	0		1	0	0	0	0	0	0	data\source\maps\春节天街灯市\春节天街灯市.jsonmap			0	0	0		1	0	0		0	0	16	0	0	0	0		0	0	0	0			1	0	0	0	0		0				1	1	1	0							1	1			10
269	春节天街灯市	天街灯市·春节·禧	100	1	2	0	0	0	1		1	1000			10	0	0	0		1	0	0	0	0	0	0	data\source\maps\春节天街灯市\春节天街灯市.jsonmap			0	0	0		1	0	0		0	0	16	0	0	0	0		0	0	0	0			1	0	0	0	0		0				1	1	1	0							1	1			10
270	英雄风雷刀谷_千雷殿	英雄风雷刀谷_千雷殿	100	3	6	0	0	1	256		1	25			2	1	10080	6180		0	1	0	128	0	0	0	data\source\maps\英雄风雷刀谷_千雷殿\英雄风雷刀谷_千雷殿.jsonmap			0	0	1		1	1	0		0	0	16	0	0	0	0		128	0	0	0			1					1	1				1	1	1	0							1	0			10
271	英雄风雷刀谷_锻刀厅	英雄风雷刀谷_锻刀厅	100	3	6	0	0	1	768		1	25			2	1	10080	6180		0	1	0	128	0	0	0	data\source\maps\英雄风雷刀谷_锻刀厅\英雄风雷刀谷_锻刀厅.jsonmap			0	0	1		1	1	0		0	0	16	0	0	0	0		128	0	0	0			1					1	1				1	1	1	0							1	0			10
272	帮会风雷刀谷_千雷殿	帮会风雷刀谷_千雷殿	100	3	6	0	0	1	256		1	25			2	1	10080	6180		0	1	0	128	0	0	0	data\source\maps\帮会风雷刀谷_千雷殿\帮会风雷刀谷_千雷殿.jsonmap			0	0	1		1	1	0		0	0	16	0	0	0	0		128	0	0	0			1					1	1				1	1	1	0						7	1	0			10
273	帮会风雷刀谷_锻刀厅	帮会风雷刀谷_锻刀厅	100	3	6	0	0	1	256		1	25			2	1	10080	6180		0	1	0	128	0	0	0	data\source\maps\帮会风雷刀谷_锻刀厅\帮会风雷刀谷_锻刀厅.jsonmap			0	0	1		1	1	0		0	0	16	0	0	0	0		128	0	0	0			1					1	1				1	1	1	0						7	1	0			10
274	春节天街灯市	天街灯市	100	1	2	0	0	1	1024		1	5			10	0	0	0		1	0	0	128	0	0	0	data\source\maps\春节天街灯市\春节天街灯市.jsonmap			0	0	0		1	0	0		0	0	16	0	0	0	0		131	0	0	0			1	0	0	0	0	1	0				1	1	1	0							0	0			10
275	挑战刀轮海厅	挑战刀轮海厅	100	3	4	0	0	1	1024		1	5			2	1	1440	420		0	1	0	128	0	0	0	data\source\maps\挑战刀轮海厅\挑战刀轮海厅.jsonmap			0	0	1		1	1	0		0	0	16	0	0	0	0		131	0	0	0			1	0	0	0	0	1	1				1	1	1	0							1	0			10
276	拭剑园	拭剑园	100	5	2	0	1	0	1		1	1200			10	0	0	0		1	1	0	16	0	0	0	data\source\maps\拭剑园\拭剑园.jsonmap			0	0	0		1	0	0		0	0	16	1	0	0	0		16	0	0	1			1	0	0	0	0	2	0				1	1	1	0						5	0	0			10
277	拭剑台	拭剑台	100	4	1	0	0	2	2048		1	1024			2	0	0	0		0	0	0	8	2	0	0	data\source\maps\拭剑台\拭剑台.jsonmap			0	0	0		4	0	0		0	0	1	0	1	0	0		8	0	0	0	1		1	0	0	0	0	4	0				2	0	1	0						7	0	0			10
278	拭剑园	拭剑园	100	1	2	0	1	0	1		1	1200			10	0	0	0		1	1	0	16	0	0	0	data\source\maps\拭剑园\拭剑园.jsonmap			0	0	0		1	0	0		0	0	16	1	0	0	0		16	0	0	1			1	0	0	0	0	2	0				1	1	1	0						5	0	0			10
279	拭剑园	拭剑园	100	1	2	0	1	0	1		1	1200			10	0	0	0		1	1	0	16	0	0	0	data\source\maps\拭剑园\拭剑园.jsonmap			0	0	0		1	0	0		0	0	16	1	0	0	0		16	0	0	1			1	0	0	0	0	2	0				1	1	1	0						5	0	0			10
280	拭剑园	拭剑园	100	1	2	0	1	0	1		1	1200			10	0	0	0		1	1	0	16	0	0	0	data\source\maps\拭剑园\拭剑园.jsonmap			0	0	0		1	0	0		0	0	16	1	0	0	0		16	0	0	1			1	0	0	0	0	2	0				1	1	1	0						5	0	0			10
281	拭剑园	拭剑园	100	1	2	0	1	0	1		1	1200			10	0	0	0		1	1	0	16	0	0	0	data\source\maps\拭剑园\拭剑园.jsonmap			0	0	0		1	0	0		0	0	16	1	0	0	0		16	0	0	1			1	0	0	0	0	2	0				1	1	1	0						5	0	0			10
282	1024	1024	100	2	4	1	1	0	1		1	1600			10	1	0	0		1	1	5	0	0	0	0	data\source\maps\1024\1024.jsonmap			0	0	0		5	0	0		0	0	16	0	0	0	0		0	0	0	1			1	0	0	0	0	2	0				1	1	1	0							0	0			10
283	狼牙堡_战兽山	狼牙堡_战兽山	100	3	6	0	0	1	512		1	10			10	0	4320	420		0	1	0	128	0	0	0	data\source\maps\狼牙堡_战兽山\狼牙堡_战兽山.jsonmap			0	0	1		1	1	0		0	0	16	0	0	0	0		128	0	0	0			1					1	1				1	1	1	0							1	0			10
284	狼牙堡_燕然峰	狼牙堡_燕然峰	100	3	6	0	0	1	512		1	10			10	0	4320	420		0	1	0	128	0	0	0	data\source\maps\狼牙堡_燕然峰\狼牙堡_燕然峰.jsonmap			0	0	1		1	1	0		0	0	16	0	0	0	0		128	0	0	0			1					1	1				1	1	1	0							1	0			10
285	银雾湖	银雾湖	100	3	4	0	0	1	1024		1	5			2	1	1440	420		0	1	0	128	0	0	0	data\source\maps\银雾湖\银雾湖.jsonmap			0	0	1		1	1	0	0	0	0	16	0	0	0	0		131	0	0	0								1	1				1	1	1	0			120				1	0			10
286	英雄狼牙堡_战兽山	英雄狼牙堡_战兽山	100	3	6	0	0	1	512		1	25			2	1	10080	6180		0	1	0	128	0	0	0	data\source\maps\英雄狼牙堡_战兽山\英雄狼牙堡_战兽山.jsonmap			0	0	1		1	1	0		0	0	16	0	0	0	0		128	0	0	0			1					1	1				1	1	1	0							1	0			10
287	英雄狼牙堡_燕然峰	英雄狼牙堡_燕然峰	100	3	6	0	0	1	512		1	25			2	1	10080	6180		0	1	0	128	0	0	0	data\source\maps\英雄狼牙堡_燕然峰\英雄狼牙堡_燕然峰.jsonmap			0	0	1		1	1	0		0	0	16	0	0	0	0		128	0	0	0			1					1	1				1	1	1	0							1	0			10
288	帮会狼牙堡_战兽山	帮会狼牙堡_战兽山	100	3	6	0	0	1	512		1	25			2	1	10080	6180		0	1	0	128	0	0	0	data\source\maps\帮会狼牙堡_战兽山\帮会狼牙堡_战兽山.jsonmap			0	0	1		1	1	0		0	0	16	0	0	0	0		128	0	0	0			1					1	1				1	1	1	0						7	1	0			10
289	帮会狼牙堡_燕然峰	帮会狼牙堡_燕然峰	100	3	6	0	0	1	512		1	25			2	1	10080	6180		0	1	0	128	0	0	0	data\source\maps\帮会狼牙堡_燕然峰\帮会狼牙堡_燕然峰.jsonmap			0	0	1		1	1	0		0	0	16	0	0	0	0		128	0	0	0			1					1	1				1	1	1	0						7	1	0			10
290	挑战银雾湖	挑战银雾湖	100	3	4	0	0	1	1024		1	5			2	1	1440	420		0	1	0	128	0	0	0	data\source\maps\挑战银雾湖\挑战银雾湖.jsonmap			0	0	1		1	1	0	0	0	0	16	0	0	0	0		131	0	0	0								1	1				1	1	1	0							1	0			10
291	稻香秘事	稻香秘事	100	3	4	0	0	1	4096		1	5			1	1	1440	420		0	1	0	128	0	0	0	data\source\maps\稻香秘事\稻香秘事.jsonmap			0	0	1		1	1	0		0	0	16	0	0	0	0		131	0	0				1	0	0	0	0	1	1				1	1	1	0							1	0			10
292	英雄稻香秘事	英雄稻香秘事	100	3	4	0	0	1	1024		1	5			2	1	1440	420		0	1	0	128	0	0	0	data\source\maps\英雄稻香秘事\英雄稻香秘事.jsonmap			0	0	1		1	1	0		0	0	16	0	0	0	0		131	0	0				1	0	0	0	0	1	1				1	1	1	0			120				1	0			10
293	拭剑园战场	拭剑园战场	100	2	4	0	0	1	4096		1	1			1	1	1440	420		0	1	0	16	0	0	0	data\source\maps\拭剑园战场\拭剑园战场.jsonmap			0	0	0		1	0	0		0	0	16	0	0	0	0		16	0	0	1			1	0	0	0	0	1	1				1	1	1	0			65			5	0	0			10
294	1024_商城默认	1024_商城默认	100	2	4	1	1	0	1		1	1200			10	1	0	0		1	1	5	0	0	0	0	data\source\maps\1024_商城默认\1024_商城默认.jsonmap			0	0	0		5	0	0		0	0	16	0	0	0	0		0	0	0	1			1	0	0	0	0	2	0				1	1	1	0							0	0			10
295	挑战稻香秘事	挑战稻香秘事	100	3	4	0	0	1	1024		1	5			2	1	1440	420		0	1	0	128	0	0	0	data\source\maps\挑战稻香秘事\挑战稻香秘事.jsonmap			0	0	1		1	1	0		0	0	16	0	0	0	0		131	0	0				1	0	0	0	0	1	1				1	1	1	0							1	0			10
296	龙门寻宝	龙门绝境	100	4	5	0	0	2	512		1	118			2	0	0	0		0	1	0	512	2	160	0	data\source\maps\龙门寻宝\龙门寻宝.jsonmap			0	0	0		5	0	0		0	0	4	0	0	0	0		8	0	1	1			1	0	0	0	0	2	0				4	0	2	1	1					7	0	0			10
297	龙门寻宝_夜晚	龙门绝境·夜	100	4	5	0	0	2	512		1	118			2	0	0	0		0	1	0	512	2	160	0	data\source\maps\龙门寻宝_夜晚\龙门寻宝_夜晚.jsonmap			0	0	0		5	0	0		0	0	4	0	0	0	0		8	0	1	1			1	0	0	0	0	2	0				4	0	2	1	1					7	0	0			10
298	狼牙堡_辉天堑	狼牙堡·辉天堑	100	3	6	0	0	1	1024		1	10			5	0	4320	420		0	1	0	128	0	0	0	data\source\maps\狼牙堡_辉天堑\狼牙堡_辉天堑.jsonmap			0	0	1		1	1	0		0	0	16	0	0	0	0		128	0	0	0			1					1	1				1	1	1	0		1	240				1	0			10
299	狼牙堡_狼神殿	狼牙堡·狼神殿	100	3	6	0	0	1	1024		1	10			5	0	4320	420		0	1	0	128	0	0	0	data\source\maps\狼牙堡_狼神殿\狼牙堡_狼神殿.jsonmap			0	0	1		1	1	0		0	0	16	0	0	0	0		128	0	0	0			1					1	1				1	1	1	0		1	240				1	0			10
300	英雄狼牙堡_辉天堑	英雄狼牙堡·辉天堑	100	3	6	0	0	1	512		1	25			2	1	10080	6180		0	1	0	128	0	0	0	data\source\maps\英雄狼牙堡_辉天堑\英雄狼牙堡_辉天堑.jsonmap			0	0	1		1	1	0		0	0	16	0	0	0	0		128	0	0	0			1					1	1				1	1	1	0		1					1	0			10
301	英雄狼牙堡_狼神殿	英雄狼牙堡·狼神殿	100	3	6	0	0	1	512		1	25			2	1	10080	6180		0	1	0	128	0	0	0	data\source\maps\英雄狼牙堡_狼神殿\英雄狼牙堡_狼神殿.jsonmap			0	0	1		1	1	0		0	0	16	0	0	0	0		128	0	0	0			1					1	1				1	1	1	0		1					1	0			10
302	云梦幽泽	云梦幽泽	100	2	2	0	1	0	10		1	1200	1000		10	0	0	0		1	0	0	0	0	0	0	data\source\maps\云梦幽泽\云梦幽泽.jsonmap			0	0	0		1	0	0		0	0	16	0	0	0	0		0	0	0	1			1	0	0	0	0	2	0				1	1	1	0							1	0	1		10
303	历战_空雾峰	历战_空雾峰	100	2	4	0	0	1	1024		1	10			2	0	1440	420		0	1	0	131	0	0	0	data\source\maps\历战_空雾峰\历战_空雾峰.jsonmap			0	0	0		1	0	0		0	0	16	0	0	0	0		131	0	0	0			1	0	0	0	0	1	1				1	1	1	0			50			7	0	0			10
304	历战_天子峰	历战_天子峰	100	2	4	0	0	1	1024		1	10			2	0	1440	420		0	1	0	131	0	0	0	data\source\maps\历战_天子峰\历战_天子峰.jsonmap			0	0	0		1	0	0		0	0	16	0	0	0	0		131	0	0	0			1	0	0	0	0	1	1				1	1	1	0			50			7	0	0			10
305	历战_寂灭厅	历战_寂灭厅	100	2	4	0	0	1	1024		1	10			2	0	1440	420		0	1	0	131	0	0	0	data\source\maps\历战_寂灭厅\历战_寂灭厅.jsonmap			0	0	0		1	0	0		0	0	16	0	0	0	0		131	0	0	0			1	0	0	0	0	1	1				1	1	1	0			50			7	0	0			10
306	历战_毒神殿	历战_毒神殿	100	2	4	0	0	1	1024		1	10			2	0	1440	420		0	1	0	131	0	0	0	data\source\maps\历战_毒神殿\历战_毒神殿.jsonmap			0	0	0		1	0	0		0	0	16	0	0	0	0		131	0	0	0			1	0	0	0	0	1	1				1	1	1	0			50			7	0	0			10
307	历战_荻花圣殿	历战_荻花圣殿	100	2	4	0	0	1	1024		1	10			2	0	1440	420		0	1	0	131	0	0	0	data\source\maps\历战_荻花圣殿\历战_荻花圣殿.jsonmap			0	0	0		1	0	0		0	0	16	0	0	0	0		131	0	0	0			1	0	0	0	0	1	1				1	1	1	0			50			7	0	0			10
308	历战_风雷刀谷	历战_风雷刀谷	100	2	4	0	0	1	1024		1	10			2	0	1440	420		0	1	0	131	0	0	0	data\source\maps\历战_风雷刀谷\历战_风雷刀谷.jsonmap			0	0	0		1	0	0		0	0	16	0	0	0	0		131	0	0	0			1	0	0	0	0	1	1				1	1	1	0			50			7	0	0			10
309	历战_风雨稻香村	历战_风雨稻香村	100	2	4	0	0	1	1024		1	10			2	0	1440	420		0	1	0	131	0	0	0	data\source\maps\历战_风雨稻香村\历战_风雨稻香村.jsonmap			0	0	0		1	0	0		0	0	16	0	0	0	0		131	0	0	0			1	0	0	0	0	1	1				1	1	1	0			50			7	0	0			10
310	历战_灵霄峡	历战_灵霄峡	100	2	4	0	0	1	1024		1	10			2	0	1440	420		0	1	0	131	0	0	0	data\source\maps\历战_灵霄峡\历战_灵霄峡.jsonmap			0	0	0		1	0	0		0	0	16	0	0	0	0		131	0	0	0			1	0	0	0	0	1	1				1	1	1	0			50			7	0	0			10
311	历战_南诏皇宫	历战_南诏皇宫	100	2	4	0	0	1	1024		1	10			2	0	1440	420		0	1	0	131	0	0	0	data\source\maps\历战_南诏皇宫\历战_南诏皇宫.jsonmap			0	0	0		1	0	0		0	0	16	0	0	0	0		131	0	0	0			1	0	0	0	0	1	1				1	1	1	0			50			7	0	0			10
312	历战_日轮山城	历战_日轮山城	100	2	4	0	0	1	1024		1	10			2	0	1440	420		0	1	0	131	0	0	0	data\source\maps\历战_日轮山城\历战_日轮山城.jsonmap			0	0	0		1	0	0		0	0	16	0	0	0	0		131	0	0	0			1	0	0	0	0	1	1				1	1	1	0			50			7	0	0			10
313	历战_天地三才阵	历战_天地三才阵	100	2	4	0	0	1	1024		1	10			2	0	1440	420		0	1	0	131	0	0	0	data\source\maps\历战_天地三才阵\历战_天地三才阵.jsonmap			0	0	0		1	0	0		0	0	16	0	0	0	0		131	0	0	0			1	0	0	0	0	1	1				1	1	1	0			50			7	0	0			10
314	历战_无盐岛	历战_无盐岛	100	2	4	0	0	1	1024		1	10			2	0	1440	420		0	1	0	131	0	0	0	data\source\maps\历战_无盐岛\历战_无盐岛.jsonmap			0	0	0		1	0	0		0	0	16	0	0	0	0		131	0	0	0			1	0	0	0	0	1	1				1	1	1	0			50			7	0	0			10
315	历战_英雄风雨稻香村	历战_英雄风雨稻香村	100	2	4	0	0	1	1024		1	10			2	0	1440	420		0	1	0	131	0	0	0	data\source\maps\历战_英雄风雨稻香村\历战_英雄风雨稻香村.jsonmap			0	0	0		1	0	0		0	0	16	0	0	0	0		131	0	0	0			1	0	0	0	0	1	1				1	1	1	0			50			7	0	0			10
316	历战_荻花洞窟	历战_荻花洞窟	100	2	4	0	0	1	1024		1	10			2	0	1440	420		0	1	0	131	0	0	0	data\source\maps\历战_荻花洞窟\历战_荻花洞窟.jsonmap			0	0	0		1	0	0		0	0	16	0	0	0	0		131	0	0	0			1	0	0	0	0	1	1				1	1	1	0			50			7	0	0			10
317	历战_烛龙殿	历战_烛龙殿	100	2	4	0	0	1	1024		1	10			2	0	1440	420		0	1	0	131	0	0	0	data\source\maps\历战_烛龙殿\历战_烛龙殿.jsonmap			0	0	0		1	0	0		0	0	16	0	0	0	0		131	0	0	0			1	0	0	0	0	1	1				1	1	1	0			50			7	0	0			10
318	历战_持国天王殿	历战_持国天王殿	100	2	4	0	0	1	1024		1	10			2	0	1440	420		0	1	0	131	0	0	0	data\source\maps\历战_持国天王殿\历战_持国天王殿.jsonmap			0	0	0		1	0	0		0	0	16	0	0	0	0		131	0	0	0			1	0	0	0	0	1	1				1	1	1	0			50			7	0	0			10
321	思过园	思过园	100	1	2	0	1	3	1024		1	1800			2	0	0	0		1	0	0	16	0	0	0	data\source\maps\思过园\思过园.jsonmap			0	0	0		1	0	0		0	0	16	0	0	0	0		16	0	0	1			1	0	0	0	0	2	0				1	1	1	0							0	0			10
322	洛道_李渡城	李渡鬼域	100	4	6	0	0	2	1024		1	100			2	0	0	0		0	1	0	2	2	160	0	data\source\maps\洛道_李渡城\洛道_李渡城.jsonmap			0	0	0		5	0	0		0	0	16	0	0	0	0		256	0	0	0			1	0	0	0	0	2	0				2	0	2	1	1					7	0	0			10
323	帮会狼牙堡_辉天堑	帮会狼牙堡_辉天堑	100	3	6	0	0	1	512		1	25			2	1	10080	6180		0	1	0	128	0	0	0	data\source\maps\帮会狼牙堡_辉天堑\帮会狼牙堡_辉天堑.jsonmap			0	0	1		1	1	0		0	0	16	0	0	0	0		128	0	0	0			1					1	1				1	1	1	0						7	1	0			10
324	帮会狼牙堡_狼神殿	帮会狼牙堡_狼神殿	100	3	6	0	0	1	512		1	25			2	1	10080	6180		0	1	0	128	0	0	0	data\source\maps\帮会狼牙堡_狼神殿\帮会狼牙堡_狼神殿.jsonmap			0	0	1		1	1	0		0	0	16	0	0	0	0		128	0	0	0			1					1	1				1	1	1	0						7	1	0			10
325	洞天福地岛	洞天福地岛	100	1	2	1	1	0	1		1	1900	1200	100	10	0	0	0		1	0	0	0	0	0	0	data\source\maps\洞天福地岛\洞天福地岛.jsonmap			0	0	0	6391	1	0	0		1	1	16	1	0	1	0		0	0	0	1			1	0	0	0	0	2	0				1	1	1	0							1	1			10
330	龙泉府	龙泉府	100	1	2	1	1	0	1		1	1100	1000	100	10	0	0	0		1	0	0	0	0	0	0	data\source\maps\龙泉府\龙泉府.jsonmap			0	0	0	6392	4	0	0		1	1	16	1	0	1	0		0	0	0	1			1	1	100	500	500	2	0				1	1	1	0							1	1			10
331	九寨沟	九寨沟	100	1	2	0	1	0	1		1	1200	1170		10	0	0	0		1	0	0	0	0	0	0	data\source\maps\九寨沟\九寨沟.jsonmap			0	0	0		1	0	0	0	0	1	16	1	0	0	0		0	0	0	1			1	0	0	0	0	2					1	1	1	0							0	0			10
332	侠客岛	侠客岛	100	1	2	0	1	0	6		1	1200	1150	100	10	0	0	0	3	1	0	0	16	0	0	0	data\source\maps\侠客岛\侠客岛.jsonmap			0	0	0	6388	1	0	0		0	1	16	1	0	0	1		16	0	0	1			1	0	0	0	0	2	0				1	1	1	0				1			1	1	1		10
333	蓬莱	蓬莱	100	2	2	0	1	0	2		1	1500	1200	100	10	0	0	0		1	0	0	0	0	0	0	data\source\maps\蓬莱\蓬莱.jsonmap			0	0	0	6389	1	0	0		0	1	16	1	0	0	0		0	0	0	1			1	0	0	0	0	2	0				1	1	1	0							1	1	1		10
334	经首道源岛	经首道源岛	100	1	2	1	1	0	1		1	1000	900	50	10	0	0	0		1	0	0	0	0	0	0	data\source\maps\经首道源岛\经首道源岛.jsonmap			0	0	0	6390	4	0	0	0	1	1	16	1	0	0	0		0	0	0	1			1	1	100	450	450	2					1	1	1	0							1	1			10
337	洞天福地岛_泥兰洞天	泥兰洞天	100	3	4	0	0	1	1024		1	5			2	1	1440	420		0	1	0	128	0	0	0	data\source\maps\洞天福地岛_泥兰洞天\洞天福地岛_泥兰洞天.jsonmap			0	0	1		1	1	0	0	0	0	16	0	0	0	0		131	0	0	0								1	1				1	1	1	0			50				1	0			10
338	1024_昼夜循环	1024_昼夜循环	100	2	4	1	1	0	1		1	1200			10	1	0	0		1	1	5	0	0	0	0	data\source\maps\1024_昼夜循环\1024_昼夜循环.jsonmap			0	0	0		5	0	0		0	0	16	0	0	0	0		0	0	0	1			1	0	0	0	0	2	0				1	1	1	0							0	0			10
339	经首道源岛_大衍盘丝洞	大衍盘丝洞	100	3	4	0	0	1	1024		1	5			2	1	1440	420		0	1	0	128	0	0	0	data\source\maps\经首道源岛_大衍盘丝洞\经首道源岛_大衍盘丝洞.jsonmap			0	0	1		1	1	0	0	0	0	16	0	0	0	0		131	0	0	0								1	1				1	1	1	0			50				1	0			10
340	龙泉府_镜泊湖	镜泊湖	100	3	4	0	0	1	1024		1	5			2	1	1440	420		0	1	0	128	0	0	0	data\source\maps\龙泉府_镜泊湖\龙泉府_镜泊湖.jsonmap			0	0	1		1	1	0	0	0	0	16	0	0	0	0		131	0	0	0								1	1				1	1	1	0			50				1	0			10
341	冰火岛_荒血路	冰火岛·荒血路	100	3	6	0	0	1	1024		1	10			5	0	4320	6180		0	1	0	128	0	0	0	data\source\maps\冰火岛_荒血路\冰火岛_荒血路.jsonmap			0	0	0		1	1	0		0	0	16	0	0	0	0		128	0	0	0			1					1	1				1	1	1	0		1	120				1	0			10
342	蓬莱_九辩馆	九辩馆	100	3	4	0	0	1	1024		1	5			2	1	1440	420		0	1	0	128	0	0	0	data\source\maps\蓬莱_九辩馆\蓬莱_九辩馆.jsonmap			0	0	1		1	1	0	0	0	0	16	0	0	0	0		131	0	0	0								1	1				1	1	1	0			50				1	0			10
343	英雄侠客岛_迷渊岛	英雄迷渊岛	100	3	4	0	0	1	1024		1	5			2	1	1440	420		0	1	0	128	0	0	0	data\source\maps\英雄侠客岛_迷渊岛\英雄侠客岛_迷渊岛.jsonmap			0	0	1		1	1	0	0	0	0	16	0	0	0	0		131	0	0	0								1	1				1	1	1	0			120				1	0			10
344	浮丘岛	浮丘岛	100	1	4	0	0	1	4096	300	1	1			2	0	0	0		1	1	0	8	0	0	0	data\source\maps\浮丘岛\浮丘岛.jsonmap			20	0	0		1	0	0	0	0	0	16	0	0	0	0		0	0	0	1			1	0	0	0	0	2	0		0	0	1	1	1	0							0	0			10
347	冰火岛_青莲狱	冰火岛·青莲狱	100	3	6	0	0	1	1024		1	10			5	0	4320	6180		0	1	0	128	0	0	0	data\source\maps\冰火岛_青莲狱\冰火岛_青莲狱.jsonmap			0	0	1		1	1	0		0	0	16	0	0	0	0		128	0	0	0			1					1	1				1	1	1	0		1	120				1	0			10
348	英雄冰火岛_青莲狱	英雄冰火岛·青莲狱	100	3	6	0	0	1	512		1	25			2	1	10080	6180		0	1	0	128	0	0	0	data\source\maps\英雄冰火岛_青莲狱\英雄冰火岛_青莲狱.jsonmap			0	0	1		1	1	0		0	0	16	0	0	0	0		128	0	0	0			1					1	1				1	1	1	0		1	120				1	0			10
349	挑战冰火岛_青莲狱	挑战冰火岛·青莲狱	100	3	6	0	0	1	512		1	25			2	1	10080	6180		0	1	0	128	0	0	0	data\source\maps\挑战冰火岛_青莲狱\挑战冰火岛_青莲狱.jsonmap			0	0	1		1	1	0		0	0	16	0	0	0	0		128	0	0	0			1					1	1				1	1	1	0		1	120				1	0			10
350	帮会冰火岛_青莲狱	试炼冰火岛·青莲狱	100	3	6	0	0	1	512		1	25			2	0	10080	6180		0	1	0	128	0	0	0	data\source\maps\帮会冰火岛_青莲狱\帮会冰火岛_青莲狱.jsonmap			0	0	1		1	1	0		0	0	16	0	0	0	0		128	0	0	0			1					1	1				1	1	1	0						7	1	0			10
354	英雄冰火岛_荒血路	英雄冰火岛·荒血路	100	3	6	0	0	1	512		1	25			2	1	10080	6180		0	1	0	128	0	0	0	data\source\maps\英雄冰火岛_荒血路\英雄冰火岛_荒血路.jsonmap			0	0	0		1	1	0		0	0	16	0	0	0	0		128	0	0	0			1					1	1				1	1	1	0		1	120				1	0			10
355	英雄大衍盘丝洞	英雄大衍盘丝洞	100	3	4	0	0	1	1024		1	5			2	1	1440	420		0	1	0	128	0	0	0	data\source\maps\英雄大衍盘丝洞\英雄大衍盘丝洞.jsonmap			0	0	1		1	1	0	0	0	0	16	0	0	0	0		131	0	0	0								1	1				1	1	1	0			120				1	0			10
356	英雄洞天福地岛_泥兰洞天	英雄泥兰洞天	100	3	4	0	0	1	1024		1	5			2	1	1440	420		0	1	0	128	0	0	0	data\source\maps\英雄洞天福地岛_泥兰洞天\英雄洞天福地岛_泥兰洞天.jsonmap			0	0	1		1	1	0	0	0	0	16	0	0	0	0		131	0	0	0								1	1				1	1	1	0			120				1	0			10
357	英雄镜泊湖	英雄镜泊湖	100	3	4	0	0	1	1024		1	5			2	1	1440	420		0	1	0	128	0	0	0	data\source\maps\英雄镜泊湖\英雄镜泊湖.jsonmap			0	0	1		1	1	0	0	0	0	16	0	0	0	0		131	0	0	0								1	1				1	1	1	0			120				1	0			10
358	侠客岛_迷渊岛	迷渊岛	100	3	4	0	0	1	1024		1	5			2	1	1440	420		0	1	0	128	0	0	0	data\source\maps\侠客岛_迷渊岛\侠客岛_迷渊岛.jsonmap			0	0	1		1	1	0	0	0	0	16	0	0	0	0		131	0	0	0								1	1				1	1	1	0			50				1	0			10
359	英雄蓬莱_九辩馆	英雄九辩馆	100	3	4	0	0	1	1024		1	5			2	1	1440	420		0	1	0	128	0	0	0	data\source\maps\英雄蓬莱_九辩馆\英雄蓬莱_九辩馆.jsonmap			0	0	1		1	1	0	0	0	0	16	0	0	0	0		131	0	0	0								1	1				1	1	1	0			120				1	0			10
360	挑战冰火岛_荒血路	挑战冰火岛·荒血路	100	3	6	0	0	1	512		1	25			2	1	10080	6180		0	1	0	128	0	0	0	data\source\maps\挑战冰火岛_荒血路\挑战冰火岛_荒血路.jsonmap			0	0	0		1	1	0		0	0	16	0	0	0	0		128	0	0	0			1					1	1				1	1	1	0		1	120				1	0			10
361	帮会冰火岛_荒血路	试炼冰火岛·荒血路	100	3	6	0	0	1	512		1	25			2	0	10080	6180		0	1	0	128	0	0	0	data\source\maps\帮会冰火岛_荒血路\帮会冰火岛_荒血路.jsonmap			0	0	0		1	1	0		0	0	16	0	0	0	0		128	0	0	0			1					1	1				1	1	1	0						7	1	0			10
362	墟海之眼	墟海之眼	100	6	1	0	0	2	2048		1	1024			2	0	0	0		0	0	0	8	2	0	0	data\source\maps\墟海之眼\墟海之眼.jsonmap			0	0	0		4	0	0		0	0	1	0	1	0	0		8	0	0	0	1		1	0	0	0	0	4	0				2	0	1	0						7	0	0			10
364	尘归海_巨冥湾	尘归海·巨冥湾	100	3	6	0	0	1	1024		1	10			5	0	4320	6180		0	1	0	128	0	0	0	data\source\maps\尘归海_巨冥湾\尘归海_巨冥湾.jsonmap			0	0	0		1	1	0		0	0	16	0	0	0	0		128	0	0	0			1					1	1				1	1	1	0		1	120				1	0			10
365	英雄尘归海_巨冥湾	英雄尘归海·巨冥湾	100	3	6	0	0	1	512		1	25			2	1	10080	6180		0	1	0	128	0	0	0	data\source\maps\英雄尘归海_巨冥湾\英雄尘归海_巨冥湾.jsonmap			0	0	0		1	1	0		0	0	16	0	0	0	0		128	0	0	0			1					1	1				1	1	1	0		1	120				1	0			10
366	挑战尘归海_巨冥湾	挑战尘归海·巨冥湾	100	3	6	0	0	1	512		1	25			2	1	10080	6180		0	1	0	128	0	0	0	data\source\maps\挑战尘归海_巨冥湾\挑战尘归海_巨冥湾.jsonmap			0	0	0		1	1	0		0	0	16	0	0	0	0		128	0	0	0			1					1	1				1	1	1	0		1	120				1	0			10
368	尘归海_饕餮洞	尘归海·饕餮洞	100	3	6	0	0	1	1024		1	10			5	0	4320	6180		0	1	0	128	0	0	0	data\source\maps\尘归海_饕餮洞\尘归海_饕餮洞.jsonmap			0	0	1		1	1	0		0	0	16	0	0	0	0		128	0	0	0			1					1	1				1	1	1	0		1	120				1	0			10
369	英雄尘归海_饕餮洞	英雄尘归海·饕餮洞	100	3	6	0	0	1	512		1	25			2	1	10080	6180		0	1	0	128	0	0	0	data\source\maps\英雄尘归海_饕餮洞\英雄尘归海_饕餮洞.jsonmap			0	0	1		1	1	0		0	0	16	0	0	0	0		128	0	0	0			1					1	1				1	1	1	0		1	120				1	0			10
370	挑战尘归海_饕餮洞	挑战尘归海·饕餮洞	100	3	6	0	0	1	512		1	25			2	1	10080	6180		0	1	0	128	0	0	0	data\source\maps\挑战尘归海_饕餮洞\挑战尘归海_饕餮洞.jsonmap			0	0	1		1	1	0		0	0	16	0	0	0	0		128	0	0	0			1					1	1				1	1	1	0		1	120				1	0			10
406	鲲鹏岛_周天屿	英雄周天屿	100	3	4	0	0	1	1024		1	5			2	1	1440	420		0	1	0	128	0	0	0	data\source\maps\鲲鹏岛_周天屿\鲲鹏岛_周天屿.jsonmap			0	0	0		1	1	0	0	0	0	16	0	0	0	0		131	0	0	0								1	1				1	1	1	0			120				1	0			10
407	挑战鲲鹏岛_周天屿	挑战周天屿	100	3	4	0	0	1	1024		1	5			2	1	1440	420		0	1	0	128	0	0	0	data\source\maps\挑战鲲鹏岛_周天屿\挑战鲲鹏岛_周天屿.jsonmap			0	0	0		1	1	0	0	0	0	16	0	0	0	0		131	0	0	0								1	1				1	1	1	0			120				1	0			10
410	海岛绝境	沧溟绝境	100	4	5	0	0	2	512		1	118			2	0	0	0		0	1	0	512	2	160	0	data\source\maps\海岛绝境\海岛绝境.jsonmap			0	0	0		5	0	0		0	0	4	0	0	0	0		8	0	1	1			1	0	0	0	0	2	0				4	0	2	1	1					7	0	0			10
411	鲲鹏岛	鲲鹏岛	100	2	2	1	1	0	1		1	1000		100	10	0	0	0		1	0	0	0	0	0	0	data\source\maps\鲲鹏岛\鲲鹏岛.jsonmap			0	0	0	7068	4	0	0		0	1	16	1	0	0	1		0	0	0	1			1	1	100	450	450	2	0				1	1	1	0							1	1			10
412	列星岛	列星岛	100	1	2	0	0	2	1024		1	14			2	0	0	0		0	1	0	512	2	160	0	data\source\maps\列星岛\列星岛.jsonmap			0	0	0		5	0	0		0	0	1	0	0	0	0		8	0	0	0			1	0	0	0	0	2	0				2	0	2	1	1					7	0	0			10
413	望扬镇_压力测试	望扬镇_压力测试	100	1	2	0	1	0	1		1	1500	1200		10	0	0	0		1	0	0	0	0	0	0	data\source\maps\望扬镇_压力测试\望扬镇_压力测试.jsonmap			0	0	0		1	0	0		0	1	16	1	0	0	1		16	0	0	1			1	0	0	0	0	2	0				1	1	1	0							0	0			10
414	扬州_望扬镇_家园_004	扬州_望扬镇_家园_004	100	1	2	0	1	1	1024		1	1500	1200		10	0	0	0		1	0	0	0	0	0	0	data\source\maps\扬州_望扬镇_家园_004\扬州_望扬镇_家园_004.jsonmap			0	0	0		1	0	0		0	0	16	0	0	0	1		16	0	0	1			1	0	0	0	0	2	0				1	1	1	0							0	0			10
415	野狸岛	野狸岛	100	4	5	0	0	2	512		1	24			2	0	0	0		0	1	0	3	1	0	0	data\source\maps\野狸岛\野狸岛.jsonmap			0	0	0		5	0	0		0	0	4	0	0	0	0		256	0	1	0			1	0	0	0	0	2	0				2	0	1	0	1					7	0	0			10
417	HD登陆界面_蓬莱001	HD登陆界面_蓬莱001	100	2	4	1	1	0	1		1	1200			10	1	0	0		1	1	5	0	0	0	0	data\source\maps\HD登陆界面_蓬莱001\HD登陆界面_蓬莱001.jsonmap			0	0	0		5	0	0		0	0	16	0	0	0	0		0	0	0	1			1	0	0	0	0	2	0				1	1	1	0							0	0			10
418	HD商城_001_1024	HD商城_001_1024	100	2	4	1	1	0	1		1	1200			10	1	0	0		1	1	5	0	0	0	0	data\source\maps\HD商城_001_1024\HD商城_001_1024.jsonmap			0	0	0		5	0	0		0	0	16	0	0	0	0		0	0	0	1			1	0	0	0	0	2	0				1	1	1	0							0	0			10
419	凌雪阁	凌雪阁	100	2	2	0	1	0	2		1	1500	1200	100	10	0	0	0		1	0	0	0	0	0	0	data\source\maps\凌雪阁\凌雪阁.jsonmap			0	0	0	7223	1	0	0		0	1	16	1	0	0	0		0	0	0	1			1	0	0	0	0	2	0				1	1	1	0				1			1	1	1		10
420	HD登陆界面002_空	HD登陆界面002_空	100	2	4	1	1	0	1		1	1200			10	1	0	0		1	1	5	0	0	0	0	data\source\maps\HD登陆界面002_空\HD登陆界面002_空.jsonmap			0	0	0		5	0	0		0	0	16	0	0	0	0		0	0	0	1			1	0	0	0	0	2	0				1	1	1	0							0	0			10
421	浪客行_悬棺裂谷	浪客行·悬棺裂谷	100	3	4	0	0	1	4096		1	5			1	0	0	420		0	1	0	512	0	0	0	data\source\maps\浪客行_悬棺裂谷\浪客行_悬棺裂谷.jsonmap			0	0	1		1	1	0		0	0	4	0	0	0	0		171	0	0				1	0	0	0	0	1	1				4	0	2	1			120			7	1	0			10
422	浪客行_草原路	浪客行·桑珠草原	100	3	4	0	0	1	4096		1	5			1	0	0	420		0	1	0	512	0	0	0	data\source\maps\浪客行_草原路\浪客行_草原路.jsonmap			0	0	1		1	1	0		0	0	4	0	0	0	0		171	0	0				1	0	0	0	0	1	1				4	0	2	1			120			7	1	0			10
423	浪客行_东水寨	浪客行·东水寨	100	3	4	0	0	1	4096		1	5			1	0	0	420		0	1	0	512	0	0	0	data\source\maps\浪客行_东水寨\浪客行_东水寨.jsonmap			0	0	1		1	1	0		0	0	4	0	0	0	0		171	0	0				1	0	0	0	0	1	1				4	0	2	1			120			7	1	0			10
424	浪客行_竹林路	浪客行·湘竹溪	100	3	4	0	0	1	4096		1	5			1	0	0	420		0	1	0	512	0	0	0	data\source\maps\浪客行_竹林路\浪客行_竹林路.jsonmap			0	0	1		1	1	0		0	0	4	0	0	0	0		171	0	0				1	0	0	0	0	1	1				4	0	2	1			120			7	1	0			10
425	浪客行_鬼镇	浪客行·荒魂镇	100	3	4	0	0	1	4096		1	5			1	0	0	420		0	1	0	512	0	0	0	data\source\maps\浪客行_鬼镇\浪客行_鬼镇.jsonmap			0	0	1		1	1	0		0	0	4	0	0	0	0		171	0	0				1	0	0	0	0	1	1				4	0	2	1			120			7	1	0			10
426	敖龙岛	敖龙岛	100	3	6	0	0	1	1024		1	10			5	0	4320	6180		0	1	0	128	0	0	0	data\source\maps\敖龙岛\敖龙岛.jsonmap			0	0	0		1	1	0		0	0	16	0	0	0	0		128	0	0	0			1					1	1				1	1	1	0		1	120				1	0			10
427	25人普通敖龙岛	25人普通敖龙岛	100	3	6	0	0	1	512		1	25			2	1	10080	6180		0	1	0	128	0	0	0	data\source\maps\25人普通敖龙岛\25人普通敖龙岛.jsonmap			0	0	0		1	1	0		0	0	16	0	0	0	0		128	0	0	0			1					1	1				1	1	1	0		1	120				1	0			10
428	25人英雄敖龙岛	25人英雄敖龙岛	100	3	6	0	0	1	512		1	25			2	1	10080	6180		0	1	0	128	0	0	0	data\source\maps\25人英雄敖龙岛\25人英雄敖龙岛.jsonmap			0	0	0		1	1	0		0	0	16	0	0	0	0		128	0	0	0			1					1	1				1	1	1	0		1	120				1	0			10
431	凌雪阁_别鹤南墅	玄鹤别院	100	3	4	0	0	1	1024		1	5			2	1	1440	420		0	1	0	128	0	0	0	data\source\maps\凌雪阁_别鹤南墅\凌雪阁_别鹤南墅.jsonmap			0	0	0		1	1	0	0	0	0	16	0	0	0	0		131	0	0	0								1	1				1	1	1	0			50				1	0			10
432	英雄凌雪阁_别鹤南墅	英雄玄鹤别院	100	3	4	0	0	1	1024		1	5			2	1	1440	420		0	1	0	128	0	0	0	data\source\maps\英雄凌雪阁_别鹤南墅\英雄凌雪阁_别鹤南墅.jsonmap			0	0	0		1	1	0	0	0	0	16	0	0	0	0		131	0	0	0								1	1				1	1	1	0			120				1	0			10
433	浪客行_客栈	浪客行·有间客栈	100	3	4	0	0	1	4096		1	5			1	0	0	420		0	1	0	512	0	0	0	data\source\maps\浪客行_客栈\浪客行_客栈.jsonmap			0	0	1		1	1	0		0	0	4	0	0	0	0		171	0	0				1	0	0	0	0	1	1				4	0	2	1			120			7	1	0			10
434	浪客行_森林路	浪客行·绥梦山	100	3	4	0	0	1	4096		1	5			1	0	0	420		0	1	0	512	0	0	0	data\source\maps\浪客行_森林路\浪客行_森林路.jsonmap			0	0	1		1	1	0		0	0	4	0	0	0	0		171	0	0				1	0	0	0	0	1	1				4	0	2	1			120			7	1	0			10
435	浪客行_华清宫回忆录	浪客行·华清宫	100	3	4	0	0	1	4096		1	5			1	0	0	420		0	1	0	512	0	0	0	data\source\maps\浪客行_华清宫回忆录\浪客行_华清宫回忆录.jsonmap			0	0	1		1	1	0		0	0	4	0	0	0	0		171	0	0				1	0	0	0	0	1	1				4	0	2	1			120			7	1	0			10
436	浪客行_枫华谷	浪客行·枫阳村	100	3	4	0	0	1	4096		1	5			1	0	0	420		0	1	0	512	0	0	0	data\source\maps\浪客行_枫华谷\浪客行_枫华谷.jsonmap			0	0	1		1	1	0		0	0	4	0	0	0	0		171	0	0				1	0	0	0	0	1	1				4	0	2	1			120			7	1	0			10
437	浪客行_空雾峰	浪客行·荒雪路	100	3	4	0	0	1	4096		1	5			1	0	0	420		0	1	0	512	0	0	0	data\source\maps\浪客行_空雾峰\浪客行_空雾峰.jsonmap			0	0	1		1	1	0		0	0	4	0	0	0	0		171	0	0				1	0	0	0	0	1	1				4	0	2	1			120			7	1	0			10
438	浪客行_荻花宫前山	浪客行·古祭坛	100	3	4	0	0	1	4096		1	5			1	0	0	420		0	1	0	512	0	0	0	data\source\maps\浪客行_荻花宫前山\浪客行_荻花宫前山.jsonmap			0	0	1		1	1	0		0	0	4	0	0	0	0		171	0	0				1	0	0	0	0	1	1				4	0	2	1			120			7	1	0			10
439	浪客行_荻花洞窟	浪客行·雾荧洞	100	3	4	0	0	1	4096		1	5			1	0	0	420		0	1	0	512	0	0	0	data\source\maps\浪客行_荻花洞窟\浪客行_荻花洞窟.jsonmap			0	0	1		1	1	0		0	0	4	0	0	0	0		171	0	0				1	0	0	0	0	1	1				4	0	2	1			120			7	1	0			10
440	浪客行_黑戈壁	浪客行·阴风峡	100	3	4	0	0	1	4096		1	5			1	0	0	420		0	1	0	512	0	0	0	data\source\maps\浪客行_黑戈壁\浪客行_黑戈壁.jsonmap			0	0	1		1	1	0		0	0	4	0	0	0	0		171	0	0				1	0	0	0	0	1	1				4	0	2	1			120			7	1	0			10
441	浪客行_九寨沟	浪客行·翡翠瑶池	100	3	4	0	0	1	4096		1	5			1	0	0	420		0	1	0	512	0	0	0	data\source\maps\浪客行_九寨沟\浪客行_九寨沟.jsonmap			0	0	1		1	1	0		0	0	4	0	0	0	0		171	0	0				1	0	0	0	0	1	1				4	0	2	1			120			7	1	0			10
442	浪客行_明教	浪客行·胡杨林道	100	3	4	0	0	1	4096		1	5			1	0	0	420		0	1	0	512	0	0	0	data\source\maps\浪客行_明教\浪客行_明教.jsonmap			0	0	1		1	1	0		0	0	4	0	0	0	0		171	0	0				1	0	0	0	0	1	1				4	0	2	1			120			7	1	0			10
443	浪客行_永王行宫_仙侣庭园	浪客行·浮景峰	100	3	4	0	0	1	4096		1	5			1	0	0	420		0	1	0	512	0	0	0	data\source\maps\浪客行_永王行宫_仙侣庭园\浪客行_永王行宫_仙侣庭园.jsonmap			0	0	1		1	1	0		0	0	4	0	0	0	0		171	0	0				1	0	0	0	0	1	1				4	0	2	1			120			7	1	0			10
444	蔷薇列岛	蔷薇列岛	100	1	2	1	1	0	1		1	1000	900	50	10	0	0	0		1	0	0	0	0	0	0	data\source\maps\蔷薇列岛\蔷薇列岛.jsonmap			0	0	0	7244	4	0	0	0	1	1	16	1	0	0	0		0	0	0	1			1	1	100	450	450	2					1	1	1	0							1	1			10
445	凌雪阁_江南府邸	江南府邸	100	1	4	0	0	1	4096	300	1	1			2	0	0	0		1	1	0	8	0	0	0	data\source\maps\凌雪阁_江南府邸\凌雪阁_江南府邸.jsonmap			20	0	0		1	0	0	0	 	0	16	0	0	0	0		0	0	0	0			1	0	0	0	0	2	0		0	0	1	1	1	0							1	0			10
446	试炼之地	试炼之地	100	1	2	0	0	1	4096		1	1			1	1	0	0		0	0	0	131	0	0	0	data\source\maps\试炼之地\试炼之地.jsonmap			0	0	0		1	0	0	0	0	0	2	0	0	0	0		32	1	0	0			1	0	0	0	0	1	0				1	1	1	0							0	0			10
447	HD商城_001	HD商城_001	100	2	4	1	1	0	1		1	1200			10	1	0	0		1	1	5	0	0	0	0	data\source\maps\HD商城_001\HD商城_001.jsonmap			0	0	0		5	0	0		0	0	16	0	0	0	0		0	0	0	1			1	0	0	0	0	2	0				1	1	1	0							0	0			10
448	HD登陆界面_凌雪阁003	HD登陆界面_凌雪阁003	100	2	4	1	1	0	1		1	1200			10	1	0	0		1	1	5	0	0	0	0	data\source\maps\HD登陆界面_凌雪阁003\HD登陆界面_凌雪阁003.jsonmap			0	0	0		5	0	0		0	0	16	0	0	0	0		0	0	0	1			1	0	0	0	0	2	0				1	1	1	0							0	0			10
450	miniscene角色光照无地形	miniscene角色光照无地形	100	2	4	1	1	0	1		1	1200			10	1	0	0		1	1	5	0	0	0	0	data\source\maps\HD登陆界面_凌雪阁003\HD登陆界面_凌雪阁003.jsonmap			0	0	0		5	0	0		0	0	16	0	0	0	0		0	0	0	1			1	0	0	0	0	2	0				1	1	1	0							0	0			10
451	雪山温泉	雪山温泉	100	3	4	0	0	1	4096		1	5			1	0	0	420		0	1	0	0	0	0	0	data\source\maps\雪山温泉\雪山温泉.jsonmap			0	0	0		1	1	0	0	0	0	16	0	0	0	0		131	0	0	0								1	1				1	1	1	0			50			7	1	0			10
452	范阳夜变	范阳夜变	100	3	6	0	0	1	1024		1	10			5	0	4320	6180		0	1	0	128	0	0	0	data\source\maps\范阳夜变\范阳夜变.jsonmap			0	0	0		1	1	0		0	0	16	0	0	0	0		128	0	0	0			1					1	1				1	1	1	0		1	120				1	0			10
453	25人普通范阳夜变	25人普通范阳夜变	100	3	6	0	0	1	1024		1	25			2	1	10080	6180		0	1	0	128	0	0	0	data\source\maps\范阳夜变\范阳夜变.jsonmap			0	0	0		1	1	0		0	0	16	0	0	0	0		128	0	0	0			1					1	1				1	1	1	0		1	120				1	0			10
454	25人英雄范阳夜变	25人英雄范阳夜变	100	3	6	0	0	1	512		1	25			2	1	10080	6180		0	1	0	128	0	0	0	data\source\maps\范阳夜变\范阳夜变.jsonmap			0	0	0		1	1	0		0	0	16	0	0	0	0		128	0	0	0			1					1	1				1	1	1	0		1	120				1	0			10
455	扬州_广陵邑_家园	广陵邑	100	1	2	0	0	5	1600		1	250	250		30	0	0	0		1	0	0	0	0	0	0	data\source\maps\扬州_广陵邑_家园\扬州_广陵邑_家园.jsonmap			0	0	0		1	0	0		0	0	16	0	0	0	0		16	0	0	1			1	0	0	0	0	2	0				1	1	1	0							1	0			10
457	望扬镇_单房屋测试	望扬镇_单房屋测试	100	1	2	0	1	0	1		1	1500	1200		10	0	0	0		1	0	0	0	0	0	0	data\source\maps\望扬镇_单房屋测试\望扬镇_单房屋测试.jsonmap			0	0	0		1	0	0		0	1	16	1	0	0	1		16	0	0	1			1	0	0	0	0	2	0				1	1	1	0							0	0			10
458	1024_昼夜循环_家园	1024_昼夜循环_家园	100	2	4	1	1	0	1		1	1200			10	1	0	0		1	1	5	0	0	0	0	data\source\maps\1024_昼夜循环_家园\1024_昼夜循环_家园.jsonmap			0	0	0		5	0	0		0	0	16	0	0	0	0		0	0	0	1			1	0	0	0	0	2	0				1	1	1	0							0	0			10
459	范阳	范阳	100	2	2	0	1	0	1		1	1800	1500	100	10	0	0	0		1	0	0	0	0	0	0	data\source\maps\范阳夜变\范阳夜变.jsonmap	data\source\maps\范阳		0	0	0		4	0	0		0	1	16	0	0	0	1		0	0	0	0			1	0	0	0	0	2	0				1	1	1	0							0	0			10
460	1024_格子图	1024_格子图	100	2	4	1	1	0	1		1	1200			10	1	0	0		1	1	5	0	0	0	0	data\source\maps\1024_格子图\1024_格子图.jsonmap			0	0	0		5	0	0		0	0	16	0	0	0	0		0	0	0	1			1	0	0	0	0	2	0				1	1	1	0							0	0			10
461	浪客行_樱花林	浪客行·落樱林	100	3	4	0	0	1	4096		1	5			1	0	0	420		0	1	0	512	0	0	0	data\source\maps\浪客行_樱花林\浪客行_樱花林.jsonmap			0	0	1		1	1	0		0	0	4	0	0	0	0		171	0	0				1	0	0	0	0	1	1				4	0	2	1			120			7	1	0			10
462	九寨沟_家园	九寨沟·镜海	100	1	2	0	0	5	1600		1	250	250		30	0	0	0		1	0	0	0	0	0	0	data\source\maps\九寨沟_家园\九寨沟_家园.jsonmap			0	0	0		1	0	0		0	0	16	0	0	0	0		16	0	0	1			1	0	0	0	0	2	0				1	1	1	0							1	0			10
463	七秀_家园	七秀_家园	100	1	2	0	1	0	1		1	1500	1200		10	0	0	0		1	0	0	0	0	0	0	data\source\maps\七秀_家园\七秀_家园.jsonmap			0	0	0		1	0	0		0	1	16	1	0	0	1		16	0	0	1			1	0	0	0	0	2	0				1	1	1	0							0	0			10
464	衍天宗	衍天宗	100	1	2	0	1	0	2		1	1500	1200	100	10	0	0	0		1	0	0	0	0	0	0	data\source\maps\衍天宗\衍天宗.jsonmap			0	0	0	8644	1	0	0		0	1	16	1	0	0	0		0	0	0	1			1	0	0	0	0	2	0				1	1	1	0							1	1	1		10
465	望扬镇_单房屋	望扬镇_单房屋	100	1	2	0	1	0	1		1	1500	1200		10	0	0	0		1	0	0	0	0	0	0	data\source\maps\望扬镇_单房屋\望扬镇_单房屋.jsonmap			0	0	0		1	0	0		0	1	16	1	0	0	1		16	0	0	1			1	0	0	0	0	2	0				1	1	1	0							0	0			10
466	HD家园商城001	HD家园商城001	100	2	4	1	1	0	1		1	1200			10	1	0	0		1	1	5	0	0	0	0	data\source\maps\HD家园商城001\HD家园商城001.jsonmap			0	0	0		5	0	0		0	0	16	0	0	0	0		0	0	0	1			1	0	0	0	0	2	0				1	1	1	0							0	0			10
467	衍天宗_幻灵境	幻灵境	100	1	4	0	0	1	4096	300	1	1			2	0	0	0		1	1	0	8	0	0	0	data\source\maps\衍天宗_幻灵境\衍天宗_幻灵境.jsonmap			20	0	0		1	0	0	0	 	0	16	0	0	0	0		0	0	0	0			1	0	0	0	0	2	0		0	0	1	1	1	0							1	0			10
468	藏剑山庄_乱世_剑冢惊变	剑冢惊变	100	3	4	0	0	1	1024		1	5			2	1	1440	420		0	1	0	128	0	0	0	data\source\maps\藏剑山庄_乱世_剑冢惊变\藏剑山庄_乱世_剑冢惊变.jsonmap			0	0	0		1	1	0	0	0	0	16	0	0	0	0		131	0	0	0								1	1				1	1	1	0			75				1	0			10
469	英雄藏剑山庄_乱世_剑冢惊变	英雄剑冢惊变	100	3	4	0	0	1	1024		1	5			2	1	1440	420		0	1	0	128	0	0	0	data\source\maps\藏剑山庄_乱世_剑冢惊变\藏剑山庄_乱世_剑冢惊变.jsonmap			0	0	0		1	1	0	0	0	0	16	0	0	0	0		131	0	0	0								1	1				1	1	1	0			120				1	0			10
470	2020_828	星海蜃影·零	100	2	4	0	0	0	1		1	1000			10	1	0	0		1	0	0	0	0	0	0	data\source\maps\2020_828\2020_828.jsonmap			0	0	0		1	0	0		0	0	16	0	0	0	0		0	0	0	1			1	0	0	0	0	2	0				1	1	1	0							0	0			10
471	扬州_枫叶泊_家园	枫叶泊·乐苑	100	1	2	0	0	5	500		1	250	250		30	0	0	0		1	0	0	0	0	0	0	data\source\maps\扬州_枫叶泊_家园\扬州_枫叶泊_家园.jsonmap			0	0	0		1	0	0		0	0	16	0	0	0	0		16	0	0	1			1	0	0	0	0	2	0				1	1	1	0							1	0			10
473	万花_乱世	万花·乱世	100	1	2	1	1	0	1		1	1000	900	100	10	0	0	0		1	0	0	0	0	0	0	data\source\maps\万花_乱世\万花_乱世.jsonmap			0	0	0	8665	4	0	0	0	1	1	16	1	0	0	0		0	0	0	1			1	1	100	450	450	2					1	1	1	0							1	1			10
474	七秀_乱世	七秀·乱世	100	1	2	1	1	0	1		1	1000	900	100	10	0	0	0		1	0	0	0	0	0	0	data\source\maps\七秀_乱世\七秀_乱世.jsonmap			0	0	0	8675	4	0	0	0	1	1	16	1	0	0	0		0	0	0	1			1	1	100	450	450	2					1	1	1	0							1	1			10
475	少林_乱世	少林·乱世	100	1	2	1	1	0	1		1	1000	900	100	10	0	0	0		1	0	0	0	0	0	0	data\source\maps\少林_乱世\少林_乱世.jsonmap			0	0	0	8689	4	0	0	0	1	1	16	1	0	0	0		0	0	0	1			1	1	100	450	450	2					1	1	1	0							1	1			10
476	衍天宗_梦入集真岛	梦入集真岛	100	3	4	0	0	1	1024		1	5			2	1	1440	420		0	1	0	128	0	0	0	data\source\maps\衍天宗_梦入集真岛\衍天宗_梦入集真岛.jsonmap			0	0	0		1	1	0	0	0	0	16	0	0	0	0		131	0	0	0								1	1				1	1	1	0			50				1	0			10
477	七秀_乱世_梧桐山庄	梧桐山庄	100	3	4	0	0	1	1024		1	5			2	1	1440	420		0	1	0	128	0	0	0	data\source\maps\七秀_乱世_梧桐山庄\七秀_乱世_梧桐山庄.jsonmap			0	0	0		1	1	0	0	0	0	16	0	0	0	0		131	0	0	0								1	1				1	1	1	0			75				1	0			10
478	英雄七秀_乱世_梧桐山庄	英雄梧桐山庄	100	3	4	0	0	1	1024		1	5			2	1	1440	420		0	1	0	128	0	0	0	data\source\maps\七秀_乱世_梧桐山庄\七秀_乱世_梧桐山庄.jsonmap			0	0	0		1	1	0	0	0	0	16	0	0	0	0		131	0	0	0								1	1				1	1	1	0			120				1	0			10
479	少林_乱世_罗汉门	罗汉门	100	2	4	0	0	1	1024		1	5			2	1	1440	420		0	1	0	128	0	0	0	data\source\maps\少林_乱世_罗汉门\少林_乱世_罗汉门.jsonmap			0	0	1		1	1	0		0	0	16	0	0	0	0		131	0	0	0			1	0	0	0	0	1	1				1	1	1	0			75				1	0			10
480	英雄少林_乱世_罗汉门	英雄罗汉门	100	2	4	0	0	1	1024		1	5			2	1	1440	420		0	1	0	128	0	0	0	data\source\maps\少林_乱世_罗汉门\少林_乱世_罗汉门.jsonmap			0	0	1		1	1	0		0	0	16	0	0	0	0		131	0	0	0			1	0	0	0	0	1	1				1	1	1	0			120				1	0			10
481	英雄衍天宗_梦入集真岛	英雄梦入集真岛	100	3	4	0	0	1	1024		1	5			2	1	1440	420		0	1	0	128	0	0	0	data\source\maps\衍天宗_梦入集真岛\衍天宗_梦入集真岛.jsonmap			0	0	0		1	1	0	0	0	0	16	0	0	0	0		131	0	0	0								1	1				1	1	1	0			120				1	0			10
482	少林_乱世_达摩洞	达摩洞	110	3	6	0	0	1	1024		1	10			5	0	4320	6180		0	1	0	128	0	0	0	data\source\maps\少林_乱世_达摩洞\少林_乱世_达摩洞.jsonmap			0	0	1		1	1	0		0	0	16	0	0	0	0		128	0	0	0			1					1	1				1	1	1	0		1	120				1	0			10
483	25人普通达摩洞	25人普通达摩洞	110	3	6	0	0	1	512		1	25			2	1	10080	6180		0	1	0	128	0	0	0	data\source\maps\少林_乱世_达摩洞\少林_乱世_达摩洞.jsonmap			0	0	1		1	1	0		0	0	16	0	0	0	0		128	0	0	0			1					1	1				1	1	1	0		1	120				1	0			10
484	25人英雄达摩洞	25人英雄达摩洞	110	3	6	0	0	1	512		1	25			2	1	10080	6180		0	1	0	128	0	0	0	data\source\maps\少林_乱世_达摩洞\少林_乱世_达摩洞.jsonmap			0	0	1		1	1	0		0	0	16	0	0	0	0		128	0	0	0			1					1	1				1	1	1	0		1	120				1	0			10
486	扬州_枫叶泊天苑_家园	枫叶泊·天苑	100	1	2	0	0	5	500		1	250	250		30	0	0	0		1	0	0	0	0	0	0	data\source\maps\扬州_枫叶泊天苑_家园\扬州_枫叶泊天苑_家园.jsonmap			0	0	0		1	0	0		0	0	16	0	0	0	0		16	0	0	1			1	0	0	0	0	2	0				1	1	1	0							1	0			10
487	镜花别院	镜花别院	100	3	6	0	0	1	4096		1	1			2	1	0	420		0	1	0	128	0	0	0	data\source\maps\镜花别院\镜花别院.jsonmap			0	0	0		1	1	0		0	0	2	0	0	0	0		128	0	0	0			1					2	1				1	1	1	0		1	120				0	0			10
488	藏剑山庄_乱世	藏剑山庄·乱世	100	1	2	1	1	0	1		1	1000	900	100	10	0	0	0		1	0	0	0	0	0	0	data\source\maps\藏剑山庄_乱世\藏剑山庄_乱世.jsonmap			0	0	0	8702	4	0	0	0	1	1	16	1	0	0	0		0	0	0	1			1	1	100	450	450	2					1	1	1	0							1	1			10
489	万花_乱世_三星望月	月落三星	100	3	4	0	0	1	1024		1	5			2	1	1440	420		0	1	0	128	0	0	0	data\source\maps\万花_乱世_三星望月\万花_乱世_三星望月.jsonmap			0	0	1		1	1	0	0	0	0	16	0	0	0	0		131	0	0	0								1	1				1	1	1	0			75				1	0			10
490	英雄万花_乱世_三星望月	英雄月落三星	100	3	4	0	0	1	1024		1	5			2	1	1440	420		0	1	0	128	0	0	0	data\source\maps\万花_乱世_三星望月\万花_乱世_三星望月.jsonmap			0	0	1		1	1	0	0	0	0	16	0	0	0	0		131	0	0	0								1	1				1	1	1	0			120				1	0			10
491	2020_828	星海蜃影·一	100	2	4	0	0	0	1		1	1000			10	1	0	0		1	0	0	0	0	0	0	data\source\maps\2020_828\2020_828.jsonmap			0	0	0		1	0	0		0	0	16	0	0	0	0		0	0	0	1			1	0	0	0	0	2	0				1	1	1	0							0	0			10
492	2020_828	星海蜃影·二	100	2	4	0	0	0	1		1	1000			10	1	0	0		1	0	0	0	0	0	0	data\source\maps\2020_828\2020_828.jsonmap			0	0	0		1	0	0		0	0	16	0	0	0	0		0	0	0	1			1	0	0	0	0	2	0				1	1	1	0							0	0			10
493	2020_828	星海蜃影·三	100	2	4	0	0	0	1		1	1000			10	1	0	0		1	0	0	0	0	0	0	data\source\maps\2020_828\2020_828.jsonmap			0	0	0		1	0	0		0	0	16	0	0	0	0		0	0	0	1			1	0	0	0	0	2	0				1	1	1	0							0	0			10
494	2020_828	星海蜃影·四	100	2	4	0	0	0	1		1	1000			10	1	0	0		1	0	0	0	0	0	0	data\source\maps\2020_828\2020_828.jsonmap			0	0	0		1	0	0		0	0	16	0	0	0	0		0	0	0	1			1	0	0	0	0	2	0				1	1	1	0							0	0			10
495	2020_828	星海蜃影·五	100	2	4	0	0	0	1		1	1000			10	1	0	0		1	0	0	0	0	0	0	data\source\maps\2020_828\2020_828.jsonmap			0	0	0		1	0	0		0	0	16	0	0	0	0		0	0	0	1			1	0	0	0	0	2	0				1	1	1	0							0	0			10
496	2020_828	星海蜃影·六	100	2	4	0	0	0	1		1	1000			10	1	0	0		1	0	0	0	0	0	0	data\source\maps\2020_828\2020_828.jsonmap			0	0	0		1	0	0		0	0	16	0	0	0	0		0	0	0	1			1	0	0	0	0	2	0				1	1	1	0							0	0			10
497	2020_828	星海蜃影·七	100	2	4	0	0	0	1		1	1000			10	1	0	0		1	0	0	0	0	0	0	data\source\maps\2020_828\2020_828.jsonmap			0	0	0		1	0	0		0	0	16	0	0	0	0		0	0	0	1			1	0	0	0	0	2	0				1	1	1	0							0	0			10
498	2020_828	星海蜃影·八	100	2	4	0	0	0	1		1	1000			10	1	0	0		1	0	0	0	0	0	0	data\source\maps\2020_828\2020_828.jsonmap			0	0	0		1	0	0		0	0	16	0	0	0	0		0	0	0	1			1	0	0	0	0	2	0				1	1	1	0							0	0			10
499	2020_828	星海蜃影·九	100	2	4	0	0	0	1		1	1000			10	1	0	0		1	0	0	0	0	0	0	data\source\maps\2020_828\2020_828.jsonmap			0	0	0		1	0	0		0	0	16	0	0	0	0		0	0	0	1			1	0	0	0	0	2	0				1	1	1	0							0	0			10
500	2020_828	星海蜃影·十	100	2	4	0	0	0	1		1	1000			10	1	0	0		1	0	0	0	0	0	0	data\source\maps\2020_828\2020_828.jsonmap			0	0	0		1	0	0		0	0	16	0	0	0	0		0	0	0	1			1	0	0	0	0	2	0				1	1	1	0							0	0			10
501	2020_828	星海蜃影·十一	100	2	4	0	0	0	1		1	1000			10	1	0	0		1	0	0	0	0	0	0	data\source\maps\2020_828\2020_828.jsonmap			0	0	0		1	0	0		0	0	16	0	0	0	0		0	0	0	1			1	0	0	0	0	2	0				1	1	1	0							0	0			10
502	2020_828	星海蜃影·十二	100	2	4	0	0	0	1		1	1000			10	1	0	0		1	0	0	0	0	0	0	data\source\maps\2020_828\2020_828.jsonmap			0	0	0		1	0	0		0	0	16	0	0	0	0		0	0	0	1			1	0	0	0	0	2	0				1	1	1	0							0	0			10
503	2020_828	星海蜃影·十三	100	2	4	0	0	0	1		1	1000			10	1	0	0		1	0	0	0	0	0	0	data\source\maps\2020_828\2020_828.jsonmap			0	0	0		1	0	0		0	0	16	0	0	0	0		0	0	0	1			1	0	0	0	0	2	0				1	1	1	0							0	0			10
504	2020_828	星海蜃影·十四	100	2	4	0	0	0	1		1	1000			10	1	0	0		1	0	0	0	0	0	0	data\source\maps\2020_828\2020_828.jsonmap			0	0	0		1	0	0		0	0	16	0	0	0	0		0	0	0	1			1	0	0	0	0	2	0				1	1	1	0							0	0			10
505	2020_828	星海蜃影·十五	100	2	4	0	0	0	1		1	1000			10	1	0	0		1	0	0	0	0	0	0	data\source\maps\2020_828\2020_828.jsonmap			0	0	0		1	0	0		0	0	16	0	0	0	0		0	0	0	1			1	0	0	0	0	2	0				1	1	1	0							0	0			10
506	2020_828	星海蜃影·十六	100	2	4	0	0	0	1		1	1000			10	1	0	0		1	0	0	0	0	0	0	data\source\maps\2020_828\2020_828.jsonmap			0	0	0		1	0	0		0	0	16	0	0	0	0		0	0	0	1			1	0	0	0	0	2	0				1	1	1	0							0	0			10
507	2020_828	星海蜃影·十七	100	2	4	0	0	0	1		1	1000			10	1	0	0		1	0	0	0	0	0	0	data\source\maps\2020_828\2020_828.jsonmap			0	0	0		1	0	0		0	0	16	0	0	0	0		0	0	0	1			1	0	0	0	0	2	0				1	1	1	0							0	0			10
508	2020_828	星海蜃影·十八	100	2	4	0	0	0	1		1	1000			10	1	0	0		1	0	0	0	0	0	0	data\source\maps\2020_828\2020_828.jsonmap			0	0	0		1	0	0		0	0	16	0	0	0	0		0	0	0	1			1	0	0	0	0	2	0				1	1	1	0							0	0			10
509	2020_828	星海蜃影·十九	100	2	4	0	0	0	1		1	1000			10	1	0	0		1	0	0	0	0	0	0	data\source\maps\2020_828\2020_828.jsonmap			0	0	0		1	0	0		0	0	16	0	0	0	0		0	0	0	1			1	0	0	0	0	2	0				1	1	1	0							0	0			10
510	2020_828	星海蜃影·二十	100	2	4	0	0	0	1		1	1000			10	1	0	0		1	0	0	0	0	0	0	data\source\maps\2020_828\2020_828.jsonmap			0	0	0		1	0	0		0	0	16	0	0	0	0		0	0	0	1			1	0	0	0	0	2	0				1	1	1	0							0	0			10
511	龙泉府_风雪镜泊湖	龙泉府_风雪镜泊湖	100	2	2	0	1	0	1		1	1800	1500	100	10	0	0	0		1	0	0	0	0	0	0	data\source\maps\龙泉府_镜泊湖\龙泉府_镜泊湖.jsonmap	data\source\maps\龙泉府_风雪镜泊湖		0	0	0		4	0	0		0	0	16	0	0	0	0		0	0	0	1			1	0	0	0	0	2	0				1	1	1	0							1	1			10
512	白龙绝境	白龙绝境	100	4	5	0	0	2	512		1	118			2	0	0	0		0	1	0	512	2	160	0	data\source\maps\白龙绝境\白龙绝境.jsonmap			0	0	0		5	0	0		0	0	4	0	0	0	0		8	0	1	1			1	0	0	0	0	2	0				4	0	2	1	1					7	0	0			10
513	衍天宗_幻灵境_和平	幻灵境	100	1	2	0	1	0	2		1	1500	1200	100	10	0	0	0		1	0	0	0	0	0	0	data\source\maps\衍天宗_幻灵境\衍天宗_幻灵境.jsonmap	data\source\maps\衍天宗_幻灵境		0	0	0		1	0	0		0	0	16	0	0	0	0		0	0	0	0			1	0	0	0	0	2	0				1	1	1	0							1	1	1		10
514	HD登陆界面_衍天宗001	HD登陆界面_衍天宗001	100	2	4	1	1	0	1		1	1200			10	1	0	0		1	1	5	0	0	0	0	data\source\maps\HD登陆界面_衍天宗001\HD登陆界面_衍天宗001.jsonmap			0	0	0		5	0	0		0	0	16	0	0	0	0		0	0	0	1			1	0	0	0	0	2	0				1	1	1	0							0	0			10
515	帮会联赛	雪龙风原	100	2	5	0	0	0	512		1	210			120	0	0	0		0	1	0	0	2	160	0	data\source\maps\帮会联赛\帮会联赛.jsonmap			0	0	0		5	0	0		0	0	8	0	0	0	0		256	0	0	0			1	0	0	0	0	2	0				1	1	1	0	0			1		7	0	0			10
516	1024_昼夜循环_标准2020	1024_昼夜循环_标准2020	100	2	4	1	1	0	1		1	1200			10	1	0	0		1	1	5	0	0	0	0	data\source\maps\1024_昼夜循环_标准2020\1024_昼夜循环_标准2020.jsonmap			0	0	0		4	0	0		0	0	16	0	0	0	0		0	0	0	1			1	0	0	0	0	2	0				1	1	1	0							0	0			10
517	少林_乱世_修罗挑战	少林_乱世_修罗挑战	110	3	6	0	0	1	512		1	25			1	1	10080	6180		0	1	0	128	0	0	0	data\source\maps\少林_乱世_修罗挑战\少林_乱世_修罗挑战.jsonmap			0	0	1		1	1	0		0	0	16	0	0	0	0		128	0	0	0			1					1	0				1	1	1	0			120	1		7	0	0			10
518	白帝江关	白帝江关	110	3	6	0	0	1	1024		1	10			5	0	4320	420		0	1	0	128	0	0	0	data\source\maps\白帝江关\白帝江关.jsonmap			0	0	1		1	1	0		0	0	16	0	0	0	0		128	0	0	0			1					1	1				1	1	1	0		1	120				1	0			10
519	25人普通白帝江关	25人普通白帝江关	110	3	6	0	0	1	512		1	25			2	1	10080	6180		0	1	0	128	0	0	0	data\source\maps\白帝江关\白帝江关.jsonmap			0	0	1		1	1	0		0	0	16	0	0	0	0		128	0	0	0			1					1	1				1	1	1	0		1	120				1	0			10
520	25人英雄白帝江关	25人英雄白帝江关	110	3	6	0	0	1	512		1	25			2	1	10080	6180		0	1	0	128	0	0	0	data\source\maps\白帝江关\白帝江关.jsonmap			0	0	1		1	1	0		0	0	16	0	0	0	0		128	0	0	0			1					1	1				1	1	1	0		1	120				1	0			10
521	相州_漳水南路	英雄漳水南路	110	3	4	0	0	1	1024		1	5			2	1	1440	420		0	1	0	128	0	0	0	data\source\maps\相州_漳水南路\相州_漳水南路.jsonmap			0	0	0		1	1	0	0	0	0	16	0	0	0	0		131	0	0	0								1	1				1	1	1	0			120				1	0			10
522	挑战相州_漳水南路	挑战漳水南路	110	3	4	0	0	1	1024		1	5			2	1	1440	420		0	1	0	128	0	0	0	data\source\maps\相州_漳水南路\相州_漳水南路.jsonmap			0	0	0		1	1	0	0	0	0	16	0	0	0	0		131	0	0	0								1	1				1	1	1	0			120				1	0			10
523	相州_北墟河堤	北墟河堤	100	2	2	0	1	0	1		1	1600	1200	100	10	0	0	0		1	0	0	0	0	0	0	data\source\maps\相州_漳水南路\相州_漳水南路.jsonmap	data\source\maps\相州_北墟河堤		0	0	0		4	0	0	0	0	1	16	0	0	0	1		0	0	0	0			1	0	0	0	0	2	0				1	1	1	0							1	1			10
524	赤岬山城	赤岬山城	110	2	2	0	1	0	1		1	1800	1500	100	10	0	0	0		1	0	0	0	0	0	0	data\source\maps\白帝江关\白帝江关.jsonmap	data\source\maps\赤岬山城		0	0	0		4	0	0	0	0	1	16	0	0	0	1		0	0	0	0			1	0	0	0	0	2	0				1	1	1	0							1	1			10
525	黑山林海	黑山林海	100	2	2	1	1	0	1		1	1600	1200	100	10	0	0	0		1	0	0	0	0	0	0	data\source\maps\黑山林海\黑山林海.jsonmap			0	0	1	9500	4	0	0	0	1	1	16	1	0	0	0		0	0	0	1			1	0	0	0	0	2					1	1	1	0							1	1			10
526	北天药宗	北天药宗	100	2	2	0	1	0	2		1	1500	1200	100	10	0	0	0		1	0	0	0	0	0	0	data\source\maps\北天药宗\北天药宗.jsonmap			0	0	0	9463	1	0	0		0	1	16	1	0	0	0		0	0	0	1			1	0	0	0	0	2	0				1	1	1	0							1	1	1		10
527	浪客行_浮丘岛	浪客行·浮丘岛	100	3	4	0	0	1	4096		1	5			1	0	0	420		0	1	0	512	0	0	0	data\source\maps\浪客行_浮丘岛\浪客行_浮丘岛.jsonmap			0	0	1		1	1	0		0	0	4	0	0	0	0		171	0	0				1	0	0	0	0	1	1				4	0	2	1			120			7	1	0			10
528	浪客行_桂林	浪客行·桂林	100	3	4	0	0	1	4096		1	5			1	0	0	420		0	1	0	512	0	0	0	data\source\maps\浪客行_桂林\浪客行_桂林.jsonmap			0	0	1		1	1	0		0	0	4	0	0	0	0		171	0	0				1	0	0	0	0	1	1				4	0	2	1			120			7	1	0			10
529	藏剑武库	藏剑武库	100	6	1	0	0	2	2048		1	1024			2	0	0	0		0	0	0	8	2	0	0	data\source\maps\藏剑武库\藏剑武库.jsonmap			0	0	0		4	0	0		0	0	1	0	1	0	0		8	0	0	0	1		1	0	0	0	0	4	0				2	0	1	0						7	0	0			10
530	墟海之眼_演武场	墟海之眼·演武场	100	6	1	0	0	2	2048		1	1024			2	0	0	0		0	0	0	8	2	0	0	data\source\maps\墟海之眼_演武场\墟海之眼_演武场.jsonmap			0	0	0		4	0	0		0	0	1	0	1	0	0		8	0	0	0	1		1	0	0	0	0	4	0				2	0	1	0						7	0	0			10
531	东水寨	东水寨	100	1	2	0	0	0	1		1	1500			10	0	0	0		1	0	0	128	0	0	0	data\source\maps\浪客行_东水寨\浪客行_东水寨.jsonmap	data/source/maps/东水寨		0	0	0		1	0	0		0	0	16	0	0	0	0		131	0	0	0			1	0	0	0	0	1	0				1	1	1	0							0	0			10
532	天原绝境	天原绝境	100	4	5	0	0	2	512		1	118			2	0	0	0		0	1	0	512	2	160	0	data\source\maps\天原绝境\天原绝境.jsonmap			0	0	0		5	0	0		0	0	4	0	0	0	0		8	0	1	1			1	0	0	0	0	2	0				4	0	2	1	1					7	0	0			10
533	2021_828	大唐幻夜·一	100	2	4	0	0	0	1		1	1000			10	1	0	0		1	0	0	0	0	0	0	data\source\maps\2021_828\2021_828.jsonmap			0	0	0		1	0	0		0	0	16	0	0	0	0		0	0	0	1			1	0	0	0	0	2	0				1	1	1	0							0	0			10
534	2021_828	大唐幻夜·二	100	2	4	0	0	0	1		1	1000			10	1	0	0		1	0	0	0	0	0	0	data\source\maps\2021_828\2021_828.jsonmap			0	0	0		1	0	0		0	0	16	0	0	0	0		0	0	0	1			1	0	0	0	0	2	0				1	1	1	0							0	0			10
535	2021_828	大唐幻夜·三	100	2	4	0	0	0	1		1	1000			10	1	0	0		1	0	0	0	0	0	0	data\source\maps\2021_828\2021_828.jsonmap			0	0	0		1	0	0		0	0	16	0	0	0	0		0	0	0	1			1	0	0	0	0	2	0				1	1	1	0							0	0			10
536	2021_828	大唐幻夜·四	100	2	4	0	0	0	1		1	1000			10	1	0	0		1	0	0	0	0	0	0	data\source\maps\2021_828\2021_828.jsonmap			0	0	0		1	0	0		0	0	16	0	0	0	0		0	0	0	1			1	0	0	0	0	2	0				1	1	1	0							0	0			10
537	2021_828	大唐幻夜·五	100	2	4	0	0	0	1		1	1000			10	1	0	0		1	0	0	0	0	0	0	data\source\maps\2021_828\2021_828.jsonmap			0	0	0		1	0	0		0	0	16	0	0	0	0		0	0	0	1			1	0	0	0	0	2	0				1	1	1	0							0	0			10
538	2021_828	大唐幻夜·六	100	2	4	0	0	0	1		1	1000			10	1	0	0		1	0	0	0	0	0	0	data\source\maps\2021_828\2021_828.jsonmap			0	0	0		1	0	0		0	0	16	0	0	0	0		0	0	0	1			1	0	0	0	0	2	0				1	1	1	0							0	0			10
539	2021_828	大唐幻夜·七	100	2	4	0	0	0	1		1	1000			10	1	0	0		1	0	0	0	0	0	0	data\source\maps\2021_828\2021_828.jsonmap			0	0	0		1	0	0		0	0	16	0	0	0	0		0	0	0	1			1	0	0	0	0	2	0				1	1	1	0							0	0			10
540	2021_828	大唐幻夜·八	100	2	4	0	0	0	1		1	1000			10	1	0	0		1	0	0	0	0	0	0	data\source\maps\2021_828\2021_828.jsonmap			0	0	0		1	0	0		0	0	16	0	0	0	0		0	0	0	1			1	0	0	0	0	2	0				1	1	1	0							0	0			10
541	2021_828	大唐幻夜·九	100	2	4	0	0	0	1		1	1000			10	1	0	0		1	0	0	0	0	0	0	data\source\maps\2021_828\2021_828.jsonmap			0	0	0		1	0	0		0	0	16	0	0	0	0		0	0	0	1			1	0	0	0	0	2	0				1	1	1	0							0	0			10
542	2021_828	大唐幻夜·十	100	2	4	0	0	0	1		1	1000			10	1	0	0		1	0	0	0	0	0	0	data\source\maps\2021_828\2021_828.jsonmap			0	0	0		1	0	0		0	0	16	0	0	0	0		0	0	0	1			1	0	0	0	0	2	0				1	1	1	0							0	0			10
543	2021_828	大唐幻夜·十一	100	2	4	0	0	0	1		1	1000			10	1	0	0		1	0	0	0	0	0	0	data\source\maps\2021_828\2021_828.jsonmap			0	0	0		1	0	0		0	0	16	0	0	0	0		0	0	0	1			1	0	0	0	0	2	0				1	1	1	0							0	0			10
544	2021_828	大唐幻夜·十二	100	2	4	0	0	0	1		1	1000			10	1	0	0		1	0	0	0	0	0	0	data\source\maps\2021_828\2021_828.jsonmap			0	0	0		1	0	0		0	0	16	0	0	0	0		0	0	0	1			1	0	0	0	0	2	0				1	1	1	0							0	0			10
545	2021_828	大唐幻夜·十三	100	2	4	0	0	0	1		1	1000			10	1	0	0		1	0	0	0	0	0	0	data\source\maps\2021_828\2021_828.jsonmap			0	0	0		1	0	0		0	0	16	0	0	0	0		0	0	0	1			1	0	0	0	0	2	0				1	1	1	0							0	0			10
546	2021_828	大唐幻夜·十四	100	2	4	0	0	0	1		1	1000			10	1	0	0		1	0	0	0	0	0	0	data\source\maps\2021_828\2021_828.jsonmap			0	0	0		1	0	0		0	0	16	0	0	0	0		0	0	0	1			1	0	0	0	0	2	0				1	1	1	0							0	0			10
547	2021_828	大唐幻夜·十五	100	2	4	0	0	0	1		1	1000			10	1	0	0		1	0	0	0	0	0	0	data\source\maps\2021_828\2021_828.jsonmap			0	0	0		1	0	0		0	0	16	0	0	0	0		0	0	0	1			1	0	0	0	0	2	0				1	1	1	0							0	0			10
548	2021_828	大唐幻夜·十六	100	2	4	0	0	0	1		1	1000			10	1	0	0		1	0	0	0	0	0	0	data\source\maps\2021_828\2021_828.jsonmap			0	0	0		1	0	0		0	0	16	0	0	0	0		0	0	0	1			1	0	0	0	0	2	0				1	1	1	0							0	0			10
549	2021_828	大唐幻夜·十七	100	2	4	0	0	0	1		1	1000			10	1	0	0		1	0	0	0	0	0	0	data\source\maps\2021_828\2021_828.jsonmap			0	0	0		1	0	0		0	0	16	0	0	0	0		0	0	0	1			1	0	0	0	0	2	0				1	1	1	0							0	0			10
550	2021_828	大唐幻夜·十八	100	2	4	0	0	0	1		1	1000			10	1	0	0		1	0	0	0	0	0	0	data\source\maps\2021_828\2021_828.jsonmap			0	0	0		1	0	0		0	0	16	0	0	0	0		0	0	0	1			1	0	0	0	0	2	0				1	1	1	0							0	0			10
551	2021_828	大唐幻夜·十九	100	2	4	0	0	0	1		1	1000			10	1	0	0		1	0	0	0	0	0	0	data\source\maps\2021_828\2021_828.jsonmap			0	0	0		1	0	0		0	0	16	0	0	0	0		0	0	0	1			1	0	0	0	0	2	0				1	1	1	0							0	0			10
552	2021_828	大唐幻夜·二十	100	2	4	0	0	0	1		1	1000			10	1	0	0		1	0	0	0	0	0	0	data\source\maps\2021_828\2021_828.jsonmap			0	0	0		1	0	0		0	0	16	0	0	0	0		0	0	0	1			1	0	0	0	0	2	0				1	1	1	0							0	0			10
559	黑山林海_雷域大泽	雷域大泽	110	3	6	0	0	1	1024		1	10			5	0	4320	420		0	1	0	128	0	0	0	data\source\maps\黑山林海_雷域大泽\黑山林海_雷域大泽.jsonmap			0	0	0		1	1	0		0	0	16	0	0	0	0		128	0	0	0			1					1	1				1	1	1	0		1	120				1	0			10
560	25人普通雷域大泽	25人普通雷域大泽	110	3	6	0	0	1	512		1	25			2	1	10080	6180		0	1	0	128	0	0	0	data\source\maps\黑山林海_雷域大泽\黑山林海_雷域大泽.jsonmap			0	0	0		1	1	0		0	0	16	0	0	0	0		128	0	0	0			1					1	1				1	1	1	0		1	120				1	0			10
561	25人英雄雷域大泽	25人英雄雷域大泽	110	3	6	0	0	1	512		1	25			2	1	10080	6180		0	1	0	128	0	0	0	data\source\maps\黑山林海_雷域大泽\黑山林海_雷域大泽.jsonmap			0	0	0		1	1	0		0	0	16	0	0	0	0		128	0	0	0			1					1	1				1	1	1	0		1	120				1	0			10
562	百战异闻录	百战异闻录	110	3	6	0	0	1	1500		1	10			5	1	10080	6180		0	1	0	128	0	0	0	data\source\maps\百战异闻录\百战异闻录.jsonmap			0	0	1		1	1	0		0	0	16	0	0	0	0		128	0	0	0			1					1	1				1	1	1	0		1		1			0	0			10
563	北天药宗_武氏别院	北天药宗_武氏别院	110	3	4	0	0	1	1024		1	5			2	1	1440	420		0	1	0	128	0	0	0	data\source\maps\北天药宗_武氏别院\北天药宗_武氏别院.jsonmap			0	0	0		1	1	0	0	0	0	16	0	0	0	0		131	0	0	0								1	1				1	1	1	0			50				1	0			10
564	英雄北天药宗_武氏别院	英雄北天药宗_武氏别院	110	3	4	0	0	1	1024		1	5			2	1	1440	420		0	1	0	128	0	0	0	data\source\maps\北天药宗_武氏别院\北天药宗_武氏别院.jsonmap			0	0	0		1	1	0	0	0	0	16	0	0	0	0		131	0	0	0								1	1				1	1	1	0			120				1	0			10
565	个人家园_广陵邑	私邸宅园	100	1	2	0	0	5	6000		1	40	40		8	0	0	0		1	0	0	0	0	0	0	data\source\maps\个人家园_广陵邑\个人家园_广陵邑.jsonmap			0	0	0		1	0	0		0	0	16	0	0	0	0		16	0	0	1			1	0	0	0	0	2	0				1	1	1	0							0	0			10
566	黑山林海_香巫教	盘扎寨	110	3	4	0	1	1	4096		1	1			1	1	0	0		1	1	0	0	0	0	0	data\source\maps\黑山林海_香巫教\黑山林海_香巫教.jsonmap			0	0	0		1	0	0	0	0	0	16	0	0	0	0		0	1	0	1			1	0	0	0	0	2	0				1	1	1	0							0	0			10
567	原野奇踪	原野奇踪	100	3	4	0	0	1	512		1	5			10	1	10080	6180		0	1	0	130	0	0	0	data\source\maps\原野奇踪\原野奇踪.jsonmap			0	0	0		1	1	0	0	0	0	16	0	0	0	0		131	0	0	0				0	0	0	0	1	0				1	1	1	1						7	0	0			10
568	HD登陆界面_北天药宗003	HD登陆界面_北天药宗003	100	2	4	1	1	0	1		1	1200			10	1	0	0		1	1	5	0	0	0	0	data\source\maps\HD登陆界面_北天药宗003\HD登陆界面_北天药宗003.jsonmap			0	0	0		5	0	0		0	0	16	0	0	0	0		0	0	0	1			1	0	0	0	0	2	0				1	1	1	0							0	0			10
569	个人家园_天池	个人家园_天池	100	1	2	0	1	0	1		1	1200			10	0	0	0		1	0	0	0	0	0	0	data\source\maps\个人家园_天池\个人家园_天池.jsonmap			0	0	0		1	0	0	0	0	0	16	0	0	0	0		0	0	0	1			1	0	0	0	0	2					1	1	1	0							0	0			10
570	个人家园_海底	个人家园_海底	100	1	2	0	1	0	1		1	1200			10	0	0	0		1	0	0	0	0	0	0	data\source\maps\个人家园_海底\个人家园_海底.jsonmap			0	0	0		1	0	0	0	0	0	16	0	0	0	0		0	0	0	1			1	0	0	0	0	2					1	1	1	0							0	0			10
571	HD商城_外装展示测试	HD商城_外装展示测试	100	2	4	1	1	0	1		1	1200			10	1	0	0		1	1	5	0	0	0	0	data\source\maps\HD商城_外装展示测试\HD商城_外装展示测试.jsonmap			0	0	0		4	0	0		0	0	16	0	0	0	0		0	0	0	1			1	0	0	0	0	1	0				1	1	1	0							0	0			10
572	个人家园_广陵邑_野外	个人家园_广陵邑_野外	100	1	2	0	1	0	1		1	1200			10	0	0	0		1	0	0	0	0	0	0	data\source\maps\个人家园_广陵邑\个人家园_广陵邑.jsonmap			0	0	0		1	0	0	0	0	0	16	0	0	0	0		0	0	0	1			1	0	0	0	0	2					1	1	1	0							0	0			10
573	河阳之战	河阳之战	110	3	6	0	0	1	1024		1	10			5	0	4320	420		0	1	0	128	0	0	0	data\source\maps\河阳之战\河阳之战.jsonmap			0	0	0		1	1	0		0	0	16	0	0	0	0		128	0	0	0			1					1	1				1	1	1	0		1	120				1	0			10
574	25人普通河阳之战	25人普通河阳之战	110	3	6	0	0	1	1024		1	25			2	1	10080	6180		0	1	0	128	0	0	0	data\source\maps\河阳之战\河阳之战.jsonmap			0	0	0		1	1	0		0	0	16	0	0	0	0		128	0	0	0			1					1	1				1	1	1	0		1	120				1	0			10
575	25人英雄河阳之战	25人英雄河阳之战	110	3	6	0	0	1	1024		1	25			2	1	10080	6180		0	1	0	128	0	0	0	data\source\maps\河阳之战\河阳之战.jsonmap			0	0	0		1	1	0		0	0	16	0	0	0	0		128	0	0	0			1					1	1				1	1	1	0		1	120				1	0			10
576	河阳	河阳	110	2	2	0	1	0	1		1	1800	1500	100	10	0	0	0		1	0	0	0	0	0	0	data\source\maps\河阳之战\河阳之战.jsonmap	data\source\maps\河阳		0	0	0		4	0	0	0	0	1	16	0	0	0	1		0	0	0	0			1	0	0	0	0	2	0				1	1	1	0							0	0			10
577	个人家园_薰风渡	个人家园_薰风渡	100	1	2	0	1	0	1		1	1200			10	0	0	0		1	0	0	0	0	0	0	data\source\maps\个人家园_薰风渡\个人家园_薰风渡.jsonmap			0	0	0		1	0	0	0	0	0	16	0	0	0	0		0	0	0	1			1	0	0	0	0	2					1	1	1	0							0	0			10
578	刀宗	刀宗	100	2	2	0	1	0	2		1	1500	1200	100	10	0	0	0		1	0	0	0	0	0	0	data\source\maps\刀宗\刀宗.jsonmap			0	0	0	10387	1	0	0		0	1	16	1	0	0	0		0	0	0	1			1	0	0	0	0	2	0				1	1	1	0				1			1	1	1		10
579	百溪	百溪	100	2	2	1	1	0	10		1	1500	1200	100	10	0	0	0		1	0	0	0	0	0	0	data\source\maps\百溪\百溪.jsonmap			0	0	1	10388	1	0	0	0	1	1	16	1	0	0	0		0	0	0	1			1		0	0	0	2					1	1	1	0							1	1	1		10
580	烂柯山	烂柯山	100	2	2	1	1	0	1		1	1500	1200	100	10	0	0	0		1	0	0	0	0	0	0	data\source\maps\烂柯山\烂柯山.jsonmap			0	0	0	10389	4	0	0	0	1	1	16	1	0	0	0		0	0	0	1			1		0	0	0	2					1	1	1	0							1	1	0		10
581	楚州	楚州	100	2	2	1	1	0	1		1	1500	1200	100	10	0	0	0		1	0	0	0	0	0	0	data\source\maps\楚州\楚州.jsonmap			0	0	0	10390	4	0	0	0	1	1	16	1	0	0	0		0	0	0	1			1		0	0	0	2					1	1	1	0							1	1	0		10
582	润扬	晟江	100	2	2	1	1	0	1		1	1500	1200	100	10	0	0	0		1	0	0	0	0	0	0	data\source\maps\润扬\润扬.jsonmap	data\source\maps\润扬		0	0	1	10392	4	0	0	0	1	1	16	1	0	0	0		0	0	0	1			1		0	0	0	2					1	1	1	0							1	1	0		10
583	北天药宗_冰雪盛会	尘世曼舞·冰雪盛会	100	2	2	0	1	0	1		1	1200	1000		10	0	0	0		1	0	0	0	0	0	0	data\source\maps\北天药宗_冰雪盛会\北天药宗_冰雪盛会.jsonmap			0	0	0		1	0	0		0	0	16	0	0	0	0		0	0	0	1			1	0	0	0	0	2	0				1	1	1	0							0	0			10
584	JX3_StandardEnv_002	JX3_StandardEnv_002	100	2	4	1	1	0	1		1	1200			10	1	0	0		1	1	5	0	0	0	0	data\whitebox_k\jx3\map\JX3_StandardEnv_002\JX3_StandardEnv_002.jsonmap			0	0	0		4	0	0		0	0	16	0	0	0	0		0	0	0	1			1	0	0	0	0	1	0				1	1	1	0							0	0			10
585	个人家园_云海	个人家园_云海	100	1	2	0	1	0	1		1	1200			10	0	0	0		1	0	0	0	0	0	0	data\source\maps\个人家园_云海\个人家园_云海.jsonmap			0	0	0		1	0	0	0	0	0	16	0	0	0	0		0	0	0	1			1	0	0	0	0	2					1	1	1	0							0	0			10
586	润扬_西津渡	西津渡	110	3	6	0	0	1	1024		1	10			5	0	4320	420		0	1	0	128	0	0	0	data\source\maps\润扬_西津渡\润扬_西津渡.jsonmap			0	0	0		1	1	0		0	0	16	0	0	0	0		128	0	0	0			1					1	1				1	1	1	0		1	120				1	0			10
587	25人普通西津渡	25人普通西津渡	110	3	6	0	0	1	512		1	25			2	1	10080	6180		0	1	0	128	0	0	0	data\source\maps\润扬_西津渡\润扬_西津渡.jsonmap			0	0	0		1	1	0		0	0	16	0	0	0	0		128	0	0	0			1					1	1				1	1	1	0		1	120				1	0			10
588	25人英雄西津渡	25人英雄西津渡	110	3	6	0	0	1	512		1	25			2	1	10080	6180		0	1	0	128	0	0	0	data\source\maps\润扬_西津渡\润扬_西津渡.jsonmap			0	0	0		1	1	0		0	0	16	0	0	0	0		128	0	0	0			1					1	1				1	1	1	0		1	120				1	0			10
589	羊村	羊村大作战	100	4	5	0	0	2	512		1	5			2	0	0	0		0	1	0	0	2	160	0	data\source\maps\羊村\羊村.jsonmap			0	0	0		5	0	0		0	0	16	0	0	0	0		256	0	0	0			1	0	0	0	0	2	0				2	0	1	0	1					7	0	0			10
590	羊村_世界	羊村	100	1	2	0	0	0	1		1	1200	1000	100	10	0	0	0		1	0	0	0	0	0	0	data\source\maps\羊村\羊村.jsonmap			0	0	0		1	0	0	0	0	1	16	0	0	0	0		0	0	0	1			1	0	0	0	0	2					1	1	1	0							0	0			10
591	霸刀山庄_大婚	霸刀山庄·大婚	100	1	2	0	1	0	1		1	1800	1500	100	10	0	0	0		1	0	0	0	0	0	0	data\source\maps\霸刀山庄_大婚\霸刀山庄_大婚.jsonmap			0	0	0		1	0	0	0	0	0	16	0	0	0	0		0	0	0	1			1	0	0	0	0	2					1	1	1	0							0	0			10
593	1024_积雪交互测试	1024_积雪交互测试	100	2	4	0	0	0	1		1	1200			10	1	0	0		1	1	5	0	0	0	0	data\source\maps\1024_积雪交互测试\1024_积雪交互测试.jsonmap			0	0	0		4	0	0		0	0	16	0	0	0	0		0	0	0	1			1	0	0	0	0	1	0				1	1	1	0							0	0			10
594	剧本杀测试场景02	剧本杀测试场景02	110	3	6	0	0	1	512		1	10			10	0	4320	420		0	1	0	128	0	0	0	data\source\maps\剧本杀测试场景02\剧本杀测试场景02.jsonmap			0	0	0		1	1	0		0	0	16	0	0	0	0		128	0	0	1			1					1	1				1	1	1	0		1	120	1			0	0			10
596	烂柯山_沃石院	沃石院	100	2	4	0	0	1	1024		1	5			2	1	1440	420		0	1	0	128	0	0	0	data\source\maps\烂柯山_沃石院\烂柯山_沃石院.jsonmap			0	0	1		1	1	0		0	0	16	0	0	0	0		131	0	0	0			1	0	0	0	0	1	1				1	1	1	0			75				1	0			10
597	英雄烂柯山_沃石院	英雄沃石院	100	2	4	0	0	1	2048		1	5			2	1	1440	420		0	1	0	128	0	0	0	data\source\maps\烂柯山_沃石院\烂柯山_沃石院.jsonmap			0	0	1		1	1	0		0	0	16	0	0	0	0		131	0	0	0			1	0	0	0	0	1	1				1	1	1	0			120				1	0			10
598	百溪_镇海阁	镇海阁地井	110	3	4	0	0	1	1024		1	5			2	1	1440	420		0	1	0	128	0	0	0	data\source\maps\百溪_镇海阁\百溪_镇海阁.jsonmap			0	0	0		1	1	0	0	0	0	16	0	0	0	0		131	0	0	0								1	1				1	1	1	0			75				1	0			10
599	百溪_英雄镇海阁	英雄镇海阁地井	110	3	4	0	0	1	2048		1	5			2	1	1440	420		0	1	0	128	0	0	0	data\source\maps\百溪_镇海阁\百溪_镇海阁.jsonmap			0	0	0		1	1	0	0	0	0	16	0	0	0	0		131	0	0	0								1	1				1	1	1	0			120				1	0			10
600	个人家园_大唐盛世	个人家园_大唐盛世	100	1	2	0	1	0	1		1	1200			10	0	0	0		1	0	0	0	0	0	0	data\source\maps\个人家园_大唐盛世\个人家园_大唐盛世.jsonmap			0	0	0		1	0	0	0	0	0	16	0	0	0	0		0	0	0	1			1	0	0	0	0	2					1	1	1	0							0	0			10
601	2022_828_园区	万象游园会	100	2	4	0	0	0	20		1	1000			10	1	0	0		1	0	0	0	0	0	0	data\source\maps\2022_828\2022_828_园区\2022_828_园区.jsonmap	data\source\maps\2022_828\2022_828_园区		0	0	0		1	0	0		0	0	16	0	0	0	0		0	0	0	1			1	0	0	0	0	2	0				1	1	1	0							0	0			10
602	2022_828_时光长廊	时光长廊	100	2	4	0	0	0	1		1	1000			10	1	0	0		1	0	0	0	0	0	0	data\source\maps\2022_828\2022_828_时光长廊\2022_828_时光长廊.jsonmap	data\source\maps\2022_828\2022_828_时光长廊		0	0	0		1	0	0		0	0	16	0	0	0	0		0	0	0	1			1	0	0	0	0	2	0				1	1	1	0							0	0			10
603	广陵邑家园_欧式城堡	天苏奇谭	100	2	4	0	0	0	4		1	400			10	1	0	0		1	0	0	0	0	0	0	data\source\maps\2022_828\2022_828_蓝图\广陵邑家园_欧式城堡\广陵邑家园_欧式城堡.jsonmap	data\source\maps\2022_828\2022_828_蓝图\广陵邑家园_欧式城堡		0	0	0		1	0	0		0	0	16	0	0	0	0		0	0	0	1			1	0	0	0	0	2	0				1	1	1	0							1	1			10
604	迷仙引_千里江山图	且绘青山	100	2	4	0	0	0	4		1	400			10	1	0	0		1	0	0	0	0	0	0	data\source\maps\2022_828\2022_828_蓝图\迷仙引_千里江山图\迷仙引_千里江山图.jsonmap	data\source\maps\2022_828\2022_828_蓝图\迷仙引_千里江山图		0	0	0		1	0	0		0	0	16	0	0	0	0		0	0	0	1			1	0	0	0	0	2	0				1	1	1	0							0	0			10
605	时光长廊_门派徽记	银浦流光	100	2	4	0	0	0	2		1	1000			10	1	0	0		1	0	0	0	0	0	0	data\source\maps\2022_828\2022_828_蓝图\时光长廊_门派徽记\时光长廊_门派徽记.jsonmap	data\source\maps\2022_828\2022_828_蓝图\时光长廊_门派徽记		0	0	0		1	0	0		0	0	16	0	0	0	0		0	0	0	1			1	0	0	0	0	2	0				1	1	1	0							0	0			10
606	刀宗_幽藤馆	幽藤馆	110	3	4	0	0	1	1024		1	5			2	1	1440	420		0	1	0	128	0	0	0	data\source\maps\刀宗_幽藤馆\刀宗_幽藤馆.jsonmap			0	0	0		1	1	0	0	0	0	16	0	0	0	0		131	0	0	0								1	1				1	1	1	0			50				1	0			10
607	刀宗_英雄幽藤馆	英雄幽藤馆	110	3	4	0	0	1	2048		1	5			2	1	1440	420		0	1	0	128	0	0	0	data\source\maps\刀宗_幽藤馆\刀宗_幽藤馆.jsonmap			0	0	0		1	1	0	0	0	0	16	0	0	0	0		131	0	0	0								1	1				1	1	1	0			120				1	0			10
608	个人家园_社区	个人家园_社区	100	1	2	0	0	5	1600		1	250	250		30	0	0	0		1	0	0	0	0	0	0	data\source\maps\个人家园_社区\个人家园_社区.jsonmap			0	0	0		1	0	0		0	0	16	0	0	0	0		16	0	0	1			1	0	0	0	0	2	0				1	1	1	0							0	0			10
609	镜泊湖_冰雪奇缘	琼宫银阙	100	2	4	0	0	0	2		1	600			10	1	0	0		1	0	0	0	0	0	0	data\source\maps\2022_828\2022_828_蓝图\镜泊湖_冰雪奇缘\镜泊湖_冰雪奇缘.jsonmap	data\source\maps\2022_828\2022_828_蓝图\镜泊湖_冰雪奇缘		0	0	0		1	0	0		0	0	16	0	0	0	0		0	0	0	1			1	0	0	0	0	2	0				1	1	1	0							0	0			10
610	盛唐个人_神州	千灯天衢	100	2	4	0	0	0	6		1	200			10	1	0	0		1	0	0	0	0	0	0	data\source\maps\2022_828\2022_828_蓝图\盛唐个人_神州\盛唐个人_神州.jsonmap	data\source\maps\2022_828\2022_828_蓝图\盛唐个人_神州		0	0	0		1	0	0		0	0	16	0	0	0	0		0	0	0	1			1	0	0	0	0	2	0				1	1	1	0							0	0			10
611	雷域大泽_迷宫	烟岫迷踪	100	2	4	0	0	0	4		1	400			10	1	0	0		1	0	0	0	0	0	0	data\source\maps\2022_828\2022_828_蓝图\雷域大泽_迷宫\雷域大泽_迷宫.jsonmap	data\source\maps\2022_828\2022_828_蓝图\雷域大泽_迷宫		0	0	0		1	0	0		0	0	16	0	0	0	0		0	0	0	1			1	0	0	0	0	2	0				1	1	1	0							0	0			10
612	海底家园_海灵宫	渊穆灵宫	100	2	4	0	0	0	4		1	400			10	1	0	0		1	0	0	0	0	0	0	data\source\maps\2022_828\2022_828_蓝图\海底家园_海灵宫\海底家园_海灵宫.jsonmap	data\source\maps\2022_828\2022_828_蓝图\海底家园_海灵宫		0	0	0		1	0	0		0	0	16	0	0	0	0		0	0	0	1			1	0	0	0	0	2	0				1	1	1	0							0	0			10
613	云海家园_大观园	观园幻景	100	2	4	0	0	0	4		1	400			10	1	0	0		1	0	0	0	0	0	0	data\source\maps\2022_828\2022_828_蓝图\云海家园_大观园\云海家园_大观园.jsonmap	data\source\maps\2022_828\2022_828_蓝图\云海家园_大观园		0	0	0		1	0	0		0	0	16	0	0	0	0		0	0	0	1			1	0	0	0	0	2	0				1	1	1	0							0	0			10
614	枫叶泊社区_沙喵部落	落帆归潮	100	2	4	0	0	0	4		1	400			10	1	0	0		1	0	0	0	0	0	0	data\source\maps\2022_828\2022_828_蓝图\枫叶泊社区_沙喵部落\枫叶泊社区_沙喵部落.jsonmap	data\source\maps\2022_828\2022_828_蓝图\枫叶泊社区_沙喵部落		0	0	0		1	0	0		0	0	16	0	0	0	0		0	0	0	1			1	0	0	0	0	2	0				1	1	1	0							0	0			10
615	云海家园_山河如画	江山入画	100	2	4	0	0	0	6		1	200			10	1	0	0		1	0	0	0	0	0	0	data\source\maps\2022_828\2022_828_蓝图\云海家园_山河如画\云海家园_山河如画.jsonmap	data\source\maps\2022_828\2022_828_蓝图\云海家园_山河如画		0	0	0		1	0	0		0	0	16	0	0	0	0		0	0	0	1			1	0	0	0	0	2	0				1	1	1	0							0	0			10
616	广陵邑家园_猫头萝卜	晨间喵苑	100	2	4	0	0	0	2		1	600			10	1	0	0		1	0	0	0	0	0	0	data\source\maps\2022_828\2022_828_蓝图\广陵邑家园_猫头萝卜\广陵邑家园_猫头萝卜.jsonmap	data\source\maps\2022_828\2022_828_蓝图\广陵邑家园_猫头萝卜		0	0	0		1	0	0		0	0	16	0	0	0	0		0	0	0	1			1	0	0	0	0	2	0				1	1	1	0							0	0			10
617	枫叶泊社区_拾光者	泊云海墅	100	2	4	0	0	0	6		1	200			10	1	0	0		1	0	0	0	0	0	0	data\source\maps\2022_828\2022_828_蓝图\枫叶泊社区_拾光者\枫叶泊社区_拾光者.jsonmap	data\source\maps\2022_828\2022_828_蓝图\枫叶泊社区_拾光者		0	0	0		1	0	0		0	0	16	0	0	0	0		0	0	0	1			1	0	0	0	0	2	0				1	1	1	0							0	0			10
618	云海家园_精灵部落	闲野归园	100	2	4	0	0	0	6		1	200			10	1	0	0		1	0	0	0	0	0	0	data\source\maps\2022_828\2022_828_蓝图\云海家园_精灵部落\云海家园_精灵部落.jsonmap	data\source\maps\2022_828\2022_828_蓝图\云海家园_精灵部落		0	0	0		1	0	0		0	0	16	0	0	0	0		0	0	0	1			1	0	0	0	0	2	0				1	1	1	0							0	0			10
620	首领扮演范阳夜变	首领扮演范阳夜变	100	3	6	0	0	1	4096		1	1			10	1	10080	6180		0	1	0	128	0	0	0	data\source\maps\范阳夜变\范阳夜变.jsonmap			0	0	0		1	1	0		0	0	16	0	0	0	0		128	0	0	0			1					1	1				1	1	1	0		1	120			7	0	0			10
621	磐渊	磐渊	100	2	2	0	0	0	1		1	1600	1200	100	10	0	0	0		1	0	0	0	0	0	0	data\source\maps\磐渊\磐渊.jsonmap			0	0	0		1	0	0	0	0	0	16	0	0	0	0		0	0	0	0			1	0	0	0	0	2					1	1	1	0							0	0			10
622	楚州_江天夜宴	江天夜宴	110	3	6	0	0	1	2048		1	5			2	1	1440	420		0	1	0	128	0	0	0	data\source\maps\楚州_江天夜宴\楚州_江天夜宴.jsonmap			0	0	0		1	1	0		0	0	16	0	0	0	0		131	0	0	0			1					1	1				1	1	1	0			75				1	0			10
623	英雄楚州_江天夜宴	英雄江天夜宴	110	3	6	0	0	1	2048		1	5			2	1	1440	420		0	1	0	128	0	0	0	data\source\maps\楚州_江天夜宴\楚州_江天夜宴.jsonmap			0	0	0		1	1	0		0	0	16	0	0	0	0		131	0	0	0			1					1	1				1	1	1	0			120				1	0			10
624	沃石火狱	沃石火狱	100	6	1	0	0	2	2048		1	1024			2	0	0	0		0	0	0	8	2	0	0	data\source\maps\沃石火狱\沃石火狱.jsonmap			0	0	0		4	0	0		0	0	1	0	1	0	0		8	0	0	0	1		1	0	0	0	0	4	0				2	0	1	0						7	0	0			10
625	剧本杀测试场景02	浮生剧坊	100	1	2	0	0	5	1600		1	250	250		10	0	0	0		1	0	0	0	0	0	0	data\source\maps\剧本杀测试场景02\剧本杀测试场景02.jsonmap			0	0	0		1	0	0		0	0	16	0	0	0	0		16	0	0	1			1	0	0	0	0	2	0				1	1	1	0				1			0	0			10
626	HD登陆界面_刀宗001	HD登陆界面_刀宗001	100	2	4	1	1	0	1		1	1200			10	1	0	0		1	1	5	0	0	0	0	data\source\maps\HD登陆界面_刀宗001\HD登陆界面_刀宗001.jsonmap			0	0	0		5	0	0		0	0	16	0	0	0	0		0	0	0	1			1	0	0	0	0	2	0				1	1	1	0							0	0			10
627	跨服_烂柯山	跨服·烂柯山	100	1	2	1	1	0	100		1	1600	1200	100	10	0	0	0		1	0	0	0	0	0	0	data\source\maps\烂柯山\烂柯山.jsonmap	data\source\maps\跨服_烂柯山		0	0	0		4	0	0	0	1	0	16	0	0	0	0		0	0	0	1			1	0	200	500	500	2					2	0	1	0						7	1	1			10
628	个人家园_红叶	个人家园_红叶	100	1	2	0	1	0	1		1	1200			10	0	0	0		1	0	0	0	0	0	0	data\source\maps\个人家园_红叶\个人家园_红叶.jsonmap			0	0	0		1	0	0	0	0	0	16	0	0	0	0		0	0	0	1			1	0	0	0	0	2					1	1	1	0							0	0			10
629	磐渊_古剑台	古剑台	100	3	6	0	0	1	256		1	25			10	0	1440	420		0	1	0	131	0	0	0	data\source\maps\磐渊\磐渊.jsonmap	data\source\maps\磐渊_古剑台		0	0	1		1	1	0		0	0	16	0	0	0	0		131	0	0	0			1	0	0	0	0	1	0				1	1	1	0							0	0			10
630	天街灯市_明宵灯暖	天街灯市·明宵灯暖	100	2	4	0	0	0	20		1	1000			10	1	0	0		1	0	0	0	0	0	0	data\source\maps\天街灯市_明宵灯暖\天街灯市_明宵灯暖.jsonmap			0	0	0		1	0	0		0	0	16	0	0	0	0		0	0	0	1			1	0	0	0	0	2	0				1	1	1	0							0	0			10
631	沙海迷踪	浪客行·沙海迷踪	100	3	4	0	0	1	4096		1	5			1	0	0	420		0	1	0	512	0	0	0	data\source\maps\沙海迷踪\沙海迷踪.jsonmap			0	0	1		1	1	0		0	0	4	0	0	0	0		171	0	0				1	0	0	0	0	1	1				4	0	2	1			120			7	0	0			10
632	冰雪盛会_万象长安	尘世曼舞·万象长安	100	2	2	0	1	0	1		1	1200	1000		10	0	0	0		1	0	0	0	0	0	0	data\source\maps\冰雪盛会_万象长安\冰雪盛会_万象长安.jsonmap			0	0	0		1	0	0		0	0	16	0	0	0	0		0	0	0	1			1	0	0	0	0	2	0				1	1	1	0							0	0			10
633	个人家园_明宵灯暖	个人家园_明宵灯暖	100	1	2	0	1	0	1		1	1200			10	0	0	0		1	0	0	0	0	0	0	data\source\maps\个人家园_明宵灯暖\个人家园_明宵灯暖.jsonmap			0	0	0		1	0	0	0	0	0	16	0	0	0	0		0	0	0	1			1	0	0	0	0	2					1	1	1	0							0	0			10
634	春节天街灯市_不良人	天街灯市·蜃墟	100	1	2	0	0	0	1		1	1000			10	0	0	0		1	0	0	0	0	0	0	data\source\maps\春节天街灯市\春节天街灯市.jsonmap			0	0	0		1	0	0		0	0	16	0	0	0	0		0	0	0	0			1	0	0	0	0		0				1	1	1	0							0	0			10
636	武狱黑牢	武狱黑牢	110	3	10	0	0	1	1024		1	10			5	0	4320	420		0	1	0	128	0	0	0	data\source\maps\武狱黑牢\武狱黑牢.jsonmap			0	0	0		1	1	0		0	0	16	0	0	0	0		128	0	0	0			1					1	1				1	1	1	0		1	120				1	0			10
637	25人普通武狱黑牢	25人普通武狱黑牢	110	3	10	0	0	1	512		1	25			2	1	10080	6180		0	1	0	128	0	0	0	data\source\maps\武狱黑牢\武狱黑牢.jsonmap			0	0	0		1	1	0		0	0	16	0	0	0	0		128	0	0	0			1					1	1				1	1	1	0		1	120				1	0			10
638	25人英雄武狱黑牢	25人英雄武狱黑牢	110	3	10	0	0	1	512		1	25			2	1	10080	6180		0	1	0	128	0	0	0	data\source\maps\武狱黑牢\武狱黑牢.jsonmap			0	0	0		1	1	0		0	0	16	0	0	0	0		128	0	0	0			1					1	1				1	1	1	0		1	120				1	0			10
639	鹿桥驿	英雄鹿桥驿	100	2	4	0	0	1	2048		1	5			2	1	1440	420		0	1	0	128	0	0	0	data\source\maps\鹿桥驿\鹿桥驿.jsonmap			0	0	0		1	1	0		0	0	16	0	0	0	0		131	0	0	0			1					1	1				1	1	1	0			120				1	0			10
640	挑战鹿桥驿	挑战鹿桥驿	100	2	4	0	0	1	1024		1	5			2	1	1440	420		0	1	0	128	0	0	0	data\source\maps\鹿桥驿\鹿桥驿.jsonmap			0	0	0		1	1	0		0	0	16	0	0	0	0		131	0	0	0			1					1	1				1	1	1	0			120				1	0			10
642	万灵山庄	万灵山庄	100	1	2	0	1	0	2		1	1500	1200	100	10	0	0	0		1	0	0	0	0	0	0	data\source\maps\万灵山庄\万灵山庄.jsonmap			0	0	0	11241	1	0	0		0	1	16	1	0	0	0		0	0	0	1			1	0	0	0	0	2	0				1	1	1	0							1	1	1		10
643	相知相遇_张家界	张家界·相遇	100	2	4	0	0	0	20		1	1000			10	1	0	0		1	0	0	0	0	0	0	data\source\maps\相知相遇_张家界\相知相遇_张家界.jsonmap			0	0	0		1	0	0		0	0	16	0	0	0	0		0	0	0	1			1	0	0	0	0	2	0				1	1	1	0							0	0			10
644	相知相遇_黄龙洞	黄龙洞	100	2	4	0	0	1	1024		1	5			2	1	1440	420		0	1	0	128	0	0	0	data\source\maps\相知相遇_黄龙洞\相知相遇_黄龙洞.jsonmap			0	0	0		1	1	0		0	0	16	0	0	0	0		131	0	0	0			1					1	1				1	1	1	0			120				0	0			10
645	洱海绝境	洱海绝境	100	4	5	0	0	2	1024		1	108			2	0	0	0		0	1	0	512	2	160	0	data\source\maps\洱海绝境\洱海绝境.jsonmap			0	0	0		5	0	0		0	0	4	0	0	0	0		8	0	1	1			1	0	0	0	0	2	0				4	0	2	1	1					7	0	0			10
646	个人家园_沙漠	个人家园_沙漠	100	1	2	0	1	0	1		1	1200			10	0	0	0		1	0	0	0	0	0	0	data\source\maps\个人家园_沙漠\个人家园_沙漠.jsonmap			0	0	0		1	0	0	0	0	0	16	0	0	0	0		0	0	0	1			1	0	0	0	0	2					1	1	1	0							0	0			10
647	银霜口	银霜口	100	2	2	1	1	0	1		1	1600	1200	100	10	0	0	0		1	0	0	0	0	0	0	data\source\maps\银霜口\银霜口.jsonmap			0	0	1	11256	4	0	0	0	1	1	16	1	0	0	0		0	0	0	1			1	0	0	0	0	2					1	1	1	0							1	1			10
648	九老洞	九老洞	110	3	6	0	0	1	1024		1	10			5	0	4320	420		0	1	0	128	0	0	0	data\source\maps\九老洞\九老洞.jsonmap			0	0	0		1	1	0		0	0	16	0	0	0	0		128	0	0	0			1					1	1				1	1	1	0		1	120				1	0			10
649	25人普通九老洞	25人普通九老洞	110	3	6	0	0	1	512		1	25			2	1	10080	6180		0	1	0	128	0	0	0	data\source\maps\九老洞\九老洞.jsonmap			0	0	0		1	1	0		0	0	16	0	0	0	0		128	0	0	0			1					1	1				1	1	1	0		1	120				1	0			10
650	25人英雄九老洞	25人英雄九老洞	110	3	6	0	0	1	512		1	25			2	1	10080	6180		0	1	0	128	0	0	0	data\source\maps\九老洞\九老洞.jsonmap	data\source\maps\25人英雄九老洞		0	0	0		1	1	0		0	0	16	0	0	0	0		128	0	0	0			1					1	1				1	1	1	0		1	120	1			1	0			10
651	个人家园_张家界	武陵源	100	1	2	0	1	0	1		1	1200			10	0	0	0		1	0	0	0	0	0	0	data\source\maps\个人家园_张家界\个人家园_张家界.jsonmap			0	0	0		1	0	0	0	0	0	16	0	0	0	0		0	0	0	1			1	0	0	0	0	2					1	1	1	0							0	0			10
652	沙漠公益活动	落日丘	100	1	2	0	1	0	4		1	600			10	0	0	0		1	0	0	0	0	0	0	data\source\maps\沙漠公益活动\沙漠公益活动.jsonmap			0	0	0		1	0	0	0	0	0	16	0	0	0	0		0	0	0	1			1	0	0	0	0	2					1	1	1	0							1	1	1		10
653	稻香村_桃园非梦	稻香村	100	1	2	0	0	3	42		1	256			10	0	0	0	15	1	0	0	0	0	0	0	data\source\maps\稻香村_桃园非梦\稻香村_桃园非梦.jsonmap			20	0	0	11332	1	0	0	0	0	0	16	0	0	0	0		0	0	0	1			1	0	0	0	0	2	0		0	0	1	1	1	0							1	1	1		10
654	2023_828	神霄天境	100	2	4	0	0	0	20		1	1000			10	1	0	0		1	0	0	0	0	0	0	data\source\maps\2023_828\2023_828.jsonmap	data\source\maps\2023_828		0	0	0		1	0	0		0	0	16	0	0	0	0		0	0	0	1			1	0	0	0	0	2	0				1	1	1	0							0	0			10
655	个人家园_天宫	重霄阆苑	100	1	2	0	1	0	1		1	1200			10	0	0	0		1	0	0	0	0	0	0	data\source\maps\个人家园_天宫\个人家园_天宫.jsonmap			0	0	0		1	0	0	0	0	0	16	0	0	0	0		0	0	0	1			1	0	0	0	0	2					1	1	1	0							0	0			10
656	阴山大草原_攻防分线	阴山大草原·分线	100	1	2	1	1	0	9		1	1000			10	0	0	0	25	1	0	0	0	0	0	0	data\source\maps\阴山大草原\阴山大草原.jsonmap			0	0	0		4	0	0		1	0	16	0	0	1	0		0	0	0	1			1	0	0	0	0	2	0				1	1	1	0							1	1			10
658	栖灵洞天	栖灵洞天	110	2	4	0	0	1	1024		1	5			2	1	1440	420		0	1	0	128	0	0	0	data\source\maps\万灵山庄_栖灵洞天\万灵山庄_栖灵洞天.jsonmap	data\source\maps\栖灵洞天		0	0	0		1	1	0		0	0	16	0	0	0	0		131	0	0	0			1					1	1				1	1	1	0			50				1	0			10
659	英雄栖灵洞天	英雄栖灵洞天	110	2	4	0	0	1	2048		1	5			2	1	1440	420		0	1	0	128	0	0	0	data\source\maps\万灵山庄_栖灵洞天\万灵山庄_栖灵洞天.jsonmap	data\source\maps\栖灵洞天		0	0	0		1	1	0		0	0	16	0	0	0	0		131	0	0	0			1					1	1				1	1	1	0			120				1	0			10
660	新旧贴花测试_新	新旧贴花测试_新	100	2	4	1	1	0	1		1	1200			10	1	0	0		1	1	5	0	0	0	0	data\source\maps\新旧贴花测试_新\新旧贴花测试_新.jsonmap			0	0	0		5	0	0		0	0	16	0	0	0	0		0	0	0	1			1	0	0	0	0	2	0				1	1	1	0							0	0			10
661	新旧贴画测试_旧	新旧贴画测试_旧	100	2	4	1	1	0	1		1	1200			10	1	0	0		1	1	5	0	0	0	0	data\source\maps\新旧贴画测试_旧\新旧贴画测试_旧.jsonmap			0	0	0		5	0	0		0	0	16	0	0	0	0		0	0	0	1			1	0	0	0	0	2	0				1	1	1	0							0	0			10
662	罗小黑建木海	罗小黑建木海	100	2	6	0	1	1	4096	0	1	1			2	1	10080	420	0	0	1	0	130	0	0	0	data\source\maps\罗小黑建木海\罗小黑建木海.jsonmap			0	10	1		1	1	0		0	0	16	0	0	0	0	120	131	0	0	0			1	0	0	0	0	1	1				1	1	1	0		1		1			0	0			10
663	登陆界面_2023_001	登陆界面_2023_001	100	2	4	1	1	0	1		1	1200			10	1	0	0		1	1	5	0	0	0	0	data\source\maps\登陆界面_2023_001\登陆界面_2023_001.jsonmap			0	0	0		5	0	0		0	0	16	0	0	0	0		0	0	0	1			1	0	0	0	0	2	0				1	1	1	0							0	0			10
664	个人家园_李渡城	个人家园_李渡城	100	1	2	0	1	0	1		1	1200			10	0	0	0		1	0	0	0	0	0	0	data\source\maps\个人家园_李渡城\个人家园_李渡城.jsonmap			0	0	0		1	0	0	0	0	0	16	0	0	0	0		0	0	0	1			1	0	0	0	0	2					1	1	1	0							0	0			10
665	联动地图_功夫熊猫	和平谷	100	2	4	0	0	0	20		1	1000			10	1	0	0		1	0	0	0	0	0	0	data\source\maps\联动地图_功夫熊猫\联动地图_功夫熊猫.jsonmap			0	0	1		1	0	0		0	0	16	0	0	0	0		0	0	0	1			1	0	0	0	0	2	0				1	1	1	0							0	0			10
666	南诏段氏	南诏段氏	100	1	2	0	1	0	2		1	1500	1200	100	10	0	0	0		1	0	0	0	0	0	0	data\source\maps\南诏段氏\南诏段氏.jsonmap			0	0	0	11866	1	0	0		0	1	16	1	0	0	0		0	0	0	1			1	0	0	0	0	2	0				1	1	1	0							1	1	1		10
667	联动地图_非人哉	山海游园	100	2	4	0	0	0	20		1	1000			10	1	0	0		1	0	0	0	0	0	0	data\source\maps\联动地图_非人哉\联动地图_非人哉.jsonmap			0	0	0		1	0	0		0	0	16	0	0	0	0		0	0	0	1			1	0	0	0	0	2	0				1	1	1	0							0	0			10
668	冷龙峰	冷龙峰	110	3	6	0	0	1	1024		1	10			5	0	4320	420		0	1	0	128	0	0	0	data\source\maps\冷龙峰\冷龙峰.jsonmap			0	0	0		1	1	0		0	0	16	0	0	0	0		128	0	0	0			1					1	1				1	1	1	0		1	120				1	0			10
669	25人普通冷龙峰	25人普通冷龙峰	110	3	6	0	0	1	512		1	25			2	1	10080	6180		0	1	0	128	0	0	0	data\source\maps\冷龙峰\冷龙峰.jsonmap			0	0	0		1	1	0		0	0	16	0	0	0	0		128	0	0	0			1					1	1				1	1	1	0		1	120				1	0			10
670	25人英雄冷龙峰	25人英雄冷龙峰	110	3	6	0	0	1	512		1	25			2	1	10080	6180		0	1	0	128	0	0	0	data\source\maps\冷龙峰\冷龙峰.jsonmap			0	0	0		1	1	0		0	0	16	0	0	0	0		128	0	0	0			1					1	1				1	1	1	0		1	120				1	0			10
672	个人家园_功夫熊猫	翡翠宫下	100	1	2	0	1	0	1		1	1200			10	0	0	0		1	0	0	0	0	0	0	data\source\maps\个人家园_功夫熊猫\个人家园_功夫熊猫.jsonmap			0	0	0		1	0	0	0	0	0	16	0	0	0	0		0	0	0	1			1	0	0	0	0	2					1	1	1	0							0	0			10
673	河西瀚漠	河西瀚漠	100	1	2	1	1	0	2		1	1200	1000	100	10	0	0	0		1	0	0	0	0	0	0	data\source\maps\河西瀚漠\河西瀚漠.jsonmap			0	0	1	11950	1	0	0	0	1	1	16	1	0	0	0		0	0	0	1			1	0	0	0	0	2					1	1	1	0							1	1	1		10
674	江南_花楹_家园	浣花水榭	100	1	2	0	0	5	500		1	250	250		30	0	0	0		1	0	0	0	0	0	0	data\source\maps\江南_花楹_家园\江南_花楹_家园.jsonmap			0	0	0		1	0	0		0	0	16	0	0	0	0		16	0	0	1			1	0	0	0	0	2	0				1	1	1	0							1	0			10
675	个人家园_非人哉	丹丘闲居	100	1	2	0	1	0	1		1	1200			10	0	0	0		1	0	0	0	0	0	0	data\source\maps\个人家园_非人哉\个人家园_非人哉.jsonmap			0	0	0		1	0	0	0	0	0	16	0	0	0	0		0	0	0	1			1	0	0	0	0	2					1	1	1	0							0	0			10
676	龙门寻宝	龙门绝境	100	4	5	0	0	2	512		1	108			2	0	0	0		0	1	0	512	2	160	0	data\source\maps\龙门寻宝\龙门寻宝.jsonmap			0	0	0		5	0	0		0	0	4	0	0	0	0		8	0	1	1			1	0	0	0	0	2	0				4	0	2	1	1					7	0	0			10
677	龙门寻宝	龙门绝境	100	4	5	0	0	2	512		1	108			2	0	0	0		0	1	0	512	2	160	0	data\source\maps\龙门寻宝\龙门寻宝.jsonmap			0	0	0		5	0	0		0	0	4	0	0	0	0		8	0	1	1			1	0	0	0	0	2	0				4	0	2	1	1					7	0	0			10
682	南诏段氏_天龙寺	天龙寺	110	2	4	0	0	1	2048		1	5			2	1	1440	420		0	1	0	128	0	0	0	data\source\maps\南诏段氏_天龙寺\南诏段氏_天龙寺.jsonmap			0	0	0		1	1	0		0	0	16	0	0	0	0		131	0	0	0			1					1	1				1	1	1	0			50				1	0			10
683	英雄南诏段氏_天龙寺	英雄天龙寺	110	2	4	0	0	1	2048		1	5			2	1	1440	420		0	1	0	128	0	0	0	data\source\maps\南诏段氏_天龙寺\南诏段氏_天龙寺.jsonmap			0	0	0		1	1	0		0	0	16	0	0	0	0		131	0	0	0			1					1	1				1	1	1	0			120				1	0			10
684	河西瀚漠_冰川宫宝库	冰川宫宝库	110	2	4	0	0	1	2048		1	5			2	1	1440	420		0	1	0	128	0	0	0	data\source\maps\河西瀚漠_冰川宫宝库\河西瀚漠_冰川宫宝库.jsonmap	data\source\maps\河西瀚漠_冰川宫宝库		0	0	0		1	1	0		0	0	16	0	0	0	0		131	0	0	0			1					1	1				1	1	1	0			75				1	0			10
685	英雄河西瀚漠_冰川宫宝库	英雄冰川宫宝库	110	2	4	0	0	1	2048		1	5			2	1	1440	420		0	1	0	128	0	0	0	data\source\maps\河西瀚漠_冰川宫宝库\河西瀚漠_冰川宫宝库.jsonmap	data\source\maps\河西瀚漠_冰川宫宝库		0	0	0		1	1	0		0	0	16	0	0	0	0		131	0	0	0			1					1	1				1	1	1	0			120				1	0			10
686	一之窟	一之窟	110	3	6	0	0	1	1500		1	10			5	0	4320	420		0	1	0	128	0	0	0	data\source\maps\河西瀚漠_一之窟\河西瀚漠_一之窟.jsonmap			0	0	0		1	1	0		0	0	16	0	0	0	0		128	0	0	0			1					1	1				1	1	1	0		1	120				1	0			10
687	25人普通一之窟	25人普通一之窟	110	3	6	0	0	1	1024		1	25			2	1	10080	6180		0	1	0	128	0	0	0	data\source\maps\河西瀚漠_一之窟\河西瀚漠_一之窟.jsonmap			0	0	0		1	1	0		0	0	16	0	0	0	0		128	0	0	0			1					1	1				1	1	1	0		1	120				1	0			10
688	25人英雄一之窟	25人英雄一之窟	110	3	6	0	0	1	1024		1	25			2	1	10080	6180		0	1	0	128	0	0	0	data\source\maps\河西瀚漠_一之窟\河西瀚漠_一之窟.jsonmap			0	0	0		1	1	0		0	0	16	0	0	0	0		128	0	0	0			1					1	1				1	1	1	0		1	120				1	0			10
689	帮会联赛_2024	九素云峰	100	2	5	0	0	2	2048		1	210			120	0	0	0		0	1	0	0	2	160	0	data\source\maps\帮会联赛_2024\帮会联赛_2024.jsonmap			0	0	0		5	0	0		0	0	8	0	0	0	0		256	0	0	0			1	0	0	0	0	8	0				2	0	1	0	1			1	1	7	1	0			10
690	风砂旧垒	风砂旧垒	110	2	4	0	0	1	2048		1	5			2	1	1440	420		0	1	0	128	0	0	0	data\source\maps\河西瀚漠_风砂旧垒\河西瀚漠_风砂旧垒.jsonmap	data\source\maps\风砂旧垒		0	0	0		1	1	0		0	0	16	0	0	0	0		131	0	0	0			1					1	1				1	1	1	0			75				1	0			10
691	英雄风砂旧垒	英雄风砂旧垒	110	2	4	0	0	1	2048		1	5			2	1	1440	420		0	1	0	128	0	0	0	data\source\maps\河西瀚漠_风砂旧垒\河西瀚漠_风砂旧垒.jsonmap	data\source\maps\风砂旧垒		0	0	0		1	1	0		0	0	16	0	0	0	0		131	0	0	0			1					1	1				1	1	1	0			120				1	0			10
693	不染窟	不染窟	100	2	4	0	0	1	2048		1	5			2	1	1440	420		0	1	0	128	0	0	0	data\source\maps\河西瀚漠_不染窟\河西瀚漠_不染窟.jsonmap	data\source\maps\不染窟		0	0	0		1	1	0		0	0	16	0	0	0	0		131	0	0	0			1					1	1				1	1	1	0			75				1	0			10
694	英雄不染窟	英雄不染窟	100	2	4	0	0	1	2048		1	5			2	1	1440	420		0	1	0	128	0	0	0	data\source\maps\河西瀚漠_不染窟\河西瀚漠_不染窟.jsonmap	data\source\maps\不染窟		0	0	0		1	1	0		0	0	16	0	0	0	0		131	0	0	0			1					1	1				1	1	1	0			120				1	0			10
695	冷龙峰_欲曙	冷龙峰·欲曙	100	1	2	0	1	0	1		1	1800	1500	100	10	0	0	0		1	0	0	0	0	0	0	data\source\maps\冷龙峰\冷龙峰.jsonmap	data\source\maps\冷龙峰_欲曙		0	0	0		1	0	0	0	0	0	16	0	0	0	0		0	0	0	1			1	0	0	0	0	2					1	1	1	0							1	1	1		10
696	南诏段氏_红叶泽	红叶泽	100	6	1	0	0	2	2048		1	1024			2	0	0	0		0	0	0	8	2	0	0	data\source\maps\南诏段氏_红叶泽\南诏段氏_红叶泽.jsonmap			0	0	0		4	0	0		0	0	1	0	1	0	0		8	0	0	0	1		1	0	0	0	0	4	0				2	0	1	0						7	0	0			10
697	河西瀚漠_跨服	跨服·河西瀚漠	100	1	2	1	1	0	100		1	1600	1200	100	10	0	0	0		1	0	0	0	0	0	0	data\source\maps\河西瀚漠_跨服\河西瀚漠_跨服.jsonmap	data\source\maps\河西瀚漠_跨服		0	0	0		4	0	0	0	1	0	16	0	0	0	0		0	0	0	1			1	0	200	500	500	2					2	0	1	0						7	1	1			10
698	联动地图_秦时明月	墨家机关城	100	3	4	0	0	1	4096		1	1			1	0	10080	6180	0	0	1	0	0	0	0	0	data\source\maps\联动地图_秦时明月\联动地图_秦时明月.jsonmap			0	0	0		1	1	0	0	0	0	16	0	0	0	0		131	0	0	0	0	0	0	0	0	0	0	1	1				1	1	1	0						7	1	0			10
699	个人家园_西湖	西湖	100	1	2	0	1	0	1		1	1200			10	0	0	0		1	0	0	0	0	0	0	data\source\maps\个人家园_西湖\个人家园_西湖.jsonmap			0	0	0		1	0	0	0	0	0	16	0	0	0	0		0	0	0	1			1	0	0	0	0	2					1	1	1	0							0	0			10
700	个人家园_秦时明月	秦时明月	100	1	2	0	1	0	1		1	1200			10	0	0	0		1	0	0	0	0	0	0	data\source\maps\个人家园_秦时明月\个人家园_秦时明月.jsonmap			0	0	0		1	0	0	0	0	0	16	0	0	0	0		0	0	0	1			1	0	0	0	0	2					1	1	1	0							0	0			10
701	长安_皇城	皇城	100	1	2	1	1	0	1		1	1200	1200	100	10	0	0	0		1	0	0	0	0	0	0	data\source\maps\长安_皇城\长安_皇城.jsonmap			0	0	0	12205	1	0	0	0	1	1	16	1	0	0	0		0	0	0	1			1		0	0	0	2					1	1	1	0							1	1	0		10
702	联动地图_仙剑一_仙灵岛	仙灵岛	100	2	4	0	0	0	20		1	1000			10	1	0	0		1	0	0	0	0	0	0	data\source\maps\联动地图_仙剑一_仙灵岛\联动地图_仙剑一_仙灵岛.jsonmap			0	0	0		1	0	0		0	0	16	0	0	0	0		0	0	0	1			1	0	0	0	0	2	0				1	1	1	0							1	0			10
703	联动地图_仙剑一_圣灵挑战	仙灵岛·圣灵挑战	100	2	4	0	0	1	1024		1	5			2	1	1440	420		0	1	0	128	0	0	0	data\source\maps\联动地图_仙剑一_圣灵挑战\联动地图_仙剑一_圣灵挑战.jsonmap			0	0	0		1	1	0		0	0	16	0	0	0	0		131	0	0	0			1					1	1				1	1	1	0			120				1	0			10
704	联动地图_仙剑一_魔界缝隙	魔界缝隙	100	2	4	0	0	1	1024		1	5			2	1	1440	420		0	1	0	128	0	0	0	data\source\maps\联动地图_仙剑一_魔界缝隙\联动地图_仙剑一_魔界缝隙.jsonmap			0	0	0		1	1	0		0	0	16	0	0	0	0		131	0	0	0			1					1	1				1	1	1	0			120				1	0			10
705	幻境云图_摄影棚001	万景阁	100	2	4	0	0	0	10		1	1000			10	1	0	0		1	1	0	0	0	0	0	data\source\maps\幻境云图_摄影棚001\幻境云图_摄影棚001.jsonmap			0	0	0		1	0	0		0	0	16	0	0	0	0		0	0	0	0			1	0	0	0	0	2	0				1	1	1	0							0	0	1		10
706	长安_太极宫	太极宫	110	3	10	0	0	1	1500		1	10			5	0	4320	420		0	1	0	128	0	0	0	data\source\maps\长安_太极宫\长安_太极宫.jsonmap			0	0	0		1	1	0		0	0	16	0	0	0	0		128	0	0	0			1					1	1				1	1	1	0		1	120				1	0			10
707	25人普通太极宫	25人普通太极宫	110	3	10	0	0	1	1024		1	25			10	1	10080	6180		0	1	0	128	0	0	0	data\source\maps\长安_太极宫\长安_太极宫.jsonmap			0	0	0		1	1	0		0	0	16	0	0	0	0		128	0	0	0			1					1	1				1	1	1	0		1	120				1	0			10
708	25人英雄太极宫	25人英雄太极宫	110	3	10	0	0	1	1024		1	25			10	1	10080	6180		0	1	0	128	0	0	0	data\source\maps\长安_太极宫\长安_太极宫.jsonmap			0	0	0		1	1	0		0	0	16	0	0	0	0		128	0	0	0			1					1	1				1	1	1	0		1	120				1	0			10
709	林海绝境	林海绝境	100	4	5	0	0	2	512		1	118			2	0	0	0		0	1	0	512	2	160	0	data\source\maps\林海绝境\林海绝境.jsonmap	data\source\maps\林海绝境		0	0	1		5	0	0		0	0	32	0	0	0	0		8	0	1	0			1	0	0	0	0	2	0				5	0	2	0	1					7	0	0			10
710	长安_空城殿	25人挑战空城殿·上	100	3	6	0	0	1	1024		1	25			10	1	10080	6180		0	1	0	128	0	0	0	data\source\maps\长安_空城殿\长安_空城殿.jsonmap			0	0	0		1	1	0		0	0	16	0	0	0	0		128	0	0	0			1					1	1				1	1	1	0		1	120				1	0			10
711	长安_空城殿_下	25人挑战空城殿·下	100	3	6	0	0	1	1024		1	25			10	1	10080	6180		0	1	0	128	0	0	0	data\source\maps\长安_空城殿\长安_空城殿.jsonmap	data\source\maps\长安_空城殿_下		0	0	0		1	1	0		0	0	16	0	0	0	0		128	0	0	0			1					1	1				1	1	1	0		1	120				1	0			10
712	雪域关城	雪域关城	100	4	5	0	0	2	512		1	34			2	0	0	0		0	1	0	0	2	160	0	data\source\maps\雪域关城\雪域关城.jsonmap			0	0	0		5	0	0		0	0	16	0	0	0	0		256	0	0	0			1	0	0	0	0	2	0				2	0	1	0	1					7	0	0			10
713	伊丽川	伊丽川	100	1	2	1	1	0	2		1	1200	1000	100	10	0	0	0		1	0	0	0	0	0	0	data\source\maps\伊丽川\伊丽川.jsonmap			0	0	1	12469	4	0	0	0	1	1	16	1	0	0	0		0	0	0	1			1	0	0	0	0	2					1	1	1	0				1			1	1	1		10
715	林海绝境	林海绝境·纷争	100	4	5	0	0	2	512		1	118			2	0	0	0		0	1	0	512	2	160	0	data\source\maps\林海绝境\林海绝境.jsonmap	data\source\maps\林海绝境		0	0	1		5	0	0		0	0	32	0	0	0	0		8	0	1	0			1	0	0	0	0	2	0				5	0	2	0	1					7	0	0			10
716	无相楼_贾府	贾府	100	1	6	0	0	1	1500		1	1			5	0	0	0		0	1	0	128	0	0	0	data\source\maps\无相楼\无相楼.jsonmap		scripts/Map/无相楼/无相楼子副本通用.lua	0	0	1	12497	1	1	0		0	0	16	0	0	0	0		131	0	0	0			1					1	1				1	1	1	0		1					1	0			10
717	无相楼_却月楼	却月楼	100	1	6	0	0	1	1500		1	1			5	0	0	0		0	1	0	128	0	0	0	data\source\maps\无相楼\无相楼.jsonmap		scripts/Map/无相楼/无相楼子副本通用.lua	0	0	1	12497	1	1	0		0	0	16	0	0	0	0		131	0	0	0			1					1	1				1	1	1	0		1					1	0			10
718	无相楼	永宁湾	100	1	2	0	1	0	2		1	1500	1200	100	10	0	0	0		1	0	0	0	0	0	0	data\source\maps\无相楼\无相楼.jsonmap			0	0	0	12497	1	0	0		0	1	16	1	0	0	0		0	0	0	1			1	0	0	0	0	2	0				1	1	1	0							1	1	1		10
719	玄中观地下	玄中观地下	110	2	4	0	0	1	4096		1	1			2	1	1440	420		0	1	0	128	0	0	0	data\source\maps\玄中观地下\玄中观地下.jsonmap	data\source\maps\玄中观地下		0	0	0		1	1	0		0	0	16	0	0	0	0		131	0	0	0			1					1	1				1	1	1	0			120				1	0			10
720	缚罪之渊	缚罪之渊	100	3	10	0	0	1	1024		1	25			10	1	10080	6180		0	1	0	128	0	0	0	data\source\maps\缚罪之渊\缚罪之渊.jsonmap			0	0	0		1	1	0		0	0	16	0	0	0	0		128	0	0	0			1					1	1				1	1	1	0		1	120				1	0			10
722	伊丽川_会战弓月城	会战弓月城	110	3	10	0	0	1	1500		1	10			5	0	4320	420		0	1	0	128	0	0	0	data\source\maps\伊丽川_会战弓月城\伊丽川_会战弓月城.jsonmap			0	0	0		1	1	0		0	0	16	0	0	0	0		128	0	0	0			1					1	1				1	1	1	0		1	120				1	0			10
723	25人普通会战弓月城	25人普通会战弓月城	110	3	10	0	0	1	1024		1	25			10	1	10080	6180		0	1	0	128	0	0	0	data\source\maps\伊丽川_会战弓月城\伊丽川_会战弓月城.jsonmap			0	0	0		1	1	0		0	0	16	0	0	0	0		128	0	0	0			1					1	1				1	1	1	0		1	120				1	0			10
724	25人英雄会战弓月城	25人英雄会战弓月城	110	3	10	0	0	1	1024		1	25			10	1	10080	6180		0	1	0	128	0	0	0	data\source\maps\伊丽川_会战弓月城\伊丽川_会战弓月城.jsonmap			0	0	0		1	1	0		0	0	16	0	0	0	0		128	0	0	0			1					1	1				1	1	1	0		1	120				1	0			10
725	獭山岛	獭山岛	110	2	4	0	0	1	1024		1	5			2	1	1440	420		0	1	0	128	0	0	0	data\source\maps\獭山岛\獭山岛.jsonmap	data\source\maps\獭山岛		0	0	0		1	1	0		0	0	16	0	0	0	0		131	0	0	0			1					1	1				1	1	1	0			75				1	0			10
726	英雄獭山岛	英雄獭山岛	110	2	4	0	0	1	1024		1	5			2	1	1440	420		0	1	0	128	0	0	0	data\source\maps\獭山岛\獭山岛.jsonmap	data\source\maps\獭山岛		0	0	0		1	1	0		0	0	16	0	0	0	0		131	0	0	0			1					1	1				1	1	1	0			120				1	0			10
727	伊丽川_摩罗道_低级1	摩罗道营地·玄字贰号	100	1	6	0	0	1	1500		1	1			2	0	0	0		0	1	0	128	0	0	0	data\source\maps\伊丽川\伊丽川.jsonmap		scripts/Map/伊丽川/伊丽川野外营地子副本.lua	0	0	1		1	1	0		0	0	16	0	0	0	0		131	0	0	0			1					1	1				1	1	1	0		1					1	0			10
728	伊丽川_摩罗道_低级2	摩罗道营地·玄字壹号	100	1	6	0	0	1	1500		1	1			2	0	0	0		0	1	0	128	0	0	0	data\source\maps\伊丽川\伊丽川.jsonmap		scripts/Map/伊丽川/伊丽川野外营地子副本.lua	0	0	1		1	1	0		0	0	16	0	0	0	0		131	0	0	0			1					1	1				1	1	1	0		1					1	0			10
729	伊丽川_踏实力_低级40	踏实力苍狼营营地·玄字拾号	100	1	6	0	0	1	1500		1	1			2	0	0	0		0	1	0	128	0	0	0	data\source\maps\伊丽川\伊丽川.jsonmap		scripts/Map/伊丽川/伊丽川野外营地子副本.lua	0	0	1		1	1	0		0	0	16	0	0	0	0		131	0	0	0			1					1	1				1	1	1	0		1					1	0			10
730	伊丽川_踏实力_中级41	踏实力苍狼营营地·地字贰号	100	1	6	0	0	1	1500		1	1			2	0	0	0		0	1	0	128	0	0	0	data\source\maps\伊丽川\伊丽川.jsonmap		scripts/Map/伊丽川/伊丽川野外营地子副本.lua	0	0	1		1	1	0		0	0	16	0	0	0	0		131	0	0	0			1					1	1				1	1	1	0		1					1	0			10
731	伊丽川_踏实力_高级45	踏实力苍狼营营地·天字贰号	100	1	6	0	0	1	1500		1	1			2	0	0	0		0	1	0	128	0	0	0	data\source\maps\伊丽川\伊丽川.jsonmap		scripts/Map/伊丽川/伊丽川野外营地子副本.lua	0	0	1		1	1	0		0	0	16	0	0	0	0		131	0	0	0			1					1	1				1	1	1	0		1					1	0			10
732	伊丽川_诺布众_高级34	诺布众营地·天字壹号	100	1	6	0	0	1	1500		1	1			2	0	0	0		0	1	0	128	0	0	0	data\source\maps\伊丽川\伊丽川.jsonmap		scripts/Map/伊丽川/伊丽川野外营地子副本.lua	0	0	1		1	1	0		0	0	16	0	0	0	0		131	0	0	0			1					1	1				1	1	1	0		1					1	0			10
733	伊丽川_诺布众_低级37	诺布众营地·玄字贰号	100	1	6	0	0	1	1500		1	1			2	0	0	0		0	1	0	128	0	0	0	data\source\maps\伊丽川\伊丽川.jsonmap		scripts/Map/伊丽川/伊丽川野外营地子副本.lua	0	0	1		1	1	0		0	0	16	0	0	0	0		131	0	0	0			1					1	1				1	1	1	0		1					1	0			10
734	伊丽川_踏实力_低级44	踏实力苍狼营营地·玄字柒号	100	1	6	0	0	1	1500		1	1			2	0	0	0		0	1	0	128	0	0	0	data\source\maps\伊丽川\伊丽川.jsonmap		scripts/Map/伊丽川/伊丽川野外营地子副本.lua	0	0	1		1	1	0		0	0	16	0	0	0	0		131	0	0	0			1					1	1				1	1	1	0		1					1	0			10
735	伊丽川_踏实力_中级50	踏实力苍狼营营地·地字陆号	100	1	6	0	0	1	1500		1	1			2	0	0	0		0	1	0	128	0	0	0	data\source\maps\伊丽川\伊丽川.jsonmap		scripts/Map/伊丽川/伊丽川野外营地子副本.lua	0	0	1		1	1	0		0	0	16	0	0	0	0		131	0	0	0			1					1	1				1	1	1	0		1					1	0			10
736	伊丽川_踏实力_低级53	踏实力苍狼营营地·玄字拾壹号	100	1	6	0	0	1	1500		1	1			2	0	0	0		0	1	0	128	0	0	0	data\source\maps\伊丽川\伊丽川.jsonmap		scripts/Map/伊丽川/伊丽川野外营地子副本.lua	0	0	1		1	1	0		0	0	16	0	0	0	0		131	0	0	0			1					1	1				1	1	1	0		1					1	0			10
737	伊丽川_踏实力_高级63	踏实力苍狼营营地·天字壹号	100	1	6	0	0	1	1500		1	1			2	0	0	0		0	1	0	128	0	0	0	data\source\maps\伊丽川\伊丽川.jsonmap		scripts/Map/伊丽川/伊丽川野外营地子副本.lua	0	0	1		1	1	0		0	0	16	0	0	0	0		131	0	0	0			1					1	1				1	1	1	0		1					1	0			10
738	伊丽川_踏实力_低级66	踏实力苍狼营营地·玄字壹号	100	1	6	0	0	1	1500		1	1			2	0	0	0		0	1	0	128	0	0	0	data\source\maps\伊丽川\伊丽川.jsonmap		scripts/Map/伊丽川/伊丽川野外营地子副本.lua	0	0	1		1	1	0		0	0	16	0	0	0	0		131	0	0	0			1					1	1				1	1	1	0		1					1	0			10
739	伊丽川_踏实力_低级67	踏实力苍狼营营地·玄字捌号	100	1	6	0	0	1	1500		1	1			2	0	0	0		0	1	0	128	0	0	0	data\source\maps\伊丽川\伊丽川.jsonmap		scripts/Map/伊丽川/伊丽川野外营地子副本.lua	0	0	1		1	1	0		0	0	16	0	0	0	0		131	0	0	0			1					1	1				1	1	1	0		1					1	0			10
740	伊丽川_踏实力_中级68	踏实力苍狼营营地·地字壹号	100	1	6	0	0	1	1500		1	1			2	0	0	0		0	1	0	128	0	0	0	data\source\maps\伊丽川\伊丽川.jsonmap		scripts/Map/伊丽川/伊丽川野外营地子副本.lua	0	0	1		1	1	0		0	0	16	0	0	0	0		131	0	0	0			1					1	1				1	1	1	0		1					1	0			10
741	伊丽川_诺布众_中级71	诺布众营地·地字壹号	100	1	6	0	0	1	1500		1	1			2	0	0	0		0	1	0	128	0	0	0	data\source\maps\伊丽川\伊丽川.jsonmap		scripts/Map/伊丽川/伊丽川野外营地子副本.lua	0	0	1		1	1	0		0	0	16	0	0	0	0		131	0	0	0			1					1	1				1	1	1	0		1					1	0			10
742	伊丽川_踏实力_中级72	踏实力苍狼营营地·地字叁号	100	1	6	0	0	1	1500		1	1			2	0	0	0		0	1	0	128	0	0	0	data\source\maps\伊丽川\伊丽川.jsonmap		scripts/Map/伊丽川/伊丽川野外营地子副本.lua	0	0	1		1	1	0		0	0	16	0	0	0	0		131	0	0	0			1					1	1				1	1	1	0		1					1	0			10
743	伊丽川_吐蕃僧_高级73	莲花会营地·天字壹号	100	1	6	0	0	1	1500		1	1			2	0	0	0		0	1	0	128	0	0	0	data\source\maps\伊丽川\伊丽川.jsonmap		scripts/Map/伊丽川/伊丽川野外营地子副本.lua	0	0	1		1	1	0		0	0	16	0	0	0	0		131	0	0	0			1					1	1				1	1	1	0		1					1	0			10
744	伊丽川_吐蕃僧_低级79	莲花会营地·玄字贰号	100	1	6	0	0	1	1500		1	1			2	0	0	0		0	1	0	128	0	0	0	data\source\maps\伊丽川\伊丽川.jsonmap		scripts/Map/伊丽川/伊丽川野外营地子副本.lua	0	0	1		1	1	0		0	0	16	0	0	0	0		131	0	0	0			1					1	1				1	1	1	0		1					1	0			10
745	伊丽川_诺布众_低级81	诺布众营地·玄字壹号	100	1	6	0	0	1	1500		1	1			2	0	0	0		0	1	0	128	0	0	0	data\source\maps\伊丽川\伊丽川.jsonmap		scripts/Map/伊丽川/伊丽川野外营地子副本.lua	0	0	1		1	1	0		0	0	16	0	0	0	0		131	0	0	0			1					1	1				1	1	1	0		1					1	0			10
746	伊丽川_吐蕃军队_低级82	吐蕃掠锋营营地·玄字壹号	100	1	6	0	0	1	1500		1	1			2	0	0	0		0	1	0	128	0	0	0	data\source\maps\伊丽川\伊丽川.jsonmap		scripts/Map/伊丽川/伊丽川野外营地子副本.lua	0	0	1		1	1	0		0	0	16	0	0	0	0		131	0	0	0			1					1	1				1	1	1	0		1					1	0			10
747	伊丽川_吐蕃军队_中级83	吐蕃掠锋营营地·地字壹号	100	1	6	0	0	1	1500		1	1			2	0	0	0		0	1	0	128	0	0	0	data\source\maps\伊丽川\伊丽川.jsonmap		scripts/Map/伊丽川/伊丽川野外营地子副本.lua	0	0	1		1	1	0		0	0	16	0	0	0	0		131	0	0	0			1					1	1				1	1	1	0		1					1	0			10
748	伊丽川_吐蕃军队_中级91	吐蕃掠锋营营地·地字肆号	100	1	6	0	0	1	1500		1	1			2	0	0	0		0	1	0	128	0	0	0	data\source\maps\伊丽川\伊丽川.jsonmap		scripts/Map/伊丽川/伊丽川野外营地子副本.lua	0	0	1		1	1	0		0	0	16	0	0	0	0		131	0	0	0			1					1	1				1	1	1	0		1					1	0			10
749	伊丽川_突骑施_低级100	突骑施营地·玄字壹号	100	1	6	0	0	1	1500		1	1			2	0	0	0		0	1	0	128	0	0	0	data\source\maps\伊丽川\伊丽川.jsonmap		scripts/Map/伊丽川/伊丽川野外营地子副本.lua	0	0	1		1	1	0		0	0	16	0	0	0	0		131	0	0	0			1					1	1				1	1	1	0		1					1	0			10
750	伊丽川_踏实力_低级101	踏实力苍狼营营地·玄字贰号	100	1	6	0	0	1	1500		1	1			2	0	0	0		0	1	0	128	0	0	0	data\source\maps\伊丽川\伊丽川.jsonmap		scripts/Map/伊丽川/伊丽川野外营地子副本.lua	0	0	1		1	1	0		0	0	16	0	0	0	0		131	0	0	0			1					1	1				1	1	1	0		1					1	0			10
751	伊丽川_踏实力_中级104	踏实力苍狼营营地·地字柒号	100	1	6	0	0	1	1500		1	1			2	0	0	0		0	1	0	128	0	0	0	data\source\maps\伊丽川\伊丽川.jsonmap		scripts/Map/伊丽川/伊丽川野外营地子副本.lua	0	0	1		1	1	0		0	0	16	0	0	0	0		131	0	0	0			1					1	1				1	1	1	0		1					1	0			10
752	伊丽川_踏实力_低级105	踏实力苍狼营营地·玄字拾叁号	100	1	6	0	0	1	1500		1	1			2	0	0	0		0	1	0	128	0	0	0	data\source\maps\伊丽川\伊丽川.jsonmap		scripts/Map/伊丽川/伊丽川野外营地子副本.lua	0	0	1		1	1	0		0	0	16	0	0	0	0		131	0	0	0			1					1	1				1	1	1	0		1					1	0			10
753	伊丽川_吐蕃军队_低级106	吐蕃掠锋营营地·玄字肆号	100	1	6	0	0	1	1500		1	1			2	0	0	0		0	1	0	128	0	0	0	data\source\maps\伊丽川\伊丽川.jsonmap		scripts/Map/伊丽川/伊丽川野外营地子副本.lua	0	0	1		1	1	0		0	0	16	0	0	0	0		131	0	0	0			1					1	1				1	1	1	0		1					1	0			10
754	伊丽川_吐蕃军队_中级109	吐蕃掠锋营营地·地字叁号	100	1	6	0	0	1	1500		1	1			2	0	0	0		0	1	0	128	0	0	0	data\source\maps\伊丽川\伊丽川.jsonmap		scripts/Map/伊丽川/伊丽川野外营地子副本.lua	0	0	1		1	1	0		0	0	16	0	0	0	0		131	0	0	0			1					1	1				1	1	1	0		1					1	0			10
755	伊丽川_踏实力_低级111	踏实力苍狼营营地·玄字叁号	100	1	6	0	0	1	1500		1	1			2	0	0	0		0	1	0	128	0	0	0	data\source\maps\伊丽川\伊丽川.jsonmap		scripts/Map/伊丽川/伊丽川野外营地子副本.lua	0	0	1		1	1	0		0	0	16	0	0	0	0		131	0	0	0			1					1	1				1	1	1	0		1					1	0			10
756	伊丽川_踏实力_低级118	踏实力苍狼营营地·玄字肆号	100	1	6	0	0	1	1500		1	1			2	0	0	0		0	1	0	128	0	0	0	data\source\maps\伊丽川\伊丽川.jsonmap		scripts/Map/伊丽川/伊丽川野外营地子副本.lua	0	0	1		1	1	0		0	0	16	0	0	0	0		131	0	0	0			1					1	1				1	1	1	0		1					1	0			10
757	伊丽川_吐蕃军队_高级119	吐蕃掠锋营营地·天字壹号	100	1	6	0	0	1	1500		1	1			2	0	0	0		0	1	0	128	0	0	0	data\source\maps\伊丽川\伊丽川.jsonmap		scripts/Map/伊丽川/伊丽川野外营地子副本.lua	0	0	1		1	1	0		0	0	16	0	0	0	0		131	0	0	0			1					1	1				1	1	1	0		1					1	0			10
758	伊丽川_吐蕃军队_低级132	吐蕃掠锋营营地·玄字贰号	100	1	6	0	0	1	1500		1	1			2	0	0	0		0	1	0	128	0	0	0	data\source\maps\伊丽川\伊丽川.jsonmap		scripts/Map/伊丽川/伊丽川野外营地子副本.lua	0	0	1		1	1	0		0	0	16	0	0	0	0		131	0	0	0			1					1	1				1	1	1	0		1					1	0			10
759	伊丽川_星宿派_中级137	星宿宗营地·地字壹号	100	1	6	0	0	1	1500		1	1			2	0	0	0		0	1	0	128	0	0	0	data\source\maps\伊丽川\伊丽川.jsonmap		scripts/Map/伊丽川/伊丽川野外营地子副本.lua	0	0	1		1	1	0		0	0	16	0	0	0	0		131	0	0	0			1					1	1				1	1	1	0		1					1	0			10
760	伊丽川_吐蕃军队_低级139	吐蕃掠锋营营地·玄	100	1	6	0	0	1	1500		1	1			2	0	0	0		0	1	0	128	0	0	0	data\source\maps\伊丽川\伊丽川.jsonmap		scripts/Map/伊丽川/伊丽川野外营地子副本.lua	0	0	1		1	1	0		0	0	16	0	0	0	0		131	0	0	0			1					1	1				1	1	1	0		1					1	0			10
761	伊丽川_星宿派_中级151	星宿宗营地·地字贰号	100	1	6	0	0	1	1500		1	1			2	0	0	0		0	1	0	128	0	0	0	data\source\maps\伊丽川\伊丽川.jsonmap		scripts/Map/伊丽川/伊丽川野外营地子副本.lua	0	0	1		1	1	0		0	0	16	0	0	0	0		131	0	0	0			1					1	1				1	1	1	0		1					1	0			10
762	伊丽川_踏实力_低级174	踏实力苍狼营营地·玄字伍号	100	1	6	0	0	1	1500		1	1			2	0	0	0		0	1	0	128	0	0	0	data\source\maps\伊丽川\伊丽川.jsonmap		scripts/Map/伊丽川/伊丽川野外营地子副本.lua	0	0	1		1	1	0		0	0	16	0	0	0	0		131	0	0	0			1					1	1				1	1	1	0		1					1	0			10
763	伊丽川_踏实力_中级175	踏实力苍狼营营地·地字伍号	100	1	6	0	0	1	1500		1	1			2	0	0	0		0	1	0	128	0	0	0	data\source\maps\伊丽川\伊丽川.jsonmap		scripts/Map/伊丽川/伊丽川野外营地子副本.lua	0	0	1		1	1	0		0	0	16	0	0	0	0		131	0	0	0			1					1	1				1	1	1	0		1					1	0			10
764	伊丽川_吐蕃僧_低级178	莲花会营地·玄字壹号	100	1	6	0	0	1	1500		1	1			2	0	0	0		0	1	0	128	0	0	0	data\source\maps\伊丽川\伊丽川.jsonmap		scripts/Map/伊丽川/伊丽川野外营地子副本.lua	0	0	1		1	1	0		0	0	16	0	0	0	0		131	0	0	0			1					1	1				1	1	1	0		1					1	0			10
765	伊丽川_吐蕃僧_中级181	莲花会营地·地字壹号	100	1	6	0	0	1	1500		1	1			2	0	0	0		0	1	0	128	0	0	0	data\source\maps\伊丽川\伊丽川.jsonmap		scripts/Map/伊丽川/伊丽川野外营地子副本.lua	0	0	1		1	1	0		0	0	16	0	0	0	0		131	0	0	0			1					1	1				1	1	1	0		1					1	0			10
766	伊丽川_踏实力_高级182	踏实力苍狼营营地·天字叁号	100	1	6	0	0	1	1500		1	1			2	0	0	0		0	1	0	128	0	0	0	data\source\maps\伊丽川\伊丽川.jsonmap		scripts/Map/伊丽川/伊丽川野外营地子副本.lua	0	0	1		1	1	0		0	0	16	0	0	0	0		131	0	0	0			1					1	1				1	1	1	0		1					1	0			10
767	伊丽川_踏实力_低级184	踏实力苍狼营营地·玄字陆号	100	1	6	0	0	1	1500		1	1			2	0	0	0		0	1	0	128	0	0	0	data\source\maps\伊丽川\伊丽川.jsonmap		scripts/Map/伊丽川/伊丽川野外营地子副本.lua	0	0	1		1	1	0		0	0	16	0	0	0	0		131	0	0	0			1					1	1				1	1	1	0		1					1	0			10
768	伊丽川_踏实力_低级188	踏实力苍狼营营地·玄字拾贰号	100	1	6	0	0	1	1500		1	1			2	0	0	0		0	1	0	128	0	0	0	data\source\maps\伊丽川\伊丽川.jsonmap		scripts/Map/伊丽川/伊丽川野外营地子副本.lua	0	0	1		1	1	0		0	0	16	0	0	0	0		131	0	0	0			1					1	1				1	1	1	0		1					1	0			10
769	伊丽川_踏实力_中级190	踏实力苍狼营营地·地字肆号	100	1	6	0	0	1	1500		1	1			2	0	0	0		0	1	0	128	0	0	0	data\source\maps\伊丽川\伊丽川.jsonmap		scripts/Map/伊丽川/伊丽川野外营地子副本.lua	0	0	1		1	1	0		0	0	16	0	0	0	0		131	0	0	0			1					1	1				1	1	1	0		1					1	0			10
770	伊丽川_星宿派_中级192	星宿宗营地·地字叁号	100	1	6	0	0	1	1500		1	1			2	0	0	0		0	1	0	128	0	0	0	data\source\maps\伊丽川\伊丽川.jsonmap		scripts/Map/伊丽川/伊丽川野外营地子副本.lua	0	0	1		1	1	0		0	0	16	0	0	0	0		131	0	0	0			1					1	1				1	1	1	0		1					1	0			10
771	伊丽川_突骑施_低级212	突骑施营地·玄字叁号	100	1	6	0	0	1	1500		1	1			2	0	0	0		0	1	0	128	0	0	0	data\source\maps\伊丽川\伊丽川.jsonmap		scripts/Map/伊丽川/伊丽川野外营地子副本.lua	0	0	1		1	1	0		0	0	16	0	0	0	0		131	0	0	0			1					1	1				1	1	1	0		1					1	0			10
772	伊丽川_踏实力_低级213	踏实力苍狼营营地·玄字玖号	100	1	6	0	0	1	1500		1	1			2	0	0	0		0	1	0	128	0	0	0	data\source\maps\伊丽川\伊丽川.jsonmap		scripts/Map/伊丽川/伊丽川野外营地子副本.lua	0	0	1		1	1	0		0	0	16	0	0	0	0		131	0	0	0			1					1	1				1	1	1	0		1					1	0			10
773	伊丽川_吐蕃军队_低级215	吐蕃掠锋营营地·玄字叁号	100	1	6	0	0	1	1500		1	1			2	0	0	0		0	1	0	128	0	0	0	data\source\maps\伊丽川\伊丽川.jsonmap		scripts/Map/伊丽川/伊丽川野外营地子副本.lua	0	0	1		1	1	0		0	0	16	0	0	0	0		131	0	0	0			1					1	1				1	1	1	0		1					1	0			10
774	伊丽川_突骑施_低级217	突骑施营地·玄字贰号	100	1	6	0	0	1	1500		1	1			2	0	0	0		0	1	0	128	0	0	0	data\source\maps\伊丽川\伊丽川.jsonmap		scripts/Map/伊丽川/伊丽川野外营地子副本.lua	0	0	1		1	1	0		0	0	16	0	0	0	0		131	0	0	0			1					1	1				1	1	1	0		1					1	0			10
775	伊丽川_吐蕃僧_中级219	莲花会营地·地字贰号	100	1	6	0	0	1	1500		1	1			2	0	0	0		0	1	0	128	0	0	0	data\source\maps\伊丽川\伊丽川.jsonmap		scripts/Map/伊丽川/伊丽川野外营地子副本.lua	0	0	1		1	1	0		0	0	16	0	0	0	0		131	0	0	0			1					1	1				1	1	1	0		1					1	0			10
776	伊丽川_星宿派_高级225	星宿宗营地·天字壹号	100	1	6	0	0	1	1500		1	1			2	0	0	0		0	1	0	128	0	0	0	data\source\maps\伊丽川\伊丽川.jsonmap		scripts/Map/伊丽川/伊丽川野外营地子副本.lua	0	0	1		1	1	0		0	0	16	0	0	0	0		131	0	0	0			1					1	1				1	1	1	0		1					1	0			10
777	伊丽川_吐蕃军队_中级1	吐蕃掠锋营营地·地字贰号	100	1	6	0	0	1	1500		1	1			2	0	0	0		0	1	0	128	0	0	0	data\source\maps\伊丽川\伊丽川.jsonmap		scripts/Map/伊丽川/伊丽川野外营地子副本.lua	0	0	1		1	1	0		0	0	16	0	0	0	0		131	0	0	0			1					1	1				1	1	1	0		1					1	0			10
778	伊丽川_吐蕃军队_高级1	吐蕃掠锋营营地·天	100	1	6	0	0	1	1500		1	1			2	0	0	0		0	1	0	128	0	0	0	data\source\maps\伊丽川\伊丽川.jsonmap		scripts/Map/伊丽川/伊丽川野外营地子副本.lua	0	0	1		1	1	0		0	0	16	0	0	0	0		131	0	0	0			1					1	1				1	1	1	0		1					1	0			10
779	伊丽川_吐蕃军队_低级1	吐蕃掠锋营营地·玄字伍号	100	1	6	0	0	1	1500		1	1			2	0	0	0		0	1	0	128	0	0	0	data\source\maps\伊丽川\伊丽川.jsonmap		scripts/Map/伊丽川/伊丽川野外营地子副本.lua	0	0	1		1	1	0		0	0	16	0	0	0	0		131	0	0	0			1					1	1				1	1	1	0		1					1	0			10
780	伊丽川_摩罗道_中级1	摩罗道营地·地字壹号	100	1	6	0	0	1	1500		1	1			2	0	0	0		0	1	0	128	0	0	0	data\source\maps\伊丽川\伊丽川.jsonmap		scripts/Map/伊丽川/伊丽川野外营地子副本.lua	0	0	1		1	1	0		0	0	16	0	0	0	0		131	0	0	0			1					1	1				1	1	1	0		1					1	0			10
781	伊丽川_摩罗道_高级1	摩罗道营地·天字壹号	100	1	6	0	0	1	1500		1	1			2	0	0	0		0	1	0	128	0	0	0	data\source\maps\伊丽川\伊丽川.jsonmap		scripts/Map/伊丽川/伊丽川野外营地子副本.lua	0	0	1		1	1	0		0	0	16	0	0	0	0		131	0	0	0			1					1	1				1	1	1	0		1					1	0			10
782	伊丽川_突骑施_中级1	突骑施营地·地字壹号	100	1	6	0	0	1	1500		1	1			2	0	0	0		0	1	0	128	0	0	0	data\source\maps\伊丽川\伊丽川.jsonmap		scripts/Map/伊丽川/伊丽川野外营地子副本.lua	0	0	1		1	1	0		0	0	16	0	0	0	0		131	0	0	0			1					1	1				1	1	1	0		1					1	0			10
783	伊丽川_突骑施_高级1	突骑施营地·天字壹号	100	1	6	0	0	1	1500		1	1			2	0	0	0		0	1	0	128	0	0	0	data\source\maps\伊丽川\伊丽川.jsonmap		scripts/Map/伊丽川/伊丽川野外营地子副本.lua	0	0	1		1	1	0		0	0	16	0	0	0	0		131	0	0	0			1					1	1				1	1	1	0		1					1	0			10
784	伊丽川_绣骨寺_高级1	绣骨寺营地·天字壹号	100	1	6	0	0	1	1500		1	1			2	0	0	0		0	1	0	128	0	0	0	data\source\maps\伊丽川\伊丽川.jsonmap		scripts/Map/伊丽川/伊丽川野外营地子副本.lua	0	0	1		1	1	0		0	0	16	0	0	0	0		131	0	0	0			1					1	1				1	1	1	0		1					1	0			10
785	伊丽川_哮蛮谷	伊丽川_哮蛮谷	100	1	6	0	0	1	1500		1	1			5	0	0	0		0	1	0	128	0	0	0	data\source\maps\伊丽川\伊丽川.jsonmap		scripts/Map/伊丽川/伊丽川哮蛮谷子副本.lua	0	0	1		1	1	0		0	0	16	0	0	0	0		131	0	0	0			1					1	1				1	1	1	0		1					1	0			10
786	个人家园_伊丽川	雪岭镜湖	100	1	2	0	1	0	1		1	1200			10	0	0	0		1	0	0	0	0	0	0	data\source\maps\个人家园_伊丽川\个人家园_伊丽川.jsonmap			0	0	0		1	0	0	0	0	0	16	0	0	0	0		0	0	0	1			1	0	0	0	0	2					1	1	1	0							0	0			10
787	伊丽川_刺客信条_弓月城	弓月城·幻境	100	1	6	0	0	1	2048		1	1			2	0	0	0		0	1	0	128	0	0	0	data\source\maps\伊丽川\伊丽川.jsonmap		scripts/Map/ACT_刺客信条/伊丽川弓月城子副本.lua	0	0	1		1	1	0		0	0	16	0	0	0	0		131	0	0	0			1					1	1				1	1	1	0		1					1	0			10
788	昆仑_北茫山营地	昆仑_北茫山营地	100	1	6	0	0	1	2048		1	1			5	0	0	0		0	1	0	128	0	0	0	data\source\maps\昆仑\昆仑.jsonmap		scripts/Map/ACT_场景预热/2026副本前置/昆仑北茫山子副本.lua	0	0	1		1	1	0		0	0	16	0	0	0	0		131	0	0	0			1					1	1				1	1	1	0		1					1	0			10
789	英雄志_唐简_归家	英雄志_唐简_归家	100	3	6	0	0	1	4096		1	1			2	0	0	0		0	1	0	128	0	0	0	data\source\maps\英雄志_唐简_归家\英雄志_唐简_归家.jsonmap		scripts/Map/英雄志/唐简/归家/英雄志_唐简_归家.lua	0	0	1		1	1	0		0	0	16	0	0	0	0		131	0	0	0			1					1	1				1	1	1	0		1					1	0			10
790	扬刀大会_擎霄山	扬刀大会·擎霄山	100	3	1	0	0	2	2048		1	10			2	0	0	0		0	1	0	8	2	0	0	data\source\maps\扬刀大会_擎霄山\扬刀大会_擎霄山.jsonmap			0	0	0		4	0	0		0	0	1	0	0	0	0		8	0	0	0			1	0	0	0	0	4	0				2	0	2	1	1					7	0	0			10
793	阆风悬城	阆风悬城	110	3	10	0	0	1	1500		1	10			5	1	4320	420		0	1	0	128	0	0	0	data\source\maps\阆风悬城\阆风悬城.jsonmap			0	0	0		1	1	0		0	0	16	0	0	0	0		128	0	0	0			1					1	1				1	1	1	0		1	120				1	0			10
794	25人普通阆风悬城	25人普通阆风悬城	110	3	10	0	0	1	1024		1	25			10	1	10080	6180		0	1	0	128	0	0	0	data\source\maps\阆风悬城\阆风悬城.jsonmap			0	0	0		1	1	0		0	0	16	0	0	0	0		128	0	0	0			1					1	1				1	1	1	0		1	120				1	0			10
795	25人英雄阆风悬城	25人英雄阆风悬城	110	3	10	0	0	1	1024		1	25			10	1	10080	6180		0	1	0	128	0	0	0	data\source\maps\阆风悬城\阆风悬城.jsonmap			0	0	0		1	1	0		0	0	16	0	0	0	0		128	0	0	0			1					1	1				1	1	1	0		1	120				1	0			10
796	JX3_StandardEnv_002_VgTest	JX3_StandardEnv_002_VgTest	100	2	4	1	1	0	1		1	1200			10	1	0	0		1	1	5	0	0	0	0	data\whitebox_k\jx3\map\JX3_StandardEnv_002_VgTest\JX3_StandardEnv_002_VgTest.jsonmap			0	0	0		4	0	0		0	0	16	0	0	0	0		0	0	0	1			1	0	0	0	0	1	0				1	1	1	0							0	0			10
797	界面使用场景	林间小屋	100	2	4	0	0	0	10		1	1000			10	1	0	0		1	1	0	0	0	0	0	data/source/maps/界面使用场景/界面使用场景.jsonmap		scripts/Map/界面使用场景/界面使用场景.lua	0	0	0		1	0	0		0	0	16	0	0	0	0		0	0	0	0			1	0	0	0	0	2	0				1	1	1	0							0	0	0		10
798	JX3_StandardEnv_Water	JX3_StandardEnv_Water	100	2	4	1	1	0	1		1	1200			10	1	0	0		1	1	5	0	0	0	0	data\whitebox_k\jx3\map\JX3_StandardEnv_Water\JX3_StandardEnv_Water.jsonmap			0	0	0		4	0	0		0	0	16	0	0	0	0		0	0	0	1			1	0	0	0	0	1	0				1	1	1	0							0	0			10
799	成都小区域_清明节活动	成都小区域_清明节活动	100	1	6	0	0	1	2048		1	1			5	0	0	0		0	1	0	129	0	0	0	data\source\maps\成都\成都.jsonmap		scripts/Map/成都小区域_清明节活动/成都小区域_清明节活动.lua	0	0	1		1	1	0		0	0	16	0	0	0	0		131	0	0	0			1					1	1				1	1	1	0		1					1	0			10
801	ACT_大富翁	大富翁	100	4	5	0	0	2	1024		1	4			1	0	0	0	0	0	1	0	0	0	160	0	data\source\maps\ACT_大富翁\ACT_大富翁.jsonmap			0	0	0		5	0	0	0	0	0	16	0	0	0	0		256	0	0	0			1	0	0	0	0	2	0				2	0	1	0	1					7	0	0			10
804	阆风悬城_元心殿	阆风悬城·元心殿	110	3	10	0	0	1	1024		1	25			10	1	10080	6180		0	1	0	128	0	0	0	data\source\maps\阆风悬城_元心殿\阆风悬城_元心殿.jsonmap		scripts/Map/挑战阆风悬城/挑战阆风悬城.lua	0	0	0		1	1	0		0	0	16	0	0	0	0		128	0	0	0			1					1	1				1	1	1	0		1	120				1	0			10
806	洛阳城西	洛阳城西	100	1	2	1	1	0	1		1	1200	1200	100	10	0	0	0		1	0	0	0	0	0	0	data\source\maps\洛阳城西\洛阳城西.jsonmap		scripts/Map/洛阳城西/洛阳城西.lua	0	0	0	12857	1	0	0	0	1	1	16	1	0	0	0		0	0	0	1			1		0	0	0	2					1	1	1	0							1	1	0		10
807	欢乐谷	鹅鸭大游园	100	4	1	0	0	2	1024		1	10			1	0	0	0	0	0	1	0	0	2	160	0	data\source\maps\欢乐谷\欢乐谷.jsonmap		scripts/Map/ACT_三方杀/ACT_三方杀.lua	0	0	0		1	1	0		0	0	16	0	0	0	0		128	0	0	0			1					1	1				2	0	1	0	1	1					0	0			10
817	阆风悬城_寒刃铸心	阆风悬城_寒刃铸心	100	3	6	0	0	1	1500		1	1			2	0	0	0		0	1	0	128	0	0	0	data\source\maps\阆风悬城\阆风悬城.jsonmap		scripts/Map/阆风悬城/阆风悬城子副本通用.lua	0	0	1		1	1	0		0	0	16	0	0	0	0		131	0	0	0			1					1	1				1	1	1	0		1					1	0			10
995	八荒衡鉴_仙踪林	八荒衡鉴·仙踪林	100	2	6	0	1	1	1500	0	1	3			2	1	10080	420	0	0	1	0	130	0	0	0	data\source\maps\八荒衡鉴_仙踪林\八荒衡鉴_仙踪林.jsonmap			0	10	1		1	1	0		0	0	16	0	0	0	0	120	131	0	0	0			1	0	0	0	0	1	1				1	1	1	0		1		1			1	0			10
