CAT	ID	Name	DisplayName	Type	MaxCopyCount	MinPlayerCount	MaxPlayerCount	KeepTime	ReviveInSitu	RevieCycle	BanSkillMask	BattleRelationMask	CampType	FightList	NeedCampBuff	bCanTongWar	CanJoinBattleField	BanUseItemMask	CanJoinArena	IsArenaMap	NewCampFight	CanJoinTongBattlefield	InvalidBuffMask	BanChangeTalent	CanSprint	QueueForSwitchWhenFull	CampQueue	IsTongWarMap	IsBattlefield	OperationMask	IsTongLeagueMap	bCanPK	bCanDuel	LimitTimes	ResourcePath	ScriptFile
arena	2	万花	万花	0	2	1	1500	10	1	0	0	0	1	0	0	0	1	16	1	0	0	0	0	0	1	1	0					0	1	0	data\source\maps\万花\万花.jsonmap	
arena	5	少林	少林	0	2	1	1500	10	1	0	0	0	1	0	0	0	1	16	1	0	0	0	0	0	1	1	0					0	1	0	data\source\maps\少林\少林.jsonmap	
arena	6	扬州	扬州	0	1	1	1200	10	1	0	16	0	1	0	0	0	1	16	1	0	0	1	16	0	1	1	0					0	1	0	data\source\maps\扬州\扬州.jsonmap	
arena	7	纯阳	纯阳	0	2	1	1500	10	1	0	0	0	1	0	0	0	1	16	1	0	0	0	0	0	1	1	0					0	1	0	data\source\maps\纯阳\纯阳.jsonmap	
arena	8	洛阳	洛阳	0	1	1	1500	10	1	0	16	0	1	0	0	0	1	16	1	0	0	1	16	0	1	1	0					0	1	0	data\source\maps\洛阳\洛阳.jsonmap	
arena	9	洛道	洛道	0	1	1	1000	10	1	0	0	0	4	0	0	1	1	16	1	0	1	0	0	0	1	1	1					1	1	0	data\source\maps\洛道\洛道.jsonmap	
arena	10	寇岛	寇岛	0	1	1	1024	10	1	0	0	0	4	0	0	1	1	16	1	0	0	0	0	0	1	1	0					1	1	0	data\source\maps\寇岛\寇岛.jsonmap	
arena	11	天策	天策	0	2	1	1500	10	1	0	0	0	1	0	0	0	1	16	1	0	0	0	0	0	1	1	0					0	1	0	data\source\maps\天策\天策.jsonmap	
arena	12	枫华谷	枫华谷	0	1	1	1024	10	1	0	0	0	4	0	0	1	1	16	1	0	0	0	0	0	1	1	0					1	1	0	data\source\maps\枫华谷\枫华谷.jsonmap	
arena	13	金水镇	金水镇	0	1	1	1000	10	1	0	0	0	4	0	0	1	1	16	1	0	1	1	0	0	1	1	1					1	1	0	data\source\maps\金水镇\金水镇.jsonmap	
arena	15	长安	长安	0	1	1	1500	10	1	0	16	0	1	0	0	0	1	16	1	0	0	1	16	0	1	1	0					0	1	0	data\source\maps\长安\长安.jsonmap	
arena	16	七秀	七秀	0	2	1	1500	10	1	0	0	0	1	0	0	0	1	16	1	0	0	0	0	0	1	1	0					0	1	0	data\source\maps\七秀\七秀.jsonmap	
arena	21	巴陵县	巴陵县	0	1	1	1000	10	1	0	0	0	4	0	0	1	1	16	1	0	1	0	0	0	1	1	1					1	1	0	data\source\maps\巴陵县\巴陵县.jsonmap	
arena	22	南屏山	南屏山	0	1	1	1000	10	1	0	0	0	5	0	0	1	1	16	1	0	1	0	0	0	1	1	1					1	1	0	data\source\maps\南屏山\南屏山.jsonmap	
arena	23	龙门荒漠	龙门荒漠	0	1	1	1200	10	1	0	0	0	4	0	0	1	1	16	1	0	1	0	0	0	1	1	1					1	1	0	data\source\maps\龙门荒漠\龙门荒漠.jsonmap	
arena	25	浩气盟	浩气盟	0	10	1	1400	10	1	0	0	0	5	0	1	0	1	16	1	0	1	0	0	0	1	1	1					0	1	0	data\source\maps\浩气盟\浩气盟.jsonmap	
arena	27	恶人谷	恶人谷	0	10	1	1400	10	1	0	0	0	5	0	1	0	1	16	1	0	1	0	0	0	1	1	1					0	1	0	data\source\maps\恶人谷\恶人谷.jsonmap	
arena	30	昆仑	昆仑	0	1	1	1000	10	1	0	0	0	5	0	0	1	1	16	1	0	1	0	0	0	1	1	1					1	1	0	data\source\maps\昆仑\昆仑.jsonmap	
arena	35	瞿塘峡	瞿塘峡	0	1	1	1000	10	1	0	0	0	4	0	0	1	1	16	1	0	1	0	0	0	1	1	1					1	1	0	data\source\maps\瞿塘峡\瞿塘峡.jsonmap	
arena	49	藏剑山庄	藏剑山庄	0	2	1	1500	10	1	0	0	0	1	0	0	0	1	16	1	0	0	0	0	0	1	1	0					0	1	0	data\source\maps\藏剑山庄\藏剑山庄.jsonmap	
arena	100	白龙口	白龙口	0	1	1	1000	10	1	0	0	0	4	0	0	1	1	16	1	0	1	0	0	0	1	1	1					1	1	0	data\source\maps\白龙口\白龙口.jsonmap	
arena	101	无量山	无量山	0	1	1	1000	10	1	0	0	0	4	0	0	1	1	16	1	0	1	0	0	0	1	1	1					1	1	0	data\source\maps\无量山\无量山.jsonmap	
arena	102	五毒	五毒	0	2	1	1500	10	1	0	0	0	1	0	0	0	1	16	1	0	0	0	0	0	1	1	0					0	1	0	data\source\maps\五毒\五毒.jsonmap	
arena	103	融天岭	融天岭	0	1	1	1000	10	1	0	0	0	4	0	0	1	1	16	1	0	1	0	0	0	1	1	1					1	1	0	data\source\maps\融天岭\融天岭.jsonmap	
arena	104	黑龙沼	黑龙沼	0	1	1	1000	10	1	0	0	0	4	0	0	1	1	16	1	0	1	0	0	0	1	1	1					1	1	0	data\source\maps\黑龙沼\黑龙沼.jsonmap	
arena	105	苍山洱海	苍山洱海	0	1	1	1000	10	1	0	0	0	4	0	0	1	1	16	1	0	1	0	0	0	1	1	1					1	1	0	data\source\maps\苍山洱海\苍山洱海.jsonmap	
arena	108	成都	成都	0	1	1	1200	10	1	0	16	0	1	0	0	0	1	16	1	0	0	1	16	0	1	1	0					0	1	0	data\source\maps\成都\成都.jsonmap	
arena	122	唐门	唐门	0	2	1	1500	10	1	0	0	0	1	0	0	0	1	16	1	0	0	0	0	0	1	1	0					0	1	0	data\source\maps\唐门\唐门.jsonmap	
arena	127	天山碎冰谷	天山碎冰谷	2	2048	1	1024	2	0	0	8	2	4	0	0	0	0	1	0	1	0	0	8	0	0	1	0			7		0	0	0	data\source\maps\天山碎冰谷\天山碎冰谷.jsonmap	
arena	128	乐山大佛窟	乐山大佛窟	2	2048	1	1024	2	0	0	8	2	4	0	0	0	0	1	0	1	0	0	8	0	0	1	0			7		0	0	0	data\source\maps\乐山大佛窟\乐山大佛窟.jsonmap	
arena	129	华山之巅	华山之巅	2	2048	1	1024	2	0	0	8	2	4	0	0	0	0	1	0	1	0	0	8	0	0	1	0			7		0	0	0	data\source\maps\华山之巅\华山之巅.jsonmap	
arena	137	大漠楼兰	大漠楼兰	2	2048	1	1024	2	0	0	8	2	4	1	0	0	0	1	0	1	0	0	8	1	0	1	0			7		0	0	0	data\source\maps\大漠楼兰\大漠楼兰.map	
arena	139	枫华谷_安史之乱	枫华谷·战乱	0	1	1	1000	10	1	0	0	0	4	0	0	1	1	16	1	0	1	0	0	0	1	1	1					1	1	0	data\source\maps\枫华谷_安史之乱\枫华谷_安史之乱.jsonmap	
arena	150	明教	明教	0	2	1	1500	10	1	0	0	0	1	0	0	0	1	16	1	0	0	0	0	0	1	1	0					0	1	0	data\source\maps\明教\明教.jsonmap	
arena	151	洛阳_安史之乱	洛阳·战乱	0	1	1	1000	10	1	0	0	0	4	0	0	1	1	16	1	0	0	0	0	0	1	1	1					1	1	0	data\source\maps\洛阳_安史之乱\洛阳_安史之乱.jsonmap	
arena	153	马嵬驿	马嵬驿	0	1	1	1000	10	1	0	0	0	4	0	0	1	1	16	1	0	1	1	0	0	1	1	1					1	1	0	data\source\maps\马嵬驿\马嵬驿.jsonmap	
arena	156	长安_安史之乱	长安·战乱	0	1	1	1800	10	1	0	0	0	4	0	0	1	1	16	1	0	0	0	0	0	1	1	0					1	1	0	data\source\maps\长安_安史之乱\长安_安史之乱.jsonmap	
arena	158	天策_安史之乱	天策·战乱	0	1	1	1800	10	1	0	0	0	1	0	0	0	1	16	1	0	0	0	0	0	1	1	0					1	1	0	data\source\maps\天策_安史之乱\天策_安史之乱.jsonmap	
arena	159	丐帮	丐帮	0	2	1	1500	10	1	0	0	0	1	0	0	0	1	16	1	0	0	0	131	0	1	1	0					0	1	0	data\source\maps\丐帮\丐帮.jsonmap	
arena	172	长安内城	长安城	0	1	1	1800	10	1	0	16	0	1	0	0	0	1	16	1	0	0	1	16	0	0	1	0					0	1	0	data\source\maps\长安内城\长安内城.jsonmap	
arena	193	苍云	苍云	0	2	1	1500	10	1	0	0	0	1	0	0	0	1	16	1	0	0	0	131	0	1	1	0					0	1	0	data\source\maps\苍云\苍云.jsonmap	
arena	194	太原	太原	0	1	1	1000	10	1	0	16	0	1	0	0	0	1	16	1	0	0	1	16	0	1	1	0					0	1	0	data\source\maps\太原\太原.jsonmap	
arena	213	长歌门	长歌门	0	2	1	1500	10	1	0	0	0	1	0	0	0	1	16	1	0	0	0	131	0	1	1	0					0	1	0	data\source\maps\长歌门\长歌门.jsonmap	
arena	214	五台山	五台山	0	1	1	1000	10	1	0	0	0	4	0	0	1	1	16	1	0	0	0	0	0	1	1	1					1	1	0	data\source\maps\五台山\五台山.jsonmap	
arena	215	千岛湖	千岛湖	0	1	1	1000	10	1	0	0	0	4	0	0	1	1	16	1	0	0	0	0	0	1	1	1					1	1	0	data\source\maps\千岛湖\千岛湖.jsonmap	
arena	216	阴山大草原	阴山大草原	0	1	1	1000	10	1	0	0	0	4	0	0	1	1	16	1	0	1	0	0	0	1	1	1					1	1	0	data\source\maps\阴山大草原\阴山大草原.jsonmap	
arena	217	黑戈壁	黑戈壁	0	1	1	1000	10	1	0	0	0	4	0	0	1	1	16	1	0	0	0	0	0	1	1	1					1	1	0	data\source\maps\黑戈壁\黑戈壁.jsonmap	
arena	238	青竹书院	青竹书院	2	2048	1	1024	2	0	0	8	2	4	0	0	0	0	1	0	1	0	0	8	0	0	1	0			7		0	0	0	data\source\maps\青竹书院\青竹书院.jsonmap	
arena	239	洛阳城北	洛阳城	0	1	1	1100	10	1	0	0	0	4	0	0	1	1	16	1	0	0	0	0	0	1	1	0					1	1	0	data\source\maps\洛阳城北\洛阳城北.jsonmap	
arena	243	霸刀山庄	霸刀山庄	0	2	1	1500	10	1	0	0	0	1	0	0	0	1	16	1	0	0	0	131	0	1	1	0					0	1	0	data\source\maps\霸刀山庄\霸刀山庄.jsonmap	
arena	259	竞技大师_华山之巅	竞技大师_华山之巅	0	1	1	200	10	1	0	0	0	1	0	0	1	1	16	1	0	1	1	0	0	0	1	0			7		0	1	0	data\source\maps\竞技大师_华山之巅\竞技大师_华山之巅.jsonmap	
arena	276	拭剑园	拭剑园	0	1	1	1200	10	1	0	16	0	1	0	0	0	0	16	1	0	0	0	16	0	1	1	0			5		0	1	0	data\source\maps\拭剑园\拭剑园.jsonmap	
arena	277	拭剑台	拭剑台	2	2048	1	1024	2	0	0	8	2	4	0	0	0	0	1	0	1	0	0	8	0	0	1	0			7		0	0	0	data\source\maps\拭剑台\拭剑台.jsonmap	
arena	278	拭剑园	拭剑园	0	1	1	1200	10	1	0	16	0	1	0	0	0	0	16	1	0	0	0	16	0	1	1	0			5		0	1	0	data\source\maps\拭剑园\拭剑园.jsonmap	
arena	279	拭剑园	拭剑园	0	1	1	1200	10	1	0	16	0	1	0	0	0	0	16	1	0	0	0	16	0	1	1	0			5		0	1	0	data\source\maps\拭剑园\拭剑园.jsonmap	
arena	280	拭剑园	拭剑园	0	1	1	1200	10	1	0	16	0	1	0	0	0	0	16	1	0	0	0	16	0	1	1	0			5		0	1	0	data\source\maps\拭剑园\拭剑园.jsonmap	
arena	281	拭剑园	拭剑园	0	1	1	1200	10	1	0	16	0	1	0	0	0	0	16	1	0	0	0	16	0	1	1	0			5		0	1	0	data\source\maps\拭剑园\拭剑园.jsonmap	
arena	325	洞天福地岛	洞天福地岛	0	1	1	1900	10	1	0	0	0	1	0	0	1	1	16	1	0	1	0	0	0	1	1	0					1	1	0	data\source\maps\洞天福地岛\洞天福地岛.jsonmap	
arena	330	龙泉府	龙泉府	0	1	1	1100	10	1	0	0	0	4	0	0	1	1	16	1	0	1	0	0	0	1	1	1					1	1	0	data\source\maps\龙泉府\龙泉府.jsonmap	
arena	331	九寨沟	九寨沟	0	1	1	1200	10	1	0	0	0	1	0	0	0	1	16	1	0	0	0	0	0	1	1	0					0	1	0	data\source\maps\九寨沟\九寨沟.jsonmap	
arena	332	侠客岛	侠客岛	0	6	1	1200	10	1	0	16	0	1	0	0	0	1	16	1	0	0	1	16	0	1	1	0					0	1	0	data\source\maps\侠客岛\侠客岛.jsonmap	
arena	333	蓬莱	蓬莱	0	2	1	1500	10	1	0	0	0	1	0	0	0	1	16	1	0	0	0	0	0	1	1	0					0	1	0	data\source\maps\蓬莱\蓬莱.jsonmap	
arena	334	经首道源岛	经首道源岛	0	1	1	1000	10	1	0	0	0	4	0	0	1	1	16	1	0	0	0	0	0	1	1	1					1	1	0	data\source\maps\经首道源岛\经首道源岛.jsonmap	
arena	362	墟海之眼	墟海之眼	2	2048	1	1024	2	0	0	8	2	4	0	0	0	0	1	0	1	0	0	8	0	0	1	0			7		0	0	0	data\source\maps\墟海之眼\墟海之眼.jsonmap	
arena	411	鲲鹏岛	鲲鹏岛	0	1	1	1000	10	1	0	0	0	4	0	0	0	1	16	1	0	0	1	0	0	1	1	1					1	1	0	data\source\maps\鲲鹏岛\鲲鹏岛.jsonmap	
arena	413	望扬镇_压力测试	望扬镇_压力测试	0	1	1	1500	10	1	0	0	0	1	0	0	0	1	16	1	0	0	1	16	0	1	1	0					0	1	0	data\source\maps\望扬镇_压力测试\望扬镇_压力测试.jsonmap	
arena	419	凌雪阁	凌雪阁	0	2	1	1500	10	1	0	0	0	1	0	0	0	1	16	1	0	0	0	0	0	1	1	0					0	1	0	data\source\maps\凌雪阁\凌雪阁.jsonmap	
arena	444	蔷薇列岛	蔷薇列岛	0	1	1	1000	10	1	0	0	0	4	0	0	1	1	16	1	0	0	0	0	0	1	1	1					1	1	0	data\source\maps\蔷薇列岛\蔷薇列岛.jsonmap	
arena	457	望扬镇_单房屋测试	望扬镇_单房屋测试	0	1	1	1500	10	1	0	0	0	1	0	0	0	1	16	1	0	0	1	16	0	1	1	0					0	1	0	data\source\maps\望扬镇_单房屋测试\望扬镇_单房屋测试.jsonmap	
arena	463	七秀_家园	七秀_家园	0	1	1	1500	10	1	0	0	0	1	0	0	0	1	16	1	0	0	1	16	0	1	1	0					0	1	0	data\source\maps\七秀_家园\七秀_家园.jsonmap	
arena	464	衍天宗	衍天宗	0	2	1	1500	10	1	0	0	0	1	0	0	0	1	16	1	0	0	0	0	0	1	1	0					0	1	0	data\source\maps\衍天宗\衍天宗.jsonmap	
arena	465	望扬镇_单房屋	望扬镇_单房屋	0	1	1	1500	10	1	0	0	0	1	0	0	0	1	16	1	0	0	1	16	0	1	1	0					0	1	0	data\source\maps\望扬镇_单房屋\望扬镇_单房屋.jsonmap	
arena	473	万花_乱世	万花·乱世	0	1	1	1000	10	1	0	0	0	4	0	0	1	1	16	1	0	0	0	0	0	1	1	1					1	1	0	data\source\maps\万花_乱世\万花_乱世.jsonmap	
arena	474	七秀_乱世	七秀·乱世	0	1	1	1000	10	1	0	0	0	4	0	0	1	1	16	1	0	0	0	0	0	1	1	1					1	1	0	data\source\maps\七秀_乱世\七秀_乱世.jsonmap	
arena	475	少林_乱世	少林·乱世	0	1	1	1000	10	1	0	0	0	4	0	0	1	1	16	1	0	0	0	0	0	1	1	1					1	1	0	data\source\maps\少林_乱世\少林_乱世.jsonmap	
arena	488	藏剑山庄_乱世	藏剑山庄·乱世	0	1	1	1000	10	1	0	0	0	4	0	0	1	1	16	1	0	0	0	0	0	1	1	1					1	1	0	data\source\maps\藏剑山庄_乱世\藏剑山庄_乱世.jsonmap	
arena	525	黑山林海	黑山林海	0	1	1	1600	10	1	0	0	0	4	0	0	1	1	16	1	0	0	0	0	0	1	1	0					1	1	0	data\source\maps\黑山林海\黑山林海.jsonmap	
arena	526	北天药宗	北天药宗	0	2	1	1500	10	1	0	0	0	1	0	0	0	1	16	1	0	0	0	0	0	1	1	0					0	1	0	data\source\maps\北天药宗\北天药宗.jsonmap	
arena	529	藏剑武库	藏剑武库	2	2048	1	1024	2	0	0	8	2	4	0	0	0	0	1	0	1	0	0	8	0	0	1	0			7		0	0	0	data\source\maps\藏剑武库\藏剑武库.jsonmap	
arena	530	墟海之眼_演武场	墟海之眼·演武场	2	2048	1	1024	2	0	0	8	2	4	0	0	0	0	1	0	1	0	0	8	0	0	1	0			7		0	0	0	data\source\maps\墟海之眼_演武场\墟海之眼_演武场.jsonmap	
arena	578	刀宗	刀宗	0	2	1	1500	10	1	0	0	0	1	0	0	0	1	16	1	0	0	0	0	0	1	1	0					0	1	0	data\source\maps\刀宗\刀宗.jsonmap	
arena	579	百溪	百溪	0	10	1	1500	10	1	0	0	0	1	0	0	1	1	16	1	0	0	0	0	0	1	1						1	1	0	data\source\maps\百溪\百溪.jsonmap	
arena	580	烂柯山	烂柯山	0	1	1	1500	10	1	0	0	0	4	0	0	1	1	16	1	0	0	0	0	0	1	1						1	1	0	data\source\maps\烂柯山\烂柯山.jsonmap	
arena	581	楚州	楚州	0	1	1	1500	10	1	0	0	0	4	0	0	1	1	16	1	0	0	0	0	0	1	1						1	1	0	data\source\maps\楚州\楚州.jsonmap	
arena	582	润扬	晟江	0	1	1	1500	10	1	0	0	0	4	0	0	1	1	16	1	0	0	0	0	0	1	1						1	1	0	data\source\maps\润扬\润扬.jsonmap	
arena	624	沃石火狱	沃石火狱	2	2048	1	1024	2	0	0	8	2	4	0	0	0	0	1	0	1	0	0	8	0	0	1	0			7		0	0	0	data\source\maps\沃石火狱\沃石火狱.jsonmap	
arena	642	万灵山庄	万灵山庄	0	2	1	1500	10	1	0	0	0	1	0	0	0	1	16	1	0	0	0	0	0	1	1	0					0	1	0	data\source\maps\万灵山庄\万灵山庄.jsonmap	
arena	647	银霜口	银霜口	0	1	1	1600	10	1	0	0	0	4	0	0	1	1	16	1	0	0	0	0	0	1	1	0					1	1	0	data\source\maps\银霜口\银霜口.jsonmap	
arena	666	南诏段氏	南诏段氏	0	2	1	1500	10	1	0	0	0	1	0	0	0	1	16	1	0	0	0	0	0	1	1	0					0	1	0	data\source\maps\南诏段氏\南诏段氏.jsonmap	
arena	673	河西瀚漠	河西瀚漠	0	2	1	1200	10	1	0	0	0	1	0	0	1	1	16	1	0	0	0	0	0	1	1	0					1	1	0	data\source\maps\河西瀚漠\河西瀚漠.jsonmap	
arena	696	南诏段氏_红叶泽	红叶泽	2	2048	1	1024	2	0	0	8	2	4	0	0	0	0	1	0	1	0	0	8	0	0	1	0			7		0	0	0	data\source\maps\南诏段氏_红叶泽\南诏段氏_红叶泽.jsonmap	
arena	701	长安_皇城	皇城	0	1	1	1200	10	1	0	0	0	1	0	0	1	1	16	1	0	0	0	0	0	1	1						1	1	0	data\source\maps\长安_皇城\长安_皇城.jsonmap	
arena	713	伊丽川	伊丽川	0	2	1	1200	10	1	0	0	0	4	0	0	1	1	16	1	0	0	0	0	0	1	1	0					1	1	0	data\source\maps\伊丽川\伊丽川.jsonmap	
arena	718	无相楼	永宁湾	0	2	1	1500	10	1	0	0	0	1	0	0	0	1	16	1	0	0	0	0	0	1	1	0					0	1	0	data\source\maps\无相楼\无相楼.jsonmap	
arena	806	洛阳城西	洛阳城西	0	1	1	1200	10	1	0	0	0	1	0	0	1	1	16	1	0	0	0	0	0	1	1						1	1	0	data\source\maps\洛阳城西\洛阳城西.jsonmap	scripts/Map/洛阳城西/洛阳城西.lua
battlefield	2	万花	万花	0	2	1	1500	10	1	0	0	0	1	0	0	0	1	16	1	0	0	0	0	0	1	1	0					0	1	0	data\source\maps\万花\万花.jsonmap	
battlefield	5	少林	少林	0	2	1	1500	10	1	0	0	0	1	0	0	0	1	16	1	0	0	0	0	0	1	1	0					0	1	0	data\source\maps\少林\少林.jsonmap	
battlefield	6	扬州	扬州	0	1	1	1200	10	1	0	16	0	1	0	0	0	1	16	1	0	0	1	16	0	1	1	0					0	1	0	data\source\maps\扬州\扬州.jsonmap	
battlefield	7	纯阳	纯阳	0	2	1	1500	10	1	0	0	0	1	0	0	0	1	16	1	0	0	0	0	0	1	1	0					0	1	0	data\source\maps\纯阳\纯阳.jsonmap	
battlefield	8	洛阳	洛阳	0	1	1	1500	10	1	0	16	0	1	0	0	0	1	16	1	0	0	1	16	0	1	1	0					0	1	0	data\source\maps\洛阳\洛阳.jsonmap	
battlefield	9	洛道	洛道	0	1	1	1000	10	1	0	0	0	4	0	0	1	1	16	1	0	1	0	0	0	1	1	1					1	1	0	data\source\maps\洛道\洛道.jsonmap	
battlefield	10	寇岛	寇岛	0	1	1	1024	10	1	0	0	0	4	0	0	1	1	16	1	0	0	0	0	0	1	1	0					1	1	0	data\source\maps\寇岛\寇岛.jsonmap	
battlefield	11	天策	天策	0	2	1	1500	10	1	0	0	0	1	0	0	0	1	16	1	0	0	0	0	0	1	1	0					0	1	0	data\source\maps\天策\天策.jsonmap	
battlefield	12	枫华谷	枫华谷	0	1	1	1024	10	1	0	0	0	4	0	0	1	1	16	1	0	0	0	0	0	1	1	0					1	1	0	data\source\maps\枫华谷\枫华谷.jsonmap	
battlefield	13	金水镇	金水镇	0	1	1	1000	10	1	0	0	0	4	0	0	1	1	16	1	0	1	1	0	0	1	1	1					1	1	0	data\source\maps\金水镇\金水镇.jsonmap	
battlefield	15	长安	长安	0	1	1	1500	10	1	0	16	0	1	0	0	0	1	16	1	0	0	1	16	0	1	1	0					0	1	0	data\source\maps\长安\长安.jsonmap	
battlefield	16	七秀	七秀	0	2	1	1500	10	1	0	0	0	1	0	0	0	1	16	1	0	0	0	0	0	1	1	0					0	1	0	data\source\maps\七秀\七秀.jsonmap	
battlefield	21	巴陵县	巴陵县	0	1	1	1000	10	1	0	0	0	4	0	0	1	1	16	1	0	1	0	0	0	1	1	1					1	1	0	data\source\maps\巴陵县\巴陵县.jsonmap	
battlefield	22	南屏山	南屏山	0	1	1	1000	10	1	0	0	0	5	0	0	1	1	16	1	0	1	0	0	0	1	1	1					1	1	0	data\source\maps\南屏山\南屏山.jsonmap	
battlefield	23	龙门荒漠	龙门荒漠	0	1	1	1200	10	1	0	0	0	4	0	0	1	1	16	1	0	1	0	0	0	1	1	1					1	1	0	data\source\maps\龙门荒漠\龙门荒漠.jsonmap	
battlefield	25	浩气盟	浩气盟	0	10	1	1400	10	1	0	0	0	5	0	1	0	1	16	1	0	1	0	0	0	1	1	1					0	1	0	data\source\maps\浩气盟\浩气盟.jsonmap	
battlefield	27	恶人谷	恶人谷	0	10	1	1400	10	1	0	0	0	5	0	1	0	1	16	1	0	1	0	0	0	1	1	1					0	1	0	data\source\maps\恶人谷\恶人谷.jsonmap	
battlefield	30	昆仑	昆仑	0	1	1	1000	10	1	0	0	0	5	0	0	1	1	16	1	0	1	0	0	0	1	1	1					1	1	0	data\source\maps\昆仑\昆仑.jsonmap	
battlefield	35	瞿塘峡	瞿塘峡	0	1	1	1000	10	1	0	0	0	4	0	0	1	1	16	1	0	1	0	0	0	1	1	1					1	1	0	data\source\maps\瞿塘峡\瞿塘峡.jsonmap	
battlefield	38	神农洇	神农洇	2	512	1	34	2	0	160	0	2	5	0	0	0	0	16	0	0	0	0	256	0	1	1	0		1	7		0	0	0	data\source\maps\神农洇\神农洇.jsonmap	
battlefield	39	四十级云湖天池	四十级云湖天池	2	512	1	24	2	0	160	256	2	5	0	0	0	0	16	0	0	0	0	256	0	1	1	0		1	7		0	0	0	data\source\maps\四十级云湖天池\四十级云湖天池.map	
battlefield	48	珍珑棋谷	珍珑棋谷	2	512	1	54	2	0	160	0	2	5	0	0	0	0	16	0	0	0	0	256	0	1	1	0		1	7		0	0	0	data\source\maps\珍珑棋谷\珍珑棋谷.jsonmap	
battlefield	49	藏剑山庄	藏剑山庄	0	2	1	1500	10	1	0	0	0	1	0	0	0	1	16	1	0	0	0	0	0	1	1	0					0	1	0	data\source\maps\藏剑山庄\藏剑山庄.jsonmap	
battlefield	50	丝绸之路	丝绸之路	2	512	1	54	2	0	160	0	2	5	0	0	0	0	16	0	0	0	0	256	0	1	1	0		1	7		0	0	0	data\source\maps\丝绸之路\丝绸之路.jsonmap	
battlefield	52	七十级云湖天池	七十级云湖天池	2	512	1	24	2	0	160	0	2	5	0	0	0	0	16	0	0	0	0	256	0	1	1	0		1	7		0	0	0	data\source\maps\七十级云湖天池\七十级云湖天池.jsonmap	
battlefield	74	帮会领地	帮会领地	4	900	1	900	1	1	0	6	2	1	0	0	0	0	16	0	0	0	1	6	0	1	1	0					0	1	0	data\source\maps\帮会领地\帮会领地.jsonmap	
battlefield	100	白龙口	白龙口	0	1	1	1000	10	1	0	0	0	4	0	0	1	1	16	1	0	1	0	0	0	1	1	1					1	1	0	data\source\maps\白龙口\白龙口.jsonmap	
battlefield	101	无量山	无量山	0	1	1	1000	10	1	0	0	0	4	0	0	1	1	16	1	0	1	0	0	0	1	1	1					1	1	0	data\source\maps\无量山\无量山.jsonmap	
battlefield	102	五毒	五毒	0	2	1	1500	10	1	0	0	0	1	0	0	0	1	16	1	0	0	0	0	0	1	1	0					0	1	0	data\source\maps\五毒\五毒.jsonmap	
battlefield	103	融天岭	融天岭	0	1	1	1000	10	1	0	0	0	4	0	0	1	1	16	1	0	1	0	0	0	1	1	1					1	1	0	data\source\maps\融天岭\融天岭.jsonmap	
battlefield	104	黑龙沼	黑龙沼	0	1	1	1000	10	1	0	0	0	4	0	0	1	1	16	1	0	1	0	0	0	1	1	1					1	1	0	data\source\maps\黑龙沼\黑龙沼.jsonmap	
battlefield	105	苍山洱海	苍山洱海	0	1	1	1000	10	1	0	0	0	4	0	0	1	1	16	1	0	1	0	0	0	1	1	1					1	1	0	data\source\maps\苍山洱海\苍山洱海.jsonmap	
battlefield	108	成都	成都	0	1	1	1200	10	1	0	16	0	1	0	0	0	1	16	1	0	0	1	16	0	1	1	0					0	1	0	data\source\maps\成都\成都.jsonmap	
battlefield	122	唐门	唐门	0	2	1	1500	10	1	0	0	0	1	0	0	0	1	16	1	0	0	0	0	0	1	1	0					0	1	0	data\source\maps\唐门\唐门.jsonmap	
battlefield	135	三国古战场	三国古战场	2	512	1	34	2	0	160	0	2	5	0	0	0	0	16	0	0	0	0	256	0	1	1	0		1	7		0	0	0	data\source\maps\三国古战场\三国古战场.jsonmap	
battlefield	139	枫华谷_安史之乱	枫华谷·战乱	0	1	1	1000	10	1	0	0	0	4	0	0	1	1	16	1	0	1	0	0	0	1	1	1					1	1	0	data\source\maps\枫华谷_安史之乱\枫华谷_安史之乱.jsonmap	
battlefield	150	明教	明教	0	2	1	1500	10	1	0	0	0	1	0	0	0	1	16	1	0	0	0	0	0	1	1	0					0	1	0	data\source\maps\明教\明教.jsonmap	
battlefield	151	洛阳_安史之乱	洛阳·战乱	0	1	1	1000	10	1	0	0	0	4	0	0	1	1	16	1	0	0	0	0	0	1	1	1					1	1	0	data\source\maps\洛阳_安史之乱\洛阳_安史之乱.jsonmap	
battlefield	153	马嵬驿	马嵬驿	0	1	1	1000	10	1	0	0	0	4	0	0	1	1	16	1	0	1	1	0	0	1	1	1					1	1	0	data\source\maps\马嵬驿\马嵬驿.jsonmap	
battlefield	156	长安_安史之乱	长安·战乱	0	1	1	1800	10	1	0	0	0	4	0	0	1	1	16	1	0	0	0	0	0	1	1	0					1	1	0	data\source\maps\长安_安史之乱\长安_安史之乱.jsonmap	
battlefield	158	天策_安史之乱	天策·战乱	0	1	1	1800	10	1	0	0	0	1	0	0	0	1	16	1	0	0	0	0	0	1	1	0					1	1	0	data\source\maps\天策_安史之乱\天策_安史之乱.jsonmap	
battlefield	159	丐帮	丐帮	0	2	1	1500	10	1	0	0	0	1	0	0	0	1	16	1	0	0	0	131	0	1	1	0					0	1	0	data\source\maps\丐帮\丐帮.jsonmap	
battlefield	172	长安内城	长安城	0	1	1	1800	10	1	0	16	0	1	0	0	0	1	16	1	0	0	1	16	0	0	1	0					0	1	0	data\source\maps\长安内城\长安内城.jsonmap	
battlefield	186	冷香丘	浮香丘	2	512	1	34	2	0	160	0	2	5	0	0	0	0	16	0	0	0	0	256	0	1	1	0		1	7		0	0	0	data\source\maps\冷香丘\冷香丘.jsonmap	
battlefield	193	苍云	苍云	0	2	1	1500	10	1	0	0	0	1	0	0	0	1	16	1	0	0	0	131	0	1	1	0					0	1	0	data\source\maps\苍云\苍云.jsonmap	
battlefield	194	太原	太原	0	1	1	1000	10	1	0	16	0	1	0	0	0	1	16	1	0	0	1	16	0	1	1	0					0	1	0	data\source\maps\太原\太原.jsonmap	
battlefield	213	长歌门	长歌门	0	2	1	1500	10	1	0	0	0	1	0	0	0	1	16	1	0	0	0	131	0	1	1	0					0	1	0	data\source\maps\长歌门\长歌门.jsonmap	
battlefield	214	五台山	五台山	0	1	1	1000	10	1	0	0	0	4	0	0	1	1	16	1	0	0	0	0	0	1	1	1					1	1	0	data\source\maps\五台山\五台山.jsonmap	
battlefield	215	千岛湖	千岛湖	0	1	1	1000	10	1	0	0	0	4	0	0	1	1	16	1	0	0	0	0	0	1	1	1					1	1	0	data\source\maps\千岛湖\千岛湖.jsonmap	
battlefield	216	阴山大草原	阴山大草原	0	1	1	1000	10	1	0	0	0	4	0	0	1	1	16	1	0	1	0	0	0	1	1	1					1	1	0	data\source\maps\阴山大草原\阴山大草原.jsonmap	
battlefield	217	黑戈壁	黑戈壁	0	1	1	1000	10	1	0	0	0	4	0	0	1	1	16	1	0	0	0	0	0	1	1	1					1	1	0	data\source\maps\黑戈壁\黑戈壁.jsonmap	
battlefield	239	洛阳城北	洛阳城	0	1	1	1100	10	1	0	0	0	4	0	0	1	1	16	1	0	0	0	0	0	1	1	0					1	1	0	data\source\maps\洛阳城北\洛阳城北.jsonmap	
battlefield	243	霸刀山庄	霸刀山庄	0	2	1	1500	10	1	0	0	0	1	0	0	0	1	16	1	0	0	0	131	0	1	1	0					0	1	0	data\source\maps\霸刀山庄\霸刀山庄.jsonmap	
battlefield	259	竞技大师_华山之巅	竞技大师_华山之巅	0	1	1	200	10	1	0	0	0	1	0	0	1	1	16	1	0	1	1	0	0	0	1	0			7		0	1	0	data\source\maps\竞技大师_华山之巅\竞技大师_华山之巅.jsonmap	
battlefield	296	龙门寻宝	龙门绝境	2	512	1	118	2	0	160	512	2	5	0	0	0	0	4	0	0	0	0	8	1	1	1	0		1	7		0	0	0	data\source\maps\龙门寻宝\龙门寻宝.jsonmap	
battlefield	297	龙门寻宝_夜晚	龙门绝境·夜	2	512	1	118	2	0	160	512	2	5	0	0	0	0	4	0	0	0	0	8	1	1	1	0		1	7		0	0	0	data\source\maps\龙门寻宝_夜晚\龙门寻宝_夜晚.jsonmap	
battlefield	322	洛道_李渡城	李渡鬼域	2	1024	1	100	2	0	160	2	2	5	0	0	0	0	16	0	0	0	0	256	0	0	1	0		1	7		0	0	0	data\source\maps\洛道_李渡城\洛道_李渡城.jsonmap	
battlefield	325	洞天福地岛	洞天福地岛	0	1	1	1900	10	1	0	0	0	1	0	0	1	1	16	1	0	1	0	0	0	1	1	0					1	1	0	data\source\maps\洞天福地岛\洞天福地岛.jsonmap	
battlefield	330	龙泉府	龙泉府	0	1	1	1100	10	1	0	0	0	4	0	0	1	1	16	1	0	1	0	0	0	1	1	1					1	1	0	data\source\maps\龙泉府\龙泉府.jsonmap	
battlefield	331	九寨沟	九寨沟	0	1	1	1200	10	1	0	0	0	1	0	0	0	1	16	1	0	0	0	0	0	1	1	0					0	1	0	data\source\maps\九寨沟\九寨沟.jsonmap	
battlefield	332	侠客岛	侠客岛	0	6	1	1200	10	1	0	16	0	1	0	0	0	1	16	1	0	0	1	16	0	1	1	0					0	1	0	data\source\maps\侠客岛\侠客岛.jsonmap	
battlefield	333	蓬莱	蓬莱	0	2	1	1500	10	1	0	0	0	1	0	0	0	1	16	1	0	0	0	0	0	1	1	0					0	1	0	data\source\maps\蓬莱\蓬莱.jsonmap	
battlefield	334	经首道源岛	经首道源岛	0	1	1	1000	10	1	0	0	0	4	0	0	1	1	16	1	0	0	0	0	0	1	1	1					1	1	0	data\source\maps\经首道源岛\经首道源岛.jsonmap	
battlefield	410	海岛绝境	沧溟绝境	2	512	1	118	2	0	160	512	2	5	0	0	0	0	4	0	0	0	0	8	1	1	1	0		1	7		0	0	0	data\source\maps\海岛绝境\海岛绝境.jsonmap	
battlefield	411	鲲鹏岛	鲲鹏岛	0	1	1	1000	10	1	0	0	0	4	0	0	0	1	16	1	0	0	1	0	0	1	1	1					1	1	0	data\source\maps\鲲鹏岛\鲲鹏岛.jsonmap	
battlefield	412	列星岛	列星岛	2	1024	1	14	2	0	160	512	2	5	0	0	0	0	1	0	0	0	0	8	0	0	1	0		1	7		0	0	0	data\source\maps\列星岛\列星岛.jsonmap	
battlefield	413	望扬镇_压力测试	望扬镇_压力测试	0	1	1	1500	10	1	0	0	0	1	0	0	0	1	16	1	0	0	1	16	0	1	1	0					0	1	0	data\source\maps\望扬镇_压力测试\望扬镇_压力测试.jsonmap	
battlefield	414	扬州_望扬镇_家园_004	扬州_望扬镇_家园_004	1	1024	1	1500	10	1	0	0	0	1	0	0	0	0	16	0	0	0	1	16	0	1	1	0					0	1	0	data\source\maps\扬州_望扬镇_家园_004\扬州_望扬镇_家园_004.jsonmap	
battlefield	415	野狸岛	野狸岛	2	512	1	24	2	0	0	3	1	5	0	0	0	0	4	0	0	0	0	256	1	0	1	0		1	7		0	0	0	data\source\maps\野狸岛\野狸岛.jsonmap	
battlefield	419	凌雪阁	凌雪阁	0	2	1	1500	10	1	0	0	0	1	0	0	0	1	16	1	0	0	0	0	0	1	1	0					0	1	0	data\source\maps\凌雪阁\凌雪阁.jsonmap	
battlefield	444	蔷薇列岛	蔷薇列岛	0	1	1	1000	10	1	0	0	0	4	0	0	1	1	16	1	0	0	0	0	0	1	1	1					1	1	0	data\source\maps\蔷薇列岛\蔷薇列岛.jsonmap	
battlefield	457	望扬镇_单房屋测试	望扬镇_单房屋测试	0	1	1	1500	10	1	0	0	0	1	0	0	0	1	16	1	0	0	1	16	0	1	1	0					0	1	0	data\source\maps\望扬镇_单房屋测试\望扬镇_单房屋测试.jsonmap	
battlefield	459	范阳	范阳	0	1	1	1800	10	1	0	0	0	4	0	0	0	1	16	0	0	0	1	0	0	0	1	0					0	1	0	data\source\maps\范阳夜变\范阳夜变.jsonmap	
battlefield	463	七秀_家园	七秀_家园	0	1	1	1500	10	1	0	0	0	1	0	0	0	1	16	1	0	0	1	16	0	1	1	0					0	1	0	data\source\maps\七秀_家园\七秀_家园.jsonmap	
battlefield	464	衍天宗	衍天宗	0	2	1	1500	10	1	0	0	0	1	0	0	0	1	16	1	0	0	0	0	0	1	1	0					0	1	0	data\source\maps\衍天宗\衍天宗.jsonmap	
battlefield	465	望扬镇_单房屋	望扬镇_单房屋	0	1	1	1500	10	1	0	0	0	1	0	0	0	1	16	1	0	0	1	16	0	1	1	0					0	1	0	data\source\maps\望扬镇_单房屋\望扬镇_单房屋.jsonmap	
battlefield	473	万花_乱世	万花·乱世	0	1	1	1000	10	1	0	0	0	4	0	0	1	1	16	1	0	0	0	0	0	1	1	1					1	1	0	data\source\maps\万花_乱世\万花_乱世.jsonmap	
battlefield	474	七秀_乱世	七秀·乱世	0	1	1	1000	10	1	0	0	0	4	0	0	1	1	16	1	0	0	0	0	0	1	1	1					1	1	0	data\source\maps\七秀_乱世\七秀_乱世.jsonmap	
battlefield	475	少林_乱世	少林·乱世	0	1	1	1000	10	1	0	0	0	4	0	0	1	1	16	1	0	0	0	0	0	1	1	1					1	1	0	data\source\maps\少林_乱世\少林_乱世.jsonmap	
battlefield	488	藏剑山庄_乱世	藏剑山庄·乱世	0	1	1	1000	10	1	0	0	0	4	0	0	1	1	16	1	0	0	0	0	0	1	1	1					1	1	0	data\source\maps\藏剑山庄_乱世\藏剑山庄_乱世.jsonmap	
battlefield	512	白龙绝境	白龙绝境	2	512	1	118	2	0	160	512	2	5	0	0	0	0	4	0	0	0	0	8	1	1	1	0		1	7		0	0	0	data\source\maps\白龙绝境\白龙绝境.jsonmap	
battlefield	523	相州_北墟河堤	北墟河堤	0	1	1	1600	10	1	0	0	0	4	0	0	0	1	16	0	0	0	1	0	0	0	1	0					0	1	0	data\source\maps\相州_漳水南路\相州_漳水南路.jsonmap	
battlefield	524	赤岬山城	赤岬山城	0	1	1	1800	10	1	0	0	0	4	0	0	0	1	16	0	0	0	1	0	0	0	1	0					0	1	0	data\source\maps\白帝江关\白帝江关.jsonmap	
battlefield	525	黑山林海	黑山林海	0	1	1	1600	10	1	0	0	0	4	0	0	1	1	16	1	0	0	0	0	0	1	1	0					1	1	0	data\source\maps\黑山林海\黑山林海.jsonmap	
battlefield	526	北天药宗	北天药宗	0	2	1	1500	10	1	0	0	0	1	0	0	0	1	16	1	0	0	0	0	0	1	1	0					0	1	0	data\source\maps\北天药宗\北天药宗.jsonmap	
battlefield	532	天原绝境	天原绝境	2	512	1	118	2	0	160	512	2	5	0	0	0	0	4	0	0	0	0	8	1	1	1	0		1	7		0	0	0	data\source\maps\天原绝境\天原绝境.jsonmap	
battlefield	576	河阳	河阳	0	1	1	1800	10	1	0	0	0	4	0	0	0	1	16	0	0	0	1	0	0	0	1	0					0	1	0	data\source\maps\河阳之战\河阳之战.jsonmap	
battlefield	578	刀宗	刀宗	0	2	1	1500	10	1	0	0	0	1	0	0	0	1	16	1	0	0	0	0	0	1	1	0					0	1	0	data\source\maps\刀宗\刀宗.jsonmap	
battlefield	579	百溪	百溪	0	10	1	1500	10	1	0	0	0	1	0	0	1	1	16	1	0	0	0	0	0	1	1						1	1	0	data\source\maps\百溪\百溪.jsonmap	
battlefield	580	烂柯山	烂柯山	0	1	1	1500	10	1	0	0	0	4	0	0	1	1	16	1	0	0	0	0	0	1	1						1	1	0	data\source\maps\烂柯山\烂柯山.jsonmap	
battlefield	581	楚州	楚州	0	1	1	1500	10	1	0	0	0	4	0	0	1	1	16	1	0	0	0	0	0	1	1						1	1	0	data\source\maps\楚州\楚州.jsonmap	
battlefield	582	润扬	晟江	0	1	1	1500	10	1	0	0	0	4	0	0	1	1	16	1	0	0	0	0	0	1	1						1	1	0	data\source\maps\润扬\润扬.jsonmap	
battlefield	589	羊村	羊村大作战	2	512	1	5	2	0	160	0	2	5	0	0	0	0	16	0	0	0	0	256	0	0	1	0		1	7		0	0	0	data\source\maps\羊村\羊村.jsonmap	
battlefield	590	羊村_世界	羊村	0	1	1	1200	10	1	0	0	0	1	0	0	0	1	16	0	0	0	0	0	0	1	1	0					0	0	0	data\source\maps\羊村\羊村.jsonmap	
battlefield	642	万灵山庄	万灵山庄	0	2	1	1500	10	1	0	0	0	1	0	0	0	1	16	1	0	0	0	0	0	1	1	0					0	1	0	data\source\maps\万灵山庄\万灵山庄.jsonmap	
battlefield	645	洱海绝境	洱海绝境	2	1024	1	108	2	0	160	512	2	5	0	0	0	0	4	0	0	0	0	8	1	1	1	0		1	7		0	0	0	data\source\maps\洱海绝境\洱海绝境.jsonmap	
battlefield	647	银霜口	银霜口	0	1	1	1600	10	1	0	0	0	4	0	0	1	1	16	1	0	0	0	0	0	1	1	0					1	1	0	data\source\maps\银霜口\银霜口.jsonmap	
battlefield	666	南诏段氏	南诏段氏	0	2	1	1500	10	1	0	0	0	1	0	0	0	1	16	1	0	0	0	0	0	1	1	0					0	1	0	data\source\maps\南诏段氏\南诏段氏.jsonmap	
battlefield	673	河西瀚漠	河西瀚漠	0	2	1	1200	10	1	0	0	0	1	0	0	1	1	16	1	0	0	0	0	0	1	1	0					1	1	0	data\source\maps\河西瀚漠\河西瀚漠.jsonmap	
battlefield	676	龙门寻宝	龙门绝境	2	512	1	108	2	0	160	512	2	5	0	0	0	0	4	0	0	0	0	8	1	1	1	0		1	7		0	0	0	data\source\maps\龙门寻宝\龙门寻宝.jsonmap	
battlefield	677	龙门寻宝	龙门绝境	2	512	1	108	2	0	160	512	2	5	0	0	0	0	4	0	0	0	0	8	1	1	1	0		1	7		0	0	0	data\source\maps\龙门寻宝\龙门寻宝.jsonmap	
battlefield	689	帮会联赛_2024	九素云峰	2	2048	1	210	120	0	160	0	2	5	0	0	0	0	8	0	0	0	0	256	0	0	1	0		1	7	1	0	0	0	data\source\maps\帮会联赛_2024\帮会联赛_2024.jsonmap	
battlefield	701	长安_皇城	皇城	0	1	1	1200	10	1	0	0	0	1	0	0	1	1	16	1	0	0	0	0	0	1	1						1	1	0	data\source\maps\长安_皇城\长安_皇城.jsonmap	
battlefield	709	林海绝境	林海绝境	2	512	1	118	2	0	160	512	2	5	0	0	0	0	32	0	0	0	0	8	1	0	1	0		1	7		0	0	0	data\source\maps\林海绝境\林海绝境.jsonmap	
battlefield	712	雪域关城	雪域关城	2	512	1	34	2	0	160	0	2	5	0	0	0	0	16	0	0	0	0	256	0	0	1	0		1	7		0	0	0	data\source\maps\雪域关城\雪域关城.jsonmap	
battlefield	713	伊丽川	伊丽川	0	2	1	1200	10	1	0	0	0	4	0	0	1	1	16	1	0	0	0	0	0	1	1	0					1	1	0	data\source\maps\伊丽川\伊丽川.jsonmap	
battlefield	715	林海绝境	林海绝境·纷争	2	512	1	118	2	0	160	512	2	5	0	0	0	0	32	0	0	0	0	8	1	0	1	0		1	7		0	0	0	data\source\maps\林海绝境\林海绝境.jsonmap	
battlefield	718	无相楼	永宁湾	0	2	1	1500	10	1	0	0	0	1	0	0	0	1	16	1	0	0	0	0	0	1	1	0					0	1	0	data\source\maps\无相楼\无相楼.jsonmap	
battlefield	790	扬刀大会_擎霄山	扬刀大会·擎霄山	2	2048	1	10	2	0	0	8	2	4	0	0	0	0	1	0	0	0	0	8	0	0	1	0		1	7		0	0	0	data\source\maps\扬刀大会_擎霄山\扬刀大会_擎霄山.jsonmap	
battlefield	801	ACT_大富翁	大富翁	2	1024	1	4	1	0	160	0	0	5	0	0	0	0	16	0	0	0	0	256	0	0	1	0		1	7		0	0	0	data\source\maps\ACT_大富翁\ACT_大富翁.jsonmap	
battlefield	806	洛阳城西	洛阳城西	0	1	1	1200	10	1	0	0	0	1	0	0	1	1	16	1	0	0	0	0	0	1	1						1	1	0	data\source\maps\洛阳城西\洛阳城西.jsonmap	scripts/Map/洛阳城西/洛阳城西.lua
battlefield	807	欢乐谷	鹅鸭大游园	2	1024	1	10	1	0	160	0	2	1	1	0	0	0	16	0	0	0	0	128	0	0	1			1			0	0	0	data\source\maps\欢乐谷\欢乐谷.jsonmap	scripts/Map/ACT_三方杀/ACT_三方杀.lua
tongwar	9	洛道	洛道	0	1	1	1000	10	1	0	0	0	4	0	0	1	1	16	1	0	1	0	0	0	1	1	1					1	1	0	data\source\maps\洛道\洛道.jsonmap	
tongwar	10	寇岛	寇岛	0	1	1	1024	10	1	0	0	0	4	0	0	1	1	16	1	0	0	0	0	0	1	1	0					1	1	0	data\source\maps\寇岛\寇岛.jsonmap	
tongwar	12	枫华谷	枫华谷	0	1	1	1024	10	1	0	0	0	4	0	0	1	1	16	1	0	0	0	0	0	1	1	0					1	1	0	data\source\maps\枫华谷\枫华谷.jsonmap	
tongwar	13	金水镇	金水镇	0	1	1	1000	10	1	0	0	0	4	0	0	1	1	16	1	0	1	1	0	0	1	1	1					1	1	0	data\source\maps\金水镇\金水镇.jsonmap	
tongwar	21	巴陵县	巴陵县	0	1	1	1000	10	1	0	0	0	4	0	0	1	1	16	1	0	1	0	0	0	1	1	1					1	1	0	data\source\maps\巴陵县\巴陵县.jsonmap	
tongwar	22	南屏山	南屏山	0	1	1	1000	10	1	0	0	0	5	0	0	1	1	16	1	0	1	0	0	0	1	1	1					1	1	0	data\source\maps\南屏山\南屏山.jsonmap	
tongwar	23	龙门荒漠	龙门荒漠	0	1	1	1200	10	1	0	0	0	4	0	0	1	1	16	1	0	1	0	0	0	1	1	1					1	1	0	data\source\maps\龙门荒漠\龙门荒漠.jsonmap	
tongwar	30	昆仑	昆仑	0	1	1	1000	10	1	0	0	0	5	0	0	1	1	16	1	0	1	0	0	0	1	1	1					1	1	0	data\source\maps\昆仑\昆仑.jsonmap	
tongwar	35	瞿塘峡	瞿塘峡	0	1	1	1000	10	1	0	0	0	4	0	0	1	1	16	1	0	1	0	0	0	1	1	1					1	1	0	data\source\maps\瞿塘峡\瞿塘峡.jsonmap	
tongwar	100	白龙口	白龙口	0	1	1	1000	10	1	0	0	0	4	0	0	1	1	16	1	0	1	0	0	0	1	1	1					1	1	0	data\source\maps\白龙口\白龙口.jsonmap	
tongwar	101	无量山	无量山	0	1	1	1000	10	1	0	0	0	4	0	0	1	1	16	1	0	1	0	0	0	1	1	1					1	1	0	data\source\maps\无量山\无量山.jsonmap	
tongwar	103	融天岭	融天岭	0	1	1	1000	10	1	0	0	0	4	0	0	1	1	16	1	0	1	0	0	0	1	1	1					1	1	0	data\source\maps\融天岭\融天岭.jsonmap	
tongwar	104	黑龙沼	黑龙沼	0	1	1	1000	10	1	0	0	0	4	0	0	1	1	16	1	0	1	0	0	0	1	1	1					1	1	0	data\source\maps\黑龙沼\黑龙沼.jsonmap	
tongwar	105	苍山洱海	苍山洱海	0	1	1	1000	10	1	0	0	0	4	0	0	1	1	16	1	0	1	0	0	0	1	1	1					1	1	0	data\source\maps\苍山洱海\苍山洱海.jsonmap	
tongwar	139	枫华谷_安史之乱	枫华谷·战乱	0	1	1	1000	10	1	0	0	0	4	0	0	1	1	16	1	0	1	0	0	0	1	1	1					1	1	0	data\source\maps\枫华谷_安史之乱\枫华谷_安史之乱.jsonmap	
tongwar	149	帮会约战	雪原争锋	2	2048	1	54	2	0	160	256	216	5	0	0	0	0	16	0	0	0	0	256	0	1	1	0	1		7		0	0	0	data\source\maps\帮会约战\帮会约战.jsonmap	
tongwar	151	洛阳_安史之乱	洛阳·战乱	0	1	1	1000	10	1	0	0	0	4	0	0	1	1	16	1	0	0	0	0	0	1	1	1					1	1	0	data\source\maps\洛阳_安史之乱\洛阳_安史之乱.jsonmap	
tongwar	153	马嵬驿	马嵬驿	0	1	1	1000	10	1	0	0	0	4	0	0	1	1	16	1	0	1	1	0	0	1	1	1					1	1	0	data\source\maps\马嵬驿\马嵬驿.jsonmap	
tongwar	156	长安_安史之乱	长安·战乱	0	1	1	1800	10	1	0	0	0	4	0	0	1	1	16	1	0	0	0	0	0	1	1	0					1	1	0	data\source\maps\长安_安史之乱\长安_安史之乱.jsonmap	
tongwar	214	五台山	五台山	0	1	1	1000	10	1	0	0	0	4	0	0	1	1	16	1	0	0	0	0	0	1	1	1					1	1	0	data\source\maps\五台山\五台山.jsonmap	
tongwar	215	千岛湖	千岛湖	0	1	1	1000	10	1	0	0	0	4	0	0	1	1	16	1	0	0	0	0	0	1	1	1					1	1	0	data\source\maps\千岛湖\千岛湖.jsonmap	
tongwar	216	阴山大草原	阴山大草原	0	1	1	1000	10	1	0	0	0	4	0	0	1	1	16	1	0	1	0	0	0	1	1	1					1	1	0	data\source\maps\阴山大草原\阴山大草原.jsonmap	
tongwar	217	黑戈壁	黑戈壁	0	1	1	1000	10	1	0	0	0	4	0	0	1	1	16	1	0	0	0	0	0	1	1	1					1	1	0	data\source\maps\黑戈壁\黑戈壁.jsonmap	
tongwar	239	洛阳城北	洛阳城	0	1	1	1100	10	1	0	0	0	4	0	0	1	1	16	1	0	0	0	0	0	1	1	0					1	1	0	data\source\maps\洛阳城北\洛阳城北.jsonmap	
tongwar	259	竞技大师_华山之巅	竞技大师_华山之巅	0	1	1	200	10	1	0	0	0	1	0	0	1	1	16	1	0	1	1	0	0	0	1	0			7		0	1	0	data\source\maps\竞技大师_华山之巅\竞技大师_华山之巅.jsonmap	
tongwar	325	洞天福地岛	洞天福地岛	0	1	1	1900	10	1	0	0	0	1	0	0	1	1	16	1	0	1	0	0	0	1	1	0					1	1	0	data\source\maps\洞天福地岛\洞天福地岛.jsonmap	
tongwar	330	龙泉府	龙泉府	0	1	1	1100	10	1	0	0	0	4	0	0	1	1	16	1	0	1	0	0	0	1	1	1					1	1	0	data\source\maps\龙泉府\龙泉府.jsonmap	
tongwar	334	经首道源岛	经首道源岛	0	1	1	1000	10	1	0	0	0	4	0	0	1	1	16	1	0	0	0	0	0	1	1	1					1	1	0	data\source\maps\经首道源岛\经首道源岛.jsonmap	
tongwar	444	蔷薇列岛	蔷薇列岛	0	1	1	1000	10	1	0	0	0	4	0	0	1	1	16	1	0	0	0	0	0	1	1	1					1	1	0	data\source\maps\蔷薇列岛\蔷薇列岛.jsonmap	
tongwar	473	万花_乱世	万花·乱世	0	1	1	1000	10	1	0	0	0	4	0	0	1	1	16	1	0	0	0	0	0	1	1	1					1	1	0	data\source\maps\万花_乱世\万花_乱世.jsonmap	
tongwar	474	七秀_乱世	七秀·乱世	0	1	1	1000	10	1	0	0	0	4	0	0	1	1	16	1	0	0	0	0	0	1	1	1					1	1	0	data\source\maps\七秀_乱世\七秀_乱世.jsonmap	
tongwar	475	少林_乱世	少林·乱世	0	1	1	1000	10	1	0	0	0	4	0	0	1	1	16	1	0	0	0	0	0	1	1	1					1	1	0	data\source\maps\少林_乱世\少林_乱世.jsonmap	
tongwar	488	藏剑山庄_乱世	藏剑山庄·乱世	0	1	1	1000	10	1	0	0	0	4	0	0	1	1	16	1	0	0	0	0	0	1	1	1					1	1	0	data\source\maps\藏剑山庄_乱世\藏剑山庄_乱世.jsonmap	
tongwar	525	黑山林海	黑山林海	0	1	1	1600	10	1	0	0	0	4	0	0	1	1	16	1	0	0	0	0	0	1	1	0					1	1	0	data\source\maps\黑山林海\黑山林海.jsonmap	
tongwar	579	百溪	百溪	0	10	1	1500	10	1	0	0	0	1	0	0	1	1	16	1	0	0	0	0	0	1	1						1	1	0	data\source\maps\百溪\百溪.jsonmap	
tongwar	580	烂柯山	烂柯山	0	1	1	1500	10	1	0	0	0	4	0	0	1	1	16	1	0	0	0	0	0	1	1						1	1	0	data\source\maps\烂柯山\烂柯山.jsonmap	
tongwar	581	楚州	楚州	0	1	1	1500	10	1	0	0	0	4	0	0	1	1	16	1	0	0	0	0	0	1	1						1	1	0	data\source\maps\楚州\楚州.jsonmap	
tongwar	582	润扬	晟江	0	1	1	1500	10	1	0	0	0	4	0	0	1	1	16	1	0	0	0	0	0	1	1						1	1	0	data\source\maps\润扬\润扬.jsonmap	
tongwar	627	跨服_烂柯山	跨服·烂柯山	0	100	1	1600	10	1	0	0	0	4	0	0	1	0	16	0	0	0	0	0	0	1	1	0			7		1	1	0	data\source\maps\烂柯山\烂柯山.jsonmap	
tongwar	647	银霜口	银霜口	0	1	1	1600	10	1	0	0	0	4	0	0	1	1	16	1	0	0	0	0	0	1	1	0					1	1	0	data\source\maps\银霜口\银霜口.jsonmap	
tongwar	656	阴山大草原_攻防分线	阴山大草原·分线	0	9	1	1000	10	1	0	0	0	4	0	0	1	0	16	0	0	1	0	0	0	1	1	0					1	1	0	data\source\maps\阴山大草原\阴山大草原.jsonmap	
tongwar	673	河西瀚漠	河西瀚漠	0	2	1	1200	10	1	0	0	0	1	0	0	1	1	16	1	0	0	0	0	0	1	1	0					1	1	0	data\source\maps\河西瀚漠\河西瀚漠.jsonmap	
tongwar	689	帮会联赛_2024	九素云峰	2	2048	1	210	120	0	160	0	2	5	0	0	0	0	8	0	0	0	0	256	0	0	1	0		1	7	1	0	0	0	data\source\maps\帮会联赛_2024\帮会联赛_2024.jsonmap	
tongwar	697	河西瀚漠_跨服	跨服·河西瀚漠	0	100	1	1600	10	1	0	0	0	4	0	0	1	0	16	0	0	0	0	0	0	1	1	0			7		1	1	0	data\source\maps\河西瀚漠_跨服\河西瀚漠_跨服.jsonmap	
tongwar	701	长安_皇城	皇城	0	1	1	1200	10	1	0	0	0	1	0	0	1	1	16	1	0	0	0	0	0	1	1						1	1	0	data\source\maps\长安_皇城\长安_皇城.jsonmap	
tongwar	713	伊丽川	伊丽川	0	2	1	1200	10	1	0	0	0	4	0	0	1	1	16	1	0	0	0	0	0	1	1	0					1	1	0	data\source\maps\伊丽川\伊丽川.jsonmap	
tongwar	806	洛阳城西	洛阳城西	0	1	1	1200	10	1	0	0	0	1	0	0	1	1	16	1	0	0	0	0	0	1	1						1	1	0	data\source\maps\洛阳城西\洛阳城西.jsonmap	scripts/Map/洛阳城西/洛阳城西.lua
campfight	1	稻香村	稻香村	0	1	1	1000	10	1	0	0	0	1	0	0	0	0	16	0	0	0	0	0	0	1	1	0					0	0	0	data\source\maps\稻香村\稻香村.jsonmap	
campfight	2	万花	万花	0	2	1	1500	10	1	0	0	0	1	0	0	0	1	16	1	0	0	0	0	0	1	1	0					0	1	0	data\source\maps\万花\万花.jsonmap	
campfight	3	1024_蓝天白云	1024_蓝天白云	0	1	1	1200	10	1	0	0	0	4	0	0	0	0	16	0	0	0	0	0	0	1	1	0					1	1	5	data\source\maps\1024_蓝天白云\1024_蓝天白云.jsonmap	
campfight	5	少林	少林	0	2	1	1500	10	1	0	0	0	1	0	0	0	1	16	1	0	0	0	0	0	1	1	0					0	1	0	data\source\maps\少林\少林.jsonmap	
campfight	6	扬州	扬州	0	1	1	1200	10	1	0	16	0	1	0	0	0	1	16	1	0	0	1	16	0	1	1	0					0	1	0	data\source\maps\扬州\扬州.jsonmap	
campfight	7	纯阳	纯阳	0	2	1	1500	10	1	0	0	0	1	0	0	0	1	16	1	0	0	0	0	0	1	1	0					0	1	0	data\source\maps\纯阳\纯阳.jsonmap	
campfight	8	洛阳	洛阳	0	1	1	1500	10	1	0	16	0	1	0	0	0	1	16	1	0	0	1	16	0	1	1	0					0	1	0	data\source\maps\洛阳\洛阳.jsonmap	
campfight	9	洛道	洛道	0	1	1	1000	10	1	0	0	0	4	0	0	1	1	16	1	0	1	0	0	0	1	1	1					1	1	0	data\source\maps\洛道\洛道.jsonmap	
campfight	10	寇岛	寇岛	0	1	1	1024	10	1	0	0	0	4	0	0	1	1	16	1	0	0	0	0	0	1	1	0					1	1	0	data\source\maps\寇岛\寇岛.jsonmap	
campfight	11	天策	天策	0	2	1	1500	10	1	0	0	0	1	0	0	0	1	16	1	0	0	0	0	0	1	1	0					0	1	0	data\source\maps\天策\天策.jsonmap	
campfight	12	枫华谷	枫华谷	0	1	1	1024	10	1	0	0	0	4	0	0	1	1	16	1	0	0	0	0	0	1	1	0					1	1	0	data\source\maps\枫华谷\枫华谷.jsonmap	
campfight	13	金水镇	金水镇	0	1	1	1000	10	1	0	0	0	4	0	0	1	1	16	1	0	1	1	0	0	1	1	1					1	1	0	data\source\maps\金水镇\金水镇.jsonmap	
campfight	14	灵霄峡	灵霄峡	1	128	1	5	2	0	0	128	0	1	0	0	0	0	16	0	0	0	0	131	0	0	1	0					0	0	0	data\source\maps\灵霄峡\灵霄峡.jsonmap	
campfight	15	长安	长安	0	1	1	1500	10	1	0	16	0	1	0	0	0	1	16	1	0	0	1	16	0	1	1	0					0	1	0	data\source\maps\长安\长安.jsonmap	
campfight	16	七秀	七秀	0	2	1	1500	10	1	0	0	0	1	0	0	0	1	16	1	0	0	0	0	0	1	1	0					0	1	0	data\source\maps\七秀\七秀.jsonmap	
campfight	17	天工坊	天工坊	1	128	1	5	2	0	0	128	0	1	0	0	0	0	16	0	0	0	0	131	0	0	1	0					0	0	0	data\source\maps\天工坊\天工坊.jsonmap	
campfight	18	无盐岛	无盐岛	1	128	1	5	2	0	0	128	0	1	0	0	0	0	16	0	0	0	0	131	0	0	1	0					0	0	0	data\source\maps\无盐岛\无盐岛.jsonmap	
campfight	19	空雾峰	空雾峰	1	128	1	5	2	0	0	128	0	1	0	0	0	0	16	0	0	0	0	131	0	0	1	0					0	0	0	data\source\maps\空雾峰\空雾峰.jsonmap	
campfight	20	天地三才阵	天地三才阵	1	4096	1	5	2	0	0	128	0	1	0	0	0	0	16	0	0	0	0	131	0	0	1	0					0	0	0	data\source\maps\天地三才阵\天地三才阵.jsonmap	
campfight	21	巴陵县	巴陵县	0	1	1	1000	10	1	0	0	0	4	0	0	1	1	16	1	0	1	0	0	0	1	1	1					1	1	0	data\source\maps\巴陵县\巴陵县.jsonmap	
campfight	22	南屏山	南屏山	0	1	1	1000	10	1	0	0	0	5	0	0	1	1	16	1	0	1	0	0	0	1	1	1					1	1	0	data\source\maps\南屏山\南屏山.jsonmap	
campfight	23	龙门荒漠	龙门荒漠	0	1	1	1200	10	1	0	0	0	4	0	0	1	1	16	1	0	1	0	0	0	1	1	1					1	1	0	data\source\maps\龙门荒漠\龙门荒漠.jsonmap	
campfight	25	浩气盟	浩气盟	0	10	1	1400	10	1	0	0	0	5	0	1	0	1	16	1	0	1	0	0	0	1	1	1					0	1	0	data\source\maps\浩气盟\浩气盟.jsonmap	
campfight	26	荻花宫前山	荻花宫前山	1	128	1	5	2	0	0	128	0	1	0	0	0	0	16	0	0	0	0	131	0	0	1	0					0	0	0	data\source\maps\荻花宫前山\荻花宫前山.jsonmap	
campfight	27	恶人谷	恶人谷	0	10	1	1400	10	1	0	0	0	5	0	1	0	1	16	1	0	1	0	0	0	1	1	1					0	1	0	data\source\maps\恶人谷\恶人谷.jsonmap	
campfight	28	日轮山城	日轮山城	1	128	1	5	2	0	0	128	0	1	0	0	0	0	16	0	0	0	0	131	0	0	1	0					0	0	0	data\source\maps\日轮山城\日轮山城.jsonmap	
campfight	29	五十级云湖天池	五十级云湖天池	2	512	1	24	10	0	160	256	2	5	0	0	0	0	16	0	0	0	0	256	0	1	1	0			7		0	0	0	data\source\maps\五十级云湖天池\五十级云湖天池.map	
campfight	30	昆仑	昆仑	0	1	1	1000	10	1	0	0	0	5	0	0	1	1	16	1	0	1	0	0	0	1	1	1					1	1	0	data\source\maps\昆仑\昆仑.jsonmap	
campfight	31	特殊光照地图1	特殊光照地图2	0	1	1	64	10	1	0	0	0	1	0	0	0	0	16	0	0	0	0	0	0	1	1	0					0	0	0	data\source\maps\特殊光照地图1\特殊光照地图1.map	
campfight	32	战宝迦兰	战宝迦兰	1	256	1	10	2	0	0	128	0	1	1	0	0	0	16	0	0	0	0	131	0	0	1	0					0	0	0	data\source\maps\战宝迦兰\战宝迦兰.jsonmap	
campfight	33	天子峰	天子峰	1	128	1	5	10	0	0	128	0	1	0	0	0	0	16	0	0	0	0	131	0	0	1	0					0	0	0	data\source\maps\天子峰\天子峰.jsonmap	
campfight	34	风雨稻香村	风雨稻香村	1	128	1	5	2	0	0	128	0	1	0	0	0	0	16	0	0	0	0	131	0	0	1	0					0	0	0	data\source\maps\风雨稻香村\风雨稻香村.jsonmap	
campfight	35	瞿塘峡	瞿塘峡	0	1	1	1000	10	1	0	0	0	4	0	0	1	1	16	1	0	1	0	0	0	1	1	1					1	1	0	data\source\maps\瞿塘峡\瞿塘峡.jsonmap	
campfight	36	英雄天地三才阵	英雄天地三才阵	1	256	1	5	2	0	0	128	0	1	0	0	0	0	16	0	0	0	0	131	0	0	1	0					0	0	0	data\source\maps\英雄天地三才阵\英雄天地三才阵.jsonmap	
campfight	37	英雄天工坊	英雄天工坊	1	256	1	5	2	0	0	128	0	1	0	0	0	0	16	0	0	0	0	131	0	0	1	0					0	0	0	data\source\maps\英雄天工坊\英雄天工坊.jsonmap	
campfight	38	神农洇	神农洇	2	512	1	34	2	0	160	0	2	5	0	0	0	0	16	0	0	0	0	256	0	1	1	0		1	7		0	0	0	data\source\maps\神农洇\神农洇.jsonmap	
campfight	39	四十级云湖天池	四十级云湖天池	2	512	1	24	2	0	160	256	2	5	0	0	0	0	16	0	0	0	0	256	0	1	1	0		1	7		0	0	0	data\source\maps\四十级云湖天池\四十级云湖天池.map	
campfight	40	英雄荻花宫前山	英雄荻花宫前山	1	256	1	5	2	0	0	128	0	1	0	0	0	0	16	0	0	0	0	131	0	0	1	0					0	0	0	data\source\maps\英雄荻花宫前山\英雄荻花宫前山.jsonmap	
campfight	41	英雄无盐岛	英雄无盐岛	1	256	1	5	2	0	0	128	0	1	0	0	0	0	16	0	0	0	0	131	0	0	1	0					0	0	0	data\source\maps\英雄无盐岛\英雄无盐岛.jsonmap	
campfight	42	英雄天子峰	英雄天子峰	1	256	1	5	2	0	0	128	0	1	0	0	0	0	16	0	0	0	0	131	0	0	1	0					0	0	0	data\source\maps\英雄天子峰\英雄天子峰.jsonmap	
campfight	43	英雄空雾峰	英雄空雾峰	1	256	1	5	2	0	0	128	0	1	0	0	0	0	16	0	0	0	0	131	0	0	1	0					0	0	0	data\source\maps\英雄空雾峰\英雄空雾峰.jsonmap	
campfight	44	英雄日轮山城	英雄日轮山城	1	256	1	5	2	0	0	128	0	1	0	0	0	0	16	0	0	0	0	131	0	0	1	0					0	0	0	data\source\maps\英雄日轮山城\英雄日轮山城.jsonmap	
campfight	45	英雄灵霄峡	英雄灵霄峡	1	256	1	5	2	0	0	128	0	1	0	0	0	0	16	0	0	0	0	131	0	0	1	0					0	0	0	data\source\maps\英雄灵霄峡\英雄灵霄峡.jsonmap	
campfight	46	英雄战宝迦兰	英雄战宝迦兰	1	256	1	25	2	0	0	128	0	1	1	0	0	0	16	0	0	0	0	131	0	0	1	0					0	0	0	data\source\maps\英雄战宝迦兰\英雄战宝迦兰.jsonmap	
campfight	47	英雄风雨稻香村	英雄风雨稻香村	1	256	1	5	2	0	0	128	0	1	0	0	0	0	16	0	0	0	0	131	0	0	1	0					0	0	0	data\source\maps\英雄风雨稻香村\英雄风雨稻香村.jsonmap	
campfight	48	珍珑棋谷	珍珑棋谷	2	512	1	54	2	0	160	0	2	5	0	0	0	0	16	0	0	0	0	256	0	1	1	0		1	7		0	0	0	data\source\maps\珍珑棋谷\珍珑棋谷.jsonmap	
campfight	49	藏剑山庄	藏剑山庄	0	2	1	1500	10	1	0	0	0	1	0	0	0	1	16	1	0	0	0	0	0	1	1	0					0	1	0	data\source\maps\藏剑山庄\藏剑山庄.jsonmap	
campfight	50	丝绸之路	丝绸之路	2	512	1	54	2	0	160	0	2	5	0	0	0	0	16	0	0	0	0	256	0	1	1	0		1	7		0	0	0	data\source\maps\丝绸之路\丝绸之路.jsonmap	
campfight	51	剑冢	剑冢	1	128	1	5	10	0	0	128	0	1	0	0	0	0	16	0	0	0	0	131	0	0	1	0					0	0	0	data\source\maps\剑冢\剑冢.jsonmap	
campfight	52	七十级云湖天池	七十级云湖天池	2	512	1	24	2	0	160	0	2	5	0	0	0	0	16	0	0	0	0	256	0	1	1	0		1	7		0	0	0	data\source\maps\七十级云湖天池\七十级云湖天池.jsonmap	
campfight	53	邀星坪_夜射天狼	邀星坪_夜射天狼	1	128	1	2	2	0	0	131	0	1	0	0	0	0	16	0	0	0	0	131	0	0	1	0					0	0	0	data\source\maps\邀星坪_夜射天狼\邀星坪_夜射天狼.map	
campfight	55	守株围场_打猎	守株围场_打猎	1	64	1	2	2	0	0	131	0	1	0	0	0	0	16	0	0	0	0	131	0	0	1	0					0	0	0	data\source\maps\守株围场_打猎\守株围场_打猎.map	
campfight	56	困龙岭_梅花桩	困龙岭_梅花桩	1	64	1	2	2	0	0	131	0	1	0	0	0	0	16	0	0	0	0	131	0	0	1	0					0	0	0	data\source\maps\困龙岭_梅花桩\困龙岭_梅花桩.map	
campfight	57	陷空坳_宇文宝藏	陷空坳_宇文宝藏	1	128	1	2	2	0	0	131	0	1	0	0	0	0	16	0	0	0	0	131	0	0	1	0					0	0	0	data\source\maps\陷空坳_宇文宝藏\陷空坳_宇文宝藏.map	
campfight	58	百草园	百草园	4	512	1	50	10	1	0	6	0	1	0	0	0	0	16	0	0	0	0	6	0	1	1	0					0	0	0	data\source\maps\百草园\百草园.map	
campfight	60	持国天王殿	持国天王殿	1	256	1	10	10	0	0	128	0	1	1	0	0	0	16	0	0	0	0	131	0	0	1	0					0	0	0	data\source\maps\持国天王殿\持国天王殿.jsonmap	
campfight	61	宫中神武遗迹	宫中神武遗迹	1	256	1	10	10	0	0	128	0	1	1	0	0	0	16	0	0	0	0	131	0	0	1	0					0	0	0	data\source\maps\宫中神武遗迹\宫中神武遗迹.jsonmap	
campfight	62	英雄剑冢	英雄剑冢	1	256	1	5	2	0	0	128	0	1	0	0	0	0	16	0	0	0	0	131	0	0	1	0					0	0	0	data\source\maps\英雄剑冢\英雄剑冢.jsonmap	
campfight	63	英雄宫中神武遗迹	英雄宫中神武遗迹	1	256	1	25	2	0	0	128	0	1	1	0	0	0	16	0	0	0	0	131	0	0	1	0					0	0	0	data\source\maps\英雄宫中神武遗迹\英雄宫中神武遗迹.jsonmap	
campfight	64	25人普通宫中神武遗迹	25人普通宫中神武遗迹	1	256	1	25	2	0	0	128	0	1	1	0	0	0	16	0	0	0	0	131	0	0	1	0					0	0	0	data\source\maps\25人普通宫中神武遗迹\25人普通宫中神武遗迹.jsonmap	
campfight	65	25人普通持国天王殿	25人普通持国天王殿	1	256	1	25	2	0	0	128	0	1	1	0	0	0	16	0	0	0	0	131	0	0	1	0					0	0	0	data\source\maps\25人普通持国天王殿\25人普通持国天王殿.jsonmap	
campfight	66	英雄持国天王殿	英雄持国天王殿	1	256	1	25	2	0	0	128	0	1	1	0	0	0	16	0	0	0	0	131	0	0	1	0					0	0	0	data\source\maps\英雄持国天王殿\英雄持国天王殿.jsonmap	
campfight	67	荻花宫后山	荻花宫后山	1	256	1	10	2	0	0	128	0	1	1	0	0	0	16	0	0	0	0	131	0	0	1	0					0	0	0	data\source\maps\荻花宫后山\荻花宫后山.jsonmap	
campfight	68	荻花圣殿	荻花圣殿	1	256	1	10	2	1	0	128	0	1	1	0	0	0	16	0	0	0	0	131	0	0	1	0					0	0	0	data\source\maps\荻花圣殿\荻花圣殿.jsonmap	
campfight	69	10人英雄荻花圣殿	10人英雄荻花圣殿	1	256	1	10	2	0	0	128	0	1	1	0	0	0	16	0	0	0	0	131	0	0	1	0					0	0	0	data\source\maps\10人英雄荻花圣殿\10人英雄荻花圣殿.jsonmap	
campfight	70	25人普通荻花圣殿	25人普通荻花圣殿	1	256	1	25	2	1	0	128	0	1	1	0	0	0	16	0	0	0	0	131	0	0	1	0					0	0	0	data\source\maps\25人普通荻花圣殿\25人普通荻花圣殿.jsonmap	
campfight	71	仙踪林	仙踪林	1	128	1	5	2	0	0	128	0	1	1	0	0	0	16	0	0	0	0	131	0	0	1	0					0	0	0	data\source\maps\仙踪林\仙踪林.jsonmap	
campfight	72	25人英雄荻花圣殿	25人英雄荻花圣殿	1	256	1	25	2	0	0	128	0	1	1	0	0	0	16	0	0	0	0	131	0	0	1	0					0	0	0	data\source\maps\25人英雄荻花圣殿\25人英雄荻花圣殿.jsonmap	
campfight	73	英雄荻花宫后山	英雄荻花宫后山	1	256	1	10	2	0	0	128	0	1	1	0	0	0	16	0	0	0	0	131	0	0	1	0					0	0	0	data\source\maps\英雄荻花宫后山\英雄荻花宫后山.jsonmap	
campfight	74	帮会领地	帮会领地	4	900	1	900	1	1	0	6	2	1	0	0	0	0	16	0	0	0	1	6	0	1	1	0					0	1	0	data\source\maps\帮会领地\帮会领地.jsonmap	
campfight	75	毒神殿	毒神殿	1	128	1	5	2	0	0	128	0	1	1	0	0	0	16	0	0	0	0	131	0	0	1	0					0	0	0	data\source\maps\毒神殿\毒神殿.jsonmap	
campfight	100	白龙口	白龙口	0	1	1	1000	10	1	0	0	0	4	0	0	1	1	16	1	0	1	0	0	0	1	1	1					1	1	0	data\source\maps\白龙口\白龙口.jsonmap	
campfight	101	无量山	无量山	0	1	1	1000	10	1	0	0	0	4	0	0	1	1	16	1	0	1	0	0	0	1	1	1					1	1	0	data\source\maps\无量山\无量山.jsonmap	
campfight	102	五毒	五毒	0	2	1	1500	10	1	0	0	0	1	0	0	0	1	16	1	0	0	0	0	0	1	1	0					0	1	0	data\source\maps\五毒\五毒.jsonmap	
campfight	103	融天岭	融天岭	0	1	1	1000	10	1	0	0	0	4	0	0	1	1	16	1	0	1	0	0	0	1	1	1					1	1	0	data\source\maps\融天岭\融天岭.jsonmap	
campfight	104	黑龙沼	黑龙沼	0	1	1	1000	10	1	0	0	0	4	0	0	1	1	16	1	0	1	0	0	0	1	1	1					1	1	0	data\source\maps\黑龙沼\黑龙沼.jsonmap	
campfight	105	苍山洱海	苍山洱海	0	1	1	1000	10	1	0	0	0	4	0	0	1	1	16	1	0	1	0	0	0	1	1	1					1	1	0	data\source\maps\苍山洱海\苍山洱海.jsonmap	
campfight	106	法王窟	法王窟	1	128	1	5	10	0	0	128	0	1	1	0	0	0	16	0	0	0	0	131	0	0	1	0					0	0	0	data\source\maps\法王窟\法王窟.jsonmap	
campfight	107	无量宫	无量宫	1	128	1	5	2	0	0	128	0	1	0	0	0	0	16	0	0	0	0	131	0	0	1	0					0	0	0	data\source\maps\无量宫\无量宫.jsonmap	
campfight	108	成都	成都	0	1	1	1200	10	1	0	16	0	1	0	0	0	1	16	1	0	0	1	16	0	1	1	0					0	1	0	data\source\maps\成都\成都.jsonmap	
campfight	109	龙渊泽	龙渊泽	1	320	1	10	2	0	0	128	0	1	1	0	0	0	16	0	0	0	0	131	0	0	1	0					0	1	0	data\source\maps\龙渊泽\龙渊泽.jsonmap	
campfight	110	寂灭厅	寂灭厅	1	128	1	5	2	0	0	128	0	1	0	0	0	0	16	0	0	0	0	131	0	0	1	0					0	0	0	data\source\maps\寂灭厅\寂灭厅.jsonmap	
campfight	111	英雄仙踪林	英雄仙踪林	1	320	1	5	2	0	0	128	0	1	1	0	0	0	16	0	0	0	0	131	0	0	1	0					0	0	0	data\source\maps\英雄仙踪林\英雄仙踪林.jsonmap	
campfight	112	英雄毒神殿	英雄毒神殿	1	320	1	5	2	0	0	128	0	1	1	0	0	0	16	0	0	0	0	131	0	0	1	0					0	0	0	data\source\maps\英雄毒神殿\英雄毒神殿.jsonmap	
campfight	113	英雄寂灭厅	英雄寂灭厅	1	320	1	5	2	0	0	128	0	1	0	0	0	0	16	0	0	0	0	131	0	0	1	0					0	0	0	data\source\maps\英雄寂灭厅\英雄寂灭厅.jsonmap	
campfight	114	英雄无量宫	英雄无量宫	1	320	1	5	2	0	0	128	0	1	0	0	0	0	16	0	0	0	0	131	0	0	1	0					0	0	0	data\source\maps\英雄无量宫\英雄无量宫.jsonmap	
campfight	115	英雄法王窟	英雄法王窟	1	320	1	5	2	0	0	128	0	1	1	0	0	0	16	0	0	0	0	131	0	0	1	0					0	0	0	data\source\maps\英雄法王窟\英雄法王窟.jsonmap	
campfight	116	低级仙踪林	低级仙踪林	1	128	1	5	2	0	0	128	0	1	1	0	0	0	16	0	0	0	0	131	0	0	1	0					0	0	0	data\source\maps\低级仙踪林\低级仙踪林.jsonmap	
campfight	117	25人英雄龙渊泽	25人英雄龙渊泽	1	256	1	25	2	0	0	128	0	1	1	0	0	0	16	0	0	0	0	131	0	0	1	0					0	1	0	data\source\maps\25人英雄龙渊泽\25人英雄龙渊泽.jsonmap	
campfight	118	25人普通龙渊泽	25人普通龙渊泽	1	256	1	25	2	0	0	128	0	1	1	0	0	0	16	0	0	0	0	131	0	0	1	0					0	1	0	data\source\maps\25人普通龙渊泽\25人普通龙渊泽.jsonmap	
campfight	119	10人英雄龙渊泽	10人英雄龙渊泽	1	256	1	10	2	0	0	128	0	1	1	0	0	0	16	0	0	0	0	131	0	0	1	0					0	1	0	data\source\maps\10人英雄龙渊泽\10人英雄龙渊泽.jsonmap	
campfight	120	荻花洞窟	荻花洞窟	1	256	1	10	2	0	0	128	0	1	1	0	0	0	16	0	0	0	0	131	0	0	1	0					0	0	0	data\source\maps\荻花洞窟\荻花洞窟.jsonmap	
campfight	121	英雄神农洇	英雄神农洇	2	512	1	34	2	0	160	256	2	5	0	0	0	0	16	0	0	0	0	256	0	0	1	0			7		0	0	0	data\source\maps\英雄神农洇\英雄神农洇.map	
campfight	122	唐门	唐门	0	2	1	1500	10	1	0	0	0	1	0	0	0	1	16	1	0	0	0	0	0	1	1	0					0	1	0	data\source\maps\唐门\唐门.jsonmap	
campfight	123	低级唐门密室	低级唐门密室	1	128	1	5	10	0	0	128	0	1	1	0	0	0	16	0	0	0	0	131	0	0	1	0					0	0	0	data\source\maps\低级唐门密室\低级唐门密室.jsonmap	
campfight	125	唐门密室	唐门密室	1	320	1	5	2	0	0	128	0	1	0	0	0	0	16	0	0	0	0	131	0	0	1	0					0	0	0	data\source\maps\唐门密室\唐门密室.jsonmap	
campfight	126	神剑冢	神剑冢	1	256	1	25	10	0	0	131	0	1	1	0	0	0	16	0	0	0	0	131	0	0	1	0			7		0	0	0	data\source\maps\神剑冢\神剑冢.jsonmap	
campfight	127	天山碎冰谷	天山碎冰谷	2	2048	1	1024	2	0	0	8	2	4	0	0	0	0	1	0	1	0	0	8	0	0	1	0			7		0	0	0	data\source\maps\天山碎冰谷\天山碎冰谷.jsonmap	
campfight	128	乐山大佛窟	乐山大佛窟	2	2048	1	1024	2	0	0	8	2	4	0	0	0	0	1	0	1	0	0	8	0	0	1	0			7		0	0	0	data\source\maps\乐山大佛窟\乐山大佛窟.jsonmap	
campfight	129	华山之巅	华山之巅	2	2048	1	1024	2	0	0	8	2	4	0	0	0	0	1	0	1	0	0	8	0	0	1	0			7		0	0	0	data\source\maps\华山之巅\华山之巅.jsonmap	
campfight	130	英雄荻花洞窟	英雄荻花洞窟	1	256	1	25	2	0	0	128	0	1	1	0	0	0	16	0	0	0	0	131	0	0	1	0					0	0	0	data\source\maps\英雄荻花洞窟\英雄荻花洞窟.jsonmap	
campfight	131	持国天王回忆录	持国天王回忆录	1	320	1	10	2	0	0	128	0	1	1	0			16				0	131	0	0	1	0					0	0	0	data\source\maps\持国天王回忆录\持国天王回忆录.jsonmap	
campfight	133	25人英雄烛龙殿	25人英雄烛龙殿	1	512	1	25	2	0	0	128	0	1	1	0	0	0	16	0	0	0	0	128	0	0	1	0					0	0	0	data\source\maps\25人英雄烛龙殿\25人英雄烛龙殿.jsonmap	
campfight	134	烛龙殿	烛龙殿	1	256	1	10	10	0	0	128	0	1	1	0	0	0	16	0	0	0	0	128	0	0	1	0					0	0	0	data\source\maps\烛龙殿\烛龙殿.jsonmap	
campfight	135	三国古战场	三国古战场	2	512	1	34	2	0	160	0	2	5	0	0	0	0	16	0	0	0	0	256	0	1	1	0		1	7		0	0	0	data\source\maps\三国古战场\三国古战场.jsonmap	
campfight	136	会战唐门	会战唐门	1	256	1	10	10	0	0	128	0	1	1	0	0	0	16	0	0		0	131	0	0	1	0					0	0	0	data\source\maps\会战唐门\会战唐门.jsonmap	
campfight	137	大漠楼兰	大漠楼兰	2	2048	1	1024	2	0	0	8	2	4	1	0	0	0	1	0	1	0	0	8	1	0	1	0			7		0	0	0	data\source\maps\大漠楼兰\大漠楼兰.map	
campfight	138	25人英雄会战唐门	25人英雄会战唐门	1	256	1	25	2	0	0	128	0	1	1	0	0	0	16	0	0		0	131	0	0	1	0					0	0	0	data\source\maps\25人英雄会战唐门\25人英雄会战唐门.jsonmap	
campfight	139	枫华谷_安史之乱	枫华谷·战乱	0	1	1	1000	10	1	0	0	0	4	0	0	1	1	16	1	0	1	0	0	0	1	1	1					1	1	0	data\source\maps\枫华谷_安史之乱\枫华谷_安史之乱.jsonmap	
campfight	140	南诏皇宫	南诏皇宫	1	256	1	10	10	0	0	128	0	1	1	0	0	0	16	0	0		0	131	0	0	1	0					0	0	0	data\source\maps\南诏皇宫\南诏皇宫.jsonmap	
campfight	141	光明顶秘道	光明顶秘道	1	320	1	5	2	0	0	128	0	1	0	0	0	0	16	0	0	0	0	131	0	0	1	0					0	0	0	data\source\maps\光明顶秘道\光明顶秘道.jsonmap	
campfight	142	低级光明顶秘道	低级光明顶秘道	1	128	1	5	2	0	0	128	0	1	1	0	0	0	16	0	0	0	0	131	0	0	1	0					0	0	0	data\source\maps\低级光明顶秘道\低级光明顶秘道.jsonmap	
campfight	143	试炼秘境1	试炼之地	1	1024	1	1	1	0	0	32	0	1	0	0	0	0	2	0	0	0	0	32	0	0	1	0					0	0	0	data\source\maps\试炼秘境1\试炼秘境1.jsonmap	
campfight	144	试炼秘境2	试炼之地	1	1024	1	1	1	0	0	32	0	1	0	0	0	0	2	0	0	0	0	32	0	0	1	0					0	0	0	data\source\maps\试炼秘境2\试炼秘境2.jsonmap	
campfight	145	试炼秘境3	试炼之地	1	1024	1	1	1	0	0	32	0	1	0	0	0	0	2	0	0	0	0	32	0	0	1	0					0	0	0	data\source\maps\试炼秘境3\试炼秘境3.jsonmap	
campfight	146	试炼秘境4	试炼之地	1	1024	1	1	1	0	0	32	0	1	0	0	0	0	2	0	0	0	0	32	0	0	1	0					0	0	0	data\source\maps\试炼秘境4\试炼秘境4.jsonmap	
campfight	147	试炼秘境5	试炼之地	1	1024	1	1	1	0	0	32	0	1	0	0	0	0	2	0	0	0	0	32	0	0	1	0					0	0	0	data\source\maps\试炼秘境5\试炼秘境5.jsonmap	
campfight	148	英雄持国回忆录	英雄持国回忆录	1	320	1	25	2	0	0	128	0	1	1	0			16				0	131	0	0	1	0					0	0	0	data\source\maps\英雄持国回忆录\英雄持国回忆录.jsonmap	
campfight	149	帮会约战	雪原争锋	2	2048	1	54	2	0	160	256	216	5	0	0	0	0	16	0	0	0	0	256	0	1	1	0	1		7		0	0	0	data\source\maps\帮会约战\帮会约战.jsonmap	
campfight	150	明教	明教	0	2	1	1500	10	1	0	0	0	1	0	0	0	1	16	1	0	0	0	0	0	1	1	0					0	1	0	data\source\maps\明教\明教.jsonmap	
campfight	151	洛阳_安史之乱	洛阳·战乱	0	1	1	1000	10	1	0	0	0	4	0	0	1	1	16	1	0	0	0	0	0	1	1	1					1	1	0	data\source\maps\洛阳_安史之乱\洛阳_安史之乱.jsonmap	
campfight	152	大唐监狱	大唐监狱	0	1	1	1500	10	1	0	64	2	4	0	0	0	0	16	0	0	0	0	64	0	1	1	0					1	1	0	data\source\maps\大唐监狱\大唐监狱.jsonmap	
campfight	153	马嵬驿	马嵬驿	0	1	1	1000	10	1	0	0	0	4	0	0	1	1	16	1	0	1	1	0	0	1	1	1					1	1	0	data\source\maps\马嵬驿\马嵬驿.jsonmap	
campfight	155	英雄南诏皇宫	英雄南诏皇宫	1	256	1	25	2	0	0	128	0	1	1	0	0	0	16	0	0	0	0	131	0	0	1	0					0	0	0	data\source\maps\英雄南诏皇宫\英雄南诏皇宫.jsonmap	
campfight	156	长安_安史之乱	长安·战乱	0	1	1	1800	10	1	0	0	0	4	0	0	1	1	16	1	0	0	0	0	0	1	1	0					1	1	0	data\source\maps\长安_安史之乱\长安_安史之乱.jsonmap	
campfight	157	英雄一线天	英雄一线天	1	400	1	5	10	0	0	128	0	1	0	0	0	0	16	0	0	0	0	131	0	0	1	0					0	0	0	data\source\maps\英雄一线天\英雄一线天.jsonmap	
campfight	158	天策_安史之乱	天策·战乱	0	1	1	1800	10	1	0	0	0	1	0	0	0	1	16	1	0	0	0	0	0	1	1	0					1	1	0	data\source\maps\天策_安史之乱\天策_安史之乱.jsonmap	
campfight	159	丐帮	丐帮	0	2	1	1500	10	1	0	0	0	1	0	0	0	1	16	1	0	0	0	131	0	1	1	0					0	1	0	data\source\maps\丐帮\丐帮.jsonmap	
campfight	160	战宝军械库	战宝军械库	1	256	1	10	2	0	0	128	0	1	1	0	0	0	16	0	0		0	131	0	0	1	0					0	0	0	data\source\maps\战宝军械库\战宝军械库.jsonmap	
campfight	161	华清宫	华清宫	1	320	1	5	10	0	0	128	0	1	0	0	0	0	16	0	0	0	0	131	0	0	1	0					0	0	0	data\source\maps\华清宫\华清宫.jsonmap	
campfight	162	英雄华清宫	英雄华清宫	1	400	1	5	10	0	0	128	0	1	0	0	0	0	16	0	0	0	0	131	0	0	1	0					0	0	0	data\source\maps\英雄华清宫\英雄华清宫.jsonmap	
campfight	163	华清宫回忆录	华清宫回忆录	1	400	1	5	10	0	0	128	0	1	0	0	0	0	16	0	0	0	0	131	0	0	1	0					0	0	0	data\source\maps\华清宫回忆录\华清宫回忆录.jsonmap	
campfight	164	大明宫	大明宫	1	256	1	10	10	0	0	128	0	1	1	0	0	0	16	0	0	0	0	128	0	0	1	0					0	0	0	data\source\maps\大明宫\大明宫.jsonmap	
campfight	165	英雄大明宫	英雄大明宫	1	256	1	25	2	0	0	128	0	1	1	0	0	0	16	0	0	0	0	128	0	0	1	0					0	0	0	data\source\maps\英雄大明宫\英雄大明宫.jsonmap	
campfight	167	一线天	一线天	1	320	1	5	10	0	0	128	0	1	0	0	0	0	16	0	0	0	0	131	0	0	1	0					0	0	0	data\source\maps\一线天\一线天.jsonmap	
campfight	169	流离岛	流离岛	1	320	1	5	10	0	0	128	0	1	0	0	0	0	16	0	0	0	0	131	0	0	1	0					0	0	0	data\source\maps\流离岛\流离岛.jsonmap	
campfight	170	英雄流离岛	英雄流离岛	1	400	1	5	10	0	0	128	0	1	0	0	0	0	16	0	0	0	0	131	0	0	1	0					0	0	0	data\source\maps\英雄流离岛\英雄流离岛.jsonmap	
campfight	171	英雄战宝军械库	英雄战宝军械库	1	256	1	25	2	0	0	128	0	1	1	0	0	0	16	0	0	0	0	131	0	0	1	0					0	0	0	data\source\maps\英雄战宝军械库\英雄战宝军械库.jsonmap	
campfight	172	长安内城	长安城	0	1	1	1800	10	1	0	16	0	1	0	0	0	1	16	1	0	0	1	16	0	0	1	0					0	1	0	data\source\maps\长安内城\长安内城.jsonmap	
campfight	173	齐物阁	齐物阁	2	512	1	27	2	0	0	8	1	5	0	0	0	0	1	0	0	0	0	8	0	0	1	0			7		0	0	0	data\source\maps\齐物阁\齐物阁.map	
campfight	174	迷仙引	迷仙引	1	1024	1	2	10	1	0	131	0	1	0	0	0	0	16	0	0	0	0	131	0	0	1	0					0	0	0	data\source\maps\迷仙引\迷仙引.jsonmap	
campfight	175	血战天策	血战天策	1	256	1	10	10	0	0	128	0	1	1	0	0	0	16	0	0	0	0	128	0	0	1	0					0	0	0	data\source\maps\血战天策\血战天策.jsonmap	
campfight	176	英雄血战天策	英雄血战天策	1	256	1	25	2	0	0	128	0	1	1	0	0	0	16	0	0	0	0	128	0	0	1	0					0	0	0	data\source\maps\英雄血战天策\英雄血战天策.jsonmap	
campfight	177	风雪稻香村	风雪稻香村	1	256	1	10	10	0	0	128	0	1	1	0	0	0	16	0	0	0	0	128	0	0	1	0					0	0	0	data\source\maps\风雪稻香村\风雪稻香村.jsonmap	
campfight	178	英雄风雪稻香村	英雄风雪稻香村	1	256	1	25	2	0	0	128	0	1	1	0	0	0	16	0	0	0	0	128	0	0	1	0					0	0	0	data\source\maps\英雄风雪稻香村\英雄风雪稻香村.jsonmap	
campfight	179	直城门	直城门	1	400	1	5	10	0	0	128	0	1	0	0	0	0	16	0	0	0	0	131	0		1	0					0	0	0	data\source\maps\直城门\直城门.jsonmap	
campfight	181	狼影殿	狼影殿	2	512	1	45	2	0	0	8	475	5	0	0	0	0	1	0	0	0	0	8	0	0	1	0			7		0	0	0	data\source\maps\狼影殿\狼影殿.map	
campfight	182	秦皇陵	秦皇陵	1	256	1	10	10	0	0	128	0	1	1	0	0	0	16	0	0	0	0	128	0	0	1						0	0	0	data\source\maps\秦皇陵\秦皇陵.jsonmap	
campfight	183	英雄秦皇陵	英雄秦皇陵	1	256	1	25	2	0	0	128	0	1	1	0	0	0	16	0	0	0	0	128	0	0	1						0	0	0	data\source\maps\英雄秦皇陵\英雄秦皇陵.jsonmap	
campfight	184	墨家秘殿	墨家秘殿	1	320	1	5	10	0	0	128	0	1	0	0	0	0	16	0	0	0	0	131	0		1	0					0	0	0	data\source\maps\墨家秘殿\墨家秘殿.jsonmap	
campfight	186	冷香丘	浮香丘	2	512	1	34	2	0	160	0	2	5	0	0	0	0	16	0	0	0	0	256	0	1	1	0		1	7		0	0	0	data\source\maps\冷香丘\冷香丘.jsonmap	
campfight	187	春明门	春明门	1	256	1	5	10	0	0	128	0	1	1	0	0	0	16	0	0	0	0	131	0	0							0	0	0	data\source\maps\春明门\春明门.jsonmap	
campfight	189	寻宝洞_野人谷	藏宝洞·野人谷	1	1024	1	5	2	0	0	130	0	1	0	0	0	0	16	0	0	0	0	131	0	0	1	0					0	0	0	data\source\maps\寻宝洞_野人谷\寻宝洞_野人谷.jsonmap	
campfight	190	寻宝洞_夜狼山	藏宝洞·夜狼山	1	1024	1	5	2	0	0	130	0	1	0	0	0	0	16	0	0	0	0	131	0	0	1	0					0	0	0	data\source\maps\寻宝洞_夜狼山\寻宝洞_夜狼山.jsonmap	
campfight	191	太原之战_夜守孤城	太原之战·夜守孤城	1	256	1	10	10	0	0	128	0	1	1	0	0	0	16	0	0	0	0	128	0	0	1						0	0	0	data\source\maps\太原之战_夜守孤城\太原之战_夜守孤城.jsonmap	
campfight	192	太原之战_逐虎驱狼	太原之战·逐虎驱狼	1	256	1	10	10	0	0	128	0	1	1	0	0	0	16	0	0	0	0	128	0	0	1						0	0	0	data\source\maps\太原之战_逐虎驱狼\太原之战_逐虎驱狼.jsonmap	
campfight	193	苍云	苍云	0	2	1	1500	10	1	0	0	0	1	0	0	0	1	16	1	0	0	0	131	0	1	1	0					0	1	0	data\source\maps\苍云\苍云.jsonmap	
campfight	194	太原	太原	0	1	1	1000	10	1	0	16	0	1	0	0	0	1	16	1	0	0	1	16	0	1	1	0					0	1	0	data\source\maps\太原\太原.jsonmap	
campfight	195	雁门关之役	雁门关之役	1	320	1	5	10	0	0	128	0	1	0	0	0	0	16	0	0	0	0	131	0	0	1	0					0	0	0	data\source\maps\雁门关之役\雁门关之役.jsonmap	
campfight	196	普通雁门关之役	普通雁门关之役	1	320	1	5	10	0	0	128	0	1	0	0	0	0	16	0	0	0	0	131	0	0	1	0					0	0	0	data\source\maps\普通雁门关之役\普通雁门关之役.jsonmap	
campfight	197	苍云血誓	苍云	0	2	1	1500	10	1	0	0	0	1	0	0	0	0	16	0	0	0	0	131	0	1	1	0					0	1	0	data\source\maps\苍云血誓\苍云血誓.jsonmap	
campfight	198	英雄太原之战_夜守孤城	英雄太原之战·夜守孤城	1	256	1	25	2	0	0	128	0	1	1	0	0	0	16	0	0	0	0	128	0	0	1						0	0	0	data\source\maps\英雄太原之战_夜守孤城\英雄太原之战_夜守孤城.jsonmap	
campfight	199	英雄太原之战_逐虎驱狼	英雄太原之战·逐虎驱狼	1	512	1	25	2	0	0	128	0	1	1	0	0	0	16	0	0	0	0	128	0	0	1						0	0	0	data\source\maps\英雄太原之战_逐虎驱狼\英雄太原之战_逐虎驱狼.jsonmap	
campfight	200	璨翠海厅	璨翠海厅	1	400	1	5	10	0	0	128	0	1	1	0	0	0	16	0	0	0	0	131	0	0	1	0					0	0	0	data\source\maps\璨翠海厅\璨翠海厅.jsonmap	
campfight	203	天泣林	天泣林	1	256	1	5	10	0	0	128	0	1	1	0	0	0	16	0	0	0	0	131	0	0							0	0	0	data\source\maps\天泣林\天泣林.jsonmap	
campfight	204	阴山圣泉	阴山圣泉	1	256	1	5	10	0	0	128	0	1	1	0	0	0	16	0	0	0	0	131	0	0							0	0	0	data\source\maps\阴山圣泉\阴山圣泉.jsonmap	
campfight	205	挑战太原之战_夜守孤城	挑战太原之战·夜守孤城	1	256	1	25	2	0	0	128	0	1	1	0	0	0	16	0	0	0	0	128	0	0	1						0	0	0	data\source\maps\挑战太原之战_夜守孤城\挑战太原之战_夜守孤城.jsonmap	
campfight	206	挑战太原之战_逐虎驱狼	挑战太原之战·逐虎驱狼	1	256	1	25	2	0	0	128	0	1	1	0	0	0	16	0	0	0	0	128	0	0	1						0	0	0	data\source\maps\挑战太原之战_逐虎驱狼\挑战太原之战_逐虎驱狼.jsonmap	
campfight	209	梵空禅院	梵空禅院	1	256	1	5	10	0	0	128	0	1	1	0	0	0	16	0	0	0	0	131	0	0							0	0	0	data\source\maps\梵空禅院\梵空禅院.jsonmap	
campfight	211	10人挑战太原之战_夜守孤城	10人挑战太原之战·夜守孤城	1	256	1	10	10	0	0	128	0	1	1	0	0	0	16	0	0	0	0	128	0	0	1						0	0	0	data\source\maps\10人挑战太原之战_夜守孤城\10人挑战太原之战_夜守孤城.jsonmap	
campfight	212	10人挑战太原之战_逐虎驱狼	10人挑战太原之战·逐虎驱狼	1	256	1	10	10	0	0	128	0	1	1	0	0	0	16	0	0	0	0	128	0	0	1						0	0	0	data\source\maps\10人挑战太原之战_逐虎驱狼\10人挑战太原之战_逐虎驱狼.jsonmap	
campfight	213	长歌门	长歌门	0	2	1	1500	10	1	0	0	0	1	0	0	0	1	16	1	0	0	0	131	0	1	1	0					0	1	0	data\source\maps\长歌门\长歌门.jsonmap	
campfight	214	五台山	五台山	0	1	1	1000	10	1	0	0	0	4	0	0	1	1	16	1	0	0	0	0	0	1	1	1					1	1	0	data\source\maps\五台山\五台山.jsonmap	
campfight	215	千岛湖	千岛湖	0	1	1	1000	10	1	0	0	0	4	0	0	1	1	16	1	0	0	0	0	0	1	1	1					1	1	0	data\source\maps\千岛湖\千岛湖.jsonmap	
campfight	216	阴山大草原	阴山大草原	0	1	1	1000	10	1	0	0	0	4	0	0	1	1	16	1	0	1	0	0	0	1	1	1					1	1	0	data\source\maps\阴山大草原\阴山大草原.jsonmap	
campfight	217	黑戈壁	黑戈壁	0	1	1	1000	10	1	0	0	0	4	0	0	1	1	16	1	0	0	0	0	0	1	1	1					1	1	0	data\source\maps\黑戈壁\黑戈壁.jsonmap	
campfight	218	引仙水榭	引仙水榭	1	256	1	5	10	0	0	128	0	1	1	0	0	0	16	0	0	0	0	131	0	0							0	0	0	data\source\maps\引仙水榭\引仙水榭.jsonmap	
campfight	219	微山书院	微山书院	1	256	1	5	10	0	0	128	0	1	1	0	0	0	16	0	0	0	0	131	0	0							0	0	0	data\source\maps\微山书院\微山书院.jsonmap	
campfight	220	永王行宫_仙侣庭园	永王行宫_仙侣庭园	1	256	1	10	10	0	0	128	0	1	1	0	0	0	16	0	0	0	0	128	0	0	1						0	0	0	data\source\maps\永王行宫_仙侣庭园\永王行宫_仙侣庭园.jsonmap	
campfight	221	永王行宫_花月别院	永王行宫_花月别院	1	256	1	10	10	0	0	128	0	1	1	0	0	0	16	0	0	0	0	128	0	0	1						0	0	0	data\source\maps\永王行宫_花月别院\永王行宫_花月别院.jsonmap	
campfight	222	挑战璨翠海厅	挑战璨翠海厅	1	400	1	5	10	0	0	128	0	1	1	0	0	0	16	0	0	0	0	131	0	0	1	0					0	0	0	data\source\maps\挑战璨翠海厅\挑战璨翠海厅.jsonmap	
campfight	224	英雄天泣林	英雄天泣林	1	1024	1	5	3	0	0	128	0	1	1	0	0	0	16	0	0	0	0	131	0	0							0	0	0	data\source\maps\英雄天泣林\英雄天泣林.jsonmap	
campfight	225	英雄微山书院	英雄微山书院	1	1024	1	5	3	0	0	128	0	1	1	0	0	0	16	0	0	0	0	131	0	0							0	0	0	data\source\maps\英雄微山书院\英雄微山书院.jsonmap	
campfight	227	英雄阴山圣泉	英雄阴山圣泉	1	1024	1	5	3	0	0	128	0	1	1	0	0	0	16	0	0	0	0	131	0	0							0	0	0	data\source\maps\英雄阴山圣泉\英雄阴山圣泉.jsonmap	
campfight	228	英雄梵空禅院	英雄梵空禅院	1	1024	1	5	3	0	0	128	0	1	1	0	0	0	16	0	0	0	0	131	0	0							0	0	0	data\source\maps\英雄梵空禅院\英雄梵空禅院.jsonmap	
campfight	229	英雄引仙水榭	英雄引仙水榭	1	1024	1	5	3	0	0	128	0	1	1	0	0	0	16	0	0	0	0	131	0	0							0	0	0	data\source\maps\英雄引仙水榭\英雄引仙水榭.jsonmap	
campfight	230	英雄永王行宫_花月别院	英雄永王行宫_花月别院	1	256	1	25	2	0	0	128	0	1	1	0	0	0	16	0	0	0	0	128	0	0	1						0	0	0	data\source\maps\英雄永王行宫_花月别院\英雄永王行宫_花月别院.jsonmap	
campfight	231	英雄永王行宫_仙侣庭园	英雄永王行宫_仙侣庭园	1	256	1	25	2	0	0	128	0	1	1	0	0	0	16	0	0	0	0	128	0	0	1						0	0	0	data\source\maps\英雄永王行宫_仙侣庭园\英雄永王行宫_仙侣庭园.jsonmap	
campfight	232	帮会永王行宫_仙侣庭园	试炼永王行宫_仙侣庭园	1	256	1	25	2	0	0	128	0	1	1	0	0	0	16	0	0	0	0	128	0	0	1				7		0	0	0	data\source\maps\帮会永王行宫_仙侣庭园\帮会永王行宫_仙侣庭园.map	
campfight	233	帮会永王行宫_花月别院	试炼永王行宫_花月别院	1	256	1	25	2	0	0	128	0	1	1	0	0	0	16	0	0	0	0	128	0	0	1				7		0	0	0	data\source\maps\帮会永王行宫_花月别院\帮会永王行宫_花月别院.map	
campfight	234	10人挑战永王行宫_仙侣庭园	10人挑战永王行宫_仙侣庭园	1	256	1	10	10	0	0	128	0	1	1	0	0	0	16	0	0	0	0	128	0	0	1						0	0	0	data\source\maps\10人挑战永王行宫_仙侣庭园\10人挑战永王行宫_仙侣庭园.jsonmap	
campfight	235	10人挑战永王行宫_花月别院	10人挑战永王行宫_花月别院	1	256	1	10	10	0	0	128	0	1	1	0	0	0	16	0	0	0	0	128	0	0	1						0	0	0	data\source\maps\10人挑战永王行宫_花月别院\10人挑战永王行宫_花月别院.jsonmap	
campfight	236	25人挑战永王行宫_仙侣庭园	25人挑战永王行宫_仙侣庭园	1	256	1	25	2	0	0	128	0	1	1	0	0	0	16	0	0	0	0	128	0	0	1						0	0	0	data\source\maps\25人挑战永王行宫_仙侣庭园\25人挑战永王行宫_仙侣庭园.jsonmap	
campfight	237	25人挑战永王行宫_花月别院	25人挑战永王行宫_花月别院	1	256	1	25	2	0	0	128	0	1	1	0	0	0	16	0	0	0	0	128	0	0	1						0	0	0	data\source\maps\25人挑战永王行宫_花月别院\25人挑战永王行宫_花月别院.jsonmap	
campfight	238	青竹书院	青竹书院	2	2048	1	1024	2	0	0	8	2	4	0	0	0	0	1	0	1	0	0	8	0	0	1	0			7		0	0	0	data\source\maps\青竹书院\青竹书院.jsonmap	
campfight	239	洛阳城北	洛阳城	0	1	1	1100	10	1	0	0	0	4	0	0	1	1	16	1	0	0	0	0	0	1	1	0					1	1	0	data\source\maps\洛阳城北\洛阳城北.jsonmap	
campfight	240	上阳宫_观风殿	上阳宫_观风殿	1	256	1	10	10	0	0	128	0	1	1	0	0	0	16	0	0	0	0	128	0	0	1						0	0	0	data\source\maps\上阳宫_观风殿\上阳宫_观风殿.jsonmap	
campfight	241	上阳宫_双曜亭	上阳宫_双曜亭	1	256	1	10	10	0	0	128	0	1	1	0	0	0	16	0	0	0	0	128	0	0	1						0	0	0	data\source\maps\上阳宫_双曜亭\上阳宫_双曜亭.jsonmap	
campfight	242	白帝水宫	白帝水宫	1	1024	1	5	2	0	0	128	0	1	1	0	0	0	16	0	0	0	0	131	0	0							0	0	0	data\source\maps\白帝水宫\白帝水宫.jsonmap	
campfight	243	霸刀山庄	霸刀山庄	0	2	1	1500	10	1	0	0	0	1	0	0	0	1	16	1	0	0	0	131	0	1	1	0					0	1	0	data\source\maps\霸刀山庄\霸刀山庄.jsonmap	
campfight	244	挑战白帝水宫	挑战白帝水宫	1	1024	1	5	2	0	0	128	0	1	1	0	0	0	16	0	0	0	0	131	0	0	1	0					0	0	0	data\source\maps\挑战白帝水宫\挑战白帝水宫.jsonmap	
campfight	245	大梦迷境	大梦迷境	1	1024	1	1	5	1	0	131	0	1	0	0	0	0	16	0	0	0	0	131	0	0	1	0					0	0	0	data\source\maps\大梦迷境\大梦迷境.jsonmap	
campfight	246	星海幻景	星海幻景	1	2048	1	5	10	1	0	128	0	1	0	0	0	0	16	0	0	0	0	131	0	0	1	0					0	0	0	data\source\maps\星海幻景\星海幻景.jsonmap	
campfight	247	梦回稻香	梦回稻香	1	2048	1	1	2	1	0	0	0	1	0	0	0	0	16	0	0	0	0	32	0	1	1	0					0	0	0	data\source\maps\梦回稻香\梦回稻香.jsonmap	
campfight	248	英雄上阳宫_观风殿	英雄上阳宫_观风殿	1	256	1	25	2	0	0	128	0	1	1	0	0	0	16	0	0	0	0	128	0	0	1						0	0	0	data\source\maps\英雄上阳宫_观风殿\英雄上阳宫_观风殿.jsonmap	
campfight	249	英雄上阳宫_双曜亭	英雄上阳宫_双曜亭	1	256	1	25	2	0	0	128	0	1	1	0	0	0	16	0	0	0	0	128	0	0	1						0	0	0	data\source\maps\英雄上阳宫_双曜亭\英雄上阳宫_双曜亭.jsonmap	
campfight	250	帮会上阳宫_观风殿	试炼上阳宫_观风殿	1	256	1	25	2	0	0	128	0	1	1	0	0	0	16	0	0	0	0	128	0	0	1				7		0	0	0	data\source\maps\帮会上阳宫_观风殿\帮会上阳宫_观风殿.map	
campfight	251	帮会上阳宫_双曜亭	试炼上阳宫_双曜亭	1	256	1	25	2	0	0	128	0	1	1	0	0	0	16	0	0	0	0	128	0	0	1				7		0	0	0	data\source\maps\帮会上阳宫_双曜亭\帮会上阳宫_双曜亭.map	
campfight	256	夕颜阁	夕颜阁	1	1024	1	5	2	0	0	128	0	1	1	0	0	0	16	0	0	0	0	131	0	0							0	0	0	data\source\maps\夕颜阁\夕颜阁.jsonmap	
campfight	257	英雄夕颜阁	英雄夕颜阁	1	1024	1	5	2	0	0	128	0	1	1	0	0	0	16	0	0	0	0	131	0	0							0	0	0	data\source\maps\英雄夕颜阁\英雄夕颜阁.jsonmap	
campfight	258	素月清秋	素月清秋	1	1024	1	5	10	1	0	128	0	1	0	0	0	0	16	0	0	0	0	131	0	0	1	0					0	0	0	data\source\maps\素月清秋\素月清秋.jsonmap	
campfight	259	竞技大师_华山之巅	竞技大师_华山之巅	0	1	1	200	10	1	0	0	0	1	0	0	1	1	16	1	0	1	1	0	0	0	1	0			7		0	1	0	data\source\maps\竞技大师_华山之巅\竞技大师_华山之巅.jsonmap	
campfight	260	挑战夕颜阁	挑战夕颜阁	1	1024	1	5	2	0	0	128	0	1	1	0	0	0	16	0	0	0	0	131	0	0	1	0					0	0	0	data\source\maps\挑战夕颜阁\挑战夕颜阁.jsonmap	
campfight	261	天街灯市	天街灯市	1	1024	1	5	10	1	0	128	0	1	0	0	0	0	16	0	0	0	0	131	0	0	1	0					0	0	0	data\source\maps\天街灯市\天街灯市.jsonmap	
campfight	262	刀轮海厅	刀轮海厅	1	1024	1	5	2	0	0	128	0	1	1	0	0	0	16	0	0	0	0	131	0	0							0	0	0	data\source\maps\刀轮海厅\刀轮海厅.jsonmap	
campfight	263	风雷刀谷_锻刀厅	风雷刀谷_锻刀厅	1	256	1	10	10	0	0	128	0	1	1	0	0	0	16	0	0	0	0	128	0	0	1						0	0	0	data\source\maps\风雷刀谷_锻刀厅\风雷刀谷_锻刀厅.jsonmap	
campfight	264	风雷刀谷_千雷殿	风雷刀谷_千雷殿	1	256	1	10	10	0	0	128	0	1	1	0	0	0	16	0	0	0	0	128	0	0	1						0	0	0	data\source\maps\风雷刀谷_千雷殿\风雷刀谷_千雷殿.jsonmap	
campfight	265	春节天街灯市	天街灯市·春节·福	0	1	1	1000	10	1	0	0	0	1	0	0	0	0	16	0	0	0	0	0	0	0	1	0					0	0	0	data\source\maps\春节天街灯市\春节天街灯市.jsonmap	
campfight	266	春节天街灯市	天街灯市·春节·禄	0	1	1	1000	10	1	0	0	0	1	0	0	0	0	16	0	0	0	0	0	0	0	1	0					0	0	0	data\source\maps\春节天街灯市\春节天街灯市.jsonmap	
campfight	267	春节天街灯市	天街灯市·春节·寿	0	1	1	1000	10	1	0	0	0	1	0	0	0	0	16	0	0	0	0	0	0	0	1	0					0	0	0	data\source\maps\春节天街灯市\春节天街灯市.jsonmap	
campfight	268	春节天街灯市	天街灯市·春节·祥	0	1	1	1000	10	1	0	0	0	1	0	0	0	0	16	0	0	0	0	0	0	0	1	0					0	0	0	data\source\maps\春节天街灯市\春节天街灯市.jsonmap	
campfight	269	春节天街灯市	天街灯市·春节·禧	0	1	1	1000	10	1	0	0	0	1	0	0	0	0	16	0	0	0	0	0	0	0	1	0					0	0	0	data\source\maps\春节天街灯市\春节天街灯市.jsonmap	
campfight	270	英雄风雷刀谷_千雷殿	英雄风雷刀谷_千雷殿	1	256	1	25	2	0	0	128	0	1	1	0	0	0	16	0	0	0	0	128	0	0	1						0	0	0	data\source\maps\英雄风雷刀谷_千雷殿\英雄风雷刀谷_千雷殿.jsonmap	
campfight	271	英雄风雷刀谷_锻刀厅	英雄风雷刀谷_锻刀厅	1	768	1	25	2	0	0	128	0	1	1	0	0	0	16	0	0	0	0	128	0	0	1						0	0	0	data\source\maps\英雄风雷刀谷_锻刀厅\英雄风雷刀谷_锻刀厅.jsonmap	
campfight	272	帮会风雷刀谷_千雷殿	帮会风雷刀谷_千雷殿	1	256	1	25	2	0	0	128	0	1	1	0	0	0	16	0	0	0	0	128	0	0	1				7		0	0	0	data\source\maps\帮会风雷刀谷_千雷殿\帮会风雷刀谷_千雷殿.jsonmap	
campfight	273	帮会风雷刀谷_锻刀厅	帮会风雷刀谷_锻刀厅	1	256	1	25	2	0	0	128	0	1	1	0	0	0	16	0	0	0	0	128	0	0	1				7		0	0	0	data\source\maps\帮会风雷刀谷_锻刀厅\帮会风雷刀谷_锻刀厅.jsonmap	
campfight	274	春节天街灯市	天街灯市	1	1024	1	5	10	1	0	128	0	1	0	0	0	0	16	0	0	0	0	131	0	0	1	0					0	0	0	data\source\maps\春节天街灯市\春节天街灯市.jsonmap	
campfight	275	挑战刀轮海厅	挑战刀轮海厅	1	1024	1	5	2	0	0	128	0	1	1	0	0	0	16	0	0	0	0	131	0	0	1	0					0	0	0	data\source\maps\挑战刀轮海厅\挑战刀轮海厅.jsonmap	
campfight	276	拭剑园	拭剑园	0	1	1	1200	10	1	0	16	0	1	0	0	0	0	16	1	0	0	0	16	0	1	1	0			5		0	1	0	data\source\maps\拭剑园\拭剑园.jsonmap	
campfight	277	拭剑台	拭剑台	2	2048	1	1024	2	0	0	8	2	4	0	0	0	0	1	0	1	0	0	8	0	0	1	0			7		0	0	0	data\source\maps\拭剑台\拭剑台.jsonmap	
campfight	278	拭剑园	拭剑园	0	1	1	1200	10	1	0	16	0	1	0	0	0	0	16	1	0	0	0	16	0	1	1	0			5		0	1	0	data\source\maps\拭剑园\拭剑园.jsonmap	
campfight	279	拭剑园	拭剑园	0	1	1	1200	10	1	0	16	0	1	0	0	0	0	16	1	0	0	0	16	0	1	1	0			5		0	1	0	data\source\maps\拭剑园\拭剑园.jsonmap	
campfight	280	拭剑园	拭剑园	0	1	1	1200	10	1	0	16	0	1	0	0	0	0	16	1	0	0	0	16	0	1	1	0			5		0	1	0	data\source\maps\拭剑园\拭剑园.jsonmap	
campfight	281	拭剑园	拭剑园	0	1	1	1200	10	1	0	16	0	1	0	0	0	0	16	1	0	0	0	16	0	1	1	0			5		0	1	0	data\source\maps\拭剑园\拭剑园.jsonmap	
campfight	282	1024	1024	0	1	1	1600	10	1	0	0	0	5	0	0	0	0	16	0	0	0	0	0	0	1	1	0					1	1	5	data\source\maps\1024\1024.jsonmap	
campfight	283	狼牙堡_战兽山	狼牙堡_战兽山	1	512	1	10	10	0	0	128	0	1	1	0	0	0	16	0	0	0	0	128	0	0	1						0	0	0	data\source\maps\狼牙堡_战兽山\狼牙堡_战兽山.jsonmap	
campfight	284	狼牙堡_燕然峰	狼牙堡_燕然峰	1	512	1	10	10	0	0	128	0	1	1	0	0	0	16	0	0	0	0	128	0	0	1						0	0	0	data\source\maps\狼牙堡_燕然峰\狼牙堡_燕然峰.jsonmap	
campfight	285	银雾湖	银雾湖	1	1024	1	5	2	0	0	128	0	1	1	0	0	0	16	0	0	0	0	131	0	0							0	0	0	data\source\maps\银雾湖\银雾湖.jsonmap	
campfight	286	英雄狼牙堡_战兽山	英雄狼牙堡_战兽山	1	512	1	25	2	0	0	128	0	1	1	0	0	0	16	0	0	0	0	128	0	0	1						0	0	0	data\source\maps\英雄狼牙堡_战兽山\英雄狼牙堡_战兽山.jsonmap	
campfight	287	英雄狼牙堡_燕然峰	英雄狼牙堡_燕然峰	1	512	1	25	2	0	0	128	0	1	1	0	0	0	16	0	0	0	0	128	0	0	1						0	0	0	data\source\maps\英雄狼牙堡_燕然峰\英雄狼牙堡_燕然峰.jsonmap	
campfight	288	帮会狼牙堡_战兽山	帮会狼牙堡_战兽山	1	512	1	25	2	0	0	128	0	1	1	0	0	0	16	0	0	0	0	128	0	0	1				7		0	0	0	data\source\maps\帮会狼牙堡_战兽山\帮会狼牙堡_战兽山.jsonmap	
campfight	289	帮会狼牙堡_燕然峰	帮会狼牙堡_燕然峰	1	512	1	25	2	0	0	128	0	1	1	0	0	0	16	0	0	0	0	128	0	0	1				7		0	0	0	data\source\maps\帮会狼牙堡_燕然峰\帮会狼牙堡_燕然峰.jsonmap	
campfight	290	挑战银雾湖	挑战银雾湖	1	1024	1	5	2	0	0	128	0	1	1	0	0	0	16	0	0	0	0	131	0	0							0	0	0	data\source\maps\挑战银雾湖\挑战银雾湖.jsonmap	
campfight	291	稻香秘事	稻香秘事	1	4096	1	5	1	0	0	128	0	1	1	0	0	0	16	0	0	0	0	131	0		1	0					0	0	0	data\source\maps\稻香秘事\稻香秘事.jsonmap	
campfight	292	英雄稻香秘事	英雄稻香秘事	1	1024	1	5	2	0	0	128	0	1	1	0	0	0	16	0	0	0	0	131	0		1	0					0	0	0	data\source\maps\英雄稻香秘事\英雄稻香秘事.jsonmap	
campfight	293	拭剑园战场	拭剑园战场	1	4096	1	1	1	0	0	16	0	1	0	0	0	0	16	0	0	0	0	16	0	1	1	0			5		0	0	0	data\source\maps\拭剑园战场\拭剑园战场.jsonmap	
campfight	294	1024_商城默认	1024_商城默认	0	1	1	1200	10	1	0	0	0	5	0	0	0	0	16	0	0	0	0	0	0	1	1	0					1	1	5	data\source\maps\1024_商城默认\1024_商城默认.jsonmap	
campfight	295	挑战稻香秘事	挑战稻香秘事	1	1024	1	5	2	0	0	128	0	1	1	0	0	0	16	0	0	0	0	131	0		1	0					0	0	0	data\source\maps\挑战稻香秘事\挑战稻香秘事.jsonmap	
campfight	296	龙门寻宝	龙门绝境	2	512	1	118	2	0	160	512	2	5	0	0	0	0	4	0	0	0	0	8	1	1	1	0		1	7		0	0	0	data\source\maps\龙门寻宝\龙门寻宝.jsonmap	
campfight	297	龙门寻宝_夜晚	龙门绝境·夜	2	512	1	118	2	0	160	512	2	5	0	0	0	0	4	0	0	0	0	8	1	1	1	0		1	7		0	0	0	data\source\maps\龙门寻宝_夜晚\龙门寻宝_夜晚.jsonmap	
campfight	298	狼牙堡_辉天堑	狼牙堡·辉天堑	1	1024	1	10	5	0	0	128	0	1	1	0	0	0	16	0	0	0	0	128	0	0	1						0	0	0	data\source\maps\狼牙堡_辉天堑\狼牙堡_辉天堑.jsonmap	
campfight	299	狼牙堡_狼神殿	狼牙堡·狼神殿	1	1024	1	10	5	0	0	128	0	1	1	0	0	0	16	0	0	0	0	128	0	0	1						0	0	0	data\source\maps\狼牙堡_狼神殿\狼牙堡_狼神殿.jsonmap	
campfight	300	英雄狼牙堡_辉天堑	英雄狼牙堡·辉天堑	1	512	1	25	2	0	0	128	0	1	1	0	0	0	16	0	0	0	0	128	0	0	1						0	0	0	data\source\maps\英雄狼牙堡_辉天堑\英雄狼牙堡_辉天堑.jsonmap	
campfight	301	英雄狼牙堡_狼神殿	英雄狼牙堡·狼神殿	1	512	1	25	2	0	0	128	0	1	1	0	0	0	16	0	0	0	0	128	0	0	1						0	0	0	data\source\maps\英雄狼牙堡_狼神殿\英雄狼牙堡_狼神殿.jsonmap	
campfight	302	云梦幽泽	云梦幽泽	0	10	1	1200	10	1	0	0	0	1	0	0	0	0	16	0	0	0	0	0	0	1	1	0					0	1	0	data\source\maps\云梦幽泽\云梦幽泽.jsonmap	
campfight	303	历战_空雾峰	历战_空雾峰	1	1024	1	10	2	0	0	131	0	1	0	0	0	0	16	0	0	0	0	131	0	0	1	0			7		0	0	0	data\source\maps\历战_空雾峰\历战_空雾峰.jsonmap	
campfight	304	历战_天子峰	历战_天子峰	1	1024	1	10	2	0	0	131	0	1	0	0	0	0	16	0	0	0	0	131	0	0	1	0			7		0	0	0	data\source\maps\历战_天子峰\历战_天子峰.jsonmap	
campfight	305	历战_寂灭厅	历战_寂灭厅	1	1024	1	10	2	0	0	131	0	1	0	0	0	0	16	0	0	0	0	131	0	0	1	0			7		0	0	0	data\source\maps\历战_寂灭厅\历战_寂灭厅.jsonmap	
campfight	306	历战_毒神殿	历战_毒神殿	1	1024	1	10	2	0	0	131	0	1	0	0	0	0	16	0	0	0	0	131	0	0	1	0			7		0	0	0	data\source\maps\历战_毒神殿\历战_毒神殿.jsonmap	
campfight	307	历战_荻花圣殿	历战_荻花圣殿	1	1024	1	10	2	0	0	131	0	1	0	0	0	0	16	0	0	0	0	131	0	0	1	0			7		0	0	0	data\source\maps\历战_荻花圣殿\历战_荻花圣殿.jsonmap	
campfight	308	历战_风雷刀谷	历战_风雷刀谷	1	1024	1	10	2	0	0	131	0	1	0	0	0	0	16	0	0	0	0	131	0	0	1	0			7		0	0	0	data\source\maps\历战_风雷刀谷\历战_风雷刀谷.jsonmap	
campfight	309	历战_风雨稻香村	历战_风雨稻香村	1	1024	1	10	2	0	0	131	0	1	0	0	0	0	16	0	0	0	0	131	0	0	1	0			7		0	0	0	data\source\maps\历战_风雨稻香村\历战_风雨稻香村.jsonmap	
campfight	310	历战_灵霄峡	历战_灵霄峡	1	1024	1	10	2	0	0	131	0	1	0	0	0	0	16	0	0	0	0	131	0	0	1	0			7		0	0	0	data\source\maps\历战_灵霄峡\历战_灵霄峡.jsonmap	
campfight	311	历战_南诏皇宫	历战_南诏皇宫	1	1024	1	10	2	0	0	131	0	1	0	0	0	0	16	0	0	0	0	131	0	0	1	0			7		0	0	0	data\source\maps\历战_南诏皇宫\历战_南诏皇宫.jsonmap	
campfight	312	历战_日轮山城	历战_日轮山城	1	1024	1	10	2	0	0	131	0	1	0	0	0	0	16	0	0	0	0	131	0	0	1	0			7		0	0	0	data\source\maps\历战_日轮山城\历战_日轮山城.jsonmap	
campfight	313	历战_天地三才阵	历战_天地三才阵	1	1024	1	10	2	0	0	131	0	1	0	0	0	0	16	0	0	0	0	131	0	0	1	0			7		0	0	0	data\source\maps\历战_天地三才阵\历战_天地三才阵.jsonmap	
campfight	314	历战_无盐岛	历战_无盐岛	1	1024	1	10	2	0	0	131	0	1	0	0	0	0	16	0	0	0	0	131	0	0	1	0			7		0	0	0	data\source\maps\历战_无盐岛\历战_无盐岛.jsonmap	
campfight	315	历战_英雄风雨稻香村	历战_英雄风雨稻香村	1	1024	1	10	2	0	0	131	0	1	0	0	0	0	16	0	0	0	0	131	0	0	1	0			7		0	0	0	data\source\maps\历战_英雄风雨稻香村\历战_英雄风雨稻香村.jsonmap	
campfight	316	历战_荻花洞窟	历战_荻花洞窟	1	1024	1	10	2	0	0	131	0	1	0	0	0	0	16	0	0	0	0	131	0	0	1	0			7		0	0	0	data\source\maps\历战_荻花洞窟\历战_荻花洞窟.jsonmap	
campfight	317	历战_烛龙殿	历战_烛龙殿	1	1024	1	10	2	0	0	131	0	1	0	0	0	0	16	0	0	0	0	131	0	0	1	0			7		0	0	0	data\source\maps\历战_烛龙殿\历战_烛龙殿.jsonmap	
campfight	318	历战_持国天王殿	历战_持国天王殿	1	1024	1	10	2	0	0	131	0	1	0	0	0	0	16	0	0	0	0	131	0	0	1	0			7		0	0	0	data\source\maps\历战_持国天王殿\历战_持国天王殿.jsonmap	
campfight	321	思过园	思过园	3	1024	1	1800	2	1	0	16	0	1	0	0	0	0	16	0	0	0	0	16	0	1	1	0					0	1	0	data\source\maps\思过园\思过园.jsonmap	
campfight	322	洛道_李渡城	李渡鬼域	2	1024	1	100	2	0	160	2	2	5	0	0	0	0	16	0	0	0	0	256	0	0	1	0		1	7		0	0	0	data\source\maps\洛道_李渡城\洛道_李渡城.jsonmap	
campfight	323	帮会狼牙堡_辉天堑	帮会狼牙堡_辉天堑	1	512	1	25	2	0	0	128	0	1	1	0	0	0	16	0	0	0	0	128	0	0	1				7		0	0	0	data\source\maps\帮会狼牙堡_辉天堑\帮会狼牙堡_辉天堑.jsonmap	
campfight	324	帮会狼牙堡_狼神殿	帮会狼牙堡_狼神殿	1	512	1	25	2	0	0	128	0	1	1	0	0	0	16	0	0	0	0	128	0	0	1				7		0	0	0	data\source\maps\帮会狼牙堡_狼神殿\帮会狼牙堡_狼神殿.jsonmap	
campfight	325	洞天福地岛	洞天福地岛	0	1	1	1900	10	1	0	0	0	1	0	0	1	1	16	1	0	1	0	0	0	1	1	0					1	1	0	data\source\maps\洞天福地岛\洞天福地岛.jsonmap	
campfight	330	龙泉府	龙泉府	0	1	1	1100	10	1	0	0	0	4	0	0	1	1	16	1	0	1	0	0	0	1	1	1					1	1	0	data\source\maps\龙泉府\龙泉府.jsonmap	
campfight	331	九寨沟	九寨沟	0	1	1	1200	10	1	0	0	0	1	0	0	0	1	16	1	0	0	0	0	0	1	1	0					0	1	0	data\source\maps\九寨沟\九寨沟.jsonmap	
campfight	332	侠客岛	侠客岛	0	6	1	1200	10	1	0	16	0	1	0	0	0	1	16	1	0	0	1	16	0	1	1	0					0	1	0	data\source\maps\侠客岛\侠客岛.jsonmap	
campfight	333	蓬莱	蓬莱	0	2	1	1500	10	1	0	0	0	1	0	0	0	1	16	1	0	0	0	0	0	1	1	0					0	1	0	data\source\maps\蓬莱\蓬莱.jsonmap	
campfight	334	经首道源岛	经首道源岛	0	1	1	1000	10	1	0	0	0	4	0	0	1	1	16	1	0	0	0	0	0	1	1	1					1	1	0	data\source\maps\经首道源岛\经首道源岛.jsonmap	
campfight	337	洞天福地岛_泥兰洞天	泥兰洞天	1	1024	1	5	2	0	0	128	0	1	1	0	0	0	16	0	0	0	0	131	0	0							0	0	0	data\source\maps\洞天福地岛_泥兰洞天\洞天福地岛_泥兰洞天.jsonmap	
campfight	338	1024_昼夜循环	1024_昼夜循环	0	1	1	1200	10	1	0	0	0	5	0	0	0	0	16	0	0	0	0	0	0	1	1	0					1	1	5	data\source\maps\1024_昼夜循环\1024_昼夜循环.jsonmap	
campfight	339	经首道源岛_大衍盘丝洞	大衍盘丝洞	1	1024	1	5	2	0	0	128	0	1	1	0	0	0	16	0	0	0	0	131	0	0							0	0	0	data\source\maps\经首道源岛_大衍盘丝洞\经首道源岛_大衍盘丝洞.jsonmap	
campfight	340	龙泉府_镜泊湖	镜泊湖	1	1024	1	5	2	0	0	128	0	1	1	0	0	0	16	0	0	0	0	131	0	0							0	0	0	data\source\maps\龙泉府_镜泊湖\龙泉府_镜泊湖.jsonmap	
campfight	341	冰火岛_荒血路	冰火岛·荒血路	1	1024	1	10	5	0	0	128	0	1	1	0	0	0	16	0	0	0	0	128	0	0	1						0	0	0	data\source\maps\冰火岛_荒血路\冰火岛_荒血路.jsonmap	
campfight	342	蓬莱_九辩馆	九辩馆	1	1024	1	5	2	0	0	128	0	1	1	0	0	0	16	0	0	0	0	131	0	0							0	0	0	data\source\maps\蓬莱_九辩馆\蓬莱_九辩馆.jsonmap	
campfight	343	英雄侠客岛_迷渊岛	英雄迷渊岛	1	1024	1	5	2	0	0	128	0	1	1	0	0	0	16	0	0	0	0	131	0	0							0	0	0	data\source\maps\英雄侠客岛_迷渊岛\英雄侠客岛_迷渊岛.jsonmap	
campfight	344	浮丘岛	浮丘岛	1	4096	1	1	2	1	0	8	0	1	0	0	0	0	16	0	0	0	0	0	0	1	1	0					0	0	0	data\source\maps\浮丘岛\浮丘岛.jsonmap	
campfight	347	冰火岛_青莲狱	冰火岛·青莲狱	1	1024	1	10	5	0	0	128	0	1	1	0	0	0	16	0	0	0	0	128	0	0	1						0	0	0	data\source\maps\冰火岛_青莲狱\冰火岛_青莲狱.jsonmap	
campfight	348	英雄冰火岛_青莲狱	英雄冰火岛·青莲狱	1	512	1	25	2	0	0	128	0	1	1	0	0	0	16	0	0	0	0	128	0	0	1						0	0	0	data\source\maps\英雄冰火岛_青莲狱\英雄冰火岛_青莲狱.jsonmap	
campfight	349	挑战冰火岛_青莲狱	挑战冰火岛·青莲狱	1	512	1	25	2	0	0	128	0	1	1	0	0	0	16	0	0	0	0	128	0	0	1						0	0	0	data\source\maps\挑战冰火岛_青莲狱\挑战冰火岛_青莲狱.jsonmap	
campfight	350	帮会冰火岛_青莲狱	试炼冰火岛·青莲狱	1	512	1	25	2	0	0	128	0	1	1	0	0	0	16	0	0	0	0	128	0	0	1				7		0	0	0	data\source\maps\帮会冰火岛_青莲狱\帮会冰火岛_青莲狱.jsonmap	
campfight	354	英雄冰火岛_荒血路	英雄冰火岛·荒血路	1	512	1	25	2	0	0	128	0	1	1	0	0	0	16	0	0	0	0	128	0	0	1						0	0	0	data\source\maps\英雄冰火岛_荒血路\英雄冰火岛_荒血路.jsonmap	
campfight	355	英雄大衍盘丝洞	英雄大衍盘丝洞	1	1024	1	5	2	0	0	128	0	1	1	0	0	0	16	0	0	0	0	131	0	0							0	0	0	data\source\maps\英雄大衍盘丝洞\英雄大衍盘丝洞.jsonmap	
campfight	356	英雄洞天福地岛_泥兰洞天	英雄泥兰洞天	1	1024	1	5	2	0	0	128	0	1	1	0	0	0	16	0	0	0	0	131	0	0							0	0	0	data\source\maps\英雄洞天福地岛_泥兰洞天\英雄洞天福地岛_泥兰洞天.jsonmap	
campfight	357	英雄镜泊湖	英雄镜泊湖	1	1024	1	5	2	0	0	128	0	1	1	0	0	0	16	0	0	0	0	131	0	0							0	0	0	data\source\maps\英雄镜泊湖\英雄镜泊湖.jsonmap	
campfight	358	侠客岛_迷渊岛	迷渊岛	1	1024	1	5	2	0	0	128	0	1	1	0	0	0	16	0	0	0	0	131	0	0							0	0	0	data\source\maps\侠客岛_迷渊岛\侠客岛_迷渊岛.jsonmap	
campfight	359	英雄蓬莱_九辩馆	英雄九辩馆	1	1024	1	5	2	0	0	128	0	1	1	0	0	0	16	0	0	0	0	131	0	0							0	0	0	data\source\maps\英雄蓬莱_九辩馆\英雄蓬莱_九辩馆.jsonmap	
campfight	360	挑战冰火岛_荒血路	挑战冰火岛·荒血路	1	512	1	25	2	0	0	128	0	1	1	0	0	0	16	0	0	0	0	128	0	0	1						0	0	0	data\source\maps\挑战冰火岛_荒血路\挑战冰火岛_荒血路.jsonmap	
campfight	361	帮会冰火岛_荒血路	试炼冰火岛·荒血路	1	512	1	25	2	0	0	128	0	1	1	0	0	0	16	0	0	0	0	128	0	0	1				7		0	0	0	data\source\maps\帮会冰火岛_荒血路\帮会冰火岛_荒血路.jsonmap	
campfight	362	墟海之眼	墟海之眼	2	2048	1	1024	2	0	0	8	2	4	0	0	0	0	1	0	1	0	0	8	0	0	1	0			7		0	0	0	data\source\maps\墟海之眼\墟海之眼.jsonmap	
campfight	364	尘归海_巨冥湾	尘归海·巨冥湾	1	1024	1	10	5	0	0	128	0	1	1	0	0	0	16	0	0	0	0	128	0	0	1						0	0	0	data\source\maps\尘归海_巨冥湾\尘归海_巨冥湾.jsonmap	
campfight	365	英雄尘归海_巨冥湾	英雄尘归海·巨冥湾	1	512	1	25	2	0	0	128	0	1	1	0	0	0	16	0	0	0	0	128	0	0	1						0	0	0	data\source\maps\英雄尘归海_巨冥湾\英雄尘归海_巨冥湾.jsonmap	
campfight	366	挑战尘归海_巨冥湾	挑战尘归海·巨冥湾	1	512	1	25	2	0	0	128	0	1	1	0	0	0	16	0	0	0	0	128	0	0	1						0	0	0	data\source\maps\挑战尘归海_巨冥湾\挑战尘归海_巨冥湾.jsonmap	
campfight	368	尘归海_饕餮洞	尘归海·饕餮洞	1	1024	1	10	5	0	0	128	0	1	1	0	0	0	16	0	0	0	0	128	0	0	1						0	0	0	data\source\maps\尘归海_饕餮洞\尘归海_饕餮洞.jsonmap	
campfight	369	英雄尘归海_饕餮洞	英雄尘归海·饕餮洞	1	512	1	25	2	0	0	128	0	1	1	0	0	0	16	0	0	0	0	128	0	0	1						0	0	0	data\source\maps\英雄尘归海_饕餮洞\英雄尘归海_饕餮洞.jsonmap	
campfight	370	挑战尘归海_饕餮洞	挑战尘归海·饕餮洞	1	512	1	25	2	0	0	128	0	1	1	0	0	0	16	0	0	0	0	128	0	0	1						0	0	0	data\source\maps\挑战尘归海_饕餮洞\挑战尘归海_饕餮洞.jsonmap	
campfight	406	鲲鹏岛_周天屿	英雄周天屿	1	1024	1	5	2	0	0	128	0	1	1	0	0	0	16	0	0	0	0	131	0	0							0	0	0	data\source\maps\鲲鹏岛_周天屿\鲲鹏岛_周天屿.jsonmap	
campfight	407	挑战鲲鹏岛_周天屿	挑战周天屿	1	1024	1	5	2	0	0	128	0	1	1	0	0	0	16	0	0	0	0	131	0	0							0	0	0	data\source\maps\挑战鲲鹏岛_周天屿\挑战鲲鹏岛_周天屿.jsonmap	
campfight	410	海岛绝境	沧溟绝境	2	512	1	118	2	0	160	512	2	5	0	0	0	0	4	0	0	0	0	8	1	1	1	0		1	7		0	0	0	data\source\maps\海岛绝境\海岛绝境.jsonmap	
campfight	411	鲲鹏岛	鲲鹏岛	0	1	1	1000	10	1	0	0	0	4	0	0	0	1	16	1	0	0	1	0	0	1	1	1					1	1	0	data\source\maps\鲲鹏岛\鲲鹏岛.jsonmap	
campfight	412	列星岛	列星岛	2	1024	1	14	2	0	160	512	2	5	0	0	0	0	1	0	0	0	0	8	0	0	1	0		1	7		0	0	0	data\source\maps\列星岛\列星岛.jsonmap	
campfight	413	望扬镇_压力测试	望扬镇_压力测试	0	1	1	1500	10	1	0	0	0	1	0	0	0	1	16	1	0	0	1	16	0	1	1	0					0	1	0	data\source\maps\望扬镇_压力测试\望扬镇_压力测试.jsonmap	
campfight	414	扬州_望扬镇_家园_004	扬州_望扬镇_家园_004	1	1024	1	1500	10	1	0	0	0	1	0	0	0	0	16	0	0	0	1	16	0	1	1	0					0	1	0	data\source\maps\扬州_望扬镇_家园_004\扬州_望扬镇_家园_004.jsonmap	
campfight	415	野狸岛	野狸岛	2	512	1	24	2	0	0	3	1	5	0	0	0	0	4	0	0	0	0	256	1	0	1	0		1	7		0	0	0	data\source\maps\野狸岛\野狸岛.jsonmap	
campfight	417	HD登陆界面_蓬莱001	HD登陆界面_蓬莱001	0	1	1	1200	10	1	0	0	0	5	0	0	0	0	16	0	0	0	0	0	0	1	1	0					1	1	5	data\source\maps\HD登陆界面_蓬莱001\HD登陆界面_蓬莱001.jsonmap	
campfight	418	HD商城_001_1024	HD商城_001_1024	0	1	1	1200	10	1	0	0	0	5	0	0	0	0	16	0	0	0	0	0	0	1	1	0					1	1	5	data\source\maps\HD商城_001_1024\HD商城_001_1024.jsonmap	
campfight	419	凌雪阁	凌雪阁	0	2	1	1500	10	1	0	0	0	1	0	0	0	1	16	1	0	0	0	0	0	1	1	0					0	1	0	data\source\maps\凌雪阁\凌雪阁.jsonmap	
campfight	420	HD登陆界面002_空	HD登陆界面002_空	0	1	1	1200	10	1	0	0	0	5	0	0	0	0	16	0	0	0	0	0	0	1	1	0					1	1	5	data\source\maps\HD登陆界面002_空\HD登陆界面002_空.jsonmap	
campfight	421	浪客行_悬棺裂谷	浪客行·悬棺裂谷	1	4096	1	5	1	0	0	512	0	1	1	0	0	0	4	0	0	0	0	171	0		1	0			7		0	0	0	data\source\maps\浪客行_悬棺裂谷\浪客行_悬棺裂谷.jsonmap	
campfight	422	浪客行_草原路	浪客行·桑珠草原	1	4096	1	5	1	0	0	512	0	1	1	0	0	0	4	0	0	0	0	171	0		1	0			7		0	0	0	data\source\maps\浪客行_草原路\浪客行_草原路.jsonmap	
campfight	423	浪客行_东水寨	浪客行·东水寨	1	4096	1	5	1	0	0	512	0	1	1	0	0	0	4	0	0	0	0	171	0		1	0			7		0	0	0	data\source\maps\浪客行_东水寨\浪客行_东水寨.jsonmap	
campfight	424	浪客行_竹林路	浪客行·湘竹溪	1	4096	1	5	1	0	0	512	0	1	1	0	0	0	4	0	0	0	0	171	0		1	0			7		0	0	0	data\source\maps\浪客行_竹林路\浪客行_竹林路.jsonmap	
campfight	425	浪客行_鬼镇	浪客行·荒魂镇	1	4096	1	5	1	0	0	512	0	1	1	0	0	0	4	0	0	0	0	171	0		1	0			7		0	0	0	data\source\maps\浪客行_鬼镇\浪客行_鬼镇.jsonmap	
campfight	426	敖龙岛	敖龙岛	1	1024	1	10	5	0	0	128	0	1	1	0	0	0	16	0	0	0	0	128	0	0	1						0	0	0	data\source\maps\敖龙岛\敖龙岛.jsonmap	
campfight	427	25人普通敖龙岛	25人普通敖龙岛	1	512	1	25	2	0	0	128	0	1	1	0	0	0	16	0	0	0	0	128	0	0	1						0	0	0	data\source\maps\25人普通敖龙岛\25人普通敖龙岛.jsonmap	
campfight	428	25人英雄敖龙岛	25人英雄敖龙岛	1	512	1	25	2	0	0	128	0	1	1	0	0	0	16	0	0	0	0	128	0	0	1						0	0	0	data\source\maps\25人英雄敖龙岛\25人英雄敖龙岛.jsonmap	
campfight	431	凌雪阁_别鹤南墅	玄鹤别院	1	1024	1	5	2	0	0	128	0	1	1	0	0	0	16	0	0	0	0	131	0	0							0	0	0	data\source\maps\凌雪阁_别鹤南墅\凌雪阁_别鹤南墅.jsonmap	
campfight	432	英雄凌雪阁_别鹤南墅	英雄玄鹤别院	1	1024	1	5	2	0	0	128	0	1	1	0	0	0	16	0	0	0	0	131	0	0							0	0	0	data\source\maps\英雄凌雪阁_别鹤南墅\英雄凌雪阁_别鹤南墅.jsonmap	
campfight	433	浪客行_客栈	浪客行·有间客栈	1	4096	1	5	1	0	0	512	0	1	1	0	0	0	4	0	0	0	0	171	0		1	0			7		0	0	0	data\source\maps\浪客行_客栈\浪客行_客栈.jsonmap	
campfight	434	浪客行_森林路	浪客行·绥梦山	1	4096	1	5	1	0	0	512	0	1	1	0	0	0	4	0	0	0	0	171	0		1	0			7		0	0	0	data\source\maps\浪客行_森林路\浪客行_森林路.jsonmap	
campfight	435	浪客行_华清宫回忆录	浪客行·华清宫	1	4096	1	5	1	0	0	512	0	1	1	0	0	0	4	0	0	0	0	171	0		1	0			7		0	0	0	data\source\maps\浪客行_华清宫回忆录\浪客行_华清宫回忆录.jsonmap	
campfight	436	浪客行_枫华谷	浪客行·枫阳村	1	4096	1	5	1	0	0	512	0	1	1	0	0	0	4	0	0	0	0	171	0		1	0			7		0	0	0	data\source\maps\浪客行_枫华谷\浪客行_枫华谷.jsonmap	
campfight	437	浪客行_空雾峰	浪客行·荒雪路	1	4096	1	5	1	0	0	512	0	1	1	0	0	0	4	0	0	0	0	171	0		1	0			7		0	0	0	data\source\maps\浪客行_空雾峰\浪客行_空雾峰.jsonmap	
campfight	438	浪客行_荻花宫前山	浪客行·古祭坛	1	4096	1	5	1	0	0	512	0	1	1	0	0	0	4	0	0	0	0	171	0		1	0			7		0	0	0	data\source\maps\浪客行_荻花宫前山\浪客行_荻花宫前山.jsonmap	
campfight	439	浪客行_荻花洞窟	浪客行·雾荧洞	1	4096	1	5	1	0	0	512	0	1	1	0	0	0	4	0	0	0	0	171	0		1	0			7		0	0	0	data\source\maps\浪客行_荻花洞窟\浪客行_荻花洞窟.jsonmap	
campfight	440	浪客行_黑戈壁	浪客行·阴风峡	1	4096	1	5	1	0	0	512	0	1	1	0	0	0	4	0	0	0	0	171	0		1	0			7		0	0	0	data\source\maps\浪客行_黑戈壁\浪客行_黑戈壁.jsonmap	
campfight	441	浪客行_九寨沟	浪客行·翡翠瑶池	1	4096	1	5	1	0	0	512	0	1	1	0	0	0	4	0	0	0	0	171	0		1	0			7		0	0	0	data\source\maps\浪客行_九寨沟\浪客行_九寨沟.jsonmap	
campfight	442	浪客行_明教	浪客行·胡杨林道	1	4096	1	5	1	0	0	512	0	1	1	0	0	0	4	0	0	0	0	171	0		1	0			7		0	0	0	data\source\maps\浪客行_明教\浪客行_明教.jsonmap	
campfight	443	浪客行_永王行宫_仙侣庭园	浪客行·浮景峰	1	4096	1	5	1	0	0	512	0	1	1	0	0	0	4	0	0	0	0	171	0		1	0			7		0	0	0	data\source\maps\浪客行_永王行宫_仙侣庭园\浪客行_永王行宫_仙侣庭园.jsonmap	
campfight	444	蔷薇列岛	蔷薇列岛	0	1	1	1000	10	1	0	0	0	4	0	0	1	1	16	1	0	0	0	0	0	1	1	1					1	1	0	data\source\maps\蔷薇列岛\蔷薇列岛.jsonmap	
campfight	445	凌雪阁_江南府邸	江南府邸	1	4096	1	1	2	1	0	8	0	1	0	0	 	0	16	0	0	0	0	0	0	0	1	0					0	0	0	data\source\maps\凌雪阁_江南府邸\凌雪阁_江南府邸.jsonmap	
campfight	446	试炼之地	试炼之地	1	4096	1	1	1	0	0	131	0	1	0	0	0	0	2	0	0	0	0	32	0	0	1	0					0	0	0	data\source\maps\试炼之地\试炼之地.jsonmap	
campfight	447	HD商城_001	HD商城_001	0	1	1	1200	10	1	0	0	0	5	0	0	0	0	16	0	0	0	0	0	0	1	1	0					1	1	5	data\source\maps\HD商城_001\HD商城_001.jsonmap	
campfight	448	HD登陆界面_凌雪阁003	HD登陆界面_凌雪阁003	0	1	1	1200	10	1	0	0	0	5	0	0	0	0	16	0	0	0	0	0	0	1	1	0					1	1	5	data\source\maps\HD登陆界面_凌雪阁003\HD登陆界面_凌雪阁003.jsonmap	
campfight	450	miniscene角色光照无地形	miniscene角色光照无地形	0	1	1	1200	10	1	0	0	0	5	0	0	0	0	16	0	0	0	0	0	0	1	1	0					1	1	5	data\source\maps\HD登陆界面_凌雪阁003\HD登陆界面_凌雪阁003.jsonmap	
campfight	451	雪山温泉	雪山温泉	1	4096	1	5	1	0	0	0	0	1	1	0	0	0	16	0	0	0	0	131	0	0					7		0	0	0	data\source\maps\雪山温泉\雪山温泉.jsonmap	
campfight	452	范阳夜变	范阳夜变	1	1024	1	10	5	0	0	128	0	1	1	0	0	0	16	0	0	0	0	128	0	0	1						0	0	0	data\source\maps\范阳夜变\范阳夜变.jsonmap	
campfight	453	25人普通范阳夜变	25人普通范阳夜变	1	1024	1	25	2	0	0	128	0	1	1	0	0	0	16	0	0	0	0	128	0	0	1						0	0	0	data\source\maps\范阳夜变\范阳夜变.jsonmap	
campfight	454	25人英雄范阳夜变	25人英雄范阳夜变	1	512	1	25	2	0	0	128	0	1	1	0	0	0	16	0	0	0	0	128	0	0	1						0	0	0	data\source\maps\范阳夜变\范阳夜变.jsonmap	
campfight	455	扬州_广陵邑_家园	广陵邑	5	1600	1	250	30	1	0	0	0	1	0	0	0	0	16	0	0	0	0	16	0	1	1	0					0	0	0	data\source\maps\扬州_广陵邑_家园\扬州_广陵邑_家园.jsonmap	
campfight	457	望扬镇_单房屋测试	望扬镇_单房屋测试	0	1	1	1500	10	1	0	0	0	1	0	0	0	1	16	1	0	0	1	16	0	1	1	0					0	1	0	data\source\maps\望扬镇_单房屋测试\望扬镇_单房屋测试.jsonmap	
campfight	458	1024_昼夜循环_家园	1024_昼夜循环_家园	0	1	1	1200	10	1	0	0	0	5	0	0	0	0	16	0	0	0	0	0	0	1	1	0					1	1	5	data\source\maps\1024_昼夜循环_家园\1024_昼夜循环_家园.jsonmap	
campfight	459	范阳	范阳	0	1	1	1800	10	1	0	0	0	4	0	0	0	1	16	0	0	0	1	0	0	0	1	0					0	1	0	data\source\maps\范阳夜变\范阳夜变.jsonmap	
campfight	460	1024_格子图	1024_格子图	0	1	1	1200	10	1	0	0	0	5	0	0	0	0	16	0	0	0	0	0	0	1	1	0					1	1	5	data\source\maps\1024_格子图\1024_格子图.jsonmap	
campfight	461	浪客行_樱花林	浪客行·落樱林	1	4096	1	5	1	0	0	512	0	1	1	0	0	0	4	0	0	0	0	171	0		1	0			7		0	0	0	data\source\maps\浪客行_樱花林\浪客行_樱花林.jsonmap	
campfight	462	九寨沟_家园	九寨沟·镜海	5	1600	1	250	30	1	0	0	0	1	0	0	0	0	16	0	0	0	0	16	0	1	1	0					0	0	0	data\source\maps\九寨沟_家园\九寨沟_家园.jsonmap	
campfight	463	七秀_家园	七秀_家园	0	1	1	1500	10	1	0	0	0	1	0	0	0	1	16	1	0	0	1	16	0	1	1	0					0	1	0	data\source\maps\七秀_家园\七秀_家园.jsonmap	
campfight	464	衍天宗	衍天宗	0	2	1	1500	10	1	0	0	0	1	0	0	0	1	16	1	0	0	0	0	0	1	1	0					0	1	0	data\source\maps\衍天宗\衍天宗.jsonmap	
campfight	465	望扬镇_单房屋	望扬镇_单房屋	0	1	1	1500	10	1	0	0	0	1	0	0	0	1	16	1	0	0	1	16	0	1	1	0					0	1	0	data\source\maps\望扬镇_单房屋\望扬镇_单房屋.jsonmap	
campfight	466	HD家园商城001	HD家园商城001	0	1	1	1200	10	1	0	0	0	5	0	0	0	0	16	0	0	0	0	0	0	1	1	0					1	1	5	data\source\maps\HD家园商城001\HD家园商城001.jsonmap	
campfight	467	衍天宗_幻灵境	幻灵境	1	4096	1	1	2	1	0	8	0	1	0	0	 	0	16	0	0	0	0	0	0	0	1	0					0	0	0	data\source\maps\衍天宗_幻灵境\衍天宗_幻灵境.jsonmap	
campfight	468	藏剑山庄_乱世_剑冢惊变	剑冢惊变	1	1024	1	5	2	0	0	128	0	1	1	0	0	0	16	0	0	0	0	131	0	0							0	0	0	data\source\maps\藏剑山庄_乱世_剑冢惊变\藏剑山庄_乱世_剑冢惊变.jsonmap	
campfight	469	英雄藏剑山庄_乱世_剑冢惊变	英雄剑冢惊变	1	1024	1	5	2	0	0	128	0	1	1	0	0	0	16	0	0	0	0	131	0	0							0	0	0	data\source\maps\藏剑山庄_乱世_剑冢惊变\藏剑山庄_乱世_剑冢惊变.jsonmap	
campfight	470	2020_828	星海蜃影·零	0	1	1	1000	10	1	0	0	0	1	0	0	0	0	16	0	0	0	0	0	0	1	1	0					0	0	0	data\source\maps\2020_828\2020_828.jsonmap	
campfight	471	扬州_枫叶泊_家园	枫叶泊·乐苑	5	500	1	250	30	1	0	0	0	1	0	0	0	0	16	0	0	0	0	16	0	1	1	0					0	0	0	data\source\maps\扬州_枫叶泊_家园\扬州_枫叶泊_家园.jsonmap	
campfight	473	万花_乱世	万花·乱世	0	1	1	1000	10	1	0	0	0	4	0	0	1	1	16	1	0	0	0	0	0	1	1	1					1	1	0	data\source\maps\万花_乱世\万花_乱世.jsonmap	
campfight	474	七秀_乱世	七秀·乱世	0	1	1	1000	10	1	0	0	0	4	0	0	1	1	16	1	0	0	0	0	0	1	1	1					1	1	0	data\source\maps\七秀_乱世\七秀_乱世.jsonmap	
campfight	475	少林_乱世	少林·乱世	0	1	1	1000	10	1	0	0	0	4	0	0	1	1	16	1	0	0	0	0	0	1	1	1					1	1	0	data\source\maps\少林_乱世\少林_乱世.jsonmap	
campfight	476	衍天宗_梦入集真岛	梦入集真岛	1	1024	1	5	2	0	0	128	0	1	1	0	0	0	16	0	0	0	0	131	0	0							0	0	0	data\source\maps\衍天宗_梦入集真岛\衍天宗_梦入集真岛.jsonmap	
campfight	477	七秀_乱世_梧桐山庄	梧桐山庄	1	1024	1	5	2	0	0	128	0	1	1	0	0	0	16	0	0	0	0	131	0	0							0	0	0	data\source\maps\七秀_乱世_梧桐山庄\七秀_乱世_梧桐山庄.jsonmap	
campfight	478	英雄七秀_乱世_梧桐山庄	英雄梧桐山庄	1	1024	1	5	2	0	0	128	0	1	1	0	0	0	16	0	0	0	0	131	0	0							0	0	0	data\source\maps\七秀_乱世_梧桐山庄\七秀_乱世_梧桐山庄.jsonmap	
campfight	479	少林_乱世_罗汉门	罗汉门	1	1024	1	5	2	0	0	128	0	1	1	0	0	0	16	0	0	0	0	131	0	0	1	0					0	0	0	data\source\maps\少林_乱世_罗汉门\少林_乱世_罗汉门.jsonmap	
campfight	480	英雄少林_乱世_罗汉门	英雄罗汉门	1	1024	1	5	2	0	0	128	0	1	1	0	0	0	16	0	0	0	0	131	0	0	1	0					0	0	0	data\source\maps\少林_乱世_罗汉门\少林_乱世_罗汉门.jsonmap	
campfight	481	英雄衍天宗_梦入集真岛	英雄梦入集真岛	1	1024	1	5	2	0	0	128	0	1	1	0	0	0	16	0	0	0	0	131	0	0							0	0	0	data\source\maps\衍天宗_梦入集真岛\衍天宗_梦入集真岛.jsonmap	
campfight	482	少林_乱世_达摩洞	达摩洞	1	1024	1	10	5	0	0	128	0	1	1	0	0	0	16	0	0	0	0	128	0	0	1						0	0	0	data\source\maps\少林_乱世_达摩洞\少林_乱世_达摩洞.jsonmap	
campfight	483	25人普通达摩洞	25人普通达摩洞	1	512	1	25	2	0	0	128	0	1	1	0	0	0	16	0	0	0	0	128	0	0	1						0	0	0	data\source\maps\少林_乱世_达摩洞\少林_乱世_达摩洞.jsonmap	
campfight	484	25人英雄达摩洞	25人英雄达摩洞	1	512	1	25	2	0	0	128	0	1	1	0	0	0	16	0	0	0	0	128	0	0	1						0	0	0	data\source\maps\少林_乱世_达摩洞\少林_乱世_达摩洞.jsonmap	
campfight	486	扬州_枫叶泊天苑_家园	枫叶泊·天苑	5	500	1	250	30	1	0	0	0	1	0	0	0	0	16	0	0	0	0	16	0	1	1	0					0	0	0	data\source\maps\扬州_枫叶泊天苑_家园\扬州_枫叶泊天苑_家园.jsonmap	
campfight	487	镜花别院	镜花别院	1	4096	1	1	2	0	0	128	0	1	1	0	0	0	2	0	0	0	0	128	0	0	1						0	0	0	data\source\maps\镜花别院\镜花别院.jsonmap	
campfight	488	藏剑山庄_乱世	藏剑山庄·乱世	0	1	1	1000	10	1	0	0	0	4	0	0	1	1	16	1	0	0	0	0	0	1	1	1					1	1	0	data\source\maps\藏剑山庄_乱世\藏剑山庄_乱世.jsonmap	
campfight	489	万花_乱世_三星望月	月落三星	1	1024	1	5	2	0	0	128	0	1	1	0	0	0	16	0	0	0	0	131	0	0							0	0	0	data\source\maps\万花_乱世_三星望月\万花_乱世_三星望月.jsonmap	
campfight	490	英雄万花_乱世_三星望月	英雄月落三星	1	1024	1	5	2	0	0	128	0	1	1	0	0	0	16	0	0	0	0	131	0	0							0	0	0	data\source\maps\万花_乱世_三星望月\万花_乱世_三星望月.jsonmap	
campfight	491	2020_828	星海蜃影·一	0	1	1	1000	10	1	0	0	0	1	0	0	0	0	16	0	0	0	0	0	0	1	1	0					0	0	0	data\source\maps\2020_828\2020_828.jsonmap	
campfight	492	2020_828	星海蜃影·二	0	1	1	1000	10	1	0	0	0	1	0	0	0	0	16	0	0	0	0	0	0	1	1	0					0	0	0	data\source\maps\2020_828\2020_828.jsonmap	
campfight	493	2020_828	星海蜃影·三	0	1	1	1000	10	1	0	0	0	1	0	0	0	0	16	0	0	0	0	0	0	1	1	0					0	0	0	data\source\maps\2020_828\2020_828.jsonmap	
campfight	494	2020_828	星海蜃影·四	0	1	1	1000	10	1	0	0	0	1	0	0	0	0	16	0	0	0	0	0	0	1	1	0					0	0	0	data\source\maps\2020_828\2020_828.jsonmap	
campfight	495	2020_828	星海蜃影·五	0	1	1	1000	10	1	0	0	0	1	0	0	0	0	16	0	0	0	0	0	0	1	1	0					0	0	0	data\source\maps\2020_828\2020_828.jsonmap	
campfight	496	2020_828	星海蜃影·六	0	1	1	1000	10	1	0	0	0	1	0	0	0	0	16	0	0	0	0	0	0	1	1	0					0	0	0	data\source\maps\2020_828\2020_828.jsonmap	
campfight	497	2020_828	星海蜃影·七	0	1	1	1000	10	1	0	0	0	1	0	0	0	0	16	0	0	0	0	0	0	1	1	0					0	0	0	data\source\maps\2020_828\2020_828.jsonmap	
campfight	498	2020_828	星海蜃影·八	0	1	1	1000	10	1	0	0	0	1	0	0	0	0	16	0	0	0	0	0	0	1	1	0					0	0	0	data\source\maps\2020_828\2020_828.jsonmap	
campfight	499	2020_828	星海蜃影·九	0	1	1	1000	10	1	0	0	0	1	0	0	0	0	16	0	0	0	0	0	0	1	1	0					0	0	0	data\source\maps\2020_828\2020_828.jsonmap	
campfight	500	2020_828	星海蜃影·十	0	1	1	1000	10	1	0	0	0	1	0	0	0	0	16	0	0	0	0	0	0	1	1	0					0	0	0	data\source\maps\2020_828\2020_828.jsonmap	
campfight	501	2020_828	星海蜃影·十一	0	1	1	1000	10	1	0	0	0	1	0	0	0	0	16	0	0	0	0	0	0	1	1	0					0	0	0	data\source\maps\2020_828\2020_828.jsonmap	
campfight	502	2020_828	星海蜃影·十二	0	1	1	1000	10	1	0	0	0	1	0	0	0	0	16	0	0	0	0	0	0	1	1	0					0	0	0	data\source\maps\2020_828\2020_828.jsonmap	
campfight	503	2020_828	星海蜃影·十三	0	1	1	1000	10	1	0	0	0	1	0	0	0	0	16	0	0	0	0	0	0	1	1	0					0	0	0	data\source\maps\2020_828\2020_828.jsonmap	
campfight	504	2020_828	星海蜃影·十四	0	1	1	1000	10	1	0	0	0	1	0	0	0	0	16	0	0	0	0	0	0	1	1	0					0	0	0	data\source\maps\2020_828\2020_828.jsonmap	
campfight	505	2020_828	星海蜃影·十五	0	1	1	1000	10	1	0	0	0	1	0	0	0	0	16	0	0	0	0	0	0	1	1	0					0	0	0	data\source\maps\2020_828\2020_828.jsonmap	
campfight	506	2020_828	星海蜃影·十六	0	1	1	1000	10	1	0	0	0	1	0	0	0	0	16	0	0	0	0	0	0	1	1	0					0	0	0	data\source\maps\2020_828\2020_828.jsonmap	
campfight	507	2020_828	星海蜃影·十七	0	1	1	1000	10	1	0	0	0	1	0	0	0	0	16	0	0	0	0	0	0	1	1	0					0	0	0	data\source\maps\2020_828\2020_828.jsonmap	
campfight	508	2020_828	星海蜃影·十八	0	1	1	1000	10	1	0	0	0	1	0	0	0	0	16	0	0	0	0	0	0	1	1	0					0	0	0	data\source\maps\2020_828\2020_828.jsonmap	
campfight	509	2020_828	星海蜃影·十九	0	1	1	1000	10	1	0	0	0	1	0	0	0	0	16	0	0	0	0	0	0	1	1	0					0	0	0	data\source\maps\2020_828\2020_828.jsonmap	
campfight	510	2020_828	星海蜃影·二十	0	1	1	1000	10	1	0	0	0	1	0	0	0	0	16	0	0	0	0	0	0	1	1	0					0	0	0	data\source\maps\2020_828\2020_828.jsonmap	
campfight	511	龙泉府_风雪镜泊湖	龙泉府_风雪镜泊湖	0	1	1	1800	10	1	0	0	0	4	0	0	0	0	16	0	0	0	0	0	0	1	1	0					0	1	0	data\source\maps\龙泉府_镜泊湖\龙泉府_镜泊湖.jsonmap	
campfight	512	白龙绝境	白龙绝境	2	512	1	118	2	0	160	512	2	5	0	0	0	0	4	0	0	0	0	8	1	1	1	0		1	7		0	0	0	data\source\maps\白龙绝境\白龙绝境.jsonmap	
campfight	513	衍天宗_幻灵境_和平	幻灵境	0	2	1	1500	10	1	0	0	0	1	0	0	0	0	16	0	0	0	0	0	0	0	1	0					0	1	0	data\source\maps\衍天宗_幻灵境\衍天宗_幻灵境.jsonmap	
campfight	514	HD登陆界面_衍天宗001	HD登陆界面_衍天宗001	0	1	1	1200	10	1	0	0	0	5	0	0	0	0	16	0	0	0	0	0	0	1	1	0					1	1	5	data\source\maps\HD登陆界面_衍天宗001\HD登陆界面_衍天宗001.jsonmap	
campfight	515	帮会联赛	雪龙风原	0	512	1	210	120	0	160	0	2	5	0	0	0	0	8	0	0	0	0	256	0	0	1	0		0	7		0	0	0	data\source\maps\帮会联赛\帮会联赛.jsonmap	
campfight	516	1024_昼夜循环_标准2020	1024_昼夜循环_标准2020	0	1	1	1200	10	1	0	0	0	4	0	0	0	0	16	0	0	0	0	0	0	1	1	0					1	1	5	data\source\maps\1024_昼夜循环_标准2020\1024_昼夜循环_标准2020.jsonmap	
campfight	517	少林_乱世_修罗挑战	少林_乱世_修罗挑战	1	512	1	25	1	0	0	128	0	1	1	0	0	0	16	0	0	0	0	128	0	0	1				7		0	0	0	data\source\maps\少林_乱世_修罗挑战\少林_乱世_修罗挑战.jsonmap	
campfight	518	白帝江关	白帝江关	1	1024	1	10	5	0	0	128	0	1	1	0	0	0	16	0	0	0	0	128	0	0	1						0	0	0	data\source\maps\白帝江关\白帝江关.jsonmap	
campfight	519	25人普通白帝江关	25人普通白帝江关	1	512	1	25	2	0	0	128	0	1	1	0	0	0	16	0	0	0	0	128	0	0	1						0	0	0	data\source\maps\白帝江关\白帝江关.jsonmap	
campfight	520	25人英雄白帝江关	25人英雄白帝江关	1	512	1	25	2	0	0	128	0	1	1	0	0	0	16	0	0	0	0	128	0	0	1						0	0	0	data\source\maps\白帝江关\白帝江关.jsonmap	
campfight	521	相州_漳水南路	英雄漳水南路	1	1024	1	5	2	0	0	128	0	1	1	0	0	0	16	0	0	0	0	131	0	0							0	0	0	data\source\maps\相州_漳水南路\相州_漳水南路.jsonmap	
campfight	522	挑战相州_漳水南路	挑战漳水南路	1	1024	1	5	2	0	0	128	0	1	1	0	0	0	16	0	0	0	0	131	0	0							0	0	0	data\source\maps\相州_漳水南路\相州_漳水南路.jsonmap	
campfight	523	相州_北墟河堤	北墟河堤	0	1	1	1600	10	1	0	0	0	4	0	0	0	1	16	0	0	0	1	0	0	0	1	0					0	1	0	data\source\maps\相州_漳水南路\相州_漳水南路.jsonmap	
campfight	524	赤岬山城	赤岬山城	0	1	1	1800	10	1	0	0	0	4	0	0	0	1	16	0	0	0	1	0	0	0	1	0					0	1	0	data\source\maps\白帝江关\白帝江关.jsonmap	
campfight	525	黑山林海	黑山林海	0	1	1	1600	10	1	0	0	0	4	0	0	1	1	16	1	0	0	0	0	0	1	1	0					1	1	0	data\source\maps\黑山林海\黑山林海.jsonmap	
campfight	526	北天药宗	北天药宗	0	2	1	1500	10	1	0	0	0	1	0	0	0	1	16	1	0	0	0	0	0	1	1	0					0	1	0	data\source\maps\北天药宗\北天药宗.jsonmap	
campfight	527	浪客行_浮丘岛	浪客行·浮丘岛	1	4096	1	5	1	0	0	512	0	1	1	0	0	0	4	0	0	0	0	171	0		1	0			7		0	0	0	data\source\maps\浪客行_浮丘岛\浪客行_浮丘岛.jsonmap	
campfight	528	浪客行_桂林	浪客行·桂林	1	4096	1	5	1	0	0	512	0	1	1	0	0	0	4	0	0	0	0	171	0		1	0			7		0	0	0	data\source\maps\浪客行_桂林\浪客行_桂林.jsonmap	
campfight	529	藏剑武库	藏剑武库	2	2048	1	1024	2	0	0	8	2	4	0	0	0	0	1	0	1	0	0	8	0	0	1	0			7		0	0	0	data\source\maps\藏剑武库\藏剑武库.jsonmap	
campfight	530	墟海之眼_演武场	墟海之眼·演武场	2	2048	1	1024	2	0	0	8	2	4	0	0	0	0	1	0	1	0	0	8	0	0	1	0			7		0	0	0	data\source\maps\墟海之眼_演武场\墟海之眼_演武场.jsonmap	
campfight	531	东水寨	东水寨	0	1	1	1500	10	1	0	128	0	1	0	0	0	0	16	0	0	0	0	131	0	0	1	0					0	0	0	data\source\maps\浪客行_东水寨\浪客行_东水寨.jsonmap	
campfight	532	天原绝境	天原绝境	2	512	1	118	2	0	160	512	2	5	0	0	0	0	4	0	0	0	0	8	1	1	1	0		1	7		0	0	0	data\source\maps\天原绝境\天原绝境.jsonmap	
campfight	533	2021_828	大唐幻夜·一	0	1	1	1000	10	1	0	0	0	1	0	0	0	0	16	0	0	0	0	0	0	1	1	0					0	0	0	data\source\maps\2021_828\2021_828.jsonmap	
campfight	534	2021_828	大唐幻夜·二	0	1	1	1000	10	1	0	0	0	1	0	0	0	0	16	0	0	0	0	0	0	1	1	0					0	0	0	data\source\maps\2021_828\2021_828.jsonmap	
campfight	535	2021_828	大唐幻夜·三	0	1	1	1000	10	1	0	0	0	1	0	0	0	0	16	0	0	0	0	0	0	1	1	0					0	0	0	data\source\maps\2021_828\2021_828.jsonmap	
campfight	536	2021_828	大唐幻夜·四	0	1	1	1000	10	1	0	0	0	1	0	0	0	0	16	0	0	0	0	0	0	1	1	0					0	0	0	data\source\maps\2021_828\2021_828.jsonmap	
campfight	537	2021_828	大唐幻夜·五	0	1	1	1000	10	1	0	0	0	1	0	0	0	0	16	0	0	0	0	0	0	1	1	0					0	0	0	data\source\maps\2021_828\2021_828.jsonmap	
campfight	538	2021_828	大唐幻夜·六	0	1	1	1000	10	1	0	0	0	1	0	0	0	0	16	0	0	0	0	0	0	1	1	0					0	0	0	data\source\maps\2021_828\2021_828.jsonmap	
campfight	539	2021_828	大唐幻夜·七	0	1	1	1000	10	1	0	0	0	1	0	0	0	0	16	0	0	0	0	0	0	1	1	0					0	0	0	data\source\maps\2021_828\2021_828.jsonmap	
campfight	540	2021_828	大唐幻夜·八	0	1	1	1000	10	1	0	0	0	1	0	0	0	0	16	0	0	0	0	0	0	1	1	0					0	0	0	data\source\maps\2021_828\2021_828.jsonmap	
campfight	541	2021_828	大唐幻夜·九	0	1	1	1000	10	1	0	0	0	1	0	0	0	0	16	0	0	0	0	0	0	1	1	0					0	0	0	data\source\maps\2021_828\2021_828.jsonmap	
campfight	542	2021_828	大唐幻夜·十	0	1	1	1000	10	1	0	0	0	1	0	0	0	0	16	0	0	0	0	0	0	1	1	0					0	0	0	data\source\maps\2021_828\2021_828.jsonmap	
campfight	543	2021_828	大唐幻夜·十一	0	1	1	1000	10	1	0	0	0	1	0	0	0	0	16	0	0	0	0	0	0	1	1	0					0	0	0	data\source\maps\2021_828\2021_828.jsonmap	
campfight	544	2021_828	大唐幻夜·十二	0	1	1	1000	10	1	0	0	0	1	0	0	0	0	16	0	0	0	0	0	0	1	1	0					0	0	0	data\source\maps\2021_828\2021_828.jsonmap	
campfight	545	2021_828	大唐幻夜·十三	0	1	1	1000	10	1	0	0	0	1	0	0	0	0	16	0	0	0	0	0	0	1	1	0					0	0	0	data\source\maps\2021_828\2021_828.jsonmap	
campfight	546	2021_828	大唐幻夜·十四	0	1	1	1000	10	1	0	0	0	1	0	0	0	0	16	0	0	0	0	0	0	1	1	0					0	0	0	data\source\maps\2021_828\2021_828.jsonmap	
campfight	547	2021_828	大唐幻夜·十五	0	1	1	1000	10	1	0	0	0	1	0	0	0	0	16	0	0	0	0	0	0	1	1	0					0	0	0	data\source\maps\2021_828\2021_828.jsonmap	
campfight	548	2021_828	大唐幻夜·十六	0	1	1	1000	10	1	0	0	0	1	0	0	0	0	16	0	0	0	0	0	0	1	1	0					0	0	0	data\source\maps\2021_828\2021_828.jsonmap	
campfight	549	2021_828	大唐幻夜·十七	0	1	1	1000	10	1	0	0	0	1	0	0	0	0	16	0	0	0	0	0	0	1	1	0					0	0	0	data\source\maps\2021_828\2021_828.jsonmap	
campfight	550	2021_828	大唐幻夜·十八	0	1	1	1000	10	1	0	0	0	1	0	0	0	0	16	0	0	0	0	0	0	1	1	0					0	0	0	data\source\maps\2021_828\2021_828.jsonmap	
campfight	551	2021_828	大唐幻夜·十九	0	1	1	1000	10	1	0	0	0	1	0	0	0	0	16	0	0	0	0	0	0	1	1	0					0	0	0	data\source\maps\2021_828\2021_828.jsonmap	
campfight	552	2021_828	大唐幻夜·二十	0	1	1	1000	10	1	0	0	0	1	0	0	0	0	16	0	0	0	0	0	0	1	1	0					0	0	0	data\source\maps\2021_828\2021_828.jsonmap	
campfight	559	黑山林海_雷域大泽	雷域大泽	1	1024	1	10	5	0	0	128	0	1	1	0	0	0	16	0	0	0	0	128	0	0	1						0	0	0	data\source\maps\黑山林海_雷域大泽\黑山林海_雷域大泽.jsonmap	
campfight	560	25人普通雷域大泽	25人普通雷域大泽	1	512	1	25	2	0	0	128	0	1	1	0	0	0	16	0	0	0	0	128	0	0	1						0	0	0	data\source\maps\黑山林海_雷域大泽\黑山林海_雷域大泽.jsonmap	
campfight	561	25人英雄雷域大泽	25人英雄雷域大泽	1	512	1	25	2	0	0	128	0	1	1	0	0	0	16	0	0	0	0	128	0	0	1						0	0	0	data\source\maps\黑山林海_雷域大泽\黑山林海_雷域大泽.jsonmap	
campfight	562	百战异闻录	百战异闻录	1	1500	1	10	5	0	0	128	0	1	1	0	0	0	16	0	0	0	0	128	0	0	1						0	0	0	data\source\maps\百战异闻录\百战异闻录.jsonmap	
campfight	563	北天药宗_武氏别院	北天药宗_武氏别院	1	1024	1	5	2	0	0	128	0	1	1	0	0	0	16	0	0	0	0	131	0	0							0	0	0	data\source\maps\北天药宗_武氏别院\北天药宗_武氏别院.jsonmap	
campfight	564	英雄北天药宗_武氏别院	英雄北天药宗_武氏别院	1	1024	1	5	2	0	0	128	0	1	1	0	0	0	16	0	0	0	0	131	0	0							0	0	0	data\source\maps\北天药宗_武氏别院\北天药宗_武氏别院.jsonmap	
campfight	565	个人家园_广陵邑	私邸宅园	5	6000	1	40	8	1	0	0	0	1	0	0	0	0	16	0	0	0	0	16	0	1	1	0					0	0	0	data\source\maps\个人家园_广陵邑\个人家园_广陵邑.jsonmap	
campfight	566	黑山林海_香巫教	盘扎寨	1	4096	1	1	1	1	0	0	0	1	0	0	0	0	16	0	0	0	0	0	0	1	1	0					0	1	0	data\source\maps\黑山林海_香巫教\黑山林海_香巫教.jsonmap	
campfight	567	原野奇踪	原野奇踪	1	512	1	5	10	0	0	130	0	1	1	0	0	0	16	0	0	0	0	131	0	0		0			7		0	0	0	data\source\maps\原野奇踪\原野奇踪.jsonmap	
campfight	568	HD登陆界面_北天药宗003	HD登陆界面_北天药宗003	0	1	1	1200	10	1	0	0	0	5	0	0	0	0	16	0	0	0	0	0	0	1	1	0					1	1	5	data\source\maps\HD登陆界面_北天药宗003\HD登陆界面_北天药宗003.jsonmap	
campfight	569	个人家园_天池	个人家园_天池	0	1	1	1200	10	1	0	0	0	1	0	0	0	0	16	0	0	0	0	0	0	1	1	0					0	1	0	data\source\maps\个人家园_天池\个人家园_天池.jsonmap	
campfight	570	个人家园_海底	个人家园_海底	0	1	1	1200	10	1	0	0	0	1	0	0	0	0	16	0	0	0	0	0	0	1	1	0					0	1	0	data\source\maps\个人家园_海底\个人家园_海底.jsonmap	
campfight	571	HD商城_外装展示测试	HD商城_外装展示测试	0	1	1	1200	10	1	0	0	0	4	0	0	0	0	16	0	0	0	0	0	0	1	1	0					1	1	5	data\source\maps\HD商城_外装展示测试\HD商城_外装展示测试.jsonmap	
campfight	572	个人家园_广陵邑_野外	个人家园_广陵邑_野外	0	1	1	1200	10	1	0	0	0	1	0	0	0	0	16	0	0	0	0	0	0	1	1	0					0	1	0	data\source\maps\个人家园_广陵邑\个人家园_广陵邑.jsonmap	
campfight	573	河阳之战	河阳之战	1	1024	1	10	5	0	0	128	0	1	1	0	0	0	16	0	0	0	0	128	0	0	1						0	0	0	data\source\maps\河阳之战\河阳之战.jsonmap	
campfight	574	25人普通河阳之战	25人普通河阳之战	1	1024	1	25	2	0	0	128	0	1	1	0	0	0	16	0	0	0	0	128	0	0	1						0	0	0	data\source\maps\河阳之战\河阳之战.jsonmap	
campfight	575	25人英雄河阳之战	25人英雄河阳之战	1	1024	1	25	2	0	0	128	0	1	1	0	0	0	16	0	0	0	0	128	0	0	1						0	0	0	data\source\maps\河阳之战\河阳之战.jsonmap	
campfight	576	河阳	河阳	0	1	1	1800	10	1	0	0	0	4	0	0	0	1	16	0	0	0	1	0	0	0	1	0					0	1	0	data\source\maps\河阳之战\河阳之战.jsonmap	
campfight	577	个人家园_薰风渡	个人家园_薰风渡	0	1	1	1200	10	1	0	0	0	1	0	0	0	0	16	0	0	0	0	0	0	1	1	0					0	1	0	data\source\maps\个人家园_薰风渡\个人家园_薰风渡.jsonmap	
campfight	578	刀宗	刀宗	0	2	1	1500	10	1	0	0	0	1	0	0	0	1	16	1	0	0	0	0	0	1	1	0					0	1	0	data\source\maps\刀宗\刀宗.jsonmap	
campfight	579	百溪	百溪	0	10	1	1500	10	1	0	0	0	1	0	0	1	1	16	1	0	0	0	0	0	1	1						1	1	0	data\source\maps\百溪\百溪.jsonmap	
campfight	580	烂柯山	烂柯山	0	1	1	1500	10	1	0	0	0	4	0	0	1	1	16	1	0	0	0	0	0	1	1						1	1	0	data\source\maps\烂柯山\烂柯山.jsonmap	
campfight	581	楚州	楚州	0	1	1	1500	10	1	0	0	0	4	0	0	1	1	16	1	0	0	0	0	0	1	1						1	1	0	data\source\maps\楚州\楚州.jsonmap	
campfight	582	润扬	晟江	0	1	1	1500	10	1	0	0	0	4	0	0	1	1	16	1	0	0	0	0	0	1	1						1	1	0	data\source\maps\润扬\润扬.jsonmap	
campfight	583	北天药宗_冰雪盛会	尘世曼舞·冰雪盛会	0	1	1	1200	10	1	0	0	0	1	0	0	0	0	16	0	0	0	0	0	0	1	1	0					0	1	0	data\source\maps\北天药宗_冰雪盛会\北天药宗_冰雪盛会.jsonmap	
campfight	584	JX3_StandardEnv_002	JX3_StandardEnv_002	0	1	1	1200	10	1	0	0	0	4	0	0	0	0	16	0	0	0	0	0	0	1	1	0					1	1	5	data\whitebox_k\jx3\map\JX3_StandardEnv_002\JX3_StandardEnv_002.jsonmap	
campfight	585	个人家园_云海	个人家园_云海	0	1	1	1200	10	1	0	0	0	1	0	0	0	0	16	0	0	0	0	0	0	1	1	0					0	1	0	data\source\maps\个人家园_云海\个人家园_云海.jsonmap	
campfight	586	润扬_西津渡	西津渡	1	1024	1	10	5	0	0	128	0	1	1	0	0	0	16	0	0	0	0	128	0	0	1						0	0	0	data\source\maps\润扬_西津渡\润扬_西津渡.jsonmap	
campfight	587	25人普通西津渡	25人普通西津渡	1	512	1	25	2	0	0	128	0	1	1	0	0	0	16	0	0	0	0	128	0	0	1						0	0	0	data\source\maps\润扬_西津渡\润扬_西津渡.jsonmap	
campfight	588	25人英雄西津渡	25人英雄西津渡	1	512	1	25	2	0	0	128	0	1	1	0	0	0	16	0	0	0	0	128	0	0	1						0	0	0	data\source\maps\润扬_西津渡\润扬_西津渡.jsonmap	
campfight	589	羊村	羊村大作战	2	512	1	5	2	0	160	0	2	5	0	0	0	0	16	0	0	0	0	256	0	0	1	0		1	7		0	0	0	data\source\maps\羊村\羊村.jsonmap	
campfight	590	羊村_世界	羊村	0	1	1	1200	10	1	0	0	0	1	0	0	0	1	16	0	0	0	0	0	0	1	1	0					0	0	0	data\source\maps\羊村\羊村.jsonmap	
campfight	591	霸刀山庄_大婚	霸刀山庄·大婚	0	1	1	1800	10	1	0	0	0	1	0	0	0	0	16	0	0	0	0	0	0	1	1	0					0	1	0	data\source\maps\霸刀山庄_大婚\霸刀山庄_大婚.jsonmap	
campfight	593	1024_积雪交互测试	1024_积雪交互测试	0	1	1	1200	10	1	0	0	0	4	0	0	0	0	16	0	0	0	0	0	0	1	1	0					0	0	5	data\source\maps\1024_积雪交互测试\1024_积雪交互测试.jsonmap	
campfight	594	剧本杀测试场景02	剧本杀测试场景02	1	512	1	10	10	0	0	128	0	1	1	0	0	0	16	0	0	0	0	128	0	1	1						0	0	0	data\source\maps\剧本杀测试场景02\剧本杀测试场景02.jsonmap	
campfight	596	烂柯山_沃石院	沃石院	1	1024	1	5	2	0	0	128	0	1	1	0	0	0	16	0	0	0	0	131	0	0	1	0					0	0	0	data\source\maps\烂柯山_沃石院\烂柯山_沃石院.jsonmap	
campfight	597	英雄烂柯山_沃石院	英雄沃石院	1	2048	1	5	2	0	0	128	0	1	1	0	0	0	16	0	0	0	0	131	0	0	1	0					0	0	0	data\source\maps\烂柯山_沃石院\烂柯山_沃石院.jsonmap	
campfight	598	百溪_镇海阁	镇海阁地井	1	1024	1	5	2	0	0	128	0	1	1	0	0	0	16	0	0	0	0	131	0	0							0	0	0	data\source\maps\百溪_镇海阁\百溪_镇海阁.jsonmap	
campfight	599	百溪_英雄镇海阁	英雄镇海阁地井	1	2048	1	5	2	0	0	128	0	1	1	0	0	0	16	0	0	0	0	131	0	0							0	0	0	data\source\maps\百溪_镇海阁\百溪_镇海阁.jsonmap	
campfight	600	个人家园_大唐盛世	个人家园_大唐盛世	0	1	1	1200	10	1	0	0	0	1	0	0	0	0	16	0	0	0	0	0	0	1	1	0					0	1	0	data\source\maps\个人家园_大唐盛世\个人家园_大唐盛世.jsonmap	
campfight	601	2022_828_园区	万象游园会	0	20	1	1000	10	1	0	0	0	1	0	0	0	0	16	0	0	0	0	0	0	1	1	0					0	0	0	data\source\maps\2022_828\2022_828_园区\2022_828_园区.jsonmap	
campfight	602	2022_828_时光长廊	时光长廊	0	1	1	1000	10	1	0	0	0	1	0	0	0	0	16	0	0	0	0	0	0	1	1	0					0	0	0	data\source\maps\2022_828\2022_828_时光长廊\2022_828_时光长廊.jsonmap	
campfight	603	广陵邑家园_欧式城堡	天苏奇谭	0	4	1	400	10	1	0	0	0	1	0	0	0	0	16	0	0	0	0	0	0	1	1	0					0	0	0	data\source\maps\2022_828\2022_828_蓝图\广陵邑家园_欧式城堡\广陵邑家园_欧式城堡.jsonmap	
campfight	604	迷仙引_千里江山图	且绘青山	0	4	1	400	10	1	0	0	0	1	0	0	0	0	16	0	0	0	0	0	0	1	1	0					0	0	0	data\source\maps\2022_828\2022_828_蓝图\迷仙引_千里江山图\迷仙引_千里江山图.jsonmap	
campfight	605	时光长廊_门派徽记	银浦流光	0	2	1	1000	10	1	0	0	0	1	0	0	0	0	16	0	0	0	0	0	0	1	1	0					0	0	0	data\source\maps\2022_828\2022_828_蓝图\时光长廊_门派徽记\时光长廊_门派徽记.jsonmap	
campfight	606	刀宗_幽藤馆	幽藤馆	1	1024	1	5	2	0	0	128	0	1	1	0	0	0	16	0	0	0	0	131	0	0							0	0	0	data\source\maps\刀宗_幽藤馆\刀宗_幽藤馆.jsonmap	
campfight	607	刀宗_英雄幽藤馆	英雄幽藤馆	1	2048	1	5	2	0	0	128	0	1	1	0	0	0	16	0	0	0	0	131	0	0							0	0	0	data\source\maps\刀宗_幽藤馆\刀宗_幽藤馆.jsonmap	
campfight	608	个人家园_社区	个人家园_社区	5	1600	1	250	30	1	0	0	0	1	0	0	0	0	16	0	0	0	0	16	0	1	1	0					0	0	0	data\source\maps\个人家园_社区\个人家园_社区.jsonmap	
campfight	609	镜泊湖_冰雪奇缘	琼宫银阙	0	2	1	600	10	1	0	0	0	1	0	0	0	0	16	0	0	0	0	0	0	1	1	0					0	0	0	data\source\maps\2022_828\2022_828_蓝图\镜泊湖_冰雪奇缘\镜泊湖_冰雪奇缘.jsonmap	
campfight	610	盛唐个人_神州	千灯天衢	0	6	1	200	10	1	0	0	0	1	0	0	0	0	16	0	0	0	0	0	0	1	1	0					0	0	0	data\source\maps\2022_828\2022_828_蓝图\盛唐个人_神州\盛唐个人_神州.jsonmap	
campfight	611	雷域大泽_迷宫	烟岫迷踪	0	4	1	400	10	1	0	0	0	1	0	0	0	0	16	0	0	0	0	0	0	1	1	0					0	0	0	data\source\maps\2022_828\2022_828_蓝图\雷域大泽_迷宫\雷域大泽_迷宫.jsonmap	
campfight	612	海底家园_海灵宫	渊穆灵宫	0	4	1	400	10	1	0	0	0	1	0	0	0	0	16	0	0	0	0	0	0	1	1	0					0	0	0	data\source\maps\2022_828\2022_828_蓝图\海底家园_海灵宫\海底家园_海灵宫.jsonmap	
campfight	613	云海家园_大观园	观园幻景	0	4	1	400	10	1	0	0	0	1	0	0	0	0	16	0	0	0	0	0	0	1	1	0					0	0	0	data\source\maps\2022_828\2022_828_蓝图\云海家园_大观园\云海家园_大观园.jsonmap	
campfight	614	枫叶泊社区_沙喵部落	落帆归潮	0	4	1	400	10	1	0	0	0	1	0	0	0	0	16	0	0	0	0	0	0	1	1	0					0	0	0	data\source\maps\2022_828\2022_828_蓝图\枫叶泊社区_沙喵部落\枫叶泊社区_沙喵部落.jsonmap	
campfight	615	云海家园_山河如画	江山入画	0	6	1	200	10	1	0	0	0	1	0	0	0	0	16	0	0	0	0	0	0	1	1	0					0	0	0	data\source\maps\2022_828\2022_828_蓝图\云海家园_山河如画\云海家园_山河如画.jsonmap	
campfight	616	广陵邑家园_猫头萝卜	晨间喵苑	0	2	1	600	10	1	0	0	0	1	0	0	0	0	16	0	0	0	0	0	0	1	1	0					0	0	0	data\source\maps\2022_828\2022_828_蓝图\广陵邑家园_猫头萝卜\广陵邑家园_猫头萝卜.jsonmap	
campfight	617	枫叶泊社区_拾光者	泊云海墅	0	6	1	200	10	1	0	0	0	1	0	0	0	0	16	0	0	0	0	0	0	1	1	0					0	0	0	data\source\maps\2022_828\2022_828_蓝图\枫叶泊社区_拾光者\枫叶泊社区_拾光者.jsonmap	
campfight	618	云海家园_精灵部落	闲野归园	0	6	1	200	10	1	0	0	0	1	0	0	0	0	16	0	0	0	0	0	0	1	1	0					0	0	0	data\source\maps\2022_828\2022_828_蓝图\云海家园_精灵部落\云海家园_精灵部落.jsonmap	
campfight	620	首领扮演范阳夜变	首领扮演范阳夜变	1	4096	1	1	10	0	0	128	0	1	1	0	0	0	16	0	0	0	0	128	0	0	1				7		0	0	0	data\source\maps\范阳夜变\范阳夜变.jsonmap	
campfight	621	磐渊	磐渊	0	1	1	1600	10	1	0	0	0	1	0	0	0	0	16	0	0	0	0	0	0	0	1	0					0	0	0	data\source\maps\磐渊\磐渊.jsonmap	
campfight	622	楚州_江天夜宴	江天夜宴	1	2048	1	5	2	0	0	128	0	1	1	0	0	0	16	0	0	0	0	131	0	0	1						0	0	0	data\source\maps\楚州_江天夜宴\楚州_江天夜宴.jsonmap	
campfight	623	英雄楚州_江天夜宴	英雄江天夜宴	1	2048	1	5	2	0	0	128	0	1	1	0	0	0	16	0	0	0	0	131	0	0	1						0	0	0	data\source\maps\楚州_江天夜宴\楚州_江天夜宴.jsonmap	
campfight	624	沃石火狱	沃石火狱	2	2048	1	1024	2	0	0	8	2	4	0	0	0	0	1	0	1	0	0	8	0	0	1	0			7		0	0	0	data\source\maps\沃石火狱\沃石火狱.jsonmap	
campfight	625	剧本杀测试场景02	浮生剧坊	5	1600	1	250	10	1	0	0	0	1	0	0	0	0	16	0	0	0	0	16	0	1	1	0					0	0	0	data\source\maps\剧本杀测试场景02\剧本杀测试场景02.jsonmap	
campfight	626	HD登陆界面_刀宗001	HD登陆界面_刀宗001	0	1	1	1200	10	1	0	0	0	5	0	0	0	0	16	0	0	0	0	0	0	1	1	0					1	1	5	data\source\maps\HD登陆界面_刀宗001\HD登陆界面_刀宗001.jsonmap	
campfight	627	跨服_烂柯山	跨服·烂柯山	0	100	1	1600	10	1	0	0	0	4	0	0	1	0	16	0	0	0	0	0	0	1	1	0			7		1	1	0	data\source\maps\烂柯山\烂柯山.jsonmap	
campfight	628	个人家园_红叶	个人家园_红叶	0	1	1	1200	10	1	0	0	0	1	0	0	0	0	16	0	0	0	0	0	0	1	1	0					0	1	0	data\source\maps\个人家园_红叶\个人家园_红叶.jsonmap	
campfight	629	磐渊_古剑台	古剑台	1	256	1	25	10	0	0	131	0	1	1	0	0	0	16	0	0	0	0	131	0	0	1	0					0	0	0	data\source\maps\磐渊\磐渊.jsonmap	
campfight	630	天街灯市_明宵灯暖	天街灯市·明宵灯暖	0	20	1	1000	10	1	0	0	0	1	0	0	0	0	16	0	0	0	0	0	0	1	1	0					0	0	0	data\source\maps\天街灯市_明宵灯暖\天街灯市_明宵灯暖.jsonmap	
campfight	631	沙海迷踪	浪客行·沙海迷踪	1	4096	1	5	1	0	0	512	0	1	1	0	0	0	4	0	0	0	0	171	0		1	0			7		0	0	0	data\source\maps\沙海迷踪\沙海迷踪.jsonmap	
campfight	632	冰雪盛会_万象长安	尘世曼舞·万象长安	0	1	1	1200	10	1	0	0	0	1	0	0	0	0	16	0	0	0	0	0	0	1	1	0					0	1	0	data\source\maps\冰雪盛会_万象长安\冰雪盛会_万象长安.jsonmap	
campfight	633	个人家园_明宵灯暖	个人家园_明宵灯暖	0	1	1	1200	10	1	0	0	0	1	0	0	0	0	16	0	0	0	0	0	0	1	1	0					0	1	0	data\source\maps\个人家园_明宵灯暖\个人家园_明宵灯暖.jsonmap	
campfight	634	春节天街灯市_不良人	天街灯市·蜃墟	0	1	1	1000	10	1	0	0	0	1	0	0	0	0	16	0	0	0	0	0	0	0	1	0					0	0	0	data\source\maps\春节天街灯市\春节天街灯市.jsonmap	
campfight	636	武狱黑牢	武狱黑牢	1	1024	1	10	5	0	0	128	0	1	1	0	0	0	16	0	0	0	0	128	0	0	1						0	0	0	data\source\maps\武狱黑牢\武狱黑牢.jsonmap	
campfight	637	25人普通武狱黑牢	25人普通武狱黑牢	1	512	1	25	2	0	0	128	0	1	1	0	0	0	16	0	0	0	0	128	0	0	1						0	0	0	data\source\maps\武狱黑牢\武狱黑牢.jsonmap	
campfight	638	25人英雄武狱黑牢	25人英雄武狱黑牢	1	512	1	25	2	0	0	128	0	1	1	0	0	0	16	0	0	0	0	128	0	0	1						0	0	0	data\source\maps\武狱黑牢\武狱黑牢.jsonmap	
campfight	639	鹿桥驿	英雄鹿桥驿	1	2048	1	5	2	0	0	128	0	1	1	0	0	0	16	0	0	0	0	131	0	0	1						0	0	0	data\source\maps\鹿桥驿\鹿桥驿.jsonmap	
campfight	640	挑战鹿桥驿	挑战鹿桥驿	1	1024	1	5	2	0	0	128	0	1	1	0	0	0	16	0	0	0	0	131	0	0	1						0	0	0	data\source\maps\鹿桥驿\鹿桥驿.jsonmap	
campfight	642	万灵山庄	万灵山庄	0	2	1	1500	10	1	0	0	0	1	0	0	0	1	16	1	0	0	0	0	0	1	1	0					0	1	0	data\source\maps\万灵山庄\万灵山庄.jsonmap	
campfight	643	相知相遇_张家界	张家界·相遇	0	20	1	1000	10	1	0	0	0	1	0	0	0	0	16	0	0	0	0	0	0	1	1	0					0	0	0	data\source\maps\相知相遇_张家界\相知相遇_张家界.jsonmap	
campfight	644	相知相遇_黄龙洞	黄龙洞	1	1024	1	5	2	0	0	128	0	1	1	0	0	0	16	0	0	0	0	131	0	0	1						0	0	0	data\source\maps\相知相遇_黄龙洞\相知相遇_黄龙洞.jsonmap	
campfight	645	洱海绝境	洱海绝境	2	1024	1	108	2	0	160	512	2	5	0	0	0	0	4	0	0	0	0	8	1	1	1	0		1	7		0	0	0	data\source\maps\洱海绝境\洱海绝境.jsonmap	
campfight	646	个人家园_沙漠	个人家园_沙漠	0	1	1	1200	10	1	0	0	0	1	0	0	0	0	16	0	0	0	0	0	0	1	1	0					0	1	0	data\source\maps\个人家园_沙漠\个人家园_沙漠.jsonmap	
campfight	647	银霜口	银霜口	0	1	1	1600	10	1	0	0	0	4	0	0	1	1	16	1	0	0	0	0	0	1	1	0					1	1	0	data\source\maps\银霜口\银霜口.jsonmap	
campfight	648	九老洞	九老洞	1	1024	1	10	5	0	0	128	0	1	1	0	0	0	16	0	0	0	0	128	0	0	1						0	0	0	data\source\maps\九老洞\九老洞.jsonmap	
campfight	649	25人普通九老洞	25人普通九老洞	1	512	1	25	2	0	0	128	0	1	1	0	0	0	16	0	0	0	0	128	0	0	1						0	0	0	data\source\maps\九老洞\九老洞.jsonmap	
campfight	650	25人英雄九老洞	25人英雄九老洞	1	512	1	25	2	0	0	128	0	1	1	0	0	0	16	0	0	0	0	128	0	0	1						0	0	0	data\source\maps\九老洞\九老洞.jsonmap	
campfight	651	个人家园_张家界	武陵源	0	1	1	1200	10	1	0	0	0	1	0	0	0	0	16	0	0	0	0	0	0	1	1	0					0	1	0	data\source\maps\个人家园_张家界\个人家园_张家界.jsonmap	
campfight	652	沙漠公益活动	落日丘	0	4	1	600	10	1	0	0	0	1	0	0	0	0	16	0	0	0	0	0	0	1	1	0					0	1	0	data\source\maps\沙漠公益活动\沙漠公益活动.jsonmap	
campfight	653	稻香村_桃园非梦	稻香村	3	42	1	256	10	1	0	0	0	1	0	0	0	0	16	0	0	0	0	0	0	1	1	0					0	0	0	data\source\maps\稻香村_桃园非梦\稻香村_桃园非梦.jsonmap	
campfight	654	2023_828	神霄天境	0	20	1	1000	10	1	0	0	0	1	0	0	0	0	16	0	0	0	0	0	0	1	1	0					0	0	0	data\source\maps\2023_828\2023_828.jsonmap	
campfight	655	个人家园_天宫	重霄阆苑	0	1	1	1200	10	1	0	0	0	1	0	0	0	0	16	0	0	0	0	0	0	1	1	0					0	1	0	data\source\maps\个人家园_天宫\个人家园_天宫.jsonmap	
campfight	656	阴山大草原_攻防分线	阴山大草原·分线	0	9	1	1000	10	1	0	0	0	4	0	0	1	0	16	0	0	1	0	0	0	1	1	0					1	1	0	data\source\maps\阴山大草原\阴山大草原.jsonmap	
campfight	658	栖灵洞天	栖灵洞天	1	1024	1	5	2	0	0	128	0	1	1	0	0	0	16	0	0	0	0	131	0	0	1						0	0	0	data\source\maps\万灵山庄_栖灵洞天\万灵山庄_栖灵洞天.jsonmap	
campfight	659	英雄栖灵洞天	英雄栖灵洞天	1	2048	1	5	2	0	0	128	0	1	1	0	0	0	16	0	0	0	0	131	0	0	1						0	0	0	data\source\maps\万灵山庄_栖灵洞天\万灵山庄_栖灵洞天.jsonmap	
campfight	660	新旧贴花测试_新	新旧贴花测试_新	0	1	1	1200	10	1	0	0	0	5	0	0	0	0	16	0	0	0	0	0	0	1	1	0					1	1	5	data\source\maps\新旧贴花测试_新\新旧贴花测试_新.jsonmap	
campfight	661	新旧贴画测试_旧	新旧贴画测试_旧	0	1	1	1200	10	1	0	0	0	5	0	0	0	0	16	0	0	0	0	0	0	1	1	0					1	1	5	data\source\maps\新旧贴画测试_旧\新旧贴画测试_旧.jsonmap	
campfight	662	罗小黑建木海	罗小黑建木海	1	4096	1	1	2	0	0	130	0	1	1	0	0	0	16	0	0	0	0	131	0	0	1	0					0	1	0	data\source\maps\罗小黑建木海\罗小黑建木海.jsonmap	
campfight	663	登陆界面_2023_001	登陆界面_2023_001	0	1	1	1200	10	1	0	0	0	5	0	0	0	0	16	0	0	0	0	0	0	1	1	0					1	1	5	data\source\maps\登陆界面_2023_001\登陆界面_2023_001.jsonmap	
campfight	664	个人家园_李渡城	个人家园_李渡城	0	1	1	1200	10	1	0	0	0	1	0	0	0	0	16	0	0	0	0	0	0	1	1	0					0	1	0	data\source\maps\个人家园_李渡城\个人家园_李渡城.jsonmap	
campfight	665	联动地图_功夫熊猫	和平谷	0	20	1	1000	10	1	0	0	0	1	0	0	0	0	16	0	0	0	0	0	0	1	1	0					0	0	0	data\source\maps\联动地图_功夫熊猫\联动地图_功夫熊猫.jsonmap	
campfight	666	南诏段氏	南诏段氏	0	2	1	1500	10	1	0	0	0	1	0	0	0	1	16	1	0	0	0	0	0	1	1	0					0	1	0	data\source\maps\南诏段氏\南诏段氏.jsonmap	
campfight	667	联动地图_非人哉	山海游园	0	20	1	1000	10	1	0	0	0	1	0	0	0	0	16	0	0	0	0	0	0	1	1	0					0	0	0	data\source\maps\联动地图_非人哉\联动地图_非人哉.jsonmap	
campfight	668	冷龙峰	冷龙峰	1	1024	1	10	5	0	0	128	0	1	1	0	0	0	16	0	0	0	0	128	0	0	1						0	0	0	data\source\maps\冷龙峰\冷龙峰.jsonmap	
campfight	669	25人普通冷龙峰	25人普通冷龙峰	1	512	1	25	2	0	0	128	0	1	1	0	0	0	16	0	0	0	0	128	0	0	1						0	0	0	data\source\maps\冷龙峰\冷龙峰.jsonmap	
campfight	670	25人英雄冷龙峰	25人英雄冷龙峰	1	512	1	25	2	0	0	128	0	1	1	0	0	0	16	0	0	0	0	128	0	0	1						0	0	0	data\source\maps\冷龙峰\冷龙峰.jsonmap	
campfight	672	个人家园_功夫熊猫	翡翠宫下	0	1	1	1200	10	1	0	0	0	1	0	0	0	0	16	0	0	0	0	0	0	1	1	0					0	1	0	data\source\maps\个人家园_功夫熊猫\个人家园_功夫熊猫.jsonmap	
campfight	673	河西瀚漠	河西瀚漠	0	2	1	1200	10	1	0	0	0	1	0	0	1	1	16	1	0	0	0	0	0	1	1	0					1	1	0	data\source\maps\河西瀚漠\河西瀚漠.jsonmap	
campfight	674	江南_花楹_家园	浣花水榭	5	500	1	250	30	1	0	0	0	1	0	0	0	0	16	0	0	0	0	16	0	1	1	0					0	0	0	data\source\maps\江南_花楹_家园\江南_花楹_家园.jsonmap	
campfight	675	个人家园_非人哉	丹丘闲居	0	1	1	1200	10	1	0	0	0	1	0	0	0	0	16	0	0	0	0	0	0	1	1	0					0	1	0	data\source\maps\个人家园_非人哉\个人家园_非人哉.jsonmap	
campfight	676	龙门寻宝	龙门绝境	2	512	1	108	2	0	160	512	2	5	0	0	0	0	4	0	0	0	0	8	1	1	1	0		1	7		0	0	0	data\source\maps\龙门寻宝\龙门寻宝.jsonmap	
campfight	677	龙门寻宝	龙门绝境	2	512	1	108	2	0	160	512	2	5	0	0	0	0	4	0	0	0	0	8	1	1	1	0		1	7		0	0	0	data\source\maps\龙门寻宝\龙门寻宝.jsonmap	
campfight	682	南诏段氏_天龙寺	天龙寺	1	2048	1	5	2	0	0	128	0	1	1	0	0	0	16	0	0	0	0	131	0	0	1						0	0	0	data\source\maps\南诏段氏_天龙寺\南诏段氏_天龙寺.jsonmap	
campfight	683	英雄南诏段氏_天龙寺	英雄天龙寺	1	2048	1	5	2	0	0	128	0	1	1	0	0	0	16	0	0	0	0	131	0	0	1						0	0	0	data\source\maps\南诏段氏_天龙寺\南诏段氏_天龙寺.jsonmap	
campfight	684	河西瀚漠_冰川宫宝库	冰川宫宝库	1	2048	1	5	2	0	0	128	0	1	1	0	0	0	16	0	0	0	0	131	0	0	1						0	0	0	data\source\maps\河西瀚漠_冰川宫宝库\河西瀚漠_冰川宫宝库.jsonmap	
campfight	685	英雄河西瀚漠_冰川宫宝库	英雄冰川宫宝库	1	2048	1	5	2	0	0	128	0	1	1	0	0	0	16	0	0	0	0	131	0	0	1						0	0	0	data\source\maps\河西瀚漠_冰川宫宝库\河西瀚漠_冰川宫宝库.jsonmap	
campfight	686	一之窟	一之窟	1	1500	1	10	5	0	0	128	0	1	1	0	0	0	16	0	0	0	0	128	0	0	1						0	0	0	data\source\maps\河西瀚漠_一之窟\河西瀚漠_一之窟.jsonmap	
campfight	687	25人普通一之窟	25人普通一之窟	1	1024	1	25	2	0	0	128	0	1	1	0	0	0	16	0	0	0	0	128	0	0	1						0	0	0	data\source\maps\河西瀚漠_一之窟\河西瀚漠_一之窟.jsonmap	
campfight	688	25人英雄一之窟	25人英雄一之窟	1	1024	1	25	2	0	0	128	0	1	1	0	0	0	16	0	0	0	0	128	0	0	1						0	0	0	data\source\maps\河西瀚漠_一之窟\河西瀚漠_一之窟.jsonmap	
campfight	689	帮会联赛_2024	九素云峰	2	2048	1	210	120	0	160	0	2	5	0	0	0	0	8	0	0	0	0	256	0	0	1	0		1	7	1	0	0	0	data\source\maps\帮会联赛_2024\帮会联赛_2024.jsonmap	
campfight	690	风砂旧垒	风砂旧垒	1	2048	1	5	2	0	0	128	0	1	1	0	0	0	16	0	0	0	0	131	0	0	1						0	0	0	data\source\maps\河西瀚漠_风砂旧垒\河西瀚漠_风砂旧垒.jsonmap	
campfight	691	英雄风砂旧垒	英雄风砂旧垒	1	2048	1	5	2	0	0	128	0	1	1	0	0	0	16	0	0	0	0	131	0	0	1						0	0	0	data\source\maps\河西瀚漠_风砂旧垒\河西瀚漠_风砂旧垒.jsonmap	
campfight	693	不染窟	不染窟	1	2048	1	5	2	0	0	128	0	1	1	0	0	0	16	0	0	0	0	131	0	0	1						0	0	0	data\source\maps\河西瀚漠_不染窟\河西瀚漠_不染窟.jsonmap	
campfight	694	英雄不染窟	英雄不染窟	1	2048	1	5	2	0	0	128	0	1	1	0	0	0	16	0	0	0	0	131	0	0	1						0	0	0	data\source\maps\河西瀚漠_不染窟\河西瀚漠_不染窟.jsonmap	
campfight	695	冷龙峰_欲曙	冷龙峰·欲曙	0	1	1	1800	10	1	0	0	0	1	0	0	0	0	16	0	0	0	0	0	0	1	1	0					0	1	0	data\source\maps\冷龙峰\冷龙峰.jsonmap	
campfight	696	南诏段氏_红叶泽	红叶泽	2	2048	1	1024	2	0	0	8	2	4	0	0	0	0	1	0	1	0	0	8	0	0	1	0			7		0	0	0	data\source\maps\南诏段氏_红叶泽\南诏段氏_红叶泽.jsonmap	
campfight	697	河西瀚漠_跨服	跨服·河西瀚漠	0	100	1	1600	10	1	0	0	0	4	0	0	1	0	16	0	0	0	0	0	0	1	1	0			7		1	1	0	data\source\maps\河西瀚漠_跨服\河西瀚漠_跨服.jsonmap	
campfight	698	联动地图_秦时明月	墨家机关城	1	4096	1	1	1	0	0	0	0	1	1	0	0	0	16	0	0	0	0	131	0	0	0	0			7		0	0	0	data\source\maps\联动地图_秦时明月\联动地图_秦时明月.jsonmap	
campfight	699	个人家园_西湖	西湖	0	1	1	1200	10	1	0	0	0	1	0	0	0	0	16	0	0	0	0	0	0	1	1	0					0	1	0	data\source\maps\个人家园_西湖\个人家园_西湖.jsonmap	
campfight	700	个人家园_秦时明月	秦时明月	0	1	1	1200	10	1	0	0	0	1	0	0	0	0	16	0	0	0	0	0	0	1	1	0					0	1	0	data\source\maps\个人家园_秦时明月\个人家园_秦时明月.jsonmap	
campfight	701	长安_皇城	皇城	0	1	1	1200	10	1	0	0	0	1	0	0	1	1	16	1	0	0	0	0	0	1	1						1	1	0	data\source\maps\长安_皇城\长安_皇城.jsonmap	
campfight	702	联动地图_仙剑一_仙灵岛	仙灵岛	0	20	1	1000	10	1	0	0	0	1	0	0	0	0	16	0	0	0	0	0	0	1	1	0					0	0	0	data\source\maps\联动地图_仙剑一_仙灵岛\联动地图_仙剑一_仙灵岛.jsonmap	
campfight	703	联动地图_仙剑一_圣灵挑战	仙灵岛·圣灵挑战	1	1024	1	5	2	0	0	128	0	1	1	0	0	0	16	0	0	0	0	131	0	0	1						0	0	0	data\source\maps\联动地图_仙剑一_圣灵挑战\联动地图_仙剑一_圣灵挑战.jsonmap	
campfight	704	联动地图_仙剑一_魔界缝隙	魔界缝隙	1	1024	1	5	2	0	0	128	0	1	1	0	0	0	16	0	0	0	0	131	0	0	1						0	0	0	data\source\maps\联动地图_仙剑一_魔界缝隙\联动地图_仙剑一_魔界缝隙.jsonmap	
campfight	705	幻境云图_摄影棚001	万景阁	0	10	1	1000	10	1	0	0	0	1	0	0	0	0	16	0	0	0	0	0	0	0	1	0					0	0	0	data\source\maps\幻境云图_摄影棚001\幻境云图_摄影棚001.jsonmap	
campfight	706	长安_太极宫	太极宫	1	1500	1	10	5	0	0	128	0	1	1	0	0	0	16	0	0	0	0	128	0	0	1						0	0	0	data\source\maps\长安_太极宫\长安_太极宫.jsonmap	
campfight	707	25人普通太极宫	25人普通太极宫	1	1024	1	25	10	0	0	128	0	1	1	0	0	0	16	0	0	0	0	128	0	0	1						0	0	0	data\source\maps\长安_太极宫\长安_太极宫.jsonmap	
campfight	708	25人英雄太极宫	25人英雄太极宫	1	1024	1	25	10	0	0	128	0	1	1	0	0	0	16	0	0	0	0	128	0	0	1						0	0	0	data\source\maps\长安_太极宫\长安_太极宫.jsonmap	
campfight	709	林海绝境	林海绝境	2	512	1	118	2	0	160	512	2	5	0	0	0	0	32	0	0	0	0	8	1	0	1	0		1	7		0	0	0	data\source\maps\林海绝境\林海绝境.jsonmap	
campfight	710	长安_空城殿	25人挑战空城殿·上	1	1024	1	25	10	0	0	128	0	1	1	0	0	0	16	0	0	0	0	128	0	0	1						0	0	0	data\source\maps\长安_空城殿\长安_空城殿.jsonmap	
campfight	711	长安_空城殿_下	25人挑战空城殿·下	1	1024	1	25	10	0	0	128	0	1	1	0	0	0	16	0	0	0	0	128	0	0	1						0	0	0	data\source\maps\长安_空城殿\长安_空城殿.jsonmap	
campfight	712	雪域关城	雪域关城	2	512	1	34	2	0	160	0	2	5	0	0	0	0	16	0	0	0	0	256	0	0	1	0		1	7		0	0	0	data\source\maps\雪域关城\雪域关城.jsonmap	
campfight	713	伊丽川	伊丽川	0	2	1	1200	10	1	0	0	0	4	0	0	1	1	16	1	0	0	0	0	0	1	1	0					1	1	0	data\source\maps\伊丽川\伊丽川.jsonmap	
campfight	715	林海绝境	林海绝境·纷争	2	512	1	118	2	0	160	512	2	5	0	0	0	0	32	0	0	0	0	8	1	0	1	0		1	7		0	0	0	data\source\maps\林海绝境\林海绝境.jsonmap	
campfight	716	无相楼_贾府	贾府	1	1500	1	1	5	0	0	128	0	1	1	0	0	0	16	0	0	0	0	131	0	0	1						0	0	0	data\source\maps\无相楼\无相楼.jsonmap	scripts/Map/无相楼/无相楼子副本通用.lua
campfight	717	无相楼_却月楼	却月楼	1	1500	1	1	5	0	0	128	0	1	1	0	0	0	16	0	0	0	0	131	0	0	1						0	0	0	data\source\maps\无相楼\无相楼.jsonmap	scripts/Map/无相楼/无相楼子副本通用.lua
campfight	718	无相楼	永宁湾	0	2	1	1500	10	1	0	0	0	1	0	0	0	1	16	1	0	0	0	0	0	1	1	0					0	1	0	data\source\maps\无相楼\无相楼.jsonmap	
campfight	719	玄中观地下	玄中观地下	1	4096	1	1	2	0	0	128	0	1	1	0	0	0	16	0	0	0	0	131	0	0	1						0	0	0	data\source\maps\玄中观地下\玄中观地下.jsonmap	
campfight	720	缚罪之渊	缚罪之渊	1	1024	1	25	10	0	0	128	0	1	1	0	0	0	16	0	0	0	0	128	0	0	1						0	0	0	data\source\maps\缚罪之渊\缚罪之渊.jsonmap	
campfight	722	伊丽川_会战弓月城	会战弓月城	1	1500	1	10	5	0	0	128	0	1	1	0	0	0	16	0	0	0	0	128	0	0	1						0	0	0	data\source\maps\伊丽川_会战弓月城\伊丽川_会战弓月城.jsonmap	
campfight	723	25人普通会战弓月城	25人普通会战弓月城	1	1024	1	25	10	0	0	128	0	1	1	0	0	0	16	0	0	0	0	128	0	0	1						0	0	0	data\source\maps\伊丽川_会战弓月城\伊丽川_会战弓月城.jsonmap	
campfight	724	25人英雄会战弓月城	25人英雄会战弓月城	1	1024	1	25	10	0	0	128	0	1	1	0	0	0	16	0	0	0	0	128	0	0	1						0	0	0	data\source\maps\伊丽川_会战弓月城\伊丽川_会战弓月城.jsonmap	
campfight	725	獭山岛	獭山岛	1	1024	1	5	2	0	0	128	0	1	1	0	0	0	16	0	0	0	0	131	0	0	1						0	0	0	data\source\maps\獭山岛\獭山岛.jsonmap	
campfight	726	英雄獭山岛	英雄獭山岛	1	1024	1	5	2	0	0	128	0	1	1	0	0	0	16	0	0	0	0	131	0	0	1						0	0	0	data\source\maps\獭山岛\獭山岛.jsonmap	
campfight	727	伊丽川_摩罗道_低级1	摩罗道营地·玄字贰号	1	1500	1	1	2	0	0	128	0	1	1	0	0	0	16	0	0	0	0	131	0	0	1						0	0	0	data\source\maps\伊丽川\伊丽川.jsonmap	scripts/Map/伊丽川/伊丽川野外营地子副本.lua
campfight	728	伊丽川_摩罗道_低级2	摩罗道营地·玄字壹号	1	1500	1	1	2	0	0	128	0	1	1	0	0	0	16	0	0	0	0	131	0	0	1						0	0	0	data\source\maps\伊丽川\伊丽川.jsonmap	scripts/Map/伊丽川/伊丽川野外营地子副本.lua
campfight	729	伊丽川_踏实力_低级40	踏实力苍狼营营地·玄字拾号	1	1500	1	1	2	0	0	128	0	1	1	0	0	0	16	0	0	0	0	131	0	0	1						0	0	0	data\source\maps\伊丽川\伊丽川.jsonmap	scripts/Map/伊丽川/伊丽川野外营地子副本.lua
campfight	730	伊丽川_踏实力_中级41	踏实力苍狼营营地·地字贰号	1	1500	1	1	2	0	0	128	0	1	1	0	0	0	16	0	0	0	0	131	0	0	1						0	0	0	data\source\maps\伊丽川\伊丽川.jsonmap	scripts/Map/伊丽川/伊丽川野外营地子副本.lua
campfight	731	伊丽川_踏实力_高级45	踏实力苍狼营营地·天字贰号	1	1500	1	1	2	0	0	128	0	1	1	0	0	0	16	0	0	0	0	131	0	0	1						0	0	0	data\source\maps\伊丽川\伊丽川.jsonmap	scripts/Map/伊丽川/伊丽川野外营地子副本.lua
campfight	732	伊丽川_诺布众_高级34	诺布众营地·天字壹号	1	1500	1	1	2	0	0	128	0	1	1	0	0	0	16	0	0	0	0	131	0	0	1						0	0	0	data\source\maps\伊丽川\伊丽川.jsonmap	scripts/Map/伊丽川/伊丽川野外营地子副本.lua
campfight	733	伊丽川_诺布众_低级37	诺布众营地·玄字贰号	1	1500	1	1	2	0	0	128	0	1	1	0	0	0	16	0	0	0	0	131	0	0	1						0	0	0	data\source\maps\伊丽川\伊丽川.jsonmap	scripts/Map/伊丽川/伊丽川野外营地子副本.lua
campfight	734	伊丽川_踏实力_低级44	踏实力苍狼营营地·玄字柒号	1	1500	1	1	2	0	0	128	0	1	1	0	0	0	16	0	0	0	0	131	0	0	1						0	0	0	data\source\maps\伊丽川\伊丽川.jsonmap	scripts/Map/伊丽川/伊丽川野外营地子副本.lua
campfight	735	伊丽川_踏实力_中级50	踏实力苍狼营营地·地字陆号	1	1500	1	1	2	0	0	128	0	1	1	0	0	0	16	0	0	0	0	131	0	0	1						0	0	0	data\source\maps\伊丽川\伊丽川.jsonmap	scripts/Map/伊丽川/伊丽川野外营地子副本.lua
campfight	736	伊丽川_踏实力_低级53	踏实力苍狼营营地·玄字拾壹号	1	1500	1	1	2	0	0	128	0	1	1	0	0	0	16	0	0	0	0	131	0	0	1						0	0	0	data\source\maps\伊丽川\伊丽川.jsonmap	scripts/Map/伊丽川/伊丽川野外营地子副本.lua
campfight	737	伊丽川_踏实力_高级63	踏实力苍狼营营地·天字壹号	1	1500	1	1	2	0	0	128	0	1	1	0	0	0	16	0	0	0	0	131	0	0	1						0	0	0	data\source\maps\伊丽川\伊丽川.jsonmap	scripts/Map/伊丽川/伊丽川野外营地子副本.lua
campfight	738	伊丽川_踏实力_低级66	踏实力苍狼营营地·玄字壹号	1	1500	1	1	2	0	0	128	0	1	1	0	0	0	16	0	0	0	0	131	0	0	1						0	0	0	data\source\maps\伊丽川\伊丽川.jsonmap	scripts/Map/伊丽川/伊丽川野外营地子副本.lua
campfight	739	伊丽川_踏实力_低级67	踏实力苍狼营营地·玄字捌号	1	1500	1	1	2	0	0	128	0	1	1	0	0	0	16	0	0	0	0	131	0	0	1						0	0	0	data\source\maps\伊丽川\伊丽川.jsonmap	scripts/Map/伊丽川/伊丽川野外营地子副本.lua
campfight	740	伊丽川_踏实力_中级68	踏实力苍狼营营地·地字壹号	1	1500	1	1	2	0	0	128	0	1	1	0	0	0	16	0	0	0	0	131	0	0	1						0	0	0	data\source\maps\伊丽川\伊丽川.jsonmap	scripts/Map/伊丽川/伊丽川野外营地子副本.lua
campfight	741	伊丽川_诺布众_中级71	诺布众营地·地字壹号	1	1500	1	1	2	0	0	128	0	1	1	0	0	0	16	0	0	0	0	131	0	0	1						0	0	0	data\source\maps\伊丽川\伊丽川.jsonmap	scripts/Map/伊丽川/伊丽川野外营地子副本.lua
campfight	742	伊丽川_踏实力_中级72	踏实力苍狼营营地·地字叁号	1	1500	1	1	2	0	0	128	0	1	1	0	0	0	16	0	0	0	0	131	0	0	1						0	0	0	data\source\maps\伊丽川\伊丽川.jsonmap	scripts/Map/伊丽川/伊丽川野外营地子副本.lua
campfight	743	伊丽川_吐蕃僧_高级73	莲花会营地·天字壹号	1	1500	1	1	2	0	0	128	0	1	1	0	0	0	16	0	0	0	0	131	0	0	1						0	0	0	data\source\maps\伊丽川\伊丽川.jsonmap	scripts/Map/伊丽川/伊丽川野外营地子副本.lua
campfight	744	伊丽川_吐蕃僧_低级79	莲花会营地·玄字贰号	1	1500	1	1	2	0	0	128	0	1	1	0	0	0	16	0	0	0	0	131	0	0	1						0	0	0	data\source\maps\伊丽川\伊丽川.jsonmap	scripts/Map/伊丽川/伊丽川野外营地子副本.lua
campfight	745	伊丽川_诺布众_低级81	诺布众营地·玄字壹号	1	1500	1	1	2	0	0	128	0	1	1	0	0	0	16	0	0	0	0	131	0	0	1						0	0	0	data\source\maps\伊丽川\伊丽川.jsonmap	scripts/Map/伊丽川/伊丽川野外营地子副本.lua
campfight	746	伊丽川_吐蕃军队_低级82	吐蕃掠锋营营地·玄字壹号	1	1500	1	1	2	0	0	128	0	1	1	0	0	0	16	0	0	0	0	131	0	0	1						0	0	0	data\source\maps\伊丽川\伊丽川.jsonmap	scripts/Map/伊丽川/伊丽川野外营地子副本.lua
campfight	747	伊丽川_吐蕃军队_中级83	吐蕃掠锋营营地·地字壹号	1	1500	1	1	2	0	0	128	0	1	1	0	0	0	16	0	0	0	0	131	0	0	1						0	0	0	data\source\maps\伊丽川\伊丽川.jsonmap	scripts/Map/伊丽川/伊丽川野外营地子副本.lua
campfight	748	伊丽川_吐蕃军队_中级91	吐蕃掠锋营营地·地字肆号	1	1500	1	1	2	0	0	128	0	1	1	0	0	0	16	0	0	0	0	131	0	0	1						0	0	0	data\source\maps\伊丽川\伊丽川.jsonmap	scripts/Map/伊丽川/伊丽川野外营地子副本.lua
campfight	749	伊丽川_突骑施_低级100	突骑施营地·玄字壹号	1	1500	1	1	2	0	0	128	0	1	1	0	0	0	16	0	0	0	0	131	0	0	1						0	0	0	data\source\maps\伊丽川\伊丽川.jsonmap	scripts/Map/伊丽川/伊丽川野外营地子副本.lua
campfight	750	伊丽川_踏实力_低级101	踏实力苍狼营营地·玄字贰号	1	1500	1	1	2	0	0	128	0	1	1	0	0	0	16	0	0	0	0	131	0	0	1						0	0	0	data\source\maps\伊丽川\伊丽川.jsonmap	scripts/Map/伊丽川/伊丽川野外营地子副本.lua
campfight	751	伊丽川_踏实力_中级104	踏实力苍狼营营地·地字柒号	1	1500	1	1	2	0	0	128	0	1	1	0	0	0	16	0	0	0	0	131	0	0	1						0	0	0	data\source\maps\伊丽川\伊丽川.jsonmap	scripts/Map/伊丽川/伊丽川野外营地子副本.lua
campfight	752	伊丽川_踏实力_低级105	踏实力苍狼营营地·玄字拾叁号	1	1500	1	1	2	0	0	128	0	1	1	0	0	0	16	0	0	0	0	131	0	0	1						0	0	0	data\source\maps\伊丽川\伊丽川.jsonmap	scripts/Map/伊丽川/伊丽川野外营地子副本.lua
campfight	753	伊丽川_吐蕃军队_低级106	吐蕃掠锋营营地·玄字肆号	1	1500	1	1	2	0	0	128	0	1	1	0	0	0	16	0	0	0	0	131	0	0	1						0	0	0	data\source\maps\伊丽川\伊丽川.jsonmap	scripts/Map/伊丽川/伊丽川野外营地子副本.lua
campfight	754	伊丽川_吐蕃军队_中级109	吐蕃掠锋营营地·地字叁号	1	1500	1	1	2	0	0	128	0	1	1	0	0	0	16	0	0	0	0	131	0	0	1						0	0	0	data\source\maps\伊丽川\伊丽川.jsonmap	scripts/Map/伊丽川/伊丽川野外营地子副本.lua
campfight	755	伊丽川_踏实力_低级111	踏实力苍狼营营地·玄字叁号	1	1500	1	1	2	0	0	128	0	1	1	0	0	0	16	0	0	0	0	131	0	0	1						0	0	0	data\source\maps\伊丽川\伊丽川.jsonmap	scripts/Map/伊丽川/伊丽川野外营地子副本.lua
campfight	756	伊丽川_踏实力_低级118	踏实力苍狼营营地·玄字肆号	1	1500	1	1	2	0	0	128	0	1	1	0	0	0	16	0	0	0	0	131	0	0	1						0	0	0	data\source\maps\伊丽川\伊丽川.jsonmap	scripts/Map/伊丽川/伊丽川野外营地子副本.lua
campfight	757	伊丽川_吐蕃军队_高级119	吐蕃掠锋营营地·天字壹号	1	1500	1	1	2	0	0	128	0	1	1	0	0	0	16	0	0	0	0	131	0	0	1						0	0	0	data\source\maps\伊丽川\伊丽川.jsonmap	scripts/Map/伊丽川/伊丽川野外营地子副本.lua
campfight	758	伊丽川_吐蕃军队_低级132	吐蕃掠锋营营地·玄字贰号	1	1500	1	1	2	0	0	128	0	1	1	0	0	0	16	0	0	0	0	131	0	0	1						0	0	0	data\source\maps\伊丽川\伊丽川.jsonmap	scripts/Map/伊丽川/伊丽川野外营地子副本.lua
campfight	759	伊丽川_星宿派_中级137	星宿宗营地·地字壹号	1	1500	1	1	2	0	0	128	0	1	1	0	0	0	16	0	0	0	0	131	0	0	1						0	0	0	data\source\maps\伊丽川\伊丽川.jsonmap	scripts/Map/伊丽川/伊丽川野外营地子副本.lua
campfight	760	伊丽川_吐蕃军队_低级139	吐蕃掠锋营营地·玄	1	1500	1	1	2	0	0	128	0	1	1	0	0	0	16	0	0	0	0	131	0	0	1						0	0	0	data\source\maps\伊丽川\伊丽川.jsonmap	scripts/Map/伊丽川/伊丽川野外营地子副本.lua
campfight	761	伊丽川_星宿派_中级151	星宿宗营地·地字贰号	1	1500	1	1	2	0	0	128	0	1	1	0	0	0	16	0	0	0	0	131	0	0	1						0	0	0	data\source\maps\伊丽川\伊丽川.jsonmap	scripts/Map/伊丽川/伊丽川野外营地子副本.lua
campfight	762	伊丽川_踏实力_低级174	踏实力苍狼营营地·玄字伍号	1	1500	1	1	2	0	0	128	0	1	1	0	0	0	16	0	0	0	0	131	0	0	1						0	0	0	data\source\maps\伊丽川\伊丽川.jsonmap	scripts/Map/伊丽川/伊丽川野外营地子副本.lua
campfight	763	伊丽川_踏实力_中级175	踏实力苍狼营营地·地字伍号	1	1500	1	1	2	0	0	128	0	1	1	0	0	0	16	0	0	0	0	131	0	0	1						0	0	0	data\source\maps\伊丽川\伊丽川.jsonmap	scripts/Map/伊丽川/伊丽川野外营地子副本.lua
campfight	764	伊丽川_吐蕃僧_低级178	莲花会营地·玄字壹号	1	1500	1	1	2	0	0	128	0	1	1	0	0	0	16	0	0	0	0	131	0	0	1						0	0	0	data\source\maps\伊丽川\伊丽川.jsonmap	scripts/Map/伊丽川/伊丽川野外营地子副本.lua
campfight	765	伊丽川_吐蕃僧_中级181	莲花会营地·地字壹号	1	1500	1	1	2	0	0	128	0	1	1	0	0	0	16	0	0	0	0	131	0	0	1						0	0	0	data\source\maps\伊丽川\伊丽川.jsonmap	scripts/Map/伊丽川/伊丽川野外营地子副本.lua
campfight	766	伊丽川_踏实力_高级182	踏实力苍狼营营地·天字叁号	1	1500	1	1	2	0	0	128	0	1	1	0	0	0	16	0	0	0	0	131	0	0	1						0	0	0	data\source\maps\伊丽川\伊丽川.jsonmap	scripts/Map/伊丽川/伊丽川野外营地子副本.lua
campfight	767	伊丽川_踏实力_低级184	踏实力苍狼营营地·玄字陆号	1	1500	1	1	2	0	0	128	0	1	1	0	0	0	16	0	0	0	0	131	0	0	1						0	0	0	data\source\maps\伊丽川\伊丽川.jsonmap	scripts/Map/伊丽川/伊丽川野外营地子副本.lua
campfight	768	伊丽川_踏实力_低级188	踏实力苍狼营营地·玄字拾贰号	1	1500	1	1	2	0	0	128	0	1	1	0	0	0	16	0	0	0	0	131	0	0	1						0	0	0	data\source\maps\伊丽川\伊丽川.jsonmap	scripts/Map/伊丽川/伊丽川野外营地子副本.lua
campfight	769	伊丽川_踏实力_中级190	踏实力苍狼营营地·地字肆号	1	1500	1	1	2	0	0	128	0	1	1	0	0	0	16	0	0	0	0	131	0	0	1						0	0	0	data\source\maps\伊丽川\伊丽川.jsonmap	scripts/Map/伊丽川/伊丽川野外营地子副本.lua
campfight	770	伊丽川_星宿派_中级192	星宿宗营地·地字叁号	1	1500	1	1	2	0	0	128	0	1	1	0	0	0	16	0	0	0	0	131	0	0	1						0	0	0	data\source\maps\伊丽川\伊丽川.jsonmap	scripts/Map/伊丽川/伊丽川野外营地子副本.lua
campfight	771	伊丽川_突骑施_低级212	突骑施营地·玄字叁号	1	1500	1	1	2	0	0	128	0	1	1	0	0	0	16	0	0	0	0	131	0	0	1						0	0	0	data\source\maps\伊丽川\伊丽川.jsonmap	scripts/Map/伊丽川/伊丽川野外营地子副本.lua
campfight	772	伊丽川_踏实力_低级213	踏实力苍狼营营地·玄字玖号	1	1500	1	1	2	0	0	128	0	1	1	0	0	0	16	0	0	0	0	131	0	0	1						0	0	0	data\source\maps\伊丽川\伊丽川.jsonmap	scripts/Map/伊丽川/伊丽川野外营地子副本.lua
campfight	773	伊丽川_吐蕃军队_低级215	吐蕃掠锋营营地·玄字叁号	1	1500	1	1	2	0	0	128	0	1	1	0	0	0	16	0	0	0	0	131	0	0	1						0	0	0	data\source\maps\伊丽川\伊丽川.jsonmap	scripts/Map/伊丽川/伊丽川野外营地子副本.lua
campfight	774	伊丽川_突骑施_低级217	突骑施营地·玄字贰号	1	1500	1	1	2	0	0	128	0	1	1	0	0	0	16	0	0	0	0	131	0	0	1						0	0	0	data\source\maps\伊丽川\伊丽川.jsonmap	scripts/Map/伊丽川/伊丽川野外营地子副本.lua
campfight	775	伊丽川_吐蕃僧_中级219	莲花会营地·地字贰号	1	1500	1	1	2	0	0	128	0	1	1	0	0	0	16	0	0	0	0	131	0	0	1						0	0	0	data\source\maps\伊丽川\伊丽川.jsonmap	scripts/Map/伊丽川/伊丽川野外营地子副本.lua
campfight	776	伊丽川_星宿派_高级225	星宿宗营地·天字壹号	1	1500	1	1	2	0	0	128	0	1	1	0	0	0	16	0	0	0	0	131	0	0	1						0	0	0	data\source\maps\伊丽川\伊丽川.jsonmap	scripts/Map/伊丽川/伊丽川野外营地子副本.lua
campfight	777	伊丽川_吐蕃军队_中级1	吐蕃掠锋营营地·地字贰号	1	1500	1	1	2	0	0	128	0	1	1	0	0	0	16	0	0	0	0	131	0	0	1						0	0	0	data\source\maps\伊丽川\伊丽川.jsonmap	scripts/Map/伊丽川/伊丽川野外营地子副本.lua
campfight	778	伊丽川_吐蕃军队_高级1	吐蕃掠锋营营地·天	1	1500	1	1	2	0	0	128	0	1	1	0	0	0	16	0	0	0	0	131	0	0	1						0	0	0	data\source\maps\伊丽川\伊丽川.jsonmap	scripts/Map/伊丽川/伊丽川野外营地子副本.lua
campfight	779	伊丽川_吐蕃军队_低级1	吐蕃掠锋营营地·玄字伍号	1	1500	1	1	2	0	0	128	0	1	1	0	0	0	16	0	0	0	0	131	0	0	1						0	0	0	data\source\maps\伊丽川\伊丽川.jsonmap	scripts/Map/伊丽川/伊丽川野外营地子副本.lua
campfight	780	伊丽川_摩罗道_中级1	摩罗道营地·地字壹号	1	1500	1	1	2	0	0	128	0	1	1	0	0	0	16	0	0	0	0	131	0	0	1						0	0	0	data\source\maps\伊丽川\伊丽川.jsonmap	scripts/Map/伊丽川/伊丽川野外营地子副本.lua
campfight	781	伊丽川_摩罗道_高级1	摩罗道营地·天字壹号	1	1500	1	1	2	0	0	128	0	1	1	0	0	0	16	0	0	0	0	131	0	0	1						0	0	0	data\source\maps\伊丽川\伊丽川.jsonmap	scripts/Map/伊丽川/伊丽川野外营地子副本.lua
campfight	782	伊丽川_突骑施_中级1	突骑施营地·地字壹号	1	1500	1	1	2	0	0	128	0	1	1	0	0	0	16	0	0	0	0	131	0	0	1						0	0	0	data\source\maps\伊丽川\伊丽川.jsonmap	scripts/Map/伊丽川/伊丽川野外营地子副本.lua
campfight	783	伊丽川_突骑施_高级1	突骑施营地·天字壹号	1	1500	1	1	2	0	0	128	0	1	1	0	0	0	16	0	0	0	0	131	0	0	1						0	0	0	data\source\maps\伊丽川\伊丽川.jsonmap	scripts/Map/伊丽川/伊丽川野外营地子副本.lua
campfight	784	伊丽川_绣骨寺_高级1	绣骨寺营地·天字壹号	1	1500	1	1	2	0	0	128	0	1	1	0	0	0	16	0	0	0	0	131	0	0	1						0	0	0	data\source\maps\伊丽川\伊丽川.jsonmap	scripts/Map/伊丽川/伊丽川野外营地子副本.lua
campfight	785	伊丽川_哮蛮谷	伊丽川_哮蛮谷	1	1500	1	1	5	0	0	128	0	1	1	0	0	0	16	0	0	0	0	131	0	0	1						0	0	0	data\source\maps\伊丽川\伊丽川.jsonmap	scripts/Map/伊丽川/伊丽川哮蛮谷子副本.lua
campfight	786	个人家园_伊丽川	雪岭镜湖	0	1	1	1200	10	1	0	0	0	1	0	0	0	0	16	0	0	0	0	0	0	1	1	0					0	1	0	data\source\maps\个人家园_伊丽川\个人家园_伊丽川.jsonmap	
campfight	787	伊丽川_刺客信条_弓月城	弓月城·幻境	1	2048	1	1	2	0	0	128	0	1	1	0	0	0	16	0	0	0	0	131	0	0	1						0	0	0	data\source\maps\伊丽川\伊丽川.jsonmap	scripts/Map/ACT_刺客信条/伊丽川弓月城子副本.lua
campfight	788	昆仑_北茫山营地	昆仑_北茫山营地	1	2048	1	1	5	0	0	128	0	1	1	0	0	0	16	0	0	0	0	131	0	0	1						0	0	0	data\source\maps\昆仑\昆仑.jsonmap	scripts/Map/ACT_场景预热/2026副本前置/昆仑北茫山子副本.lua
campfight	789	英雄志_唐简_归家	英雄志_唐简_归家	1	4096	1	1	2	0	0	128	0	1	1	0	0	0	16	0	0	0	0	131	0	0	1						0	0	0	data\source\maps\英雄志_唐简_归家\英雄志_唐简_归家.jsonmap	scripts/Map/英雄志/唐简/归家/英雄志_唐简_归家.lua
campfight	790	扬刀大会_擎霄山	扬刀大会·擎霄山	2	2048	1	10	2	0	0	8	2	4	0	0	0	0	1	0	0	0	0	8	0	0	1	0		1	7		0	0	0	data\source\maps\扬刀大会_擎霄山\扬刀大会_擎霄山.jsonmap	
campfight	793	阆风悬城	阆风悬城	1	1500	1	10	5	0	0	128	0	1	1	0	0	0	16	0	0	0	0	128	0	0	1						0	0	0	data\source\maps\阆风悬城\阆风悬城.jsonmap	
campfight	794	25人普通阆风悬城	25人普通阆风悬城	1	1024	1	25	10	0	0	128	0	1	1	0	0	0	16	0	0	0	0	128	0	0	1						0	0	0	data\source\maps\阆风悬城\阆风悬城.jsonmap	
campfight	795	25人英雄阆风悬城	25人英雄阆风悬城	1	1024	1	25	10	0	0	128	0	1	1	0	0	0	16	0	0	0	0	128	0	0	1						0	0	0	data\source\maps\阆风悬城\阆风悬城.jsonmap	
campfight	796	JX3_StandardEnv_002_VgTest	JX3_StandardEnv_002_VgTest	0	1	1	1200	10	1	0	0	0	4	0	0	0	0	16	0	0	0	0	0	0	1	1	0					1	1	5	data\whitebox_k\jx3\map\JX3_StandardEnv_002_VgTest\JX3_StandardEnv_002_VgTest.jsonmap	
campfight	797	界面使用场景	林间小屋	0	10	1	1000	10	1	0	0	0	1	0	0	0	0	16	0	0	0	0	0	0	0	1	0					0	0	0	data/source/maps/界面使用场景/界面使用场景.jsonmap	scripts/Map/界面使用场景/界面使用场景.lua
campfight	798	JX3_StandardEnv_Water	JX3_StandardEnv_Water	0	1	1	1200	10	1	0	0	0	4	0	0	0	0	16	0	0	0	0	0	0	1	1	0					1	1	5	data\whitebox_k\jx3\map\JX3_StandardEnv_Water\JX3_StandardEnv_Water.jsonmap	
campfight	799	成都小区域_清明节活动	成都小区域_清明节活动	1	2048	1	1	5	0	0	129	0	1	1	0	0	0	16	0	0	0	0	131	0	0	1						0	0	0	data\source\maps\成都\成都.jsonmap	scripts/Map/成都小区域_清明节活动/成都小区域_清明节活动.lua
campfight	801	ACT_大富翁	大富翁	2	1024	1	4	1	0	160	0	0	5	0	0	0	0	16	0	0	0	0	256	0	0	1	0		1	7		0	0	0	data\source\maps\ACT_大富翁\ACT_大富翁.jsonmap	
campfight	804	阆风悬城_元心殿	阆风悬城·元心殿	1	1024	1	25	10	0	0	128	0	1	1	0	0	0	16	0	0	0	0	128	0	0	1						0	0	0	data\source\maps\阆风悬城_元心殿\阆风悬城_元心殿.jsonmap	scripts/Map/挑战阆风悬城/挑战阆风悬城.lua
campfight	806	洛阳城西	洛阳城西	0	1	1	1200	10	1	0	0	0	1	0	0	1	1	16	1	0	0	0	0	0	1	1						1	1	0	data\source\maps\洛阳城西\洛阳城西.jsonmap	scripts/Map/洛阳城西/洛阳城西.lua
campfight	807	欢乐谷	鹅鸭大游园	2	1024	1	10	1	0	160	0	2	1	1	0	0	0	16	0	0	0	0	128	0	0	1			1			0	0	0	data\source\maps\欢乐谷\欢乐谷.jsonmap	scripts/Map/ACT_三方杀/ACT_三方杀.lua
campfight	817	阆风悬城_寒刃铸心	阆风悬城_寒刃铸心	1	1500	1	1	2	0	0	128	0	1	1	0	0	0	16	0	0	0	0	131	0	0	1						0	0	0	data\source\maps\阆风悬城\阆风悬城.jsonmap	scripts/Map/阆风悬城/阆风悬城子副本通用.lua
campfight	995	八荒衡鉴_仙踪林	八荒衡鉴·仙踪林	1	1500	1	3	2	0	0	130	0	1	1	0	0	0	16	0	0	0	0	131	0	0	1	0					0	1	0	data\source\maps\八荒衡鉴_仙踪林\八荒衡鉴_仙踪林.jsonmap	
openpk	2	万花	万花	0	2	1	1500	10	1	0	0	0	1	0	0	0	1	16	1	0	0	0	0	0	1	1	0					0	1	0	data\source\maps\万花\万花.jsonmap	
openpk	3	1024_蓝天白云	1024_蓝天白云	0	1	1	1200	10	1	0	0	0	4	0	0	0	0	16	0	0	0	0	0	0	1	1	0					1	1	5	data\source\maps\1024_蓝天白云\1024_蓝天白云.jsonmap	
openpk	5	少林	少林	0	2	1	1500	10	1	0	0	0	1	0	0	0	1	16	1	0	0	0	0	0	1	1	0					0	1	0	data\source\maps\少林\少林.jsonmap	
openpk	6	扬州	扬州	0	1	1	1200	10	1	0	16	0	1	0	0	0	1	16	1	0	0	1	16	0	1	1	0					0	1	0	data\source\maps\扬州\扬州.jsonmap	
openpk	7	纯阳	纯阳	0	2	1	1500	10	1	0	0	0	1	0	0	0	1	16	1	0	0	0	0	0	1	1	0					0	1	0	data\source\maps\纯阳\纯阳.jsonmap	
openpk	8	洛阳	洛阳	0	1	1	1500	10	1	0	16	0	1	0	0	0	1	16	1	0	0	1	16	0	1	1	0					0	1	0	data\source\maps\洛阳\洛阳.jsonmap	
openpk	9	洛道	洛道	0	1	1	1000	10	1	0	0	0	4	0	0	1	1	16	1	0	1	0	0	0	1	1	1					1	1	0	data\source\maps\洛道\洛道.jsonmap	
openpk	10	寇岛	寇岛	0	1	1	1024	10	1	0	0	0	4	0	0	1	1	16	1	0	0	0	0	0	1	1	0					1	1	0	data\source\maps\寇岛\寇岛.jsonmap	
openpk	11	天策	天策	0	2	1	1500	10	1	0	0	0	1	0	0	0	1	16	1	0	0	0	0	0	1	1	0					0	1	0	data\source\maps\天策\天策.jsonmap	
openpk	12	枫华谷	枫华谷	0	1	1	1024	10	1	0	0	0	4	0	0	1	1	16	1	0	0	0	0	0	1	1	0					1	1	0	data\source\maps\枫华谷\枫华谷.jsonmap	
openpk	13	金水镇	金水镇	0	1	1	1000	10	1	0	0	0	4	0	0	1	1	16	1	0	1	1	0	0	1	1	1					1	1	0	data\source\maps\金水镇\金水镇.jsonmap	
openpk	15	长安	长安	0	1	1	1500	10	1	0	16	0	1	0	0	0	1	16	1	0	0	1	16	0	1	1	0					0	1	0	data\source\maps\长安\长安.jsonmap	
openpk	16	七秀	七秀	0	2	1	1500	10	1	0	0	0	1	0	0	0	1	16	1	0	0	0	0	0	1	1	0					0	1	0	data\source\maps\七秀\七秀.jsonmap	
openpk	21	巴陵县	巴陵县	0	1	1	1000	10	1	0	0	0	4	0	0	1	1	16	1	0	1	0	0	0	1	1	1					1	1	0	data\source\maps\巴陵县\巴陵县.jsonmap	
openpk	22	南屏山	南屏山	0	1	1	1000	10	1	0	0	0	5	0	0	1	1	16	1	0	1	0	0	0	1	1	1					1	1	0	data\source\maps\南屏山\南屏山.jsonmap	
openpk	23	龙门荒漠	龙门荒漠	0	1	1	1200	10	1	0	0	0	4	0	0	1	1	16	1	0	1	0	0	0	1	1	1					1	1	0	data\source\maps\龙门荒漠\龙门荒漠.jsonmap	
openpk	25	浩气盟	浩气盟	0	10	1	1400	10	1	0	0	0	5	0	1	0	1	16	1	0	1	0	0	0	1	1	1					0	1	0	data\source\maps\浩气盟\浩气盟.jsonmap	
openpk	27	恶人谷	恶人谷	0	10	1	1400	10	1	0	0	0	5	0	1	0	1	16	1	0	1	0	0	0	1	1	1					0	1	0	data\source\maps\恶人谷\恶人谷.jsonmap	
openpk	30	昆仑	昆仑	0	1	1	1000	10	1	0	0	0	5	0	0	1	1	16	1	0	1	0	0	0	1	1	1					1	1	0	data\source\maps\昆仑\昆仑.jsonmap	
openpk	35	瞿塘峡	瞿塘峡	0	1	1	1000	10	1	0	0	0	4	0	0	1	1	16	1	0	1	0	0	0	1	1	1					1	1	0	data\source\maps\瞿塘峡\瞿塘峡.jsonmap	
openpk	49	藏剑山庄	藏剑山庄	0	2	1	1500	10	1	0	0	0	1	0	0	0	1	16	1	0	0	0	0	0	1	1	0					0	1	0	data\source\maps\藏剑山庄\藏剑山庄.jsonmap	
openpk	74	帮会领地	帮会领地	4	900	1	900	1	1	0	6	2	1	0	0	0	0	16	0	0	0	1	6	0	1	1	0					0	1	0	data\source\maps\帮会领地\帮会领地.jsonmap	
openpk	100	白龙口	白龙口	0	1	1	1000	10	1	0	0	0	4	0	0	1	1	16	1	0	1	0	0	0	1	1	1					1	1	0	data\source\maps\白龙口\白龙口.jsonmap	
openpk	101	无量山	无量山	0	1	1	1000	10	1	0	0	0	4	0	0	1	1	16	1	0	1	0	0	0	1	1	1					1	1	0	data\source\maps\无量山\无量山.jsonmap	
openpk	102	五毒	五毒	0	2	1	1500	10	1	0	0	0	1	0	0	0	1	16	1	0	0	0	0	0	1	1	0					0	1	0	data\source\maps\五毒\五毒.jsonmap	
openpk	103	融天岭	融天岭	0	1	1	1000	10	1	0	0	0	4	0	0	1	1	16	1	0	1	0	0	0	1	1	1					1	1	0	data\source\maps\融天岭\融天岭.jsonmap	
openpk	104	黑龙沼	黑龙沼	0	1	1	1000	10	1	0	0	0	4	0	0	1	1	16	1	0	1	0	0	0	1	1	1					1	1	0	data\source\maps\黑龙沼\黑龙沼.jsonmap	
openpk	105	苍山洱海	苍山洱海	0	1	1	1000	10	1	0	0	0	4	0	0	1	1	16	1	0	1	0	0	0	1	1	1					1	1	0	data\source\maps\苍山洱海\苍山洱海.jsonmap	
openpk	108	成都	成都	0	1	1	1200	10	1	0	16	0	1	0	0	0	1	16	1	0	0	1	16	0	1	1	0					0	1	0	data\source\maps\成都\成都.jsonmap	
openpk	109	龙渊泽	龙渊泽	1	320	1	10	2	0	0	128	0	1	1	0	0	0	16	0	0	0	0	131	0	0	1	0					0	1	0	data\source\maps\龙渊泽\龙渊泽.jsonmap	
openpk	117	25人英雄龙渊泽	25人英雄龙渊泽	1	256	1	25	2	0	0	128	0	1	1	0	0	0	16	0	0	0	0	131	0	0	1	0					0	1	0	data\source\maps\25人英雄龙渊泽\25人英雄龙渊泽.jsonmap	
openpk	118	25人普通龙渊泽	25人普通龙渊泽	1	256	1	25	2	0	0	128	0	1	1	0	0	0	16	0	0	0	0	131	0	0	1	0					0	1	0	data\source\maps\25人普通龙渊泽\25人普通龙渊泽.jsonmap	
openpk	119	10人英雄龙渊泽	10人英雄龙渊泽	1	256	1	10	2	0	0	128	0	1	1	0	0	0	16	0	0	0	0	131	0	0	1	0					0	1	0	data\source\maps\10人英雄龙渊泽\10人英雄龙渊泽.jsonmap	
openpk	122	唐门	唐门	0	2	1	1500	10	1	0	0	0	1	0	0	0	1	16	1	0	0	0	0	0	1	1	0					0	1	0	data\source\maps\唐门\唐门.jsonmap	
openpk	139	枫华谷_安史之乱	枫华谷·战乱	0	1	1	1000	10	1	0	0	0	4	0	0	1	1	16	1	0	1	0	0	0	1	1	1					1	1	0	data\source\maps\枫华谷_安史之乱\枫华谷_安史之乱.jsonmap	
openpk	150	明教	明教	0	2	1	1500	10	1	0	0	0	1	0	0	0	1	16	1	0	0	0	0	0	1	1	0					0	1	0	data\source\maps\明教\明教.jsonmap	
openpk	151	洛阳_安史之乱	洛阳·战乱	0	1	1	1000	10	1	0	0	0	4	0	0	1	1	16	1	0	0	0	0	0	1	1	1					1	1	0	data\source\maps\洛阳_安史之乱\洛阳_安史之乱.jsonmap	
openpk	152	大唐监狱	大唐监狱	0	1	1	1500	10	1	0	64	2	4	0	0	0	0	16	0	0	0	0	64	0	1	1	0					1	1	0	data\source\maps\大唐监狱\大唐监狱.jsonmap	
openpk	153	马嵬驿	马嵬驿	0	1	1	1000	10	1	0	0	0	4	0	0	1	1	16	1	0	1	1	0	0	1	1	1					1	1	0	data\source\maps\马嵬驿\马嵬驿.jsonmap	
openpk	156	长安_安史之乱	长安·战乱	0	1	1	1800	10	1	0	0	0	4	0	0	1	1	16	1	0	0	0	0	0	1	1	0					1	1	0	data\source\maps\长安_安史之乱\长安_安史之乱.jsonmap	
openpk	158	天策_安史之乱	天策·战乱	0	1	1	1800	10	1	0	0	0	1	0	0	0	1	16	1	0	0	0	0	0	1	1	0					1	1	0	data\source\maps\天策_安史之乱\天策_安史之乱.jsonmap	
openpk	159	丐帮	丐帮	0	2	1	1500	10	1	0	0	0	1	0	0	0	1	16	1	0	0	0	131	0	1	1	0					0	1	0	data\source\maps\丐帮\丐帮.jsonmap	
openpk	172	长安内城	长安城	0	1	1	1800	10	1	0	16	0	1	0	0	0	1	16	1	0	0	1	16	0	0	1	0					0	1	0	data\source\maps\长安内城\长安内城.jsonmap	
openpk	193	苍云	苍云	0	2	1	1500	10	1	0	0	0	1	0	0	0	1	16	1	0	0	0	131	0	1	1	0					0	1	0	data\source\maps\苍云\苍云.jsonmap	
openpk	194	太原	太原	0	1	1	1000	10	1	0	16	0	1	0	0	0	1	16	1	0	0	1	16	0	1	1	0					0	1	0	data\source\maps\太原\太原.jsonmap	
openpk	197	苍云血誓	苍云	0	2	1	1500	10	1	0	0	0	1	0	0	0	0	16	0	0	0	0	131	0	1	1	0					0	1	0	data\source\maps\苍云血誓\苍云血誓.jsonmap	
openpk	213	长歌门	长歌门	0	2	1	1500	10	1	0	0	0	1	0	0	0	1	16	1	0	0	0	131	0	1	1	0					0	1	0	data\source\maps\长歌门\长歌门.jsonmap	
openpk	214	五台山	五台山	0	1	1	1000	10	1	0	0	0	4	0	0	1	1	16	1	0	0	0	0	0	1	1	1					1	1	0	data\source\maps\五台山\五台山.jsonmap	
openpk	215	千岛湖	千岛湖	0	1	1	1000	10	1	0	0	0	4	0	0	1	1	16	1	0	0	0	0	0	1	1	1					1	1	0	data\source\maps\千岛湖\千岛湖.jsonmap	
openpk	216	阴山大草原	阴山大草原	0	1	1	1000	10	1	0	0	0	4	0	0	1	1	16	1	0	1	0	0	0	1	1	1					1	1	0	data\source\maps\阴山大草原\阴山大草原.jsonmap	
openpk	217	黑戈壁	黑戈壁	0	1	1	1000	10	1	0	0	0	4	0	0	1	1	16	1	0	0	0	0	0	1	1	1					1	1	0	data\source\maps\黑戈壁\黑戈壁.jsonmap	
openpk	239	洛阳城北	洛阳城	0	1	1	1100	10	1	0	0	0	4	0	0	1	1	16	1	0	0	0	0	0	1	1	0					1	1	0	data\source\maps\洛阳城北\洛阳城北.jsonmap	
openpk	243	霸刀山庄	霸刀山庄	0	2	1	1500	10	1	0	0	0	1	0	0	0	1	16	1	0	0	0	131	0	1	1	0					0	1	0	data\source\maps\霸刀山庄\霸刀山庄.jsonmap	
openpk	259	竞技大师_华山之巅	竞技大师_华山之巅	0	1	1	200	10	1	0	0	0	1	0	0	1	1	16	1	0	1	1	0	0	0	1	0			7		0	1	0	data\source\maps\竞技大师_华山之巅\竞技大师_华山之巅.jsonmap	
openpk	276	拭剑园	拭剑园	0	1	1	1200	10	1	0	16	0	1	0	0	0	0	16	1	0	0	0	16	0	1	1	0			5		0	1	0	data\source\maps\拭剑园\拭剑园.jsonmap	
openpk	278	拭剑园	拭剑园	0	1	1	1200	10	1	0	16	0	1	0	0	0	0	16	1	0	0	0	16	0	1	1	0			5		0	1	0	data\source\maps\拭剑园\拭剑园.jsonmap	
openpk	279	拭剑园	拭剑园	0	1	1	1200	10	1	0	16	0	1	0	0	0	0	16	1	0	0	0	16	0	1	1	0			5		0	1	0	data\source\maps\拭剑园\拭剑园.jsonmap	
openpk	280	拭剑园	拭剑园	0	1	1	1200	10	1	0	16	0	1	0	0	0	0	16	1	0	0	0	16	0	1	1	0			5		0	1	0	data\source\maps\拭剑园\拭剑园.jsonmap	
openpk	281	拭剑园	拭剑园	0	1	1	1200	10	1	0	16	0	1	0	0	0	0	16	1	0	0	0	16	0	1	1	0			5		0	1	0	data\source\maps\拭剑园\拭剑园.jsonmap	
openpk	282	1024	1024	0	1	1	1600	10	1	0	0	0	5	0	0	0	0	16	0	0	0	0	0	0	1	1	0					1	1	5	data\source\maps\1024\1024.jsonmap	
openpk	294	1024_商城默认	1024_商城默认	0	1	1	1200	10	1	0	0	0	5	0	0	0	0	16	0	0	0	0	0	0	1	1	0					1	1	5	data\source\maps\1024_商城默认\1024_商城默认.jsonmap	
openpk	302	云梦幽泽	云梦幽泽	0	10	1	1200	10	1	0	0	0	1	0	0	0	0	16	0	0	0	0	0	0	1	1	0					0	1	0	data\source\maps\云梦幽泽\云梦幽泽.jsonmap	
openpk	321	思过园	思过园	3	1024	1	1800	2	1	0	16	0	1	0	0	0	0	16	0	0	0	0	16	0	1	1	0					0	1	0	data\source\maps\思过园\思过园.jsonmap	
openpk	325	洞天福地岛	洞天福地岛	0	1	1	1900	10	1	0	0	0	1	0	0	1	1	16	1	0	1	0	0	0	1	1	0					1	1	0	data\source\maps\洞天福地岛\洞天福地岛.jsonmap	
openpk	330	龙泉府	龙泉府	0	1	1	1100	10	1	0	0	0	4	0	0	1	1	16	1	0	1	0	0	0	1	1	1					1	1	0	data\source\maps\龙泉府\龙泉府.jsonmap	
openpk	331	九寨沟	九寨沟	0	1	1	1200	10	1	0	0	0	1	0	0	0	1	16	1	0	0	0	0	0	1	1	0					0	1	0	data\source\maps\九寨沟\九寨沟.jsonmap	
openpk	332	侠客岛	侠客岛	0	6	1	1200	10	1	0	16	0	1	0	0	0	1	16	1	0	0	1	16	0	1	1	0					0	1	0	data\source\maps\侠客岛\侠客岛.jsonmap	
openpk	333	蓬莱	蓬莱	0	2	1	1500	10	1	0	0	0	1	0	0	0	1	16	1	0	0	0	0	0	1	1	0					0	1	0	data\source\maps\蓬莱\蓬莱.jsonmap	
openpk	334	经首道源岛	经首道源岛	0	1	1	1000	10	1	0	0	0	4	0	0	1	1	16	1	0	0	0	0	0	1	1	1					1	1	0	data\source\maps\经首道源岛\经首道源岛.jsonmap	
openpk	338	1024_昼夜循环	1024_昼夜循环	0	1	1	1200	10	1	0	0	0	5	0	0	0	0	16	0	0	0	0	0	0	1	1	0					1	1	5	data\source\maps\1024_昼夜循环\1024_昼夜循环.jsonmap	
openpk	411	鲲鹏岛	鲲鹏岛	0	1	1	1000	10	1	0	0	0	4	0	0	0	1	16	1	0	0	1	0	0	1	1	1					1	1	0	data\source\maps\鲲鹏岛\鲲鹏岛.jsonmap	
openpk	413	望扬镇_压力测试	望扬镇_压力测试	0	1	1	1500	10	1	0	0	0	1	0	0	0	1	16	1	0	0	1	16	0	1	1	0					0	1	0	data\source\maps\望扬镇_压力测试\望扬镇_压力测试.jsonmap	
openpk	414	扬州_望扬镇_家园_004	扬州_望扬镇_家园_004	1	1024	1	1500	10	1	0	0	0	1	0	0	0	0	16	0	0	0	1	16	0	1	1	0					0	1	0	data\source\maps\扬州_望扬镇_家园_004\扬州_望扬镇_家园_004.jsonmap	
openpk	417	HD登陆界面_蓬莱001	HD登陆界面_蓬莱001	0	1	1	1200	10	1	0	0	0	5	0	0	0	0	16	0	0	0	0	0	0	1	1	0					1	1	5	data\source\maps\HD登陆界面_蓬莱001\HD登陆界面_蓬莱001.jsonmap	
openpk	418	HD商城_001_1024	HD商城_001_1024	0	1	1	1200	10	1	0	0	0	5	0	0	0	0	16	0	0	0	0	0	0	1	1	0					1	1	5	data\source\maps\HD商城_001_1024\HD商城_001_1024.jsonmap	
openpk	419	凌雪阁	凌雪阁	0	2	1	1500	10	1	0	0	0	1	0	0	0	1	16	1	0	0	0	0	0	1	1	0					0	1	0	data\source\maps\凌雪阁\凌雪阁.jsonmap	
openpk	420	HD登陆界面002_空	HD登陆界面002_空	0	1	1	1200	10	1	0	0	0	5	0	0	0	0	16	0	0	0	0	0	0	1	1	0					1	1	5	data\source\maps\HD登陆界面002_空\HD登陆界面002_空.jsonmap	
openpk	444	蔷薇列岛	蔷薇列岛	0	1	1	1000	10	1	0	0	0	4	0	0	1	1	16	1	0	0	0	0	0	1	1	1					1	1	0	data\source\maps\蔷薇列岛\蔷薇列岛.jsonmap	
openpk	447	HD商城_001	HD商城_001	0	1	1	1200	10	1	0	0	0	5	0	0	0	0	16	0	0	0	0	0	0	1	1	0					1	1	5	data\source\maps\HD商城_001\HD商城_001.jsonmap	
openpk	448	HD登陆界面_凌雪阁003	HD登陆界面_凌雪阁003	0	1	1	1200	10	1	0	0	0	5	0	0	0	0	16	0	0	0	0	0	0	1	1	0					1	1	5	data\source\maps\HD登陆界面_凌雪阁003\HD登陆界面_凌雪阁003.jsonmap	
openpk	450	miniscene角色光照无地形	miniscene角色光照无地形	0	1	1	1200	10	1	0	0	0	5	0	0	0	0	16	0	0	0	0	0	0	1	1	0					1	1	5	data\source\maps\HD登陆界面_凌雪阁003\HD登陆界面_凌雪阁003.jsonmap	
openpk	457	望扬镇_单房屋测试	望扬镇_单房屋测试	0	1	1	1500	10	1	0	0	0	1	0	0	0	1	16	1	0	0	1	16	0	1	1	0					0	1	0	data\source\maps\望扬镇_单房屋测试\望扬镇_单房屋测试.jsonmap	
openpk	458	1024_昼夜循环_家园	1024_昼夜循环_家园	0	1	1	1200	10	1	0	0	0	5	0	0	0	0	16	0	0	0	0	0	0	1	1	0					1	1	5	data\source\maps\1024_昼夜循环_家园\1024_昼夜循环_家园.jsonmap	
openpk	459	范阳	范阳	0	1	1	1800	10	1	0	0	0	4	0	0	0	1	16	0	0	0	1	0	0	0	1	0					0	1	0	data\source\maps\范阳夜变\范阳夜变.jsonmap	
openpk	460	1024_格子图	1024_格子图	0	1	1	1200	10	1	0	0	0	5	0	0	0	0	16	0	0	0	0	0	0	1	1	0					1	1	5	data\source\maps\1024_格子图\1024_格子图.jsonmap	
openpk	463	七秀_家园	七秀_家园	0	1	1	1500	10	1	0	0	0	1	0	0	0	1	16	1	0	0	1	16	0	1	1	0					0	1	0	data\source\maps\七秀_家园\七秀_家园.jsonmap	
openpk	464	衍天宗	衍天宗	0	2	1	1500	10	1	0	0	0	1	0	0	0	1	16	1	0	0	0	0	0	1	1	0					0	1	0	data\source\maps\衍天宗\衍天宗.jsonmap	
openpk	465	望扬镇_单房屋	望扬镇_单房屋	0	1	1	1500	10	1	0	0	0	1	0	0	0	1	16	1	0	0	1	16	0	1	1	0					0	1	0	data\source\maps\望扬镇_单房屋\望扬镇_单房屋.jsonmap	
openpk	466	HD家园商城001	HD家园商城001	0	1	1	1200	10	1	0	0	0	5	0	0	0	0	16	0	0	0	0	0	0	1	1	0					1	1	5	data\source\maps\HD家园商城001\HD家园商城001.jsonmap	
openpk	473	万花_乱世	万花·乱世	0	1	1	1000	10	1	0	0	0	4	0	0	1	1	16	1	0	0	0	0	0	1	1	1					1	1	0	data\source\maps\万花_乱世\万花_乱世.jsonmap	
openpk	474	七秀_乱世	七秀·乱世	0	1	1	1000	10	1	0	0	0	4	0	0	1	1	16	1	0	0	0	0	0	1	1	1					1	1	0	data\source\maps\七秀_乱世\七秀_乱世.jsonmap	
openpk	475	少林_乱世	少林·乱世	0	1	1	1000	10	1	0	0	0	4	0	0	1	1	16	1	0	0	0	0	0	1	1	1					1	1	0	data\source\maps\少林_乱世\少林_乱世.jsonmap	
openpk	488	藏剑山庄_乱世	藏剑山庄·乱世	0	1	1	1000	10	1	0	0	0	4	0	0	1	1	16	1	0	0	0	0	0	1	1	1					1	1	0	data\source\maps\藏剑山庄_乱世\藏剑山庄_乱世.jsonmap	
openpk	511	龙泉府_风雪镜泊湖	龙泉府_风雪镜泊湖	0	1	1	1800	10	1	0	0	0	4	0	0	0	0	16	0	0	0	0	0	0	1	1	0					0	1	0	data\source\maps\龙泉府_镜泊湖\龙泉府_镜泊湖.jsonmap	
openpk	513	衍天宗_幻灵境_和平	幻灵境	0	2	1	1500	10	1	0	0	0	1	0	0	0	0	16	0	0	0	0	0	0	0	1	0					0	1	0	data\source\maps\衍天宗_幻灵境\衍天宗_幻灵境.jsonmap	
openpk	514	HD登陆界面_衍天宗001	HD登陆界面_衍天宗001	0	1	1	1200	10	1	0	0	0	5	0	0	0	0	16	0	0	0	0	0	0	1	1	0					1	1	5	data\source\maps\HD登陆界面_衍天宗001\HD登陆界面_衍天宗001.jsonmap	
openpk	516	1024_昼夜循环_标准2020	1024_昼夜循环_标准2020	0	1	1	1200	10	1	0	0	0	4	0	0	0	0	16	0	0	0	0	0	0	1	1	0					1	1	5	data\source\maps\1024_昼夜循环_标准2020\1024_昼夜循环_标准2020.jsonmap	
openpk	523	相州_北墟河堤	北墟河堤	0	1	1	1600	10	1	0	0	0	4	0	0	0	1	16	0	0	0	1	0	0	0	1	0					0	1	0	data\source\maps\相州_漳水南路\相州_漳水南路.jsonmap	
openpk	524	赤岬山城	赤岬山城	0	1	1	1800	10	1	0	0	0	4	0	0	0	1	16	0	0	0	1	0	0	0	1	0					0	1	0	data\source\maps\白帝江关\白帝江关.jsonmap	
openpk	525	黑山林海	黑山林海	0	1	1	1600	10	1	0	0	0	4	0	0	1	1	16	1	0	0	0	0	0	1	1	0					1	1	0	data\source\maps\黑山林海\黑山林海.jsonmap	
openpk	526	北天药宗	北天药宗	0	2	1	1500	10	1	0	0	0	1	0	0	0	1	16	1	0	0	0	0	0	1	1	0					0	1	0	data\source\maps\北天药宗\北天药宗.jsonmap	
openpk	566	黑山林海_香巫教	盘扎寨	1	4096	1	1	1	1	0	0	0	1	0	0	0	0	16	0	0	0	0	0	0	1	1	0					0	1	0	data\source\maps\黑山林海_香巫教\黑山林海_香巫教.jsonmap	
openpk	568	HD登陆界面_北天药宗003	HD登陆界面_北天药宗003	0	1	1	1200	10	1	0	0	0	5	0	0	0	0	16	0	0	0	0	0	0	1	1	0					1	1	5	data\source\maps\HD登陆界面_北天药宗003\HD登陆界面_北天药宗003.jsonmap	
openpk	569	个人家园_天池	个人家园_天池	0	1	1	1200	10	1	0	0	0	1	0	0	0	0	16	0	0	0	0	0	0	1	1	0					0	1	0	data\source\maps\个人家园_天池\个人家园_天池.jsonmap	
openpk	570	个人家园_海底	个人家园_海底	0	1	1	1200	10	1	0	0	0	1	0	0	0	0	16	0	0	0	0	0	0	1	1	0					0	1	0	data\source\maps\个人家园_海底\个人家园_海底.jsonmap	
openpk	571	HD商城_外装展示测试	HD商城_外装展示测试	0	1	1	1200	10	1	0	0	0	4	0	0	0	0	16	0	0	0	0	0	0	1	1	0					1	1	5	data\source\maps\HD商城_外装展示测试\HD商城_外装展示测试.jsonmap	
openpk	572	个人家园_广陵邑_野外	个人家园_广陵邑_野外	0	1	1	1200	10	1	0	0	0	1	0	0	0	0	16	0	0	0	0	0	0	1	1	0					0	1	0	data\source\maps\个人家园_广陵邑\个人家园_广陵邑.jsonmap	
openpk	576	河阳	河阳	0	1	1	1800	10	1	0	0	0	4	0	0	0	1	16	0	0	0	1	0	0	0	1	0					0	1	0	data\source\maps\河阳之战\河阳之战.jsonmap	
openpk	577	个人家园_薰风渡	个人家园_薰风渡	0	1	1	1200	10	1	0	0	0	1	0	0	0	0	16	0	0	0	0	0	0	1	1	0					0	1	0	data\source\maps\个人家园_薰风渡\个人家园_薰风渡.jsonmap	
openpk	578	刀宗	刀宗	0	2	1	1500	10	1	0	0	0	1	0	0	0	1	16	1	0	0	0	0	0	1	1	0					0	1	0	data\source\maps\刀宗\刀宗.jsonmap	
openpk	579	百溪	百溪	0	10	1	1500	10	1	0	0	0	1	0	0	1	1	16	1	0	0	0	0	0	1	1						1	1	0	data\source\maps\百溪\百溪.jsonmap	
openpk	580	烂柯山	烂柯山	0	1	1	1500	10	1	0	0	0	4	0	0	1	1	16	1	0	0	0	0	0	1	1						1	1	0	data\source\maps\烂柯山\烂柯山.jsonmap	
openpk	581	楚州	楚州	0	1	1	1500	10	1	0	0	0	4	0	0	1	1	16	1	0	0	0	0	0	1	1						1	1	0	data\source\maps\楚州\楚州.jsonmap	
openpk	582	润扬	晟江	0	1	1	1500	10	1	0	0	0	4	0	0	1	1	16	1	0	0	0	0	0	1	1						1	1	0	data\source\maps\润扬\润扬.jsonmap	
openpk	583	北天药宗_冰雪盛会	尘世曼舞·冰雪盛会	0	1	1	1200	10	1	0	0	0	1	0	0	0	0	16	0	0	0	0	0	0	1	1	0					0	1	0	data\source\maps\北天药宗_冰雪盛会\北天药宗_冰雪盛会.jsonmap	
openpk	584	JX3_StandardEnv_002	JX3_StandardEnv_002	0	1	1	1200	10	1	0	0	0	4	0	0	0	0	16	0	0	0	0	0	0	1	1	0					1	1	5	data\whitebox_k\jx3\map\JX3_StandardEnv_002\JX3_StandardEnv_002.jsonmap	
openpk	585	个人家园_云海	个人家园_云海	0	1	1	1200	10	1	0	0	0	1	0	0	0	0	16	0	0	0	0	0	0	1	1	0					0	1	0	data\source\maps\个人家园_云海\个人家园_云海.jsonmap	
openpk	591	霸刀山庄_大婚	霸刀山庄·大婚	0	1	1	1800	10	1	0	0	0	1	0	0	0	0	16	0	0	0	0	0	0	1	1	0					0	1	0	data\source\maps\霸刀山庄_大婚\霸刀山庄_大婚.jsonmap	
openpk	600	个人家园_大唐盛世	个人家园_大唐盛世	0	1	1	1200	10	1	0	0	0	1	0	0	0	0	16	0	0	0	0	0	0	1	1	0					0	1	0	data\source\maps\个人家园_大唐盛世\个人家园_大唐盛世.jsonmap	
openpk	626	HD登陆界面_刀宗001	HD登陆界面_刀宗001	0	1	1	1200	10	1	0	0	0	5	0	0	0	0	16	0	0	0	0	0	0	1	1	0					1	1	5	data\source\maps\HD登陆界面_刀宗001\HD登陆界面_刀宗001.jsonmap	
openpk	627	跨服_烂柯山	跨服·烂柯山	0	100	1	1600	10	1	0	0	0	4	0	0	1	0	16	0	0	0	0	0	0	1	1	0			7		1	1	0	data\source\maps\烂柯山\烂柯山.jsonmap	
openpk	628	个人家园_红叶	个人家园_红叶	0	1	1	1200	10	1	0	0	0	1	0	0	0	0	16	0	0	0	0	0	0	1	1	0					0	1	0	data\source\maps\个人家园_红叶\个人家园_红叶.jsonmap	
openpk	632	冰雪盛会_万象长安	尘世曼舞·万象长安	0	1	1	1200	10	1	0	0	0	1	0	0	0	0	16	0	0	0	0	0	0	1	1	0					0	1	0	data\source\maps\冰雪盛会_万象长安\冰雪盛会_万象长安.jsonmap	
openpk	633	个人家园_明宵灯暖	个人家园_明宵灯暖	0	1	1	1200	10	1	0	0	0	1	0	0	0	0	16	0	0	0	0	0	0	1	1	0					0	1	0	data\source\maps\个人家园_明宵灯暖\个人家园_明宵灯暖.jsonmap	
openpk	642	万灵山庄	万灵山庄	0	2	1	1500	10	1	0	0	0	1	0	0	0	1	16	1	0	0	0	0	0	1	1	0					0	1	0	data\source\maps\万灵山庄\万灵山庄.jsonmap	
openpk	646	个人家园_沙漠	个人家园_沙漠	0	1	1	1200	10	1	0	0	0	1	0	0	0	0	16	0	0	0	0	0	0	1	1	0					0	1	0	data\source\maps\个人家园_沙漠\个人家园_沙漠.jsonmap	
openpk	647	银霜口	银霜口	0	1	1	1600	10	1	0	0	0	4	0	0	1	1	16	1	0	0	0	0	0	1	1	0					1	1	0	data\source\maps\银霜口\银霜口.jsonmap	
openpk	651	个人家园_张家界	武陵源	0	1	1	1200	10	1	0	0	0	1	0	0	0	0	16	0	0	0	0	0	0	1	1	0					0	1	0	data\source\maps\个人家园_张家界\个人家园_张家界.jsonmap	
openpk	652	沙漠公益活动	落日丘	0	4	1	600	10	1	0	0	0	1	0	0	0	0	16	0	0	0	0	0	0	1	1	0					0	1	0	data\source\maps\沙漠公益活动\沙漠公益活动.jsonmap	
openpk	655	个人家园_天宫	重霄阆苑	0	1	1	1200	10	1	0	0	0	1	0	0	0	0	16	0	0	0	0	0	0	1	1	0					0	1	0	data\source\maps\个人家园_天宫\个人家园_天宫.jsonmap	
openpk	656	阴山大草原_攻防分线	阴山大草原·分线	0	9	1	1000	10	1	0	0	0	4	0	0	1	0	16	0	0	1	0	0	0	1	1	0					1	1	0	data\source\maps\阴山大草原\阴山大草原.jsonmap	
openpk	660	新旧贴花测试_新	新旧贴花测试_新	0	1	1	1200	10	1	0	0	0	5	0	0	0	0	16	0	0	0	0	0	0	1	1	0					1	1	5	data\source\maps\新旧贴花测试_新\新旧贴花测试_新.jsonmap	
openpk	661	新旧贴画测试_旧	新旧贴画测试_旧	0	1	1	1200	10	1	0	0	0	5	0	0	0	0	16	0	0	0	0	0	0	1	1	0					1	1	5	data\source\maps\新旧贴画测试_旧\新旧贴画测试_旧.jsonmap	
openpk	662	罗小黑建木海	罗小黑建木海	1	4096	1	1	2	0	0	130	0	1	1	0	0	0	16	0	0	0	0	131	0	0	1	0					0	1	0	data\source\maps\罗小黑建木海\罗小黑建木海.jsonmap	
openpk	663	登陆界面_2023_001	登陆界面_2023_001	0	1	1	1200	10	1	0	0	0	5	0	0	0	0	16	0	0	0	0	0	0	1	1	0					1	1	5	data\source\maps\登陆界面_2023_001\登陆界面_2023_001.jsonmap	
openpk	664	个人家园_李渡城	个人家园_李渡城	0	1	1	1200	10	1	0	0	0	1	0	0	0	0	16	0	0	0	0	0	0	1	1	0					0	1	0	data\source\maps\个人家园_李渡城\个人家园_李渡城.jsonmap	
openpk	666	南诏段氏	南诏段氏	0	2	1	1500	10	1	0	0	0	1	0	0	0	1	16	1	0	0	0	0	0	1	1	0					0	1	0	data\source\maps\南诏段氏\南诏段氏.jsonmap	
openpk	672	个人家园_功夫熊猫	翡翠宫下	0	1	1	1200	10	1	0	0	0	1	0	0	0	0	16	0	0	0	0	0	0	1	1	0					0	1	0	data\source\maps\个人家园_功夫熊猫\个人家园_功夫熊猫.jsonmap	
openpk	673	河西瀚漠	河西瀚漠	0	2	1	1200	10	1	0	0	0	1	0	0	1	1	16	1	0	0	0	0	0	1	1	0					1	1	0	data\source\maps\河西瀚漠\河西瀚漠.jsonmap	
openpk	675	个人家园_非人哉	丹丘闲居	0	1	1	1200	10	1	0	0	0	1	0	0	0	0	16	0	0	0	0	0	0	1	1	0					0	1	0	data\source\maps\个人家园_非人哉\个人家园_非人哉.jsonmap	
openpk	695	冷龙峰_欲曙	冷龙峰·欲曙	0	1	1	1800	10	1	0	0	0	1	0	0	0	0	16	0	0	0	0	0	0	1	1	0					0	1	0	data\source\maps\冷龙峰\冷龙峰.jsonmap	
openpk	697	河西瀚漠_跨服	跨服·河西瀚漠	0	100	1	1600	10	1	0	0	0	4	0	0	1	0	16	0	0	0	0	0	0	1	1	0			7		1	1	0	data\source\maps\河西瀚漠_跨服\河西瀚漠_跨服.jsonmap	
openpk	699	个人家园_西湖	西湖	0	1	1	1200	10	1	0	0	0	1	0	0	0	0	16	0	0	0	0	0	0	1	1	0					0	1	0	data\source\maps\个人家园_西湖\个人家园_西湖.jsonmap	
openpk	700	个人家园_秦时明月	秦时明月	0	1	1	1200	10	1	0	0	0	1	0	0	0	0	16	0	0	0	0	0	0	1	1	0					0	1	0	data\source\maps\个人家园_秦时明月\个人家园_秦时明月.jsonmap	
openpk	701	长安_皇城	皇城	0	1	1	1200	10	1	0	0	0	1	0	0	1	1	16	1	0	0	0	0	0	1	1						1	1	0	data\source\maps\长安_皇城\长安_皇城.jsonmap	
openpk	713	伊丽川	伊丽川	0	2	1	1200	10	1	0	0	0	4	0	0	1	1	16	1	0	0	0	0	0	1	1	0					1	1	0	data\source\maps\伊丽川\伊丽川.jsonmap	
openpk	718	无相楼	永宁湾	0	2	1	1500	10	1	0	0	0	1	0	0	0	1	16	1	0	0	0	0	0	1	1	0					0	1	0	data\source\maps\无相楼\无相楼.jsonmap	
openpk	786	个人家园_伊丽川	雪岭镜湖	0	1	1	1200	10	1	0	0	0	1	0	0	0	0	16	0	0	0	0	0	0	1	1	0					0	1	0	data\source\maps\个人家园_伊丽川\个人家园_伊丽川.jsonmap	
openpk	796	JX3_StandardEnv_002_VgTest	JX3_StandardEnv_002_VgTest	0	1	1	1200	10	1	0	0	0	4	0	0	0	0	16	0	0	0	0	0	0	1	1	0					1	1	5	data\whitebox_k\jx3\map\JX3_StandardEnv_002_VgTest\JX3_StandardEnv_002_VgTest.jsonmap	
openpk	798	JX3_StandardEnv_Water	JX3_StandardEnv_Water	0	1	1	1200	10	1	0	0	0	4	0	0	0	0	16	0	0	0	0	0	0	1	1	0					1	1	5	data\whitebox_k\jx3\map\JX3_StandardEnv_Water\JX3_StandardEnv_Water.jsonmap	
openpk	806	洛阳城西	洛阳城西	0	1	1	1200	10	1	0	0	0	1	0	0	1	1	16	1	0	0	0	0	0	1	1						1	1	0	data\source\maps\洛阳城西\洛阳城西.jsonmap	scripts/Map/洛阳城西/洛阳城西.lua
openpk	995	八荒衡鉴_仙踪林	八荒衡鉴·仙踪林	1	1500	1	3	2	0	0	130	0	1	1	0	0	0	16	0	0	0	0	131	0	0	1	0					0	1	0	data\source\maps\八荒衡鉴_仙踪林\八荒衡鉴_仙踪林.jsonmap	
keyword	12	枫华谷	枫华谷	0	1	1	1024	10	1	0	0	0	4	0	0	1	1	16	1	0	0	0	0	0	1	1	0					1	1	0	data\source\maps\枫华谷\枫华谷.jsonmap	
keyword	23	龙门荒漠	龙门荒漠	0	1	1	1200	10	1	0	0	0	4	0	0	1	1	16	1	0	1	0	0	0	1	1	1					1	1	0	data\source\maps\龙门荒漠\龙门荒漠.jsonmap	
keyword	25	浩气盟	浩气盟	0	10	1	1400	10	1	0	0	0	5	0	1	0	1	16	1	0	1	0	0	0	1	1	1					0	1	0	data\source\maps\浩气盟\浩气盟.jsonmap	
keyword	27	恶人谷	恶人谷	0	10	1	1400	10	1	0	0	0	5	0	1	0	1	16	1	0	1	0	0	0	1	1	1					0	1	0	data\source\maps\恶人谷\恶人谷.jsonmap	
keyword	29	五十级云湖天池	五十级云湖天池	2	512	1	24	10	0	160	256	2	5	0	0	0	0	16	0	0	0	0	256	0	1	1	0			7		0	0	0	data\source\maps\五十级云湖天池\五十级云湖天池.map	
keyword	38	神农洇	神农洇	2	512	1	34	2	0	160	0	2	5	0	0	0	0	16	0	0	0	0	256	0	1	1	0		1	7		0	0	0	data\source\maps\神农洇\神农洇.jsonmap	
keyword	39	四十级云湖天池	四十级云湖天池	2	512	1	24	2	0	160	256	2	5	0	0	0	0	16	0	0	0	0	256	0	1	1	0		1	7		0	0	0	data\source\maps\四十级云湖天池\四十级云湖天池.map	
keyword	48	珍珑棋谷	珍珑棋谷	2	512	1	54	2	0	160	0	2	5	0	0	0	0	16	0	0	0	0	256	0	1	1	0		1	7		0	0	0	data\source\maps\珍珑棋谷\珍珑棋谷.jsonmap	
keyword	52	七十级云湖天池	七十级云湖天池	2	512	1	24	2	0	160	0	2	5	0	0	0	0	16	0	0	0	0	256	0	1	1	0		1	7		0	0	0	data\source\maps\七十级云湖天池\七十级云湖天池.jsonmap	
keyword	74	帮会领地	帮会领地	4	900	1	900	1	1	0	6	2	1	0	0	0	0	16	0	0	0	1	6	0	1	1	0					0	1	0	data\source\maps\帮会领地\帮会领地.jsonmap	
keyword	121	英雄神农洇	英雄神农洇	2	512	1	34	2	0	160	256	2	5	0	0	0	0	16	0	0	0	0	256	0	0	1	0			7		0	0	0	data\source\maps\英雄神农洇\英雄神农洇.map	
keyword	127	天山碎冰谷	天山碎冰谷	2	2048	1	1024	2	0	0	8	2	4	0	0	0	0	1	0	1	0	0	8	0	0	1	0			7		0	0	0	data\source\maps\天山碎冰谷\天山碎冰谷.jsonmap	
keyword	135	三国古战场	三国古战场	2	512	1	34	2	0	160	0	2	5	0	0	0	0	16	0	0	0	0	256	0	1	1	0		1	7		0	0	0	data\source\maps\三国古战场\三国古战场.jsonmap	
keyword	136	会战唐门	会战唐门	1	256	1	10	10	0	0	128	0	1	1	0	0	0	16	0	0		0	131	0	0	1	0					0	0	0	data\source\maps\会战唐门\会战唐门.jsonmap	
keyword	138	25人英雄会战唐门	25人英雄会战唐门	1	256	1	25	2	0	0	128	0	1	1	0	0	0	16	0	0		0	131	0	0	1	0					0	0	0	data\source\maps\25人英雄会战唐门\25人英雄会战唐门.jsonmap	
keyword	139	枫华谷_安史之乱	枫华谷·战乱	0	1	1	1000	10	1	0	0	0	4	0	0	1	1	16	1	0	1	0	0	0	1	1	1					1	1	0	data\source\maps\枫华谷_安史之乱\枫华谷_安史之乱.jsonmap	
keyword	143	试炼秘境1	试炼之地	1	1024	1	1	1	0	0	32	0	1	0	0	0	0	2	0	0	0	0	32	0	0	1	0					0	0	0	data\source\maps\试炼秘境1\试炼秘境1.jsonmap	
keyword	144	试炼秘境2	试炼之地	1	1024	1	1	1	0	0	32	0	1	0	0	0	0	2	0	0	0	0	32	0	0	1	0					0	0	0	data\source\maps\试炼秘境2\试炼秘境2.jsonmap	
keyword	145	试炼秘境3	试炼之地	1	1024	1	1	1	0	0	32	0	1	0	0	0	0	2	0	0	0	0	32	0	0	1	0					0	0	0	data\source\maps\试炼秘境3\试炼秘境3.jsonmap	
keyword	146	试炼秘境4	试炼之地	1	1024	1	1	1	0	0	32	0	1	0	0	0	0	2	0	0	0	0	32	0	0	1	0					0	0	0	data\source\maps\试炼秘境4\试炼秘境4.jsonmap	
keyword	147	试炼秘境5	试炼之地	1	1024	1	1	1	0	0	32	0	1	0	0	0	0	2	0	0	0	0	32	0	0	1	0					0	0	0	data\source\maps\试炼秘境5\试炼秘境5.jsonmap	
keyword	149	帮会约战	雪原争锋	2	2048	1	54	2	0	160	256	216	5	0	0	0	0	16	0	0	0	0	256	0	1	1	0	1		7		0	0	0	data\source\maps\帮会约战\帮会约战.jsonmap	
keyword	186	冷香丘	浮香丘	2	512	1	34	2	0	160	0	2	5	0	0	0	0	16	0	0	0	0	256	0	1	1	0		1	7		0	0	0	data\source\maps\冷香丘\冷香丘.jsonmap	
keyword	189	寻宝洞_野人谷	藏宝洞·野人谷	1	1024	1	5	2	0	0	130	0	1	0	0	0	0	16	0	0	0	0	131	0	0	1	0					0	0	0	data\source\maps\寻宝洞_野人谷\寻宝洞_野人谷.jsonmap	
keyword	232	帮会永王行宫_仙侣庭园	试炼永王行宫_仙侣庭园	1	256	1	25	2	0	0	128	0	1	1	0	0	0	16	0	0	0	0	128	0	0	1				7		0	0	0	data\source\maps\帮会永王行宫_仙侣庭园\帮会永王行宫_仙侣庭园.map	
keyword	233	帮会永王行宫_花月别院	试炼永王行宫_花月别院	1	256	1	25	2	0	0	128	0	1	1	0	0	0	16	0	0	0	0	128	0	0	1				7		0	0	0	data\source\maps\帮会永王行宫_花月别院\帮会永王行宫_花月别院.map	
keyword	250	帮会上阳宫_观风殿	试炼上阳宫_观风殿	1	256	1	25	2	0	0	128	0	1	1	0	0	0	16	0	0	0	0	128	0	0	1				7		0	0	0	data\source\maps\帮会上阳宫_观风殿\帮会上阳宫_观风殿.map	
keyword	251	帮会上阳宫_双曜亭	试炼上阳宫_双曜亭	1	256	1	25	2	0	0	128	0	1	1	0	0	0	16	0	0	0	0	128	0	0	1				7		0	0	0	data\source\maps\帮会上阳宫_双曜亭\帮会上阳宫_双曜亭.map	
keyword	259	竞技大师_华山之巅	竞技大师_华山之巅	0	1	1	200	10	1	0	0	0	1	0	0	1	1	16	1	0	1	1	0	0	0	1	0			7		0	1	0	data\source\maps\竞技大师_华山之巅\竞技大师_华山之巅.jsonmap	
keyword	263	风雷刀谷_锻刀厅	风雷刀谷_锻刀厅	1	256	1	10	10	0	0	128	0	1	1	0	0	0	16	0	0	0	0	128	0	0	1						0	0	0	data\source\maps\风雷刀谷_锻刀厅\风雷刀谷_锻刀厅.jsonmap	
keyword	264	风雷刀谷_千雷殿	风雷刀谷_千雷殿	1	256	1	10	10	0	0	128	0	1	1	0	0	0	16	0	0	0	0	128	0	0	1						0	0	0	data\source\maps\风雷刀谷_千雷殿\风雷刀谷_千雷殿.jsonmap	
keyword	270	英雄风雷刀谷_千雷殿	英雄风雷刀谷_千雷殿	1	256	1	25	2	0	0	128	0	1	1	0	0	0	16	0	0	0	0	128	0	0	1						0	0	0	data\source\maps\英雄风雷刀谷_千雷殿\英雄风雷刀谷_千雷殿.jsonmap	
keyword	271	英雄风雷刀谷_锻刀厅	英雄风雷刀谷_锻刀厅	1	768	1	25	2	0	0	128	0	1	1	0	0	0	16	0	0	0	0	128	0	0	1						0	0	0	data\source\maps\英雄风雷刀谷_锻刀厅\英雄风雷刀谷_锻刀厅.jsonmap	
keyword	272	帮会风雷刀谷_千雷殿	帮会风雷刀谷_千雷殿	1	256	1	25	2	0	0	128	0	1	1	0	0	0	16	0	0	0	0	128	0	0	1				7		0	0	0	data\source\maps\帮会风雷刀谷_千雷殿\帮会风雷刀谷_千雷殿.jsonmap	
keyword	273	帮会风雷刀谷_锻刀厅	帮会风雷刀谷_锻刀厅	1	256	1	25	2	0	0	128	0	1	1	0	0	0	16	0	0	0	0	128	0	0	1				7		0	0	0	data\source\maps\帮会风雷刀谷_锻刀厅\帮会风雷刀谷_锻刀厅.jsonmap	
keyword	288	帮会狼牙堡_战兽山	帮会狼牙堡_战兽山	1	512	1	25	2	0	0	128	0	1	1	0	0	0	16	0	0	0	0	128	0	0	1				7		0	0	0	data\source\maps\帮会狼牙堡_战兽山\帮会狼牙堡_战兽山.jsonmap	
keyword	289	帮会狼牙堡_燕然峰	帮会狼牙堡_燕然峰	1	512	1	25	2	0	0	128	0	1	1	0	0	0	16	0	0	0	0	128	0	0	1				7		0	0	0	data\source\maps\帮会狼牙堡_燕然峰\帮会狼牙堡_燕然峰.jsonmap	
keyword	293	拭剑园战场	拭剑园战场	1	4096	1	1	1	0	0	16	0	1	0	0	0	0	16	0	0	0	0	16	0	1	1	0			5		0	0	0	data\source\maps\拭剑园战场\拭剑园战场.jsonmap	
keyword	296	龙门寻宝	龙门绝境	2	512	1	118	2	0	160	512	2	5	0	0	0	0	4	0	0	0	0	8	1	1	1	0		1	7		0	0	0	data\source\maps\龙门寻宝\龙门寻宝.jsonmap	
keyword	297	龙门寻宝_夜晚	龙门绝境·夜	2	512	1	118	2	0	160	512	2	5	0	0	0	0	4	0	0	0	0	8	1	1	1	0		1	7		0	0	0	data\source\maps\龙门寻宝_夜晚\龙门寻宝_夜晚.jsonmap	
keyword	308	历战_风雷刀谷	历战_风雷刀谷	1	1024	1	10	2	0	0	131	0	1	0	0	0	0	16	0	0	0	0	131	0	0	1	0			7		0	0	0	data\source\maps\历战_风雷刀谷\历战_风雷刀谷.jsonmap	
keyword	323	帮会狼牙堡_辉天堑	帮会狼牙堡_辉天堑	1	512	1	25	2	0	0	128	0	1	1	0	0	0	16	0	0	0	0	128	0	0	1				7		0	0	0	data\source\maps\帮会狼牙堡_辉天堑\帮会狼牙堡_辉天堑.jsonmap	
keyword	324	帮会狼牙堡_狼神殿	帮会狼牙堡_狼神殿	1	512	1	25	2	0	0	128	0	1	1	0	0	0	16	0	0	0	0	128	0	0	1				7		0	0	0	data\source\maps\帮会狼牙堡_狼神殿\帮会狼牙堡_狼神殿.jsonmap	
keyword	332	侠客岛	侠客岛	0	6	1	1200	10	1	0	16	0	1	0	0	0	1	16	1	0	0	1	16	0	1	1	0					0	1	0	data\source\maps\侠客岛\侠客岛.jsonmap	
keyword	343	英雄侠客岛_迷渊岛	英雄迷渊岛	1	1024	1	5	2	0	0	128	0	1	1	0	0	0	16	0	0	0	0	131	0	0							0	0	0	data\source\maps\英雄侠客岛_迷渊岛\英雄侠客岛_迷渊岛.jsonmap	
keyword	350	帮会冰火岛_青莲狱	试炼冰火岛·青莲狱	1	512	1	25	2	0	0	128	0	1	1	0	0	0	16	0	0	0	0	128	0	0	1				7		0	0	0	data\source\maps\帮会冰火岛_青莲狱\帮会冰火岛_青莲狱.jsonmap	
keyword	358	侠客岛_迷渊岛	迷渊岛	1	1024	1	5	2	0	0	128	0	1	1	0	0	0	16	0	0	0	0	131	0	0							0	0	0	data\source\maps\侠客岛_迷渊岛\侠客岛_迷渊岛.jsonmap	
keyword	361	帮会冰火岛_荒血路	试炼冰火岛·荒血路	1	512	1	25	2	0	0	128	0	1	1	0	0	0	16	0	0	0	0	128	0	0	1				7		0	0	0	data\source\maps\帮会冰火岛_荒血路\帮会冰火岛_荒血路.jsonmap	
keyword	410	海岛绝境	沧溟绝境	2	512	1	118	2	0	160	512	2	5	0	0	0	0	4	0	0	0	0	8	1	1	1	0		1	7		0	0	0	data\source\maps\海岛绝境\海岛绝境.jsonmap	
keyword	421	浪客行_悬棺裂谷	浪客行·悬棺裂谷	1	4096	1	5	1	0	0	512	0	1	1	0	0	0	4	0	0	0	0	171	0		1	0			7		0	0	0	data\source\maps\浪客行_悬棺裂谷\浪客行_悬棺裂谷.jsonmap	
keyword	436	浪客行_枫华谷	浪客行·枫阳村	1	4096	1	5	1	0	0	512	0	1	1	0	0	0	4	0	0	0	0	171	0		1	0			7		0	0	0	data\source\maps\浪客行_枫华谷\浪客行_枫华谷.jsonmap	
keyword	512	白龙绝境	白龙绝境	2	512	1	118	2	0	160	512	2	5	0	0	0	0	4	0	0	0	0	8	1	1	1	0		1	7		0	0	0	data\source\maps\白龙绝境\白龙绝境.jsonmap	
keyword	515	帮会联赛	雪龙风原	0	512	1	210	120	0	160	0	2	5	0	0	0	0	8	0	0	0	0	256	0	0	1	0		0	7		0	0	0	data\source\maps\帮会联赛\帮会联赛.jsonmap	
keyword	532	天原绝境	天原绝境	2	512	1	118	2	0	160	512	2	5	0	0	0	0	4	0	0	0	0	8	1	1	1	0		1	7		0	0	0	data\source\maps\天原绝境\天原绝境.jsonmap	
keyword	569	个人家园_天池	个人家园_天池	0	1	1	1200	10	1	0	0	0	1	0	0	0	0	16	0	0	0	0	0	0	1	1	0					0	1	0	data\source\maps\个人家园_天池\个人家园_天池.jsonmap	
keyword	645	洱海绝境	洱海绝境	2	1024	1	108	2	0	160	512	2	5	0	0	0	0	4	0	0	0	0	8	1	1	1	0		1	7		0	0	0	data\source\maps\洱海绝境\洱海绝境.jsonmap	
keyword	656	阴山大草原_攻防分线	阴山大草原·分线	0	9	1	1000	10	1	0	0	0	4	0	0	1	0	16	0	0	1	0	0	0	1	1	0					1	1	0	data\source\maps\阴山大草原\阴山大草原.jsonmap	
keyword	665	联动地图_功夫熊猫	和平谷	0	20	1	1000	10	1	0	0	0	1	0	0	0	0	16	0	0	0	0	0	0	1	1	0					0	0	0	data\source\maps\联动地图_功夫熊猫\联动地图_功夫熊猫.jsonmap	
keyword	676	龙门寻宝	龙门绝境	2	512	1	108	2	0	160	512	2	5	0	0	0	0	4	0	0	0	0	8	1	1	1	0		1	7		0	0	0	data\source\maps\龙门寻宝\龙门寻宝.jsonmap	
keyword	677	龙门寻宝	龙门绝境	2	512	1	108	2	0	160	512	2	5	0	0	0	0	4	0	0	0	0	8	1	1	1	0		1	7		0	0	0	data\source\maps\龙门寻宝\龙门寻宝.jsonmap	
keyword	689	帮会联赛_2024	九素云峰	2	2048	1	210	120	0	160	0	2	5	0	0	0	0	8	0	0	0	0	256	0	0	1	0		1	7	1	0	0	0	data\source\maps\帮会联赛_2024\帮会联赛_2024.jsonmap	
keyword	709	林海绝境	林海绝境	2	512	1	118	2	0	160	512	2	5	0	0	0	0	32	0	0	0	0	8	1	0	1	0		1	7		0	0	0	data\source\maps\林海绝境\林海绝境.jsonmap	
keyword	715	林海绝境	林海绝境·纷争	2	512	1	118	2	0	160	512	2	5	0	0	0	0	32	0	0	0	0	8	1	0	1	0		1	7		0	0	0	data\source\maps\林海绝境\林海绝境.jsonmap	
keyword	722	伊丽川_会战弓月城	会战弓月城	1	1500	1	10	5	0	0	128	0	1	1	0	0	0	16	0	0	0	0	128	0	0	1						0	0	0	data\source\maps\伊丽川_会战弓月城\伊丽川_会战弓月城.jsonmap	
keyword	723	25人普通会战弓月城	25人普通会战弓月城	1	1024	1	25	10	0	0	128	0	1	1	0	0	0	16	0	0	0	0	128	0	0	1						0	0	0	data\source\maps\伊丽川_会战弓月城\伊丽川_会战弓月城.jsonmap	
keyword	724	25人英雄会战弓月城	25人英雄会战弓月城	1	1024	1	25	10	0	0	128	0	1	1	0	0	0	16	0	0	0	0	128	0	0	1						0	0	0	data\source\maps\伊丽川_会战弓月城\伊丽川_会战弓月城.jsonmap	
keyword	785	伊丽川_哮蛮谷	伊丽川_哮蛮谷	1	1500	1	1	5	0	0	128	0	1	1	0	0	0	16	0	0	0	0	131	0	0	1						0	0	0	data\source\maps\伊丽川\伊丽川.jsonmap	scripts/Map/伊丽川/伊丽川哮蛮谷子副本.lua
keyword	807	欢乐谷	鹅鸭大游园	2	1024	1	10	1	0	160	0	2	1	1	0	0	0	16	0	0	0	0	128	0	0	1			1			0	0	0	data\source\maps\欢乐谷\欢乐谷.jsonmap	scripts/Map/ACT_三方杀/ACT_三方杀.lua
nonzero_camp	1	稻香村	稻香村	0	1	1	1000	10	1	0	0	0	1	0	0	0	0	16	0	0	0	0	0	0	1	1	0					0	0	0	data\source\maps\稻香村\稻香村.jsonmap	
nonzero_camp	2	万花	万花	0	2	1	1500	10	1	0	0	0	1	0	0	0	1	16	1	0	0	0	0	0	1	1	0					0	1	0	data\source\maps\万花\万花.jsonmap	
nonzero_camp	3	1024_蓝天白云	1024_蓝天白云	0	1	1	1200	10	1	0	0	0	4	0	0	0	0	16	0	0	0	0	0	0	1	1	0					1	1	5	data\source\maps\1024_蓝天白云\1024_蓝天白云.jsonmap	
nonzero_camp	5	少林	少林	0	2	1	1500	10	1	0	0	0	1	0	0	0	1	16	1	0	0	0	0	0	1	1	0					0	1	0	data\source\maps\少林\少林.jsonmap	
nonzero_camp	6	扬州	扬州	0	1	1	1200	10	1	0	16	0	1	0	0	0	1	16	1	0	0	1	16	0	1	1	0					0	1	0	data\source\maps\扬州\扬州.jsonmap	
nonzero_camp	7	纯阳	纯阳	0	2	1	1500	10	1	0	0	0	1	0	0	0	1	16	1	0	0	0	0	0	1	1	0					0	1	0	data\source\maps\纯阳\纯阳.jsonmap	
nonzero_camp	8	洛阳	洛阳	0	1	1	1500	10	1	0	16	0	1	0	0	0	1	16	1	0	0	1	16	0	1	1	0					0	1	0	data\source\maps\洛阳\洛阳.jsonmap	
nonzero_camp	9	洛道	洛道	0	1	1	1000	10	1	0	0	0	4	0	0	1	1	16	1	0	1	0	0	0	1	1	1					1	1	0	data\source\maps\洛道\洛道.jsonmap	
nonzero_camp	10	寇岛	寇岛	0	1	1	1024	10	1	0	0	0	4	0	0	1	1	16	1	0	0	0	0	0	1	1	0					1	1	0	data\source\maps\寇岛\寇岛.jsonmap	
nonzero_camp	11	天策	天策	0	2	1	1500	10	1	0	0	0	1	0	0	0	1	16	1	0	0	0	0	0	1	1	0					0	1	0	data\source\maps\天策\天策.jsonmap	
nonzero_camp	12	枫华谷	枫华谷	0	1	1	1024	10	1	0	0	0	4	0	0	1	1	16	1	0	0	0	0	0	1	1	0					1	1	0	data\source\maps\枫华谷\枫华谷.jsonmap	
nonzero_camp	13	金水镇	金水镇	0	1	1	1000	10	1	0	0	0	4	0	0	1	1	16	1	0	1	1	0	0	1	1	1					1	1	0	data\source\maps\金水镇\金水镇.jsonmap	
nonzero_camp	14	灵霄峡	灵霄峡	1	128	1	5	2	0	0	128	0	1	0	0	0	0	16	0	0	0	0	131	0	0	1	0					0	0	0	data\source\maps\灵霄峡\灵霄峡.jsonmap	
nonzero_camp	15	长安	长安	0	1	1	1500	10	1	0	16	0	1	0	0	0	1	16	1	0	0	1	16	0	1	1	0					0	1	0	data\source\maps\长安\长安.jsonmap	
nonzero_camp	16	七秀	七秀	0	2	1	1500	10	1	0	0	0	1	0	0	0	1	16	1	0	0	0	0	0	1	1	0					0	1	0	data\source\maps\七秀\七秀.jsonmap	
nonzero_camp	17	天工坊	天工坊	1	128	1	5	2	0	0	128	0	1	0	0	0	0	16	0	0	0	0	131	0	0	1	0					0	0	0	data\source\maps\天工坊\天工坊.jsonmap	
nonzero_camp	18	无盐岛	无盐岛	1	128	1	5	2	0	0	128	0	1	0	0	0	0	16	0	0	0	0	131	0	0	1	0					0	0	0	data\source\maps\无盐岛\无盐岛.jsonmap	
nonzero_camp	19	空雾峰	空雾峰	1	128	1	5	2	0	0	128	0	1	0	0	0	0	16	0	0	0	0	131	0	0	1	0					0	0	0	data\source\maps\空雾峰\空雾峰.jsonmap	
nonzero_camp	20	天地三才阵	天地三才阵	1	4096	1	5	2	0	0	128	0	1	0	0	0	0	16	0	0	0	0	131	0	0	1	0					0	0	0	data\source\maps\天地三才阵\天地三才阵.jsonmap	
nonzero_camp	21	巴陵县	巴陵县	0	1	1	1000	10	1	0	0	0	4	0	0	1	1	16	1	0	1	0	0	0	1	1	1					1	1	0	data\source\maps\巴陵县\巴陵县.jsonmap	
nonzero_camp	22	南屏山	南屏山	0	1	1	1000	10	1	0	0	0	5	0	0	1	1	16	1	0	1	0	0	0	1	1	1					1	1	0	data\source\maps\南屏山\南屏山.jsonmap	
nonzero_camp	23	龙门荒漠	龙门荒漠	0	1	1	1200	10	1	0	0	0	4	0	0	1	1	16	1	0	1	0	0	0	1	1	1					1	1	0	data\source\maps\龙门荒漠\龙门荒漠.jsonmap	
nonzero_camp	25	浩气盟	浩气盟	0	10	1	1400	10	1	0	0	0	5	0	1	0	1	16	1	0	1	0	0	0	1	1	1					0	1	0	data\source\maps\浩气盟\浩气盟.jsonmap	
nonzero_camp	26	荻花宫前山	荻花宫前山	1	128	1	5	2	0	0	128	0	1	0	0	0	0	16	0	0	0	0	131	0	0	1	0					0	0	0	data\source\maps\荻花宫前山\荻花宫前山.jsonmap	
nonzero_camp	27	恶人谷	恶人谷	0	10	1	1400	10	1	0	0	0	5	0	1	0	1	16	1	0	1	0	0	0	1	1	1					0	1	0	data\source\maps\恶人谷\恶人谷.jsonmap	
nonzero_camp	28	日轮山城	日轮山城	1	128	1	5	2	0	0	128	0	1	0	0	0	0	16	0	0	0	0	131	0	0	1	0					0	0	0	data\source\maps\日轮山城\日轮山城.jsonmap	
nonzero_camp	29	五十级云湖天池	五十级云湖天池	2	512	1	24	10	0	160	256	2	5	0	0	0	0	16	0	0	0	0	256	0	1	1	0			7		0	0	0	data\source\maps\五十级云湖天池\五十级云湖天池.map	
nonzero_camp	30	昆仑	昆仑	0	1	1	1000	10	1	0	0	0	5	0	0	1	1	16	1	0	1	0	0	0	1	1	1					1	1	0	data\source\maps\昆仑\昆仑.jsonmap	
nonzero_camp	31	特殊光照地图1	特殊光照地图2	0	1	1	64	10	1	0	0	0	1	0	0	0	0	16	0	0	0	0	0	0	1	1	0					0	0	0	data\source\maps\特殊光照地图1\特殊光照地图1.map	
nonzero_camp	32	战宝迦兰	战宝迦兰	1	256	1	10	2	0	0	128	0	1	1	0	0	0	16	0	0	0	0	131	0	0	1	0					0	0	0	data\source\maps\战宝迦兰\战宝迦兰.jsonmap	
nonzero_camp	33	天子峰	天子峰	1	128	1	5	10	0	0	128	0	1	0	0	0	0	16	0	0	0	0	131	0	0	1	0					0	0	0	data\source\maps\天子峰\天子峰.jsonmap	
nonzero_camp	34	风雨稻香村	风雨稻香村	1	128	1	5	2	0	0	128	0	1	0	0	0	0	16	0	0	0	0	131	0	0	1	0					0	0	0	data\source\maps\风雨稻香村\风雨稻香村.jsonmap	
nonzero_camp	35	瞿塘峡	瞿塘峡	0	1	1	1000	10	1	0	0	0	4	0	0	1	1	16	1	0	1	0	0	0	1	1	1					1	1	0	data\source\maps\瞿塘峡\瞿塘峡.jsonmap	
nonzero_camp	36	英雄天地三才阵	英雄天地三才阵	1	256	1	5	2	0	0	128	0	1	0	0	0	0	16	0	0	0	0	131	0	0	1	0					0	0	0	data\source\maps\英雄天地三才阵\英雄天地三才阵.jsonmap	
nonzero_camp	37	英雄天工坊	英雄天工坊	1	256	1	5	2	0	0	128	0	1	0	0	0	0	16	0	0	0	0	131	0	0	1	0					0	0	0	data\source\maps\英雄天工坊\英雄天工坊.jsonmap	
nonzero_camp	38	神农洇	神农洇	2	512	1	34	2	0	160	0	2	5	0	0	0	0	16	0	0	0	0	256	0	1	1	0		1	7		0	0	0	data\source\maps\神农洇\神农洇.jsonmap	
nonzero_camp	39	四十级云湖天池	四十级云湖天池	2	512	1	24	2	0	160	256	2	5	0	0	0	0	16	0	0	0	0	256	0	1	1	0		1	7		0	0	0	data\source\maps\四十级云湖天池\四十级云湖天池.map	
nonzero_camp	40	英雄荻花宫前山	英雄荻花宫前山	1	256	1	5	2	0	0	128	0	1	0	0	0	0	16	0	0	0	0	131	0	0	1	0					0	0	0	data\source\maps\英雄荻花宫前山\英雄荻花宫前山.jsonmap	
nonzero_camp	41	英雄无盐岛	英雄无盐岛	1	256	1	5	2	0	0	128	0	1	0	0	0	0	16	0	0	0	0	131	0	0	1	0					0	0	0	data\source\maps\英雄无盐岛\英雄无盐岛.jsonmap	
nonzero_camp	42	英雄天子峰	英雄天子峰	1	256	1	5	2	0	0	128	0	1	0	0	0	0	16	0	0	0	0	131	0	0	1	0					0	0	0	data\source\maps\英雄天子峰\英雄天子峰.jsonmap	
nonzero_camp	43	英雄空雾峰	英雄空雾峰	1	256	1	5	2	0	0	128	0	1	0	0	0	0	16	0	0	0	0	131	0	0	1	0					0	0	0	data\source\maps\英雄空雾峰\英雄空雾峰.jsonmap	
nonzero_camp	44	英雄日轮山城	英雄日轮山城	1	256	1	5	2	0	0	128	0	1	0	0	0	0	16	0	0	0	0	131	0	0	1	0					0	0	0	data\source\maps\英雄日轮山城\英雄日轮山城.jsonmap	
nonzero_camp	45	英雄灵霄峡	英雄灵霄峡	1	256	1	5	2	0	0	128	0	1	0	0	0	0	16	0	0	0	0	131	0	0	1	0					0	0	0	data\source\maps\英雄灵霄峡\英雄灵霄峡.jsonmap	
nonzero_camp	46	英雄战宝迦兰	英雄战宝迦兰	1	256	1	25	2	0	0	128	0	1	1	0	0	0	16	0	0	0	0	131	0	0	1	0					0	0	0	data\source\maps\英雄战宝迦兰\英雄战宝迦兰.jsonmap	
nonzero_camp	47	英雄风雨稻香村	英雄风雨稻香村	1	256	1	5	2	0	0	128	0	1	0	0	0	0	16	0	0	0	0	131	0	0	1	0					0	0	0	data\source\maps\英雄风雨稻香村\英雄风雨稻香村.jsonmap	
nonzero_camp	48	珍珑棋谷	珍珑棋谷	2	512	1	54	2	0	160	0	2	5	0	0	0	0	16	0	0	0	0	256	0	1	1	0		1	7		0	0	0	data\source\maps\珍珑棋谷\珍珑棋谷.jsonmap	
nonzero_camp	49	藏剑山庄	藏剑山庄	0	2	1	1500	10	1	0	0	0	1	0	0	0	1	16	1	0	0	0	0	0	1	1	0					0	1	0	data\source\maps\藏剑山庄\藏剑山庄.jsonmap	
nonzero_camp	50	丝绸之路	丝绸之路	2	512	1	54	2	0	160	0	2	5	0	0	0	0	16	0	0	0	0	256	0	1	1	0		1	7		0	0	0	data\source\maps\丝绸之路\丝绸之路.jsonmap	
nonzero_camp	51	剑冢	剑冢	1	128	1	5	10	0	0	128	0	1	0	0	0	0	16	0	0	0	0	131	0	0	1	0					0	0	0	data\source\maps\剑冢\剑冢.jsonmap	
nonzero_camp	52	七十级云湖天池	七十级云湖天池	2	512	1	24	2	0	160	0	2	5	0	0	0	0	16	0	0	0	0	256	0	1	1	0		1	7		0	0	0	data\source\maps\七十级云湖天池\七十级云湖天池.jsonmap	
nonzero_camp	53	邀星坪_夜射天狼	邀星坪_夜射天狼	1	128	1	2	2	0	0	131	0	1	0	0	0	0	16	0	0	0	0	131	0	0	1	0					0	0	0	data\source\maps\邀星坪_夜射天狼\邀星坪_夜射天狼.map	
nonzero_camp	55	守株围场_打猎	守株围场_打猎	1	64	1	2	2	0	0	131	0	1	0	0	0	0	16	0	0	0	0	131	0	0	1	0					0	0	0	data\source\maps\守株围场_打猎\守株围场_打猎.map	
nonzero_camp	56	困龙岭_梅花桩	困龙岭_梅花桩	1	64	1	2	2	0	0	131	0	1	0	0	0	0	16	0	0	0	0	131	0	0	1	0					0	0	0	data\source\maps\困龙岭_梅花桩\困龙岭_梅花桩.map	
nonzero_camp	57	陷空坳_宇文宝藏	陷空坳_宇文宝藏	1	128	1	2	2	0	0	131	0	1	0	0	0	0	16	0	0	0	0	131	0	0	1	0					0	0	0	data\source\maps\陷空坳_宇文宝藏\陷空坳_宇文宝藏.map	
nonzero_camp	58	百草园	百草园	4	512	1	50	10	1	0	6	0	1	0	0	0	0	16	0	0	0	0	6	0	1	1	0					0	0	0	data\source\maps\百草园\百草园.map	
nonzero_camp	60	持国天王殿	持国天王殿	1	256	1	10	10	0	0	128	0	1	1	0	0	0	16	0	0	0	0	131	0	0	1	0					0	0	0	data\source\maps\持国天王殿\持国天王殿.jsonmap	
nonzero_camp	61	宫中神武遗迹	宫中神武遗迹	1	256	1	10	10	0	0	128	0	1	1	0	0	0	16	0	0	0	0	131	0	0	1	0					0	0	0	data\source\maps\宫中神武遗迹\宫中神武遗迹.jsonmap	
nonzero_camp	62	英雄剑冢	英雄剑冢	1	256	1	5	2	0	0	128	0	1	0	0	0	0	16	0	0	0	0	131	0	0	1	0					0	0	0	data\source\maps\英雄剑冢\英雄剑冢.jsonmap	
nonzero_camp	63	英雄宫中神武遗迹	英雄宫中神武遗迹	1	256	1	25	2	0	0	128	0	1	1	0	0	0	16	0	0	0	0	131	0	0	1	0					0	0	0	data\source\maps\英雄宫中神武遗迹\英雄宫中神武遗迹.jsonmap	
nonzero_camp	64	25人普通宫中神武遗迹	25人普通宫中神武遗迹	1	256	1	25	2	0	0	128	0	1	1	0	0	0	16	0	0	0	0	131	0	0	1	0					0	0	0	data\source\maps\25人普通宫中神武遗迹\25人普通宫中神武遗迹.jsonmap	
nonzero_camp	65	25人普通持国天王殿	25人普通持国天王殿	1	256	1	25	2	0	0	128	0	1	1	0	0	0	16	0	0	0	0	131	0	0	1	0					0	0	0	data\source\maps\25人普通持国天王殿\25人普通持国天王殿.jsonmap	
nonzero_camp	66	英雄持国天王殿	英雄持国天王殿	1	256	1	25	2	0	0	128	0	1	1	0	0	0	16	0	0	0	0	131	0	0	1	0					0	0	0	data\source\maps\英雄持国天王殿\英雄持国天王殿.jsonmap	
nonzero_camp	67	荻花宫后山	荻花宫后山	1	256	1	10	2	0	0	128	0	1	1	0	0	0	16	0	0	0	0	131	0	0	1	0					0	0	0	data\source\maps\荻花宫后山\荻花宫后山.jsonmap	
nonzero_camp	68	荻花圣殿	荻花圣殿	1	256	1	10	2	1	0	128	0	1	1	0	0	0	16	0	0	0	0	131	0	0	1	0					0	0	0	data\source\maps\荻花圣殿\荻花圣殿.jsonmap	
nonzero_camp	69	10人英雄荻花圣殿	10人英雄荻花圣殿	1	256	1	10	2	0	0	128	0	1	1	0	0	0	16	0	0	0	0	131	0	0	1	0					0	0	0	data\source\maps\10人英雄荻花圣殿\10人英雄荻花圣殿.jsonmap	
nonzero_camp	70	25人普通荻花圣殿	25人普通荻花圣殿	1	256	1	25	2	1	0	128	0	1	1	0	0	0	16	0	0	0	0	131	0	0	1	0					0	0	0	data\source\maps\25人普通荻花圣殿\25人普通荻花圣殿.jsonmap	
nonzero_camp	71	仙踪林	仙踪林	1	128	1	5	2	0	0	128	0	1	1	0	0	0	16	0	0	0	0	131	0	0	1	0					0	0	0	data\source\maps\仙踪林\仙踪林.jsonmap	
nonzero_camp	72	25人英雄荻花圣殿	25人英雄荻花圣殿	1	256	1	25	2	0	0	128	0	1	1	0	0	0	16	0	0	0	0	131	0	0	1	0					0	0	0	data\source\maps\25人英雄荻花圣殿\25人英雄荻花圣殿.jsonmap	
nonzero_camp	73	英雄荻花宫后山	英雄荻花宫后山	1	256	1	10	2	0	0	128	0	1	1	0	0	0	16	0	0	0	0	131	0	0	1	0					0	0	0	data\source\maps\英雄荻花宫后山\英雄荻花宫后山.jsonmap	
nonzero_camp	74	帮会领地	帮会领地	4	900	1	900	1	1	0	6	2	1	0	0	0	0	16	0	0	0	1	6	0	1	1	0					0	1	0	data\source\maps\帮会领地\帮会领地.jsonmap	
nonzero_camp	75	毒神殿	毒神殿	1	128	1	5	2	0	0	128	0	1	1	0	0	0	16	0	0	0	0	131	0	0	1	0					0	0	0	data\source\maps\毒神殿\毒神殿.jsonmap	
nonzero_camp	100	白龙口	白龙口	0	1	1	1000	10	1	0	0	0	4	0	0	1	1	16	1	0	1	0	0	0	1	1	1					1	1	0	data\source\maps\白龙口\白龙口.jsonmap	
nonzero_camp	101	无量山	无量山	0	1	1	1000	10	1	0	0	0	4	0	0	1	1	16	1	0	1	0	0	0	1	1	1					1	1	0	data\source\maps\无量山\无量山.jsonmap	
nonzero_camp	102	五毒	五毒	0	2	1	1500	10	1	0	0	0	1	0	0	0	1	16	1	0	0	0	0	0	1	1	0					0	1	0	data\source\maps\五毒\五毒.jsonmap	
nonzero_camp	103	融天岭	融天岭	0	1	1	1000	10	1	0	0	0	4	0	0	1	1	16	1	0	1	0	0	0	1	1	1					1	1	0	data\source\maps\融天岭\融天岭.jsonmap	
nonzero_camp	104	黑龙沼	黑龙沼	0	1	1	1000	10	1	0	0	0	4	0	0	1	1	16	1	0	1	0	0	0	1	1	1					1	1	0	data\source\maps\黑龙沼\黑龙沼.jsonmap	
nonzero_camp	105	苍山洱海	苍山洱海	0	1	1	1000	10	1	0	0	0	4	0	0	1	1	16	1	0	1	0	0	0	1	1	1					1	1	0	data\source\maps\苍山洱海\苍山洱海.jsonmap	
nonzero_camp	106	法王窟	法王窟	1	128	1	5	10	0	0	128	0	1	1	0	0	0	16	0	0	0	0	131	0	0	1	0					0	0	0	data\source\maps\法王窟\法王窟.jsonmap	
nonzero_camp	107	无量宫	无量宫	1	128	1	5	2	0	0	128	0	1	0	0	0	0	16	0	0	0	0	131	0	0	1	0					0	0	0	data\source\maps\无量宫\无量宫.jsonmap	
nonzero_camp	108	成都	成都	0	1	1	1200	10	1	0	16	0	1	0	0	0	1	16	1	0	0	1	16	0	1	1	0					0	1	0	data\source\maps\成都\成都.jsonmap	
nonzero_camp	109	龙渊泽	龙渊泽	1	320	1	10	2	0	0	128	0	1	1	0	0	0	16	0	0	0	0	131	0	0	1	0					0	1	0	data\source\maps\龙渊泽\龙渊泽.jsonmap	
nonzero_camp	110	寂灭厅	寂灭厅	1	128	1	5	2	0	0	128	0	1	0	0	0	0	16	0	0	0	0	131	0	0	1	0					0	0	0	data\source\maps\寂灭厅\寂灭厅.jsonmap	
nonzero_camp	111	英雄仙踪林	英雄仙踪林	1	320	1	5	2	0	0	128	0	1	1	0	0	0	16	0	0	0	0	131	0	0	1	0					0	0	0	data\source\maps\英雄仙踪林\英雄仙踪林.jsonmap	
nonzero_camp	112	英雄毒神殿	英雄毒神殿	1	320	1	5	2	0	0	128	0	1	1	0	0	0	16	0	0	0	0	131	0	0	1	0					0	0	0	data\source\maps\英雄毒神殿\英雄毒神殿.jsonmap	
nonzero_camp	113	英雄寂灭厅	英雄寂灭厅	1	320	1	5	2	0	0	128	0	1	0	0	0	0	16	0	0	0	0	131	0	0	1	0					0	0	0	data\source\maps\英雄寂灭厅\英雄寂灭厅.jsonmap	
nonzero_camp	114	英雄无量宫	英雄无量宫	1	320	1	5	2	0	0	128	0	1	0	0	0	0	16	0	0	0	0	131	0	0	1	0					0	0	0	data\source\maps\英雄无量宫\英雄无量宫.jsonmap	
nonzero_camp	115	英雄法王窟	英雄法王窟	1	320	1	5	2	0	0	128	0	1	1	0	0	0	16	0	0	0	0	131	0	0	1	0					0	0	0	data\source\maps\英雄法王窟\英雄法王窟.jsonmap	
nonzero_camp	116	低级仙踪林	低级仙踪林	1	128	1	5	2	0	0	128	0	1	1	0	0	0	16	0	0	0	0	131	0	0	1	0					0	0	0	data\source\maps\低级仙踪林\低级仙踪林.jsonmap	
nonzero_camp	117	25人英雄龙渊泽	25人英雄龙渊泽	1	256	1	25	2	0	0	128	0	1	1	0	0	0	16	0	0	0	0	131	0	0	1	0					0	1	0	data\source\maps\25人英雄龙渊泽\25人英雄龙渊泽.jsonmap	
nonzero_camp	118	25人普通龙渊泽	25人普通龙渊泽	1	256	1	25	2	0	0	128	0	1	1	0	0	0	16	0	0	0	0	131	0	0	1	0					0	1	0	data\source\maps\25人普通龙渊泽\25人普通龙渊泽.jsonmap	
nonzero_camp	119	10人英雄龙渊泽	10人英雄龙渊泽	1	256	1	10	2	0	0	128	0	1	1	0	0	0	16	0	0	0	0	131	0	0	1	0					0	1	0	data\source\maps\10人英雄龙渊泽\10人英雄龙渊泽.jsonmap	
nonzero_camp	120	荻花洞窟	荻花洞窟	1	256	1	10	2	0	0	128	0	1	1	0	0	0	16	0	0	0	0	131	0	0	1	0					0	0	0	data\source\maps\荻花洞窟\荻花洞窟.jsonmap	
nonzero_camp	121	英雄神农洇	英雄神农洇	2	512	1	34	2	0	160	256	2	5	0	0	0	0	16	0	0	0	0	256	0	0	1	0			7		0	0	0	data\source\maps\英雄神农洇\英雄神农洇.map	
nonzero_camp	122	唐门	唐门	0	2	1	1500	10	1	0	0	0	1	0	0	0	1	16	1	0	0	0	0	0	1	1	0					0	1	0	data\source\maps\唐门\唐门.jsonmap	
nonzero_camp	123	低级唐门密室	低级唐门密室	1	128	1	5	10	0	0	128	0	1	1	0	0	0	16	0	0	0	0	131	0	0	1	0					0	0	0	data\source\maps\低级唐门密室\低级唐门密室.jsonmap	
nonzero_camp	125	唐门密室	唐门密室	1	320	1	5	2	0	0	128	0	1	0	0	0	0	16	0	0	0	0	131	0	0	1	0					0	0	0	data\source\maps\唐门密室\唐门密室.jsonmap	
nonzero_camp	126	神剑冢	神剑冢	1	256	1	25	10	0	0	131	0	1	1	0	0	0	16	0	0	0	0	131	0	0	1	0			7		0	0	0	data\source\maps\神剑冢\神剑冢.jsonmap	
nonzero_camp	127	天山碎冰谷	天山碎冰谷	2	2048	1	1024	2	0	0	8	2	4	0	0	0	0	1	0	1	0	0	8	0	0	1	0			7		0	0	0	data\source\maps\天山碎冰谷\天山碎冰谷.jsonmap	
nonzero_camp	128	乐山大佛窟	乐山大佛窟	2	2048	1	1024	2	0	0	8	2	4	0	0	0	0	1	0	1	0	0	8	0	0	1	0			7		0	0	0	data\source\maps\乐山大佛窟\乐山大佛窟.jsonmap	
nonzero_camp	129	华山之巅	华山之巅	2	2048	1	1024	2	0	0	8	2	4	0	0	0	0	1	0	1	0	0	8	0	0	1	0			7		0	0	0	data\source\maps\华山之巅\华山之巅.jsonmap	
nonzero_camp	130	英雄荻花洞窟	英雄荻花洞窟	1	256	1	25	2	0	0	128	0	1	1	0	0	0	16	0	0	0	0	131	0	0	1	0					0	0	0	data\source\maps\英雄荻花洞窟\英雄荻花洞窟.jsonmap	
nonzero_camp	131	持国天王回忆录	持国天王回忆录	1	320	1	10	2	0	0	128	0	1	1	0			16				0	131	0	0	1	0					0	0	0	data\source\maps\持国天王回忆录\持国天王回忆录.jsonmap	
nonzero_camp	133	25人英雄烛龙殿	25人英雄烛龙殿	1	512	1	25	2	0	0	128	0	1	1	0	0	0	16	0	0	0	0	128	0	0	1	0					0	0	0	data\source\maps\25人英雄烛龙殿\25人英雄烛龙殿.jsonmap	
nonzero_camp	134	烛龙殿	烛龙殿	1	256	1	10	10	0	0	128	0	1	1	0	0	0	16	0	0	0	0	128	0	0	1	0					0	0	0	data\source\maps\烛龙殿\烛龙殿.jsonmap	
nonzero_camp	135	三国古战场	三国古战场	2	512	1	34	2	0	160	0	2	5	0	0	0	0	16	0	0	0	0	256	0	1	1	0		1	7		0	0	0	data\source\maps\三国古战场\三国古战场.jsonmap	
nonzero_camp	136	会战唐门	会战唐门	1	256	1	10	10	0	0	128	0	1	1	0	0	0	16	0	0		0	131	0	0	1	0					0	0	0	data\source\maps\会战唐门\会战唐门.jsonmap	
nonzero_camp	137	大漠楼兰	大漠楼兰	2	2048	1	1024	2	0	0	8	2	4	1	0	0	0	1	0	1	0	0	8	1	0	1	0			7		0	0	0	data\source\maps\大漠楼兰\大漠楼兰.map	
nonzero_camp	138	25人英雄会战唐门	25人英雄会战唐门	1	256	1	25	2	0	0	128	0	1	1	0	0	0	16	0	0		0	131	0	0	1	0					0	0	0	data\source\maps\25人英雄会战唐门\25人英雄会战唐门.jsonmap	
nonzero_camp	139	枫华谷_安史之乱	枫华谷·战乱	0	1	1	1000	10	1	0	0	0	4	0	0	1	1	16	1	0	1	0	0	0	1	1	1					1	1	0	data\source\maps\枫华谷_安史之乱\枫华谷_安史之乱.jsonmap	
nonzero_camp	140	南诏皇宫	南诏皇宫	1	256	1	10	10	0	0	128	0	1	1	0	0	0	16	0	0		0	131	0	0	1	0					0	0	0	data\source\maps\南诏皇宫\南诏皇宫.jsonmap	
nonzero_camp	141	光明顶秘道	光明顶秘道	1	320	1	5	2	0	0	128	0	1	0	0	0	0	16	0	0	0	0	131	0	0	1	0					0	0	0	data\source\maps\光明顶秘道\光明顶秘道.jsonmap	
nonzero_camp	142	低级光明顶秘道	低级光明顶秘道	1	128	1	5	2	0	0	128	0	1	1	0	0	0	16	0	0	0	0	131	0	0	1	0					0	0	0	data\source\maps\低级光明顶秘道\低级光明顶秘道.jsonmap	
nonzero_camp	143	试炼秘境1	试炼之地	1	1024	1	1	1	0	0	32	0	1	0	0	0	0	2	0	0	0	0	32	0	0	1	0					0	0	0	data\source\maps\试炼秘境1\试炼秘境1.jsonmap	
nonzero_camp	144	试炼秘境2	试炼之地	1	1024	1	1	1	0	0	32	0	1	0	0	0	0	2	0	0	0	0	32	0	0	1	0					0	0	0	data\source\maps\试炼秘境2\试炼秘境2.jsonmap	
nonzero_camp	145	试炼秘境3	试炼之地	1	1024	1	1	1	0	0	32	0	1	0	0	0	0	2	0	0	0	0	32	0	0	1	0					0	0	0	data\source\maps\试炼秘境3\试炼秘境3.jsonmap	
nonzero_camp	146	试炼秘境4	试炼之地	1	1024	1	1	1	0	0	32	0	1	0	0	0	0	2	0	0	0	0	32	0	0	1	0					0	0	0	data\source\maps\试炼秘境4\试炼秘境4.jsonmap	
nonzero_camp	147	试炼秘境5	试炼之地	1	1024	1	1	1	0	0	32	0	1	0	0	0	0	2	0	0	0	0	32	0	0	1	0					0	0	0	data\source\maps\试炼秘境5\试炼秘境5.jsonmap	
nonzero_camp	148	英雄持国回忆录	英雄持国回忆录	1	320	1	25	2	0	0	128	0	1	1	0			16				0	131	0	0	1	0					0	0	0	data\source\maps\英雄持国回忆录\英雄持国回忆录.jsonmap	
nonzero_camp	149	帮会约战	雪原争锋	2	2048	1	54	2	0	160	256	216	5	0	0	0	0	16	0	0	0	0	256	0	1	1	0	1		7		0	0	0	data\source\maps\帮会约战\帮会约战.jsonmap	
nonzero_camp	150	明教	明教	0	2	1	1500	10	1	0	0	0	1	0	0	0	1	16	1	0	0	0	0	0	1	1	0					0	1	0	data\source\maps\明教\明教.jsonmap	
nonzero_camp	151	洛阳_安史之乱	洛阳·战乱	0	1	1	1000	10	1	0	0	0	4	0	0	1	1	16	1	0	0	0	0	0	1	1	1					1	1	0	data\source\maps\洛阳_安史之乱\洛阳_安史之乱.jsonmap	
nonzero_camp	152	大唐监狱	大唐监狱	0	1	1	1500	10	1	0	64	2	4	0	0	0	0	16	0	0	0	0	64	0	1	1	0					1	1	0	data\source\maps\大唐监狱\大唐监狱.jsonmap	
nonzero_camp	153	马嵬驿	马嵬驿	0	1	1	1000	10	1	0	0	0	4	0	0	1	1	16	1	0	1	1	0	0	1	1	1					1	1	0	data\source\maps\马嵬驿\马嵬驿.jsonmap	
nonzero_camp	155	英雄南诏皇宫	英雄南诏皇宫	1	256	1	25	2	0	0	128	0	1	1	0	0	0	16	0	0	0	0	131	0	0	1	0					0	0	0	data\source\maps\英雄南诏皇宫\英雄南诏皇宫.jsonmap	
nonzero_camp	156	长安_安史之乱	长安·战乱	0	1	1	1800	10	1	0	0	0	4	0	0	1	1	16	1	0	0	0	0	0	1	1	0					1	1	0	data\source\maps\长安_安史之乱\长安_安史之乱.jsonmap	
nonzero_camp	157	英雄一线天	英雄一线天	1	400	1	5	10	0	0	128	0	1	0	0	0	0	16	0	0	0	0	131	0	0	1	0					0	0	0	data\source\maps\英雄一线天\英雄一线天.jsonmap	
nonzero_camp	158	天策_安史之乱	天策·战乱	0	1	1	1800	10	1	0	0	0	1	0	0	0	1	16	1	0	0	0	0	0	1	1	0					1	1	0	data\source\maps\天策_安史之乱\天策_安史之乱.jsonmap	
nonzero_camp	159	丐帮	丐帮	0	2	1	1500	10	1	0	0	0	1	0	0	0	1	16	1	0	0	0	131	0	1	1	0					0	1	0	data\source\maps\丐帮\丐帮.jsonmap	
nonzero_camp	160	战宝军械库	战宝军械库	1	256	1	10	2	0	0	128	0	1	1	0	0	0	16	0	0		0	131	0	0	1	0					0	0	0	data\source\maps\战宝军械库\战宝军械库.jsonmap	
nonzero_camp	161	华清宫	华清宫	1	320	1	5	10	0	0	128	0	1	0	0	0	0	16	0	0	0	0	131	0	0	1	0					0	0	0	data\source\maps\华清宫\华清宫.jsonmap	
nonzero_camp	162	英雄华清宫	英雄华清宫	1	400	1	5	10	0	0	128	0	1	0	0	0	0	16	0	0	0	0	131	0	0	1	0					0	0	0	data\source\maps\英雄华清宫\英雄华清宫.jsonmap	
nonzero_camp	163	华清宫回忆录	华清宫回忆录	1	400	1	5	10	0	0	128	0	1	0	0	0	0	16	0	0	0	0	131	0	0	1	0					0	0	0	data\source\maps\华清宫回忆录\华清宫回忆录.jsonmap	
nonzero_camp	164	大明宫	大明宫	1	256	1	10	10	0	0	128	0	1	1	0	0	0	16	0	0	0	0	128	0	0	1	0					0	0	0	data\source\maps\大明宫\大明宫.jsonmap	
nonzero_camp	165	英雄大明宫	英雄大明宫	1	256	1	25	2	0	0	128	0	1	1	0	0	0	16	0	0	0	0	128	0	0	1	0					0	0	0	data\source\maps\英雄大明宫\英雄大明宫.jsonmap	
nonzero_camp	167	一线天	一线天	1	320	1	5	10	0	0	128	0	1	0	0	0	0	16	0	0	0	0	131	0	0	1	0					0	0	0	data\source\maps\一线天\一线天.jsonmap	
nonzero_camp	169	流离岛	流离岛	1	320	1	5	10	0	0	128	0	1	0	0	0	0	16	0	0	0	0	131	0	0	1	0					0	0	0	data\source\maps\流离岛\流离岛.jsonmap	
nonzero_camp	170	英雄流离岛	英雄流离岛	1	400	1	5	10	0	0	128	0	1	0	0	0	0	16	0	0	0	0	131	0	0	1	0					0	0	0	data\source\maps\英雄流离岛\英雄流离岛.jsonmap	
nonzero_camp	171	英雄战宝军械库	英雄战宝军械库	1	256	1	25	2	0	0	128	0	1	1	0	0	0	16	0	0	0	0	131	0	0	1	0					0	0	0	data\source\maps\英雄战宝军械库\英雄战宝军械库.jsonmap	
nonzero_camp	172	长安内城	长安城	0	1	1	1800	10	1	0	16	0	1	0	0	0	1	16	1	0	0	1	16	0	0	1	0					0	1	0	data\source\maps\长安内城\长安内城.jsonmap	
nonzero_camp	173	齐物阁	齐物阁	2	512	1	27	2	0	0	8	1	5	0	0	0	0	1	0	0	0	0	8	0	0	1	0			7		0	0	0	data\source\maps\齐物阁\齐物阁.map	
nonzero_camp	174	迷仙引	迷仙引	1	1024	1	2	10	1	0	131	0	1	0	0	0	0	16	0	0	0	0	131	0	0	1	0					0	0	0	data\source\maps\迷仙引\迷仙引.jsonmap	
nonzero_camp	175	血战天策	血战天策	1	256	1	10	10	0	0	128	0	1	1	0	0	0	16	0	0	0	0	128	0	0	1	0					0	0	0	data\source\maps\血战天策\血战天策.jsonmap	
nonzero_camp	176	英雄血战天策	英雄血战天策	1	256	1	25	2	0	0	128	0	1	1	0	0	0	16	0	0	0	0	128	0	0	1	0					0	0	0	data\source\maps\英雄血战天策\英雄血战天策.jsonmap	
nonzero_camp	177	风雪稻香村	风雪稻香村	1	256	1	10	10	0	0	128	0	1	1	0	0	0	16	0	0	0	0	128	0	0	1	0					0	0	0	data\source\maps\风雪稻香村\风雪稻香村.jsonmap	
nonzero_camp	178	英雄风雪稻香村	英雄风雪稻香村	1	256	1	25	2	0	0	128	0	1	1	0	0	0	16	0	0	0	0	128	0	0	1	0					0	0	0	data\source\maps\英雄风雪稻香村\英雄风雪稻香村.jsonmap	
nonzero_camp	179	直城门	直城门	1	400	1	5	10	0	0	128	0	1	0	0	0	0	16	0	0	0	0	131	0		1	0					0	0	0	data\source\maps\直城门\直城门.jsonmap	
nonzero_camp	181	狼影殿	狼影殿	2	512	1	45	2	0	0	8	475	5	0	0	0	0	1	0	0	0	0	8	0	0	1	0			7		0	0	0	data\source\maps\狼影殿\狼影殿.map	
nonzero_camp	182	秦皇陵	秦皇陵	1	256	1	10	10	0	0	128	0	1	1	0	0	0	16	0	0	0	0	128	0	0	1						0	0	0	data\source\maps\秦皇陵\秦皇陵.jsonmap	
nonzero_camp	183	英雄秦皇陵	英雄秦皇陵	1	256	1	25	2	0	0	128	0	1	1	0	0	0	16	0	0	0	0	128	0	0	1						0	0	0	data\source\maps\英雄秦皇陵\英雄秦皇陵.jsonmap	
nonzero_camp	184	墨家秘殿	墨家秘殿	1	320	1	5	10	0	0	128	0	1	0	0	0	0	16	0	0	0	0	131	0		1	0					0	0	0	data\source\maps\墨家秘殿\墨家秘殿.jsonmap	
nonzero_camp	186	冷香丘	浮香丘	2	512	1	34	2	0	160	0	2	5	0	0	0	0	16	0	0	0	0	256	0	1	1	0		1	7		0	0	0	data\source\maps\冷香丘\冷香丘.jsonmap	
nonzero_camp	187	春明门	春明门	1	256	1	5	10	0	0	128	0	1	1	0	0	0	16	0	0	0	0	131	0	0							0	0	0	data\source\maps\春明门\春明门.jsonmap	
nonzero_camp	189	寻宝洞_野人谷	藏宝洞·野人谷	1	1024	1	5	2	0	0	130	0	1	0	0	0	0	16	0	0	0	0	131	0	0	1	0					0	0	0	data\source\maps\寻宝洞_野人谷\寻宝洞_野人谷.jsonmap	
nonzero_camp	190	寻宝洞_夜狼山	藏宝洞·夜狼山	1	1024	1	5	2	0	0	130	0	1	0	0	0	0	16	0	0	0	0	131	0	0	1	0					0	0	0	data\source\maps\寻宝洞_夜狼山\寻宝洞_夜狼山.jsonmap	
nonzero_camp	191	太原之战_夜守孤城	太原之战·夜守孤城	1	256	1	10	10	0	0	128	0	1	1	0	0	0	16	0	0	0	0	128	0	0	1						0	0	0	data\source\maps\太原之战_夜守孤城\太原之战_夜守孤城.jsonmap	
nonzero_camp	192	太原之战_逐虎驱狼	太原之战·逐虎驱狼	1	256	1	10	10	0	0	128	0	1	1	0	0	0	16	0	0	0	0	128	0	0	1						0	0	0	data\source\maps\太原之战_逐虎驱狼\太原之战_逐虎驱狼.jsonmap	
nonzero_camp	193	苍云	苍云	0	2	1	1500	10	1	0	0	0	1	0	0	0	1	16	1	0	0	0	131	0	1	1	0					0	1	0	data\source\maps\苍云\苍云.jsonmap	
nonzero_camp	194	太原	太原	0	1	1	1000	10	1	0	16	0	1	0	0	0	1	16	1	0	0	1	16	0	1	1	0					0	1	0	data\source\maps\太原\太原.jsonmap	
nonzero_camp	195	雁门关之役	雁门关之役	1	320	1	5	10	0	0	128	0	1	0	0	0	0	16	0	0	0	0	131	0	0	1	0					0	0	0	data\source\maps\雁门关之役\雁门关之役.jsonmap	
nonzero_camp	196	普通雁门关之役	普通雁门关之役	1	320	1	5	10	0	0	128	0	1	0	0	0	0	16	0	0	0	0	131	0	0	1	0					0	0	0	data\source\maps\普通雁门关之役\普通雁门关之役.jsonmap	
nonzero_camp	197	苍云血誓	苍云	0	2	1	1500	10	1	0	0	0	1	0	0	0	0	16	0	0	0	0	131	0	1	1	0					0	1	0	data\source\maps\苍云血誓\苍云血誓.jsonmap	
nonzero_camp	198	英雄太原之战_夜守孤城	英雄太原之战·夜守孤城	1	256	1	25	2	0	0	128	0	1	1	0	0	0	16	0	0	0	0	128	0	0	1						0	0	0	data\source\maps\英雄太原之战_夜守孤城\英雄太原之战_夜守孤城.jsonmap	
nonzero_camp	199	英雄太原之战_逐虎驱狼	英雄太原之战·逐虎驱狼	1	512	1	25	2	0	0	128	0	1	1	0	0	0	16	0	0	0	0	128	0	0	1						0	0	0	data\source\maps\英雄太原之战_逐虎驱狼\英雄太原之战_逐虎驱狼.jsonmap	
nonzero_camp	200	璨翠海厅	璨翠海厅	1	400	1	5	10	0	0	128	0	1	1	0	0	0	16	0	0	0	0	131	0	0	1	0					0	0	0	data\source\maps\璨翠海厅\璨翠海厅.jsonmap	
nonzero_camp	203	天泣林	天泣林	1	256	1	5	10	0	0	128	0	1	1	0	0	0	16	0	0	0	0	131	0	0							0	0	0	data\source\maps\天泣林\天泣林.jsonmap	
nonzero_camp	204	阴山圣泉	阴山圣泉	1	256	1	5	10	0	0	128	0	1	1	0	0	0	16	0	0	0	0	131	0	0							0	0	0	data\source\maps\阴山圣泉\阴山圣泉.jsonmap	
nonzero_camp	205	挑战太原之战_夜守孤城	挑战太原之战·夜守孤城	1	256	1	25	2	0	0	128	0	1	1	0	0	0	16	0	0	0	0	128	0	0	1						0	0	0	data\source\maps\挑战太原之战_夜守孤城\挑战太原之战_夜守孤城.jsonmap	
nonzero_camp	206	挑战太原之战_逐虎驱狼	挑战太原之战·逐虎驱狼	1	256	1	25	2	0	0	128	0	1	1	0	0	0	16	0	0	0	0	128	0	0	1						0	0	0	data\source\maps\挑战太原之战_逐虎驱狼\挑战太原之战_逐虎驱狼.jsonmap	
nonzero_camp	209	梵空禅院	梵空禅院	1	256	1	5	10	0	0	128	0	1	1	0	0	0	16	0	0	0	0	131	0	0							0	0	0	data\source\maps\梵空禅院\梵空禅院.jsonmap	
nonzero_camp	211	10人挑战太原之战_夜守孤城	10人挑战太原之战·夜守孤城	1	256	1	10	10	0	0	128	0	1	1	0	0	0	16	0	0	0	0	128	0	0	1						0	0	0	data\source\maps\10人挑战太原之战_夜守孤城\10人挑战太原之战_夜守孤城.jsonmap	
nonzero_camp	212	10人挑战太原之战_逐虎驱狼	10人挑战太原之战·逐虎驱狼	1	256	1	10	10	0	0	128	0	1	1	0	0	0	16	0	0	0	0	128	0	0	1						0	0	0	data\source\maps\10人挑战太原之战_逐虎驱狼\10人挑战太原之战_逐虎驱狼.jsonmap	
nonzero_camp	213	长歌门	长歌门	0	2	1	1500	10	1	0	0	0	1	0	0	0	1	16	1	0	0	0	131	0	1	1	0					0	1	0	data\source\maps\长歌门\长歌门.jsonmap	
nonzero_camp	214	五台山	五台山	0	1	1	1000	10	1	0	0	0	4	0	0	1	1	16	1	0	0	0	0	0	1	1	1					1	1	0	data\source\maps\五台山\五台山.jsonmap	
nonzero_camp	215	千岛湖	千岛湖	0	1	1	1000	10	1	0	0	0	4	0	0	1	1	16	1	0	0	0	0	0	1	1	1					1	1	0	data\source\maps\千岛湖\千岛湖.jsonmap	
nonzero_camp	216	阴山大草原	阴山大草原	0	1	1	1000	10	1	0	0	0	4	0	0	1	1	16	1	0	1	0	0	0	1	1	1					1	1	0	data\source\maps\阴山大草原\阴山大草原.jsonmap	
nonzero_camp	217	黑戈壁	黑戈壁	0	1	1	1000	10	1	0	0	0	4	0	0	1	1	16	1	0	0	0	0	0	1	1	1					1	1	0	data\source\maps\黑戈壁\黑戈壁.jsonmap	
nonzero_camp	218	引仙水榭	引仙水榭	1	256	1	5	10	0	0	128	0	1	1	0	0	0	16	0	0	0	0	131	0	0							0	0	0	data\source\maps\引仙水榭\引仙水榭.jsonmap	
nonzero_camp	219	微山书院	微山书院	1	256	1	5	10	0	0	128	0	1	1	0	0	0	16	0	0	0	0	131	0	0							0	0	0	data\source\maps\微山书院\微山书院.jsonmap	
nonzero_camp	220	永王行宫_仙侣庭园	永王行宫_仙侣庭园	1	256	1	10	10	0	0	128	0	1	1	0	0	0	16	0	0	0	0	128	0	0	1						0	0	0	data\source\maps\永王行宫_仙侣庭园\永王行宫_仙侣庭园.jsonmap	
nonzero_camp	221	永王行宫_花月别院	永王行宫_花月别院	1	256	1	10	10	0	0	128	0	1	1	0	0	0	16	0	0	0	0	128	0	0	1						0	0	0	data\source\maps\永王行宫_花月别院\永王行宫_花月别院.jsonmap	
nonzero_camp	222	挑战璨翠海厅	挑战璨翠海厅	1	400	1	5	10	0	0	128	0	1	1	0	0	0	16	0	0	0	0	131	0	0	1	0					0	0	0	data\source\maps\挑战璨翠海厅\挑战璨翠海厅.jsonmap	
nonzero_camp	224	英雄天泣林	英雄天泣林	1	1024	1	5	3	0	0	128	0	1	1	0	0	0	16	0	0	0	0	131	0	0							0	0	0	data\source\maps\英雄天泣林\英雄天泣林.jsonmap	
nonzero_camp	225	英雄微山书院	英雄微山书院	1	1024	1	5	3	0	0	128	0	1	1	0	0	0	16	0	0	0	0	131	0	0							0	0	0	data\source\maps\英雄微山书院\英雄微山书院.jsonmap	
nonzero_camp	227	英雄阴山圣泉	英雄阴山圣泉	1	1024	1	5	3	0	0	128	0	1	1	0	0	0	16	0	0	0	0	131	0	0							0	0	0	data\source\maps\英雄阴山圣泉\英雄阴山圣泉.jsonmap	
nonzero_camp	228	英雄梵空禅院	英雄梵空禅院	1	1024	1	5	3	0	0	128	0	1	1	0	0	0	16	0	0	0	0	131	0	0							0	0	0	data\source\maps\英雄梵空禅院\英雄梵空禅院.jsonmap	
nonzero_camp	229	英雄引仙水榭	英雄引仙水榭	1	1024	1	5	3	0	0	128	0	1	1	0	0	0	16	0	0	0	0	131	0	0							0	0	0	data\source\maps\英雄引仙水榭\英雄引仙水榭.jsonmap	
nonzero_camp	230	英雄永王行宫_花月别院	英雄永王行宫_花月别院	1	256	1	25	2	0	0	128	0	1	1	0	0	0	16	0	0	0	0	128	0	0	1						0	0	0	data\source\maps\英雄永王行宫_花月别院\英雄永王行宫_花月别院.jsonmap	
nonzero_camp	231	英雄永王行宫_仙侣庭园	英雄永王行宫_仙侣庭园	1	256	1	25	2	0	0	128	0	1	1	0	0	0	16	0	0	0	0	128	0	0	1						0	0	0	data\source\maps\英雄永王行宫_仙侣庭园\英雄永王行宫_仙侣庭园.jsonmap	
nonzero_camp	232	帮会永王行宫_仙侣庭园	试炼永王行宫_仙侣庭园	1	256	1	25	2	0	0	128	0	1	1	0	0	0	16	0	0	0	0	128	0	0	1				7		0	0	0	data\source\maps\帮会永王行宫_仙侣庭园\帮会永王行宫_仙侣庭园.map	
nonzero_camp	233	帮会永王行宫_花月别院	试炼永王行宫_花月别院	1	256	1	25	2	0	0	128	0	1	1	0	0	0	16	0	0	0	0	128	0	0	1				7		0	0	0	data\source\maps\帮会永王行宫_花月别院\帮会永王行宫_花月别院.map	
nonzero_camp	234	10人挑战永王行宫_仙侣庭园	10人挑战永王行宫_仙侣庭园	1	256	1	10	10	0	0	128	0	1	1	0	0	0	16	0	0	0	0	128	0	0	1						0	0	0	data\source\maps\10人挑战永王行宫_仙侣庭园\10人挑战永王行宫_仙侣庭园.jsonmap	
nonzero_camp	235	10人挑战永王行宫_花月别院	10人挑战永王行宫_花月别院	1	256	1	10	10	0	0	128	0	1	1	0	0	0	16	0	0	0	0	128	0	0	1						0	0	0	data\source\maps\10人挑战永王行宫_花月别院\10人挑战永王行宫_花月别院.jsonmap	
nonzero_camp	236	25人挑战永王行宫_仙侣庭园	25人挑战永王行宫_仙侣庭园	1	256	1	25	2	0	0	128	0	1	1	0	0	0	16	0	0	0	0	128	0	0	1						0	0	0	data\source\maps\25人挑战永王行宫_仙侣庭园\25人挑战永王行宫_仙侣庭园.jsonmap	
nonzero_camp	237	25人挑战永王行宫_花月别院	25人挑战永王行宫_花月别院	1	256	1	25	2	0	0	128	0	1	1	0	0	0	16	0	0	0	0	128	0	0	1						0	0	0	data\source\maps\25人挑战永王行宫_花月别院\25人挑战永王行宫_花月别院.jsonmap	
nonzero_camp	238	青竹书院	青竹书院	2	2048	1	1024	2	0	0	8	2	4	0	0	0	0	1	0	1	0	0	8	0	0	1	0			7		0	0	0	data\source\maps\青竹书院\青竹书院.jsonmap	
nonzero_camp	239	洛阳城北	洛阳城	0	1	1	1100	10	1	0	0	0	4	0	0	1	1	16	1	0	0	0	0	0	1	1	0					1	1	0	data\source\maps\洛阳城北\洛阳城北.jsonmap	
nonzero_camp	240	上阳宫_观风殿	上阳宫_观风殿	1	256	1	10	10	0	0	128	0	1	1	0	0	0	16	0	0	0	0	128	0	0	1						0	0	0	data\source\maps\上阳宫_观风殿\上阳宫_观风殿.jsonmap	
nonzero_camp	241	上阳宫_双曜亭	上阳宫_双曜亭	1	256	1	10	10	0	0	128	0	1	1	0	0	0	16	0	0	0	0	128	0	0	1						0	0	0	data\source\maps\上阳宫_双曜亭\上阳宫_双曜亭.jsonmap	
nonzero_camp	242	白帝水宫	白帝水宫	1	1024	1	5	2	0	0	128	0	1	1	0	0	0	16	0	0	0	0	131	0	0							0	0	0	data\source\maps\白帝水宫\白帝水宫.jsonmap	
nonzero_camp	243	霸刀山庄	霸刀山庄	0	2	1	1500	10	1	0	0	0	1	0	0	0	1	16	1	0	0	0	131	0	1	1	0					0	1	0	data\source\maps\霸刀山庄\霸刀山庄.jsonmap	
nonzero_camp	244	挑战白帝水宫	挑战白帝水宫	1	1024	1	5	2	0	0	128	0	1	1	0	0	0	16	0	0	0	0	131	0	0	1	0					0	0	0	data\source\maps\挑战白帝水宫\挑战白帝水宫.jsonmap	
nonzero_camp	245	大梦迷境	大梦迷境	1	1024	1	1	5	1	0	131	0	1	0	0	0	0	16	0	0	0	0	131	0	0	1	0					0	0	0	data\source\maps\大梦迷境\大梦迷境.jsonmap	
nonzero_camp	246	星海幻景	星海幻景	1	2048	1	5	10	1	0	128	0	1	0	0	0	0	16	0	0	0	0	131	0	0	1	0					0	0	0	data\source\maps\星海幻景\星海幻景.jsonmap	
nonzero_camp	247	梦回稻香	梦回稻香	1	2048	1	1	2	1	0	0	0	1	0	0	0	0	16	0	0	0	0	32	0	1	1	0					0	0	0	data\source\maps\梦回稻香\梦回稻香.jsonmap	
nonzero_camp	248	英雄上阳宫_观风殿	英雄上阳宫_观风殿	1	256	1	25	2	0	0	128	0	1	1	0	0	0	16	0	0	0	0	128	0	0	1						0	0	0	data\source\maps\英雄上阳宫_观风殿\英雄上阳宫_观风殿.jsonmap	
nonzero_camp	249	英雄上阳宫_双曜亭	英雄上阳宫_双曜亭	1	256	1	25	2	0	0	128	0	1	1	0	0	0	16	0	0	0	0	128	0	0	1						0	0	0	data\source\maps\英雄上阳宫_双曜亭\英雄上阳宫_双曜亭.jsonmap	
nonzero_camp	250	帮会上阳宫_观风殿	试炼上阳宫_观风殿	1	256	1	25	2	0	0	128	0	1	1	0	0	0	16	0	0	0	0	128	0	0	1				7		0	0	0	data\source\maps\帮会上阳宫_观风殿\帮会上阳宫_观风殿.map	
nonzero_camp	251	帮会上阳宫_双曜亭	试炼上阳宫_双曜亭	1	256	1	25	2	0	0	128	0	1	1	0	0	0	16	0	0	0	0	128	0	0	1				7		0	0	0	data\source\maps\帮会上阳宫_双曜亭\帮会上阳宫_双曜亭.map	
nonzero_camp	256	夕颜阁	夕颜阁	1	1024	1	5	2	0	0	128	0	1	1	0	0	0	16	0	0	0	0	131	0	0							0	0	0	data\source\maps\夕颜阁\夕颜阁.jsonmap	
nonzero_camp	257	英雄夕颜阁	英雄夕颜阁	1	1024	1	5	2	0	0	128	0	1	1	0	0	0	16	0	0	0	0	131	0	0							0	0	0	data\source\maps\英雄夕颜阁\英雄夕颜阁.jsonmap	
nonzero_camp	258	素月清秋	素月清秋	1	1024	1	5	10	1	0	128	0	1	0	0	0	0	16	0	0	0	0	131	0	0	1	0					0	0	0	data\source\maps\素月清秋\素月清秋.jsonmap	
nonzero_camp	259	竞技大师_华山之巅	竞技大师_华山之巅	0	1	1	200	10	1	0	0	0	1	0	0	1	1	16	1	0	1	1	0	0	0	1	0			7		0	1	0	data\source\maps\竞技大师_华山之巅\竞技大师_华山之巅.jsonmap	
nonzero_camp	260	挑战夕颜阁	挑战夕颜阁	1	1024	1	5	2	0	0	128	0	1	1	0	0	0	16	0	0	0	0	131	0	0	1	0					0	0	0	data\source\maps\挑战夕颜阁\挑战夕颜阁.jsonmap	
nonzero_camp	261	天街灯市	天街灯市	1	1024	1	5	10	1	0	128	0	1	0	0	0	0	16	0	0	0	0	131	0	0	1	0					0	0	0	data\source\maps\天街灯市\天街灯市.jsonmap	
nonzero_camp	262	刀轮海厅	刀轮海厅	1	1024	1	5	2	0	0	128	0	1	1	0	0	0	16	0	0	0	0	131	0	0							0	0	0	data\source\maps\刀轮海厅\刀轮海厅.jsonmap	
nonzero_camp	263	风雷刀谷_锻刀厅	风雷刀谷_锻刀厅	1	256	1	10	10	0	0	128	0	1	1	0	0	0	16	0	0	0	0	128	0	0	1						0	0	0	data\source\maps\风雷刀谷_锻刀厅\风雷刀谷_锻刀厅.jsonmap	
nonzero_camp	264	风雷刀谷_千雷殿	风雷刀谷_千雷殿	1	256	1	10	10	0	0	128	0	1	1	0	0	0	16	0	0	0	0	128	0	0	1						0	0	0	data\source\maps\风雷刀谷_千雷殿\风雷刀谷_千雷殿.jsonmap	
nonzero_camp	265	春节天街灯市	天街灯市·春节·福	0	1	1	1000	10	1	0	0	0	1	0	0	0	0	16	0	0	0	0	0	0	0	1	0					0	0	0	data\source\maps\春节天街灯市\春节天街灯市.jsonmap	
nonzero_camp	266	春节天街灯市	天街灯市·春节·禄	0	1	1	1000	10	1	0	0	0	1	0	0	0	0	16	0	0	0	0	0	0	0	1	0					0	0	0	data\source\maps\春节天街灯市\春节天街灯市.jsonmap	
nonzero_camp	267	春节天街灯市	天街灯市·春节·寿	0	1	1	1000	10	1	0	0	0	1	0	0	0	0	16	0	0	0	0	0	0	0	1	0					0	0	0	data\source\maps\春节天街灯市\春节天街灯市.jsonmap	
nonzero_camp	268	春节天街灯市	天街灯市·春节·祥	0	1	1	1000	10	1	0	0	0	1	0	0	0	0	16	0	0	0	0	0	0	0	1	0					0	0	0	data\source\maps\春节天街灯市\春节天街灯市.jsonmap	
nonzero_camp	269	春节天街灯市	天街灯市·春节·禧	0	1	1	1000	10	1	0	0	0	1	0	0	0	0	16	0	0	0	0	0	0	0	1	0					0	0	0	data\source\maps\春节天街灯市\春节天街灯市.jsonmap	
nonzero_camp	270	英雄风雷刀谷_千雷殿	英雄风雷刀谷_千雷殿	1	256	1	25	2	0	0	128	0	1	1	0	0	0	16	0	0	0	0	128	0	0	1						0	0	0	data\source\maps\英雄风雷刀谷_千雷殿\英雄风雷刀谷_千雷殿.jsonmap	
nonzero_camp	271	英雄风雷刀谷_锻刀厅	英雄风雷刀谷_锻刀厅	1	768	1	25	2	0	0	128	0	1	1	0	0	0	16	0	0	0	0	128	0	0	1						0	0	0	data\source\maps\英雄风雷刀谷_锻刀厅\英雄风雷刀谷_锻刀厅.jsonmap	
nonzero_camp	272	帮会风雷刀谷_千雷殿	帮会风雷刀谷_千雷殿	1	256	1	25	2	0	0	128	0	1	1	0	0	0	16	0	0	0	0	128	0	0	1				7		0	0	0	data\source\maps\帮会风雷刀谷_千雷殿\帮会风雷刀谷_千雷殿.jsonmap	
nonzero_camp	273	帮会风雷刀谷_锻刀厅	帮会风雷刀谷_锻刀厅	1	256	1	25	2	0	0	128	0	1	1	0	0	0	16	0	0	0	0	128	0	0	1				7		0	0	0	data\source\maps\帮会风雷刀谷_锻刀厅\帮会风雷刀谷_锻刀厅.jsonmap	
nonzero_camp	274	春节天街灯市	天街灯市	1	1024	1	5	10	1	0	128	0	1	0	0	0	0	16	0	0	0	0	131	0	0	1	0					0	0	0	data\source\maps\春节天街灯市\春节天街灯市.jsonmap	
nonzero_camp	275	挑战刀轮海厅	挑战刀轮海厅	1	1024	1	5	2	0	0	128	0	1	1	0	0	0	16	0	0	0	0	131	0	0	1	0					0	0	0	data\source\maps\挑战刀轮海厅\挑战刀轮海厅.jsonmap	
nonzero_camp	276	拭剑园	拭剑园	0	1	1	1200	10	1	0	16	0	1	0	0	0	0	16	1	0	0	0	16	0	1	1	0			5		0	1	0	data\source\maps\拭剑园\拭剑园.jsonmap	
nonzero_camp	277	拭剑台	拭剑台	2	2048	1	1024	2	0	0	8	2	4	0	0	0	0	1	0	1	0	0	8	0	0	1	0			7		0	0	0	data\source\maps\拭剑台\拭剑台.jsonmap	
nonzero_camp	278	拭剑园	拭剑园	0	1	1	1200	10	1	0	16	0	1	0	0	0	0	16	1	0	0	0	16	0	1	1	0			5		0	1	0	data\source\maps\拭剑园\拭剑园.jsonmap	
nonzero_camp	279	拭剑园	拭剑园	0	1	1	1200	10	1	0	16	0	1	0	0	0	0	16	1	0	0	0	16	0	1	1	0			5		0	1	0	data\source\maps\拭剑园\拭剑园.jsonmap	
nonzero_camp	280	拭剑园	拭剑园	0	1	1	1200	10	1	0	16	0	1	0	0	0	0	16	1	0	0	0	16	0	1	1	0			5		0	1	0	data\source\maps\拭剑园\拭剑园.jsonmap	
nonzero_camp	281	拭剑园	拭剑园	0	1	1	1200	10	1	0	16	0	1	0	0	0	0	16	1	0	0	0	16	0	1	1	0			5		0	1	0	data\source\maps\拭剑园\拭剑园.jsonmap	
nonzero_camp	282	1024	1024	0	1	1	1600	10	1	0	0	0	5	0	0	0	0	16	0	0	0	0	0	0	1	1	0					1	1	5	data\source\maps\1024\1024.jsonmap	
nonzero_camp	283	狼牙堡_战兽山	狼牙堡_战兽山	1	512	1	10	10	0	0	128	0	1	1	0	0	0	16	0	0	0	0	128	0	0	1						0	0	0	data\source\maps\狼牙堡_战兽山\狼牙堡_战兽山.jsonmap	
nonzero_camp	284	狼牙堡_燕然峰	狼牙堡_燕然峰	1	512	1	10	10	0	0	128	0	1	1	0	0	0	16	0	0	0	0	128	0	0	1						0	0	0	data\source\maps\狼牙堡_燕然峰\狼牙堡_燕然峰.jsonmap	
nonzero_camp	285	银雾湖	银雾湖	1	1024	1	5	2	0	0	128	0	1	1	0	0	0	16	0	0	0	0	131	0	0							0	0	0	data\source\maps\银雾湖\银雾湖.jsonmap	
nonzero_camp	286	英雄狼牙堡_战兽山	英雄狼牙堡_战兽山	1	512	1	25	2	0	0	128	0	1	1	0	0	0	16	0	0	0	0	128	0	0	1						0	0	0	data\source\maps\英雄狼牙堡_战兽山\英雄狼牙堡_战兽山.jsonmap	
nonzero_camp	287	英雄狼牙堡_燕然峰	英雄狼牙堡_燕然峰	1	512	1	25	2	0	0	128	0	1	1	0	0	0	16	0	0	0	0	128	0	0	1						0	0	0	data\source\maps\英雄狼牙堡_燕然峰\英雄狼牙堡_燕然峰.jsonmap	
nonzero_camp	288	帮会狼牙堡_战兽山	帮会狼牙堡_战兽山	1	512	1	25	2	0	0	128	0	1	1	0	0	0	16	0	0	0	0	128	0	0	1				7		0	0	0	data\source\maps\帮会狼牙堡_战兽山\帮会狼牙堡_战兽山.jsonmap	
nonzero_camp	289	帮会狼牙堡_燕然峰	帮会狼牙堡_燕然峰	1	512	1	25	2	0	0	128	0	1	1	0	0	0	16	0	0	0	0	128	0	0	1				7		0	0	0	data\source\maps\帮会狼牙堡_燕然峰\帮会狼牙堡_燕然峰.jsonmap	
nonzero_camp	290	挑战银雾湖	挑战银雾湖	1	1024	1	5	2	0	0	128	0	1	1	0	0	0	16	0	0	0	0	131	0	0							0	0	0	data\source\maps\挑战银雾湖\挑战银雾湖.jsonmap	
nonzero_camp	291	稻香秘事	稻香秘事	1	4096	1	5	1	0	0	128	0	1	1	0	0	0	16	0	0	0	0	131	0		1	0					0	0	0	data\source\maps\稻香秘事\稻香秘事.jsonmap	
nonzero_camp	292	英雄稻香秘事	英雄稻香秘事	1	1024	1	5	2	0	0	128	0	1	1	0	0	0	16	0	0	0	0	131	0		1	0					0	0	0	data\source\maps\英雄稻香秘事\英雄稻香秘事.jsonmap	
nonzero_camp	293	拭剑园战场	拭剑园战场	1	4096	1	1	1	0	0	16	0	1	0	0	0	0	16	0	0	0	0	16	0	1	1	0			5		0	0	0	data\source\maps\拭剑园战场\拭剑园战场.jsonmap	
nonzero_camp	294	1024_商城默认	1024_商城默认	0	1	1	1200	10	1	0	0	0	5	0	0	0	0	16	0	0	0	0	0	0	1	1	0					1	1	5	data\source\maps\1024_商城默认\1024_商城默认.jsonmap	
nonzero_camp	295	挑战稻香秘事	挑战稻香秘事	1	1024	1	5	2	0	0	128	0	1	1	0	0	0	16	0	0	0	0	131	0		1	0					0	0	0	data\source\maps\挑战稻香秘事\挑战稻香秘事.jsonmap	
nonzero_camp	296	龙门寻宝	龙门绝境	2	512	1	118	2	0	160	512	2	5	0	0	0	0	4	0	0	0	0	8	1	1	1	0		1	7		0	0	0	data\source\maps\龙门寻宝\龙门寻宝.jsonmap	
nonzero_camp	297	龙门寻宝_夜晚	龙门绝境·夜	2	512	1	118	2	0	160	512	2	5	0	0	0	0	4	0	0	0	0	8	1	1	1	0		1	7		0	0	0	data\source\maps\龙门寻宝_夜晚\龙门寻宝_夜晚.jsonmap	
nonzero_camp	298	狼牙堡_辉天堑	狼牙堡·辉天堑	1	1024	1	10	5	0	0	128	0	1	1	0	0	0	16	0	0	0	0	128	0	0	1						0	0	0	data\source\maps\狼牙堡_辉天堑\狼牙堡_辉天堑.jsonmap	
nonzero_camp	299	狼牙堡_狼神殿	狼牙堡·狼神殿	1	1024	1	10	5	0	0	128	0	1	1	0	0	0	16	0	0	0	0	128	0	0	1						0	0	0	data\source\maps\狼牙堡_狼神殿\狼牙堡_狼神殿.jsonmap	
nonzero_camp	300	英雄狼牙堡_辉天堑	英雄狼牙堡·辉天堑	1	512	1	25	2	0	0	128	0	1	1	0	0	0	16	0	0	0	0	128	0	0	1						0	0	0	data\source\maps\英雄狼牙堡_辉天堑\英雄狼牙堡_辉天堑.jsonmap	
nonzero_camp	301	英雄狼牙堡_狼神殿	英雄狼牙堡·狼神殿	1	512	1	25	2	0	0	128	0	1	1	0	0	0	16	0	0	0	0	128	0	0	1						0	0	0	data\source\maps\英雄狼牙堡_狼神殿\英雄狼牙堡_狼神殿.jsonmap	
nonzero_camp	302	云梦幽泽	云梦幽泽	0	10	1	1200	10	1	0	0	0	1	0	0	0	0	16	0	0	0	0	0	0	1	1	0					0	1	0	data\source\maps\云梦幽泽\云梦幽泽.jsonmap	
nonzero_camp	303	历战_空雾峰	历战_空雾峰	1	1024	1	10	2	0	0	131	0	1	0	0	0	0	16	0	0	0	0	131	0	0	1	0			7		0	0	0	data\source\maps\历战_空雾峰\历战_空雾峰.jsonmap	
nonzero_camp	304	历战_天子峰	历战_天子峰	1	1024	1	10	2	0	0	131	0	1	0	0	0	0	16	0	0	0	0	131	0	0	1	0			7		0	0	0	data\source\maps\历战_天子峰\历战_天子峰.jsonmap	
nonzero_camp	305	历战_寂灭厅	历战_寂灭厅	1	1024	1	10	2	0	0	131	0	1	0	0	0	0	16	0	0	0	0	131	0	0	1	0			7		0	0	0	data\source\maps\历战_寂灭厅\历战_寂灭厅.jsonmap	
nonzero_camp	306	历战_毒神殿	历战_毒神殿	1	1024	1	10	2	0	0	131	0	1	0	0	0	0	16	0	0	0	0	131	0	0	1	0			7		0	0	0	data\source\maps\历战_毒神殿\历战_毒神殿.jsonmap	
nonzero_camp	307	历战_荻花圣殿	历战_荻花圣殿	1	1024	1	10	2	0	0	131	0	1	0	0	0	0	16	0	0	0	0	131	0	0	1	0			7		0	0	0	data\source\maps\历战_荻花圣殿\历战_荻花圣殿.jsonmap	
nonzero_camp	308	历战_风雷刀谷	历战_风雷刀谷	1	1024	1	10	2	0	0	131	0	1	0	0	0	0	16	0	0	0	0	131	0	0	1	0			7		0	0	0	data\source\maps\历战_风雷刀谷\历战_风雷刀谷.jsonmap	
nonzero_camp	309	历战_风雨稻香村	历战_风雨稻香村	1	1024	1	10	2	0	0	131	0	1	0	0	0	0	16	0	0	0	0	131	0	0	1	0			7		0	0	0	data\source\maps\历战_风雨稻香村\历战_风雨稻香村.jsonmap	
nonzero_camp	310	历战_灵霄峡	历战_灵霄峡	1	1024	1	10	2	0	0	131	0	1	0	0	0	0	16	0	0	0	0	131	0	0	1	0			7		0	0	0	data\source\maps\历战_灵霄峡\历战_灵霄峡.jsonmap	
nonzero_camp	311	历战_南诏皇宫	历战_南诏皇宫	1	1024	1	10	2	0	0	131	0	1	0	0	0	0	16	0	0	0	0	131	0	0	1	0			7		0	0	0	data\source\maps\历战_南诏皇宫\历战_南诏皇宫.jsonmap	
nonzero_camp	312	历战_日轮山城	历战_日轮山城	1	1024	1	10	2	0	0	131	0	1	0	0	0	0	16	0	0	0	0	131	0	0	1	0			7		0	0	0	data\source\maps\历战_日轮山城\历战_日轮山城.jsonmap	
nonzero_camp	313	历战_天地三才阵	历战_天地三才阵	1	1024	1	10	2	0	0	131	0	1	0	0	0	0	16	0	0	0	0	131	0	0	1	0			7		0	0	0	data\source\maps\历战_天地三才阵\历战_天地三才阵.jsonmap	
nonzero_camp	314	历战_无盐岛	历战_无盐岛	1	1024	1	10	2	0	0	131	0	1	0	0	0	0	16	0	0	0	0	131	0	0	1	0			7		0	0	0	data\source\maps\历战_无盐岛\历战_无盐岛.jsonmap	
nonzero_camp	315	历战_英雄风雨稻香村	历战_英雄风雨稻香村	1	1024	1	10	2	0	0	131	0	1	0	0	0	0	16	0	0	0	0	131	0	0	1	0			7		0	0	0	data\source\maps\历战_英雄风雨稻香村\历战_英雄风雨稻香村.jsonmap	
nonzero_camp	316	历战_荻花洞窟	历战_荻花洞窟	1	1024	1	10	2	0	0	131	0	1	0	0	0	0	16	0	0	0	0	131	0	0	1	0			7		0	0	0	data\source\maps\历战_荻花洞窟\历战_荻花洞窟.jsonmap	
nonzero_camp	317	历战_烛龙殿	历战_烛龙殿	1	1024	1	10	2	0	0	131	0	1	0	0	0	0	16	0	0	0	0	131	0	0	1	0			7		0	0	0	data\source\maps\历战_烛龙殿\历战_烛龙殿.jsonmap	
nonzero_camp	318	历战_持国天王殿	历战_持国天王殿	1	1024	1	10	2	0	0	131	0	1	0	0	0	0	16	0	0	0	0	131	0	0	1	0			7		0	0	0	data\source\maps\历战_持国天王殿\历战_持国天王殿.jsonmap	
nonzero_camp	321	思过园	思过园	3	1024	1	1800	2	1	0	16	0	1	0	0	0	0	16	0	0	0	0	16	0	1	1	0					0	1	0	data\source\maps\思过园\思过园.jsonmap	
nonzero_camp	322	洛道_李渡城	李渡鬼域	2	1024	1	100	2	0	160	2	2	5	0	0	0	0	16	0	0	0	0	256	0	0	1	0		1	7		0	0	0	data\source\maps\洛道_李渡城\洛道_李渡城.jsonmap	
nonzero_camp	323	帮会狼牙堡_辉天堑	帮会狼牙堡_辉天堑	1	512	1	25	2	0	0	128	0	1	1	0	0	0	16	0	0	0	0	128	0	0	1				7		0	0	0	data\source\maps\帮会狼牙堡_辉天堑\帮会狼牙堡_辉天堑.jsonmap	
nonzero_camp	324	帮会狼牙堡_狼神殿	帮会狼牙堡_狼神殿	1	512	1	25	2	0	0	128	0	1	1	0	0	0	16	0	0	0	0	128	0	0	1				7		0	0	0	data\source\maps\帮会狼牙堡_狼神殿\帮会狼牙堡_狼神殿.jsonmap	
nonzero_camp	325	洞天福地岛	洞天福地岛	0	1	1	1900	10	1	0	0	0	1	0	0	1	1	16	1	0	1	0	0	0	1	1	0					1	1	0	data\source\maps\洞天福地岛\洞天福地岛.jsonmap	
nonzero_camp	330	龙泉府	龙泉府	0	1	1	1100	10	1	0	0	0	4	0	0	1	1	16	1	0	1	0	0	0	1	1	1					1	1	0	data\source\maps\龙泉府\龙泉府.jsonmap	
nonzero_camp	331	九寨沟	九寨沟	0	1	1	1200	10	1	0	0	0	1	0	0	0	1	16	1	0	0	0	0	0	1	1	0					0	1	0	data\source\maps\九寨沟\九寨沟.jsonmap	
nonzero_camp	332	侠客岛	侠客岛	0	6	1	1200	10	1	0	16	0	1	0	0	0	1	16	1	0	0	1	16	0	1	1	0					0	1	0	data\source\maps\侠客岛\侠客岛.jsonmap	
nonzero_camp	333	蓬莱	蓬莱	0	2	1	1500	10	1	0	0	0	1	0	0	0	1	16	1	0	0	0	0	0	1	1	0					0	1	0	data\source\maps\蓬莱\蓬莱.jsonmap	
nonzero_camp	334	经首道源岛	经首道源岛	0	1	1	1000	10	1	0	0	0	4	0	0	1	1	16	1	0	0	0	0	0	1	1	1					1	1	0	data\source\maps\经首道源岛\经首道源岛.jsonmap	
nonzero_camp	337	洞天福地岛_泥兰洞天	泥兰洞天	1	1024	1	5	2	0	0	128	0	1	1	0	0	0	16	0	0	0	0	131	0	0							0	0	0	data\source\maps\洞天福地岛_泥兰洞天\洞天福地岛_泥兰洞天.jsonmap	
nonzero_camp	338	1024_昼夜循环	1024_昼夜循环	0	1	1	1200	10	1	0	0	0	5	0	0	0	0	16	0	0	0	0	0	0	1	1	0					1	1	5	data\source\maps\1024_昼夜循环\1024_昼夜循环.jsonmap	
nonzero_camp	339	经首道源岛_大衍盘丝洞	大衍盘丝洞	1	1024	1	5	2	0	0	128	0	1	1	0	0	0	16	0	0	0	0	131	0	0							0	0	0	data\source\maps\经首道源岛_大衍盘丝洞\经首道源岛_大衍盘丝洞.jsonmap	
nonzero_camp	340	龙泉府_镜泊湖	镜泊湖	1	1024	1	5	2	0	0	128	0	1	1	0	0	0	16	0	0	0	0	131	0	0							0	0	0	data\source\maps\龙泉府_镜泊湖\龙泉府_镜泊湖.jsonmap	
nonzero_camp	341	冰火岛_荒血路	冰火岛·荒血路	1	1024	1	10	5	0	0	128	0	1	1	0	0	0	16	0	0	0	0	128	0	0	1						0	0	0	data\source\maps\冰火岛_荒血路\冰火岛_荒血路.jsonmap	
nonzero_camp	342	蓬莱_九辩馆	九辩馆	1	1024	1	5	2	0	0	128	0	1	1	0	0	0	16	0	0	0	0	131	0	0							0	0	0	data\source\maps\蓬莱_九辩馆\蓬莱_九辩馆.jsonmap	
nonzero_camp	343	英雄侠客岛_迷渊岛	英雄迷渊岛	1	1024	1	5	2	0	0	128	0	1	1	0	0	0	16	0	0	0	0	131	0	0							0	0	0	data\source\maps\英雄侠客岛_迷渊岛\英雄侠客岛_迷渊岛.jsonmap	
nonzero_camp	344	浮丘岛	浮丘岛	1	4096	1	1	2	1	0	8	0	1	0	0	0	0	16	0	0	0	0	0	0	1	1	0					0	0	0	data\source\maps\浮丘岛\浮丘岛.jsonmap	
nonzero_camp	347	冰火岛_青莲狱	冰火岛·青莲狱	1	1024	1	10	5	0	0	128	0	1	1	0	0	0	16	0	0	0	0	128	0	0	1						0	0	0	data\source\maps\冰火岛_青莲狱\冰火岛_青莲狱.jsonmap	
nonzero_camp	348	英雄冰火岛_青莲狱	英雄冰火岛·青莲狱	1	512	1	25	2	0	0	128	0	1	1	0	0	0	16	0	0	0	0	128	0	0	1						0	0	0	data\source\maps\英雄冰火岛_青莲狱\英雄冰火岛_青莲狱.jsonmap	
nonzero_camp	349	挑战冰火岛_青莲狱	挑战冰火岛·青莲狱	1	512	1	25	2	0	0	128	0	1	1	0	0	0	16	0	0	0	0	128	0	0	1						0	0	0	data\source\maps\挑战冰火岛_青莲狱\挑战冰火岛_青莲狱.jsonmap	
nonzero_camp	350	帮会冰火岛_青莲狱	试炼冰火岛·青莲狱	1	512	1	25	2	0	0	128	0	1	1	0	0	0	16	0	0	0	0	128	0	0	1				7		0	0	0	data\source\maps\帮会冰火岛_青莲狱\帮会冰火岛_青莲狱.jsonmap	
nonzero_camp	354	英雄冰火岛_荒血路	英雄冰火岛·荒血路	1	512	1	25	2	0	0	128	0	1	1	0	0	0	16	0	0	0	0	128	0	0	1						0	0	0	data\source\maps\英雄冰火岛_荒血路\英雄冰火岛_荒血路.jsonmap	
nonzero_camp	355	英雄大衍盘丝洞	英雄大衍盘丝洞	1	1024	1	5	2	0	0	128	0	1	1	0	0	0	16	0	0	0	0	131	0	0							0	0	0	data\source\maps\英雄大衍盘丝洞\英雄大衍盘丝洞.jsonmap	
nonzero_camp	356	英雄洞天福地岛_泥兰洞天	英雄泥兰洞天	1	1024	1	5	2	0	0	128	0	1	1	0	0	0	16	0	0	0	0	131	0	0							0	0	0	data\source\maps\英雄洞天福地岛_泥兰洞天\英雄洞天福地岛_泥兰洞天.jsonmap	
nonzero_camp	357	英雄镜泊湖	英雄镜泊湖	1	1024	1	5	2	0	0	128	0	1	1	0	0	0	16	0	0	0	0	131	0	0							0	0	0	data\source\maps\英雄镜泊湖\英雄镜泊湖.jsonmap	
nonzero_camp	358	侠客岛_迷渊岛	迷渊岛	1	1024	1	5	2	0	0	128	0	1	1	0	0	0	16	0	0	0	0	131	0	0							0	0	0	data\source\maps\侠客岛_迷渊岛\侠客岛_迷渊岛.jsonmap	
nonzero_camp	359	英雄蓬莱_九辩馆	英雄九辩馆	1	1024	1	5	2	0	0	128	0	1	1	0	0	0	16	0	0	0	0	131	0	0							0	0	0	data\source\maps\英雄蓬莱_九辩馆\英雄蓬莱_九辩馆.jsonmap	
nonzero_camp	360	挑战冰火岛_荒血路	挑战冰火岛·荒血路	1	512	1	25	2	0	0	128	0	1	1	0	0	0	16	0	0	0	0	128	0	0	1						0	0	0	data\source\maps\挑战冰火岛_荒血路\挑战冰火岛_荒血路.jsonmap	
nonzero_camp	361	帮会冰火岛_荒血路	试炼冰火岛·荒血路	1	512	1	25	2	0	0	128	0	1	1	0	0	0	16	0	0	0	0	128	0	0	1				7		0	0	0	data\source\maps\帮会冰火岛_荒血路\帮会冰火岛_荒血路.jsonmap	
nonzero_camp	362	墟海之眼	墟海之眼	2	2048	1	1024	2	0	0	8	2	4	0	0	0	0	1	0	1	0	0	8	0	0	1	0			7		0	0	0	data\source\maps\墟海之眼\墟海之眼.jsonmap	
nonzero_camp	364	尘归海_巨冥湾	尘归海·巨冥湾	1	1024	1	10	5	0	0	128	0	1	1	0	0	0	16	0	0	0	0	128	0	0	1						0	0	0	data\source\maps\尘归海_巨冥湾\尘归海_巨冥湾.jsonmap	
nonzero_camp	365	英雄尘归海_巨冥湾	英雄尘归海·巨冥湾	1	512	1	25	2	0	0	128	0	1	1	0	0	0	16	0	0	0	0	128	0	0	1						0	0	0	data\source\maps\英雄尘归海_巨冥湾\英雄尘归海_巨冥湾.jsonmap	
nonzero_camp	366	挑战尘归海_巨冥湾	挑战尘归海·巨冥湾	1	512	1	25	2	0	0	128	0	1	1	0	0	0	16	0	0	0	0	128	0	0	1						0	0	0	data\source\maps\挑战尘归海_巨冥湾\挑战尘归海_巨冥湾.jsonmap	
nonzero_camp	368	尘归海_饕餮洞	尘归海·饕餮洞	1	1024	1	10	5	0	0	128	0	1	1	0	0	0	16	0	0	0	0	128	0	0	1						0	0	0	data\source\maps\尘归海_饕餮洞\尘归海_饕餮洞.jsonmap	
nonzero_camp	369	英雄尘归海_饕餮洞	英雄尘归海·饕餮洞	1	512	1	25	2	0	0	128	0	1	1	0	0	0	16	0	0	0	0	128	0	0	1						0	0	0	data\source\maps\英雄尘归海_饕餮洞\英雄尘归海_饕餮洞.jsonmap	
nonzero_camp	370	挑战尘归海_饕餮洞	挑战尘归海·饕餮洞	1	512	1	25	2	0	0	128	0	1	1	0	0	0	16	0	0	0	0	128	0	0	1						0	0	0	data\source\maps\挑战尘归海_饕餮洞\挑战尘归海_饕餮洞.jsonmap	
nonzero_camp	406	鲲鹏岛_周天屿	英雄周天屿	1	1024	1	5	2	0	0	128	0	1	1	0	0	0	16	0	0	0	0	131	0	0							0	0	0	data\source\maps\鲲鹏岛_周天屿\鲲鹏岛_周天屿.jsonmap	
nonzero_camp	407	挑战鲲鹏岛_周天屿	挑战周天屿	1	1024	1	5	2	0	0	128	0	1	1	0	0	0	16	0	0	0	0	131	0	0							0	0	0	data\source\maps\挑战鲲鹏岛_周天屿\挑战鲲鹏岛_周天屿.jsonmap	
nonzero_camp	410	海岛绝境	沧溟绝境	2	512	1	118	2	0	160	512	2	5	0	0	0	0	4	0	0	0	0	8	1	1	1	0		1	7		0	0	0	data\source\maps\海岛绝境\海岛绝境.jsonmap	
nonzero_camp	411	鲲鹏岛	鲲鹏岛	0	1	1	1000	10	1	0	0	0	4	0	0	0	1	16	1	0	0	1	0	0	1	1	1					1	1	0	data\source\maps\鲲鹏岛\鲲鹏岛.jsonmap	
nonzero_camp	412	列星岛	列星岛	2	1024	1	14	2	0	160	512	2	5	0	0	0	0	1	0	0	0	0	8	0	0	1	0		1	7		0	0	0	data\source\maps\列星岛\列星岛.jsonmap	
nonzero_camp	413	望扬镇_压力测试	望扬镇_压力测试	0	1	1	1500	10	1	0	0	0	1	0	0	0	1	16	1	0	0	1	16	0	1	1	0					0	1	0	data\source\maps\望扬镇_压力测试\望扬镇_压力测试.jsonmap	
nonzero_camp	414	扬州_望扬镇_家园_004	扬州_望扬镇_家园_004	1	1024	1	1500	10	1	0	0	0	1	0	0	0	0	16	0	0	0	1	16	0	1	1	0					0	1	0	data\source\maps\扬州_望扬镇_家园_004\扬州_望扬镇_家园_004.jsonmap	
nonzero_camp	415	野狸岛	野狸岛	2	512	1	24	2	0	0	3	1	5	0	0	0	0	4	0	0	0	0	256	1	0	1	0		1	7		0	0	0	data\source\maps\野狸岛\野狸岛.jsonmap	
nonzero_camp	417	HD登陆界面_蓬莱001	HD登陆界面_蓬莱001	0	1	1	1200	10	1	0	0	0	5	0	0	0	0	16	0	0	0	0	0	0	1	1	0					1	1	5	data\source\maps\HD登陆界面_蓬莱001\HD登陆界面_蓬莱001.jsonmap	
nonzero_camp	418	HD商城_001_1024	HD商城_001_1024	0	1	1	1200	10	1	0	0	0	5	0	0	0	0	16	0	0	0	0	0	0	1	1	0					1	1	5	data\source\maps\HD商城_001_1024\HD商城_001_1024.jsonmap	
nonzero_camp	419	凌雪阁	凌雪阁	0	2	1	1500	10	1	0	0	0	1	0	0	0	1	16	1	0	0	0	0	0	1	1	0					0	1	0	data\source\maps\凌雪阁\凌雪阁.jsonmap	
nonzero_camp	420	HD登陆界面002_空	HD登陆界面002_空	0	1	1	1200	10	1	0	0	0	5	0	0	0	0	16	0	0	0	0	0	0	1	1	0					1	1	5	data\source\maps\HD登陆界面002_空\HD登陆界面002_空.jsonmap	
nonzero_camp	421	浪客行_悬棺裂谷	浪客行·悬棺裂谷	1	4096	1	5	1	0	0	512	0	1	1	0	0	0	4	0	0	0	0	171	0		1	0			7		0	0	0	data\source\maps\浪客行_悬棺裂谷\浪客行_悬棺裂谷.jsonmap	
nonzero_camp	422	浪客行_草原路	浪客行·桑珠草原	1	4096	1	5	1	0	0	512	0	1	1	0	0	0	4	0	0	0	0	171	0		1	0			7		0	0	0	data\source\maps\浪客行_草原路\浪客行_草原路.jsonmap	
nonzero_camp	423	浪客行_东水寨	浪客行·东水寨	1	4096	1	5	1	0	0	512	0	1	1	0	0	0	4	0	0	0	0	171	0		1	0			7		0	0	0	data\source\maps\浪客行_东水寨\浪客行_东水寨.jsonmap	
nonzero_camp	424	浪客行_竹林路	浪客行·湘竹溪	1	4096	1	5	1	0	0	512	0	1	1	0	0	0	4	0	0	0	0	171	0		1	0			7		0	0	0	data\source\maps\浪客行_竹林路\浪客行_竹林路.jsonmap	
nonzero_camp	425	浪客行_鬼镇	浪客行·荒魂镇	1	4096	1	5	1	0	0	512	0	1	1	0	0	0	4	0	0	0	0	171	0		1	0			7		0	0	0	data\source\maps\浪客行_鬼镇\浪客行_鬼镇.jsonmap	
nonzero_camp	426	敖龙岛	敖龙岛	1	1024	1	10	5	0	0	128	0	1	1	0	0	0	16	0	0	0	0	128	0	0	1						0	0	0	data\source\maps\敖龙岛\敖龙岛.jsonmap	
nonzero_camp	427	25人普通敖龙岛	25人普通敖龙岛	1	512	1	25	2	0	0	128	0	1	1	0	0	0	16	0	0	0	0	128	0	0	1						0	0	0	data\source\maps\25人普通敖龙岛\25人普通敖龙岛.jsonmap	
nonzero_camp	428	25人英雄敖龙岛	25人英雄敖龙岛	1	512	1	25	2	0	0	128	0	1	1	0	0	0	16	0	0	0	0	128	0	0	1						0	0	0	data\source\maps\25人英雄敖龙岛\25人英雄敖龙岛.jsonmap	
nonzero_camp	431	凌雪阁_别鹤南墅	玄鹤别院	1	1024	1	5	2	0	0	128	0	1	1	0	0	0	16	0	0	0	0	131	0	0							0	0	0	data\source\maps\凌雪阁_别鹤南墅\凌雪阁_别鹤南墅.jsonmap	
nonzero_camp	432	英雄凌雪阁_别鹤南墅	英雄玄鹤别院	1	1024	1	5	2	0	0	128	0	1	1	0	0	0	16	0	0	0	0	131	0	0							0	0	0	data\source\maps\英雄凌雪阁_别鹤南墅\英雄凌雪阁_别鹤南墅.jsonmap	
nonzero_camp	433	浪客行_客栈	浪客行·有间客栈	1	4096	1	5	1	0	0	512	0	1	1	0	0	0	4	0	0	0	0	171	0		1	0			7		0	0	0	data\source\maps\浪客行_客栈\浪客行_客栈.jsonmap	
nonzero_camp	434	浪客行_森林路	浪客行·绥梦山	1	4096	1	5	1	0	0	512	0	1	1	0	0	0	4	0	0	0	0	171	0		1	0			7		0	0	0	data\source\maps\浪客行_森林路\浪客行_森林路.jsonmap	
nonzero_camp	435	浪客行_华清宫回忆录	浪客行·华清宫	1	4096	1	5	1	0	0	512	0	1	1	0	0	0	4	0	0	0	0	171	0		1	0			7		0	0	0	data\source\maps\浪客行_华清宫回忆录\浪客行_华清宫回忆录.jsonmap	
nonzero_camp	436	浪客行_枫华谷	浪客行·枫阳村	1	4096	1	5	1	0	0	512	0	1	1	0	0	0	4	0	0	0	0	171	0		1	0			7		0	0	0	data\source\maps\浪客行_枫华谷\浪客行_枫华谷.jsonmap	
nonzero_camp	437	浪客行_空雾峰	浪客行·荒雪路	1	4096	1	5	1	0	0	512	0	1	1	0	0	0	4	0	0	0	0	171	0		1	0			7		0	0	0	data\source\maps\浪客行_空雾峰\浪客行_空雾峰.jsonmap	
nonzero_camp	438	浪客行_荻花宫前山	浪客行·古祭坛	1	4096	1	5	1	0	0	512	0	1	1	0	0	0	4	0	0	0	0	171	0		1	0			7		0	0	0	data\source\maps\浪客行_荻花宫前山\浪客行_荻花宫前山.jsonmap	
nonzero_camp	439	浪客行_荻花洞窟	浪客行·雾荧洞	1	4096	1	5	1	0	0	512	0	1	1	0	0	0	4	0	0	0	0	171	0		1	0			7		0	0	0	data\source\maps\浪客行_荻花洞窟\浪客行_荻花洞窟.jsonmap	
nonzero_camp	440	浪客行_黑戈壁	浪客行·阴风峡	1	4096	1	5	1	0	0	512	0	1	1	0	0	0	4	0	0	0	0	171	0		1	0			7		0	0	0	data\source\maps\浪客行_黑戈壁\浪客行_黑戈壁.jsonmap	
nonzero_camp	441	浪客行_九寨沟	浪客行·翡翠瑶池	1	4096	1	5	1	0	0	512	0	1	1	0	0	0	4	0	0	0	0	171	0		1	0			7		0	0	0	data\source\maps\浪客行_九寨沟\浪客行_九寨沟.jsonmap	
nonzero_camp	442	浪客行_明教	浪客行·胡杨林道	1	4096	1	5	1	0	0	512	0	1	1	0	0	0	4	0	0	0	0	171	0		1	0			7		0	0	0	data\source\maps\浪客行_明教\浪客行_明教.jsonmap	
nonzero_camp	443	浪客行_永王行宫_仙侣庭园	浪客行·浮景峰	1	4096	1	5	1	0	0	512	0	1	1	0	0	0	4	0	0	0	0	171	0		1	0			7		0	0	0	data\source\maps\浪客行_永王行宫_仙侣庭园\浪客行_永王行宫_仙侣庭园.jsonmap	
nonzero_camp	444	蔷薇列岛	蔷薇列岛	0	1	1	1000	10	1	0	0	0	4	0	0	1	1	16	1	0	0	0	0	0	1	1	1					1	1	0	data\source\maps\蔷薇列岛\蔷薇列岛.jsonmap	
nonzero_camp	445	凌雪阁_江南府邸	江南府邸	1	4096	1	1	2	1	0	8	0	1	0	0	 	0	16	0	0	0	0	0	0	0	1	0					0	0	0	data\source\maps\凌雪阁_江南府邸\凌雪阁_江南府邸.jsonmap	
nonzero_camp	446	试炼之地	试炼之地	1	4096	1	1	1	0	0	131	0	1	0	0	0	0	2	0	0	0	0	32	0	0	1	0					0	0	0	data\source\maps\试炼之地\试炼之地.jsonmap	
nonzero_camp	447	HD商城_001	HD商城_001	0	1	1	1200	10	1	0	0	0	5	0	0	0	0	16	0	0	0	0	0	0	1	1	0					1	1	5	data\source\maps\HD商城_001\HD商城_001.jsonmap	
nonzero_camp	448	HD登陆界面_凌雪阁003	HD登陆界面_凌雪阁003	0	1	1	1200	10	1	0	0	0	5	0	0	0	0	16	0	0	0	0	0	0	1	1	0					1	1	5	data\source\maps\HD登陆界面_凌雪阁003\HD登陆界面_凌雪阁003.jsonmap	
nonzero_camp	450	miniscene角色光照无地形	miniscene角色光照无地形	0	1	1	1200	10	1	0	0	0	5	0	0	0	0	16	0	0	0	0	0	0	1	1	0					1	1	5	data\source\maps\HD登陆界面_凌雪阁003\HD登陆界面_凌雪阁003.jsonmap	
nonzero_camp	451	雪山温泉	雪山温泉	1	4096	1	5	1	0	0	0	0	1	1	0	0	0	16	0	0	0	0	131	0	0					7		0	0	0	data\source\maps\雪山温泉\雪山温泉.jsonmap	
nonzero_camp	452	范阳夜变	范阳夜变	1	1024	1	10	5	0	0	128	0	1	1	0	0	0	16	0	0	0	0	128	0	0	1						0	0	0	data\source\maps\范阳夜变\范阳夜变.jsonmap	
nonzero_camp	453	25人普通范阳夜变	25人普通范阳夜变	1	1024	1	25	2	0	0	128	0	1	1	0	0	0	16	0	0	0	0	128	0	0	1						0	0	0	data\source\maps\范阳夜变\范阳夜变.jsonmap	
nonzero_camp	454	25人英雄范阳夜变	25人英雄范阳夜变	1	512	1	25	2	0	0	128	0	1	1	0	0	0	16	0	0	0	0	128	0	0	1						0	0	0	data\source\maps\范阳夜变\范阳夜变.jsonmap	
nonzero_camp	455	扬州_广陵邑_家园	广陵邑	5	1600	1	250	30	1	0	0	0	1	0	0	0	0	16	0	0	0	0	16	0	1	1	0					0	0	0	data\source\maps\扬州_广陵邑_家园\扬州_广陵邑_家园.jsonmap	
nonzero_camp	457	望扬镇_单房屋测试	望扬镇_单房屋测试	0	1	1	1500	10	1	0	0	0	1	0	0	0	1	16	1	0	0	1	16	0	1	1	0					0	1	0	data\source\maps\望扬镇_单房屋测试\望扬镇_单房屋测试.jsonmap	
nonzero_camp	458	1024_昼夜循环_家园	1024_昼夜循环_家园	0	1	1	1200	10	1	0	0	0	5	0	0	0	0	16	0	0	0	0	0	0	1	1	0					1	1	5	data\source\maps\1024_昼夜循环_家园\1024_昼夜循环_家园.jsonmap	
nonzero_camp	459	范阳	范阳	0	1	1	1800	10	1	0	0	0	4	0	0	0	1	16	0	0	0	1	0	0	0	1	0					0	1	0	data\source\maps\范阳夜变\范阳夜变.jsonmap	
nonzero_camp	460	1024_格子图	1024_格子图	0	1	1	1200	10	1	0	0	0	5	0	0	0	0	16	0	0	0	0	0	0	1	1	0					1	1	5	data\source\maps\1024_格子图\1024_格子图.jsonmap	
nonzero_camp	461	浪客行_樱花林	浪客行·落樱林	1	4096	1	5	1	0	0	512	0	1	1	0	0	0	4	0	0	0	0	171	0		1	0			7		0	0	0	data\source\maps\浪客行_樱花林\浪客行_樱花林.jsonmap	
nonzero_camp	462	九寨沟_家园	九寨沟·镜海	5	1600	1	250	30	1	0	0	0	1	0	0	0	0	16	0	0	0	0	16	0	1	1	0					0	0	0	data\source\maps\九寨沟_家园\九寨沟_家园.jsonmap	
nonzero_camp	463	七秀_家园	七秀_家园	0	1	1	1500	10	1	0	0	0	1	0	0	0	1	16	1	0	0	1	16	0	1	1	0					0	1	0	data\source\maps\七秀_家园\七秀_家园.jsonmap	
nonzero_camp	464	衍天宗	衍天宗	0	2	1	1500	10	1	0	0	0	1	0	0	0	1	16	1	0	0	0	0	0	1	1	0					0	1	0	data\source\maps\衍天宗\衍天宗.jsonmap	
nonzero_camp	465	望扬镇_单房屋	望扬镇_单房屋	0	1	1	1500	10	1	0	0	0	1	0	0	0	1	16	1	0	0	1	16	0	1	1	0					0	1	0	data\source\maps\望扬镇_单房屋\望扬镇_单房屋.jsonmap	
nonzero_camp	466	HD家园商城001	HD家园商城001	0	1	1	1200	10	1	0	0	0	5	0	0	0	0	16	0	0	0	0	0	0	1	1	0					1	1	5	data\source\maps\HD家园商城001\HD家园商城001.jsonmap	
nonzero_camp	467	衍天宗_幻灵境	幻灵境	1	4096	1	1	2	1	0	8	0	1	0	0	 	0	16	0	0	0	0	0	0	0	1	0					0	0	0	data\source\maps\衍天宗_幻灵境\衍天宗_幻灵境.jsonmap	
nonzero_camp	468	藏剑山庄_乱世_剑冢惊变	剑冢惊变	1	1024	1	5	2	0	0	128	0	1	1	0	0	0	16	0	0	0	0	131	0	0							0	0	0	data\source\maps\藏剑山庄_乱世_剑冢惊变\藏剑山庄_乱世_剑冢惊变.jsonmap	
nonzero_camp	469	英雄藏剑山庄_乱世_剑冢惊变	英雄剑冢惊变	1	1024	1	5	2	0	0	128	0	1	1	0	0	0	16	0	0	0	0	131	0	0							0	0	0	data\source\maps\藏剑山庄_乱世_剑冢惊变\藏剑山庄_乱世_剑冢惊变.jsonmap	
nonzero_camp	470	2020_828	星海蜃影·零	0	1	1	1000	10	1	0	0	0	1	0	0	0	0	16	0	0	0	0	0	0	1	1	0					0	0	0	data\source\maps\2020_828\2020_828.jsonmap	
nonzero_camp	471	扬州_枫叶泊_家园	枫叶泊·乐苑	5	500	1	250	30	1	0	0	0	1	0	0	0	0	16	0	0	0	0	16	0	1	1	0					0	0	0	data\source\maps\扬州_枫叶泊_家园\扬州_枫叶泊_家园.jsonmap	
nonzero_camp	473	万花_乱世	万花·乱世	0	1	1	1000	10	1	0	0	0	4	0	0	1	1	16	1	0	0	0	0	0	1	1	1					1	1	0	data\source\maps\万花_乱世\万花_乱世.jsonmap	
nonzero_camp	474	七秀_乱世	七秀·乱世	0	1	1	1000	10	1	0	0	0	4	0	0	1	1	16	1	0	0	0	0	0	1	1	1					1	1	0	data\source\maps\七秀_乱世\七秀_乱世.jsonmap	
nonzero_camp	475	少林_乱世	少林·乱世	0	1	1	1000	10	1	0	0	0	4	0	0	1	1	16	1	0	0	0	0	0	1	1	1					1	1	0	data\source\maps\少林_乱世\少林_乱世.jsonmap	
nonzero_camp	476	衍天宗_梦入集真岛	梦入集真岛	1	1024	1	5	2	0	0	128	0	1	1	0	0	0	16	0	0	0	0	131	0	0							0	0	0	data\source\maps\衍天宗_梦入集真岛\衍天宗_梦入集真岛.jsonmap	
nonzero_camp	477	七秀_乱世_梧桐山庄	梧桐山庄	1	1024	1	5	2	0	0	128	0	1	1	0	0	0	16	0	0	0	0	131	0	0							0	0	0	data\source\maps\七秀_乱世_梧桐山庄\七秀_乱世_梧桐山庄.jsonmap	
nonzero_camp	478	英雄七秀_乱世_梧桐山庄	英雄梧桐山庄	1	1024	1	5	2	0	0	128	0	1	1	0	0	0	16	0	0	0	0	131	0	0							0	0	0	data\source\maps\七秀_乱世_梧桐山庄\七秀_乱世_梧桐山庄.jsonmap	
nonzero_camp	479	少林_乱世_罗汉门	罗汉门	1	1024	1	5	2	0	0	128	0	1	1	0	0	0	16	0	0	0	0	131	0	0	1	0					0	0	0	data\source\maps\少林_乱世_罗汉门\少林_乱世_罗汉门.jsonmap	
nonzero_camp	480	英雄少林_乱世_罗汉门	英雄罗汉门	1	1024	1	5	2	0	0	128	0	1	1	0	0	0	16	0	0	0	0	131	0	0	1	0					0	0	0	data\source\maps\少林_乱世_罗汉门\少林_乱世_罗汉门.jsonmap	
nonzero_camp	481	英雄衍天宗_梦入集真岛	英雄梦入集真岛	1	1024	1	5	2	0	0	128	0	1	1	0	0	0	16	0	0	0	0	131	0	0							0	0	0	data\source\maps\衍天宗_梦入集真岛\衍天宗_梦入集真岛.jsonmap	
nonzero_camp	482	少林_乱世_达摩洞	达摩洞	1	1024	1	10	5	0	0	128	0	1	1	0	0	0	16	0	0	0	0	128	0	0	1						0	0	0	data\source\maps\少林_乱世_达摩洞\少林_乱世_达摩洞.jsonmap	
nonzero_camp	483	25人普通达摩洞	25人普通达摩洞	1	512	1	25	2	0	0	128	0	1	1	0	0	0	16	0	0	0	0	128	0	0	1						0	0	0	data\source\maps\少林_乱世_达摩洞\少林_乱世_达摩洞.jsonmap	
nonzero_camp	484	25人英雄达摩洞	25人英雄达摩洞	1	512	1	25	2	0	0	128	0	1	1	0	0	0	16	0	0	0	0	128	0	0	1						0	0	0	data\source\maps\少林_乱世_达摩洞\少林_乱世_达摩洞.jsonmap	
nonzero_camp	486	扬州_枫叶泊天苑_家园	枫叶泊·天苑	5	500	1	250	30	1	0	0	0	1	0	0	0	0	16	0	0	0	0	16	0	1	1	0					0	0	0	data\source\maps\扬州_枫叶泊天苑_家园\扬州_枫叶泊天苑_家园.jsonmap	
nonzero_camp	487	镜花别院	镜花别院	1	4096	1	1	2	0	0	128	0	1	1	0	0	0	2	0	0	0	0	128	0	0	1						0	0	0	data\source\maps\镜花别院\镜花别院.jsonmap	
nonzero_camp	488	藏剑山庄_乱世	藏剑山庄·乱世	0	1	1	1000	10	1	0	0	0	4	0	0	1	1	16	1	0	0	0	0	0	1	1	1					1	1	0	data\source\maps\藏剑山庄_乱世\藏剑山庄_乱世.jsonmap	
nonzero_camp	489	万花_乱世_三星望月	月落三星	1	1024	1	5	2	0	0	128	0	1	1	0	0	0	16	0	0	0	0	131	0	0							0	0	0	data\source\maps\万花_乱世_三星望月\万花_乱世_三星望月.jsonmap	
nonzero_camp	490	英雄万花_乱世_三星望月	英雄月落三星	1	1024	1	5	2	0	0	128	0	1	1	0	0	0	16	0	0	0	0	131	0	0							0	0	0	data\source\maps\万花_乱世_三星望月\万花_乱世_三星望月.jsonmap	
nonzero_camp	491	2020_828	星海蜃影·一	0	1	1	1000	10	1	0	0	0	1	0	0	0	0	16	0	0	0	0	0	0	1	1	0					0	0	0	data\source\maps\2020_828\2020_828.jsonmap	
nonzero_camp	492	2020_828	星海蜃影·二	0	1	1	1000	10	1	0	0	0	1	0	0	0	0	16	0	0	0	0	0	0	1	1	0					0	0	0	data\source\maps\2020_828\2020_828.jsonmap	
nonzero_camp	493	2020_828	星海蜃影·三	0	1	1	1000	10	1	0	0	0	1	0	0	0	0	16	0	0	0	0	0	0	1	1	0					0	0	0	data\source\maps\2020_828\2020_828.jsonmap	
nonzero_camp	494	2020_828	星海蜃影·四	0	1	1	1000	10	1	0	0	0	1	0	0	0	0	16	0	0	0	0	0	0	1	1	0					0	0	0	data\source\maps\2020_828\2020_828.jsonmap	
nonzero_camp	495	2020_828	星海蜃影·五	0	1	1	1000	10	1	0	0	0	1	0	0	0	0	16	0	0	0	0	0	0	1	1	0					0	0	0	data\source\maps\2020_828\2020_828.jsonmap	
nonzero_camp	496	2020_828	星海蜃影·六	0	1	1	1000	10	1	0	0	0	1	0	0	0	0	16	0	0	0	0	0	0	1	1	0					0	0	0	data\source\maps\2020_828\2020_828.jsonmap	
nonzero_camp	497	2020_828	星海蜃影·七	0	1	1	1000	10	1	0	0	0	1	0	0	0	0	16	0	0	0	0	0	0	1	1	0					0	0	0	data\source\maps\2020_828\2020_828.jsonmap	
nonzero_camp	498	2020_828	星海蜃影·八	0	1	1	1000	10	1	0	0	0	1	0	0	0	0	16	0	0	0	0	0	0	1	1	0					0	0	0	data\source\maps\2020_828\2020_828.jsonmap	
nonzero_camp	499	2020_828	星海蜃影·九	0	1	1	1000	10	1	0	0	0	1	0	0	0	0	16	0	0	0	0	0	0	1	1	0					0	0	0	data\source\maps\2020_828\2020_828.jsonmap	
nonzero_camp	500	2020_828	星海蜃影·十	0	1	1	1000	10	1	0	0	0	1	0	0	0	0	16	0	0	0	0	0	0	1	1	0					0	0	0	data\source\maps\2020_828\2020_828.jsonmap	
nonzero_camp	501	2020_828	星海蜃影·十一	0	1	1	1000	10	1	0	0	0	1	0	0	0	0	16	0	0	0	0	0	0	1	1	0					0	0	0	data\source\maps\2020_828\2020_828.jsonmap	
nonzero_camp	502	2020_828	星海蜃影·十二	0	1	1	1000	10	1	0	0	0	1	0	0	0	0	16	0	0	0	0	0	0	1	1	0					0	0	0	data\source\maps\2020_828\2020_828.jsonmap	
nonzero_camp	503	2020_828	星海蜃影·十三	0	1	1	1000	10	1	0	0	0	1	0	0	0	0	16	0	0	0	0	0	0	1	1	0					0	0	0	data\source\maps\2020_828\2020_828.jsonmap	
nonzero_camp	504	2020_828	星海蜃影·十四	0	1	1	1000	10	1	0	0	0	1	0	0	0	0	16	0	0	0	0	0	0	1	1	0					0	0	0	data\source\maps\2020_828\2020_828.jsonmap	
nonzero_camp	505	2020_828	星海蜃影·十五	0	1	1	1000	10	1	0	0	0	1	0	0	0	0	16	0	0	0	0	0	0	1	1	0					0	0	0	data\source\maps\2020_828\2020_828.jsonmap	
nonzero_camp	506	2020_828	星海蜃影·十六	0	1	1	1000	10	1	0	0	0	1	0	0	0	0	16	0	0	0	0	0	0	1	1	0					0	0	0	data\source\maps\2020_828\2020_828.jsonmap	
nonzero_camp	507	2020_828	星海蜃影·十七	0	1	1	1000	10	1	0	0	0	1	0	0	0	0	16	0	0	0	0	0	0	1	1	0					0	0	0	data\source\maps\2020_828\2020_828.jsonmap	
nonzero_camp	508	2020_828	星海蜃影·十八	0	1	1	1000	10	1	0	0	0	1	0	0	0	0	16	0	0	0	0	0	0	1	1	0					0	0	0	data\source\maps\2020_828\2020_828.jsonmap	
nonzero_camp	509	2020_828	星海蜃影·十九	0	1	1	1000	10	1	0	0	0	1	0	0	0	0	16	0	0	0	0	0	0	1	1	0					0	0	0	data\source\maps\2020_828\2020_828.jsonmap	
nonzero_camp	510	2020_828	星海蜃影·二十	0	1	1	1000	10	1	0	0	0	1	0	0	0	0	16	0	0	0	0	0	0	1	1	0					0	0	0	data\source\maps\2020_828\2020_828.jsonmap	
nonzero_camp	511	龙泉府_风雪镜泊湖	龙泉府_风雪镜泊湖	0	1	1	1800	10	1	0	0	0	4	0	0	0	0	16	0	0	0	0	0	0	1	1	0					0	1	0	data\source\maps\龙泉府_镜泊湖\龙泉府_镜泊湖.jsonmap	
nonzero_camp	512	白龙绝境	白龙绝境	2	512	1	118	2	0	160	512	2	5	0	0	0	0	4	0	0	0	0	8	1	1	1	0		1	7		0	0	0	data\source\maps\白龙绝境\白龙绝境.jsonmap	
nonzero_camp	513	衍天宗_幻灵境_和平	幻灵境	0	2	1	1500	10	1	0	0	0	1	0	0	0	0	16	0	0	0	0	0	0	0	1	0					0	1	0	data\source\maps\衍天宗_幻灵境\衍天宗_幻灵境.jsonmap	
nonzero_camp	514	HD登陆界面_衍天宗001	HD登陆界面_衍天宗001	0	1	1	1200	10	1	0	0	0	5	0	0	0	0	16	0	0	0	0	0	0	1	1	0					1	1	5	data\source\maps\HD登陆界面_衍天宗001\HD登陆界面_衍天宗001.jsonmap	
nonzero_camp	515	帮会联赛	雪龙风原	0	512	1	210	120	0	160	0	2	5	0	0	0	0	8	0	0	0	0	256	0	0	1	0		0	7		0	0	0	data\source\maps\帮会联赛\帮会联赛.jsonmap	
nonzero_camp	516	1024_昼夜循环_标准2020	1024_昼夜循环_标准2020	0	1	1	1200	10	1	0	0	0	4	0	0	0	0	16	0	0	0	0	0	0	1	1	0					1	1	5	data\source\maps\1024_昼夜循环_标准2020\1024_昼夜循环_标准2020.jsonmap	
nonzero_camp	517	少林_乱世_修罗挑战	少林_乱世_修罗挑战	1	512	1	25	1	0	0	128	0	1	1	0	0	0	16	0	0	0	0	128	0	0	1				7		0	0	0	data\source\maps\少林_乱世_修罗挑战\少林_乱世_修罗挑战.jsonmap	
nonzero_camp	518	白帝江关	白帝江关	1	1024	1	10	5	0	0	128	0	1	1	0	0	0	16	0	0	0	0	128	0	0	1						0	0	0	data\source\maps\白帝江关\白帝江关.jsonmap	
nonzero_camp	519	25人普通白帝江关	25人普通白帝江关	1	512	1	25	2	0	0	128	0	1	1	0	0	0	16	0	0	0	0	128	0	0	1						0	0	0	data\source\maps\白帝江关\白帝江关.jsonmap	
nonzero_camp	520	25人英雄白帝江关	25人英雄白帝江关	1	512	1	25	2	0	0	128	0	1	1	0	0	0	16	0	0	0	0	128	0	0	1						0	0	0	data\source\maps\白帝江关\白帝江关.jsonmap	
nonzero_camp	521	相州_漳水南路	英雄漳水南路	1	1024	1	5	2	0	0	128	0	1	1	0	0	0	16	0	0	0	0	131	0	0							0	0	0	data\source\maps\相州_漳水南路\相州_漳水南路.jsonmap	
nonzero_camp	522	挑战相州_漳水南路	挑战漳水南路	1	1024	1	5	2	0	0	128	0	1	1	0	0	0	16	0	0	0	0	131	0	0							0	0	0	data\source\maps\相州_漳水南路\相州_漳水南路.jsonmap	
nonzero_camp	523	相州_北墟河堤	北墟河堤	0	1	1	1600	10	1	0	0	0	4	0	0	0	1	16	0	0	0	1	0	0	0	1	0					0	1	0	data\source\maps\相州_漳水南路\相州_漳水南路.jsonmap	
nonzero_camp	524	赤岬山城	赤岬山城	0	1	1	1800	10	1	0	0	0	4	0	0	0	1	16	0	0	0	1	0	0	0	1	0					0	1	0	data\source\maps\白帝江关\白帝江关.jsonmap	
nonzero_camp	525	黑山林海	黑山林海	0	1	1	1600	10	1	0	0	0	4	0	0	1	1	16	1	0	0	0	0	0	1	1	0					1	1	0	data\source\maps\黑山林海\黑山林海.jsonmap	
nonzero_camp	526	北天药宗	北天药宗	0	2	1	1500	10	1	0	0	0	1	0	0	0	1	16	1	0	0	0	0	0	1	1	0					0	1	0	data\source\maps\北天药宗\北天药宗.jsonmap	
nonzero_camp	527	浪客行_浮丘岛	浪客行·浮丘岛	1	4096	1	5	1	0	0	512	0	1	1	0	0	0	4	0	0	0	0	171	0		1	0			7		0	0	0	data\source\maps\浪客行_浮丘岛\浪客行_浮丘岛.jsonmap	
nonzero_camp	528	浪客行_桂林	浪客行·桂林	1	4096	1	5	1	0	0	512	0	1	1	0	0	0	4	0	0	0	0	171	0		1	0			7		0	0	0	data\source\maps\浪客行_桂林\浪客行_桂林.jsonmap	
nonzero_camp	529	藏剑武库	藏剑武库	2	2048	1	1024	2	0	0	8	2	4	0	0	0	0	1	0	1	0	0	8	0	0	1	0			7		0	0	0	data\source\maps\藏剑武库\藏剑武库.jsonmap	
nonzero_camp	530	墟海之眼_演武场	墟海之眼·演武场	2	2048	1	1024	2	0	0	8	2	4	0	0	0	0	1	0	1	0	0	8	0	0	1	0			7		0	0	0	data\source\maps\墟海之眼_演武场\墟海之眼_演武场.jsonmap	
nonzero_camp	531	东水寨	东水寨	0	1	1	1500	10	1	0	128	0	1	0	0	0	0	16	0	0	0	0	131	0	0	1	0					0	0	0	data\source\maps\浪客行_东水寨\浪客行_东水寨.jsonmap	
nonzero_camp	532	天原绝境	天原绝境	2	512	1	118	2	0	160	512	2	5	0	0	0	0	4	0	0	0	0	8	1	1	1	0		1	7		0	0	0	data\source\maps\天原绝境\天原绝境.jsonmap	
nonzero_camp	533	2021_828	大唐幻夜·一	0	1	1	1000	10	1	0	0	0	1	0	0	0	0	16	0	0	0	0	0	0	1	1	0					0	0	0	data\source\maps\2021_828\2021_828.jsonmap	
nonzero_camp	534	2021_828	大唐幻夜·二	0	1	1	1000	10	1	0	0	0	1	0	0	0	0	16	0	0	0	0	0	0	1	1	0					0	0	0	data\source\maps\2021_828\2021_828.jsonmap	
nonzero_camp	535	2021_828	大唐幻夜·三	0	1	1	1000	10	1	0	0	0	1	0	0	0	0	16	0	0	0	0	0	0	1	1	0					0	0	0	data\source\maps\2021_828\2021_828.jsonmap	
nonzero_camp	536	2021_828	大唐幻夜·四	0	1	1	1000	10	1	0	0	0	1	0	0	0	0	16	0	0	0	0	0	0	1	1	0					0	0	0	data\source\maps\2021_828\2021_828.jsonmap	
nonzero_camp	537	2021_828	大唐幻夜·五	0	1	1	1000	10	1	0	0	0	1	0	0	0	0	16	0	0	0	0	0	0	1	1	0					0	0	0	data\source\maps\2021_828\2021_828.jsonmap	
nonzero_camp	538	2021_828	大唐幻夜·六	0	1	1	1000	10	1	0	0	0	1	0	0	0	0	16	0	0	0	0	0	0	1	1	0					0	0	0	data\source\maps\2021_828\2021_828.jsonmap	
nonzero_camp	539	2021_828	大唐幻夜·七	0	1	1	1000	10	1	0	0	0	1	0	0	0	0	16	0	0	0	0	0	0	1	1	0					0	0	0	data\source\maps\2021_828\2021_828.jsonmap	
nonzero_camp	540	2021_828	大唐幻夜·八	0	1	1	1000	10	1	0	0	0	1	0	0	0	0	16	0	0	0	0	0	0	1	1	0					0	0	0	data\source\maps\2021_828\2021_828.jsonmap	
nonzero_camp	541	2021_828	大唐幻夜·九	0	1	1	1000	10	1	0	0	0	1	0	0	0	0	16	0	0	0	0	0	0	1	1	0					0	0	0	data\source\maps\2021_828\2021_828.jsonmap	
nonzero_camp	542	2021_828	大唐幻夜·十	0	1	1	1000	10	1	0	0	0	1	0	0	0	0	16	0	0	0	0	0	0	1	1	0					0	0	0	data\source\maps\2021_828\2021_828.jsonmap	
nonzero_camp	543	2021_828	大唐幻夜·十一	0	1	1	1000	10	1	0	0	0	1	0	0	0	0	16	0	0	0	0	0	0	1	1	0					0	0	0	data\source\maps\2021_828\2021_828.jsonmap	
nonzero_camp	544	2021_828	大唐幻夜·十二	0	1	1	1000	10	1	0	0	0	1	0	0	0	0	16	0	0	0	0	0	0	1	1	0					0	0	0	data\source\maps\2021_828\2021_828.jsonmap	
nonzero_camp	545	2021_828	大唐幻夜·十三	0	1	1	1000	10	1	0	0	0	1	0	0	0	0	16	0	0	0	0	0	0	1	1	0					0	0	0	data\source\maps\2021_828\2021_828.jsonmap	
nonzero_camp	546	2021_828	大唐幻夜·十四	0	1	1	1000	10	1	0	0	0	1	0	0	0	0	16	0	0	0	0	0	0	1	1	0					0	0	0	data\source\maps\2021_828\2021_828.jsonmap	
nonzero_camp	547	2021_828	大唐幻夜·十五	0	1	1	1000	10	1	0	0	0	1	0	0	0	0	16	0	0	0	0	0	0	1	1	0					0	0	0	data\source\maps\2021_828\2021_828.jsonmap	
nonzero_camp	548	2021_828	大唐幻夜·十六	0	1	1	1000	10	1	0	0	0	1	0	0	0	0	16	0	0	0	0	0	0	1	1	0					0	0	0	data\source\maps\2021_828\2021_828.jsonmap	
nonzero_camp	549	2021_828	大唐幻夜·十七	0	1	1	1000	10	1	0	0	0	1	0	0	0	0	16	0	0	0	0	0	0	1	1	0					0	0	0	data\source\maps\2021_828\2021_828.jsonmap	
nonzero_camp	550	2021_828	大唐幻夜·十八	0	1	1	1000	10	1	0	0	0	1	0	0	0	0	16	0	0	0	0	0	0	1	1	0					0	0	0	data\source\maps\2021_828\2021_828.jsonmap	
nonzero_camp	551	2021_828	大唐幻夜·十九	0	1	1	1000	10	1	0	0	0	1	0	0	0	0	16	0	0	0	0	0	0	1	1	0					0	0	0	data\source\maps\2021_828\2021_828.jsonmap	
nonzero_camp	552	2021_828	大唐幻夜·二十	0	1	1	1000	10	1	0	0	0	1	0	0	0	0	16	0	0	0	0	0	0	1	1	0					0	0	0	data\source\maps\2021_828\2021_828.jsonmap	
nonzero_camp	559	黑山林海_雷域大泽	雷域大泽	1	1024	1	10	5	0	0	128	0	1	1	0	0	0	16	0	0	0	0	128	0	0	1						0	0	0	data\source\maps\黑山林海_雷域大泽\黑山林海_雷域大泽.jsonmap	
nonzero_camp	560	25人普通雷域大泽	25人普通雷域大泽	1	512	1	25	2	0	0	128	0	1	1	0	0	0	16	0	0	0	0	128	0	0	1						0	0	0	data\source\maps\黑山林海_雷域大泽\黑山林海_雷域大泽.jsonmap	
nonzero_camp	561	25人英雄雷域大泽	25人英雄雷域大泽	1	512	1	25	2	0	0	128	0	1	1	0	0	0	16	0	0	0	0	128	0	0	1						0	0	0	data\source\maps\黑山林海_雷域大泽\黑山林海_雷域大泽.jsonmap	
nonzero_camp	562	百战异闻录	百战异闻录	1	1500	1	10	5	0	0	128	0	1	1	0	0	0	16	0	0	0	0	128	0	0	1						0	0	0	data\source\maps\百战异闻录\百战异闻录.jsonmap	
nonzero_camp	563	北天药宗_武氏别院	北天药宗_武氏别院	1	1024	1	5	2	0	0	128	0	1	1	0	0	0	16	0	0	0	0	131	0	0							0	0	0	data\source\maps\北天药宗_武氏别院\北天药宗_武氏别院.jsonmap	
nonzero_camp	564	英雄北天药宗_武氏别院	英雄北天药宗_武氏别院	1	1024	1	5	2	0	0	128	0	1	1	0	0	0	16	0	0	0	0	131	0	0							0	0	0	data\source\maps\北天药宗_武氏别院\北天药宗_武氏别院.jsonmap	
nonzero_camp	565	个人家园_广陵邑	私邸宅园	5	6000	1	40	8	1	0	0	0	1	0	0	0	0	16	0	0	0	0	16	0	1	1	0					0	0	0	data\source\maps\个人家园_广陵邑\个人家园_广陵邑.jsonmap	
nonzero_camp	566	黑山林海_香巫教	盘扎寨	1	4096	1	1	1	1	0	0	0	1	0	0	0	0	16	0	0	0	0	0	0	1	1	0					0	1	0	data\source\maps\黑山林海_香巫教\黑山林海_香巫教.jsonmap	
nonzero_camp	567	原野奇踪	原野奇踪	1	512	1	5	10	0	0	130	0	1	1	0	0	0	16	0	0	0	0	131	0	0		0			7		0	0	0	data\source\maps\原野奇踪\原野奇踪.jsonmap	
nonzero_camp	568	HD登陆界面_北天药宗003	HD登陆界面_北天药宗003	0	1	1	1200	10	1	0	0	0	5	0	0	0	0	16	0	0	0	0	0	0	1	1	0					1	1	5	data\source\maps\HD登陆界面_北天药宗003\HD登陆界面_北天药宗003.jsonmap	
nonzero_camp	569	个人家园_天池	个人家园_天池	0	1	1	1200	10	1	0	0	0	1	0	0	0	0	16	0	0	0	0	0	0	1	1	0					0	1	0	data\source\maps\个人家园_天池\个人家园_天池.jsonmap	
nonzero_camp	570	个人家园_海底	个人家园_海底	0	1	1	1200	10	1	0	0	0	1	0	0	0	0	16	0	0	0	0	0	0	1	1	0					0	1	0	data\source\maps\个人家园_海底\个人家园_海底.jsonmap	
nonzero_camp	571	HD商城_外装展示测试	HD商城_外装展示测试	0	1	1	1200	10	1	0	0	0	4	0	0	0	0	16	0	0	0	0	0	0	1	1	0					1	1	5	data\source\maps\HD商城_外装展示测试\HD商城_外装展示测试.jsonmap	
nonzero_camp	572	个人家园_广陵邑_野外	个人家园_广陵邑_野外	0	1	1	1200	10	1	0	0	0	1	0	0	0	0	16	0	0	0	0	0	0	1	1	0					0	1	0	data\source\maps\个人家园_广陵邑\个人家园_广陵邑.jsonmap	
nonzero_camp	573	河阳之战	河阳之战	1	1024	1	10	5	0	0	128	0	1	1	0	0	0	16	0	0	0	0	128	0	0	1						0	0	0	data\source\maps\河阳之战\河阳之战.jsonmap	
nonzero_camp	574	25人普通河阳之战	25人普通河阳之战	1	1024	1	25	2	0	0	128	0	1	1	0	0	0	16	0	0	0	0	128	0	0	1						0	0	0	data\source\maps\河阳之战\河阳之战.jsonmap	
nonzero_camp	575	25人英雄河阳之战	25人英雄河阳之战	1	1024	1	25	2	0	0	128	0	1	1	0	0	0	16	0	0	0	0	128	0	0	1						0	0	0	data\source\maps\河阳之战\河阳之战.jsonmap	
nonzero_camp	576	河阳	河阳	0	1	1	1800	10	1	0	0	0	4	0	0	0	1	16	0	0	0	1	0	0	0	1	0					0	1	0	data\source\maps\河阳之战\河阳之战.jsonmap	
nonzero_camp	577	个人家园_薰风渡	个人家园_薰风渡	0	1	1	1200	10	1	0	0	0	1	0	0	0	0	16	0	0	0	0	0	0	1	1	0					0	1	0	data\source\maps\个人家园_薰风渡\个人家园_薰风渡.jsonmap	
nonzero_camp	578	刀宗	刀宗	0	2	1	1500	10	1	0	0	0	1	0	0	0	1	16	1	0	0	0	0	0	1	1	0					0	1	0	data\source\maps\刀宗\刀宗.jsonmap	
nonzero_camp	579	百溪	百溪	0	10	1	1500	10	1	0	0	0	1	0	0	1	1	16	1	0	0	0	0	0	1	1						1	1	0	data\source\maps\百溪\百溪.jsonmap	
nonzero_camp	580	烂柯山	烂柯山	0	1	1	1500	10	1	0	0	0	4	0	0	1	1	16	1	0	0	0	0	0	1	1						1	1	0	data\source\maps\烂柯山\烂柯山.jsonmap	
nonzero_camp	581	楚州	楚州	0	1	1	1500	10	1	0	0	0	4	0	0	1	1	16	1	0	0	0	0	0	1	1						1	1	0	data\source\maps\楚州\楚州.jsonmap	
nonzero_camp	582	润扬	晟江	0	1	1	1500	10	1	0	0	0	4	0	0	1	1	16	1	0	0	0	0	0	1	1						1	1	0	data\source\maps\润扬\润扬.jsonmap	
nonzero_camp	583	北天药宗_冰雪盛会	尘世曼舞·冰雪盛会	0	1	1	1200	10	1	0	0	0	1	0	0	0	0	16	0	0	0	0	0	0	1	1	0					0	1	0	data\source\maps\北天药宗_冰雪盛会\北天药宗_冰雪盛会.jsonmap	
nonzero_camp	584	JX3_StandardEnv_002	JX3_StandardEnv_002	0	1	1	1200	10	1	0	0	0	4	0	0	0	0	16	0	0	0	0	0	0	1	1	0					1	1	5	data\whitebox_k\jx3\map\JX3_StandardEnv_002\JX3_StandardEnv_002.jsonmap	
nonzero_camp	585	个人家园_云海	个人家园_云海	0	1	1	1200	10	1	0	0	0	1	0	0	0	0	16	0	0	0	0	0	0	1	1	0					0	1	0	data\source\maps\个人家园_云海\个人家园_云海.jsonmap	
nonzero_camp	586	润扬_西津渡	西津渡	1	1024	1	10	5	0	0	128	0	1	1	0	0	0	16	0	0	0	0	128	0	0	1						0	0	0	data\source\maps\润扬_西津渡\润扬_西津渡.jsonmap	
nonzero_camp	587	25人普通西津渡	25人普通西津渡	1	512	1	25	2	0	0	128	0	1	1	0	0	0	16	0	0	0	0	128	0	0	1						0	0	0	data\source\maps\润扬_西津渡\润扬_西津渡.jsonmap	
nonzero_camp	588	25人英雄西津渡	25人英雄西津渡	1	512	1	25	2	0	0	128	0	1	1	0	0	0	16	0	0	0	0	128	0	0	1						0	0	0	data\source\maps\润扬_西津渡\润扬_西津渡.jsonmap	
nonzero_camp	589	羊村	羊村大作战	2	512	1	5	2	0	160	0	2	5	0	0	0	0	16	0	0	0	0	256	0	0	1	0		1	7		0	0	0	data\source\maps\羊村\羊村.jsonmap	
nonzero_camp	590	羊村_世界	羊村	0	1	1	1200	10	1	0	0	0	1	0	0	0	1	16	0	0	0	0	0	0	1	1	0					0	0	0	data\source\maps\羊村\羊村.jsonmap	
nonzero_camp	591	霸刀山庄_大婚	霸刀山庄·大婚	0	1	1	1800	10	1	0	0	0	1	0	0	0	0	16	0	0	0	0	0	0	1	1	0					0	1	0	data\source\maps\霸刀山庄_大婚\霸刀山庄_大婚.jsonmap	
nonzero_camp	593	1024_积雪交互测试	1024_积雪交互测试	0	1	1	1200	10	1	0	0	0	4	0	0	0	0	16	0	0	0	0	0	0	1	1	0					0	0	5	data\source\maps\1024_积雪交互测试\1024_积雪交互测试.jsonmap	
nonzero_camp	594	剧本杀测试场景02	剧本杀测试场景02	1	512	1	10	10	0	0	128	0	1	1	0	0	0	16	0	0	0	0	128	0	1	1						0	0	0	data\source\maps\剧本杀测试场景02\剧本杀测试场景02.jsonmap	
nonzero_camp	596	烂柯山_沃石院	沃石院	1	1024	1	5	2	0	0	128	0	1	1	0	0	0	16	0	0	0	0	131	0	0	1	0					0	0	0	data\source\maps\烂柯山_沃石院\烂柯山_沃石院.jsonmap	
nonzero_camp	597	英雄烂柯山_沃石院	英雄沃石院	1	2048	1	5	2	0	0	128	0	1	1	0	0	0	16	0	0	0	0	131	0	0	1	0					0	0	0	data\source\maps\烂柯山_沃石院\烂柯山_沃石院.jsonmap	
nonzero_camp	598	百溪_镇海阁	镇海阁地井	1	1024	1	5	2	0	0	128	0	1	1	0	0	0	16	0	0	0	0	131	0	0							0	0	0	data\source\maps\百溪_镇海阁\百溪_镇海阁.jsonmap	
nonzero_camp	599	百溪_英雄镇海阁	英雄镇海阁地井	1	2048	1	5	2	0	0	128	0	1	1	0	0	0	16	0	0	0	0	131	0	0							0	0	0	data\source\maps\百溪_镇海阁\百溪_镇海阁.jsonmap	
nonzero_camp	600	个人家园_大唐盛世	个人家园_大唐盛世	0	1	1	1200	10	1	0	0	0	1	0	0	0	0	16	0	0	0	0	0	0	1	1	0					0	1	0	data\source\maps\个人家园_大唐盛世\个人家园_大唐盛世.jsonmap	
nonzero_camp	601	2022_828_园区	万象游园会	0	20	1	1000	10	1	0	0	0	1	0	0	0	0	16	0	0	0	0	0	0	1	1	0					0	0	0	data\source\maps\2022_828\2022_828_园区\2022_828_园区.jsonmap	
nonzero_camp	602	2022_828_时光长廊	时光长廊	0	1	1	1000	10	1	0	0	0	1	0	0	0	0	16	0	0	0	0	0	0	1	1	0					0	0	0	data\source\maps\2022_828\2022_828_时光长廊\2022_828_时光长廊.jsonmap	
nonzero_camp	603	广陵邑家园_欧式城堡	天苏奇谭	0	4	1	400	10	1	0	0	0	1	0	0	0	0	16	0	0	0	0	0	0	1	1	0					0	0	0	data\source\maps\2022_828\2022_828_蓝图\广陵邑家园_欧式城堡\广陵邑家园_欧式城堡.jsonmap	
nonzero_camp	604	迷仙引_千里江山图	且绘青山	0	4	1	400	10	1	0	0	0	1	0	0	0	0	16	0	0	0	0	0	0	1	1	0					0	0	0	data\source\maps\2022_828\2022_828_蓝图\迷仙引_千里江山图\迷仙引_千里江山图.jsonmap	
nonzero_camp	605	时光长廊_门派徽记	银浦流光	0	2	1	1000	10	1	0	0	0	1	0	0	0	0	16	0	0	0	0	0	0	1	1	0					0	0	0	data\source\maps\2022_828\2022_828_蓝图\时光长廊_门派徽记\时光长廊_门派徽记.jsonmap	
nonzero_camp	606	刀宗_幽藤馆	幽藤馆	1	1024	1	5	2	0	0	128	0	1	1	0	0	0	16	0	0	0	0	131	0	0							0	0	0	data\source\maps\刀宗_幽藤馆\刀宗_幽藤馆.jsonmap	
nonzero_camp	607	刀宗_英雄幽藤馆	英雄幽藤馆	1	2048	1	5	2	0	0	128	0	1	1	0	0	0	16	0	0	0	0	131	0	0							0	0	0	data\source\maps\刀宗_幽藤馆\刀宗_幽藤馆.jsonmap	
nonzero_camp	608	个人家园_社区	个人家园_社区	5	1600	1	250	30	1	0	0	0	1	0	0	0	0	16	0	0	0	0	16	0	1	1	0					0	0	0	data\source\maps\个人家园_社区\个人家园_社区.jsonmap	
nonzero_camp	609	镜泊湖_冰雪奇缘	琼宫银阙	0	2	1	600	10	1	0	0	0	1	0	0	0	0	16	0	0	0	0	0	0	1	1	0					0	0	0	data\source\maps\2022_828\2022_828_蓝图\镜泊湖_冰雪奇缘\镜泊湖_冰雪奇缘.jsonmap	
nonzero_camp	610	盛唐个人_神州	千灯天衢	0	6	1	200	10	1	0	0	0	1	0	0	0	0	16	0	0	0	0	0	0	1	1	0					0	0	0	data\source\maps\2022_828\2022_828_蓝图\盛唐个人_神州\盛唐个人_神州.jsonmap	
nonzero_camp	611	雷域大泽_迷宫	烟岫迷踪	0	4	1	400	10	1	0	0	0	1	0	0	0	0	16	0	0	0	0	0	0	1	1	0					0	0	0	data\source\maps\2022_828\2022_828_蓝图\雷域大泽_迷宫\雷域大泽_迷宫.jsonmap	
nonzero_camp	612	海底家园_海灵宫	渊穆灵宫	0	4	1	400	10	1	0	0	0	1	0	0	0	0	16	0	0	0	0	0	0	1	1	0					0	0	0	data\source\maps\2022_828\2022_828_蓝图\海底家园_海灵宫\海底家园_海灵宫.jsonmap	
nonzero_camp	613	云海家园_大观园	观园幻景	0	4	1	400	10	1	0	0	0	1	0	0	0	0	16	0	0	0	0	0	0	1	1	0					0	0	0	data\source\maps\2022_828\2022_828_蓝图\云海家园_大观园\云海家园_大观园.jsonmap	
nonzero_camp	614	枫叶泊社区_沙喵部落	落帆归潮	0	4	1	400	10	1	0	0	0	1	0	0	0	0	16	0	0	0	0	0	0	1	1	0					0	0	0	data\source\maps\2022_828\2022_828_蓝图\枫叶泊社区_沙喵部落\枫叶泊社区_沙喵部落.jsonmap	
nonzero_camp	615	云海家园_山河如画	江山入画	0	6	1	200	10	1	0	0	0	1	0	0	0	0	16	0	0	0	0	0	0	1	1	0					0	0	0	data\source\maps\2022_828\2022_828_蓝图\云海家园_山河如画\云海家园_山河如画.jsonmap	
nonzero_camp	616	广陵邑家园_猫头萝卜	晨间喵苑	0	2	1	600	10	1	0	0	0	1	0	0	0	0	16	0	0	0	0	0	0	1	1	0					0	0	0	data\source\maps\2022_828\2022_828_蓝图\广陵邑家园_猫头萝卜\广陵邑家园_猫头萝卜.jsonmap	
nonzero_camp	617	枫叶泊社区_拾光者	泊云海墅	0	6	1	200	10	1	0	0	0	1	0	0	0	0	16	0	0	0	0	0	0	1	1	0					0	0	0	data\source\maps\2022_828\2022_828_蓝图\枫叶泊社区_拾光者\枫叶泊社区_拾光者.jsonmap	
nonzero_camp	618	云海家园_精灵部落	闲野归园	0	6	1	200	10	1	0	0	0	1	0	0	0	0	16	0	0	0	0	0	0	1	1	0					0	0	0	data\source\maps\2022_828\2022_828_蓝图\云海家园_精灵部落\云海家园_精灵部落.jsonmap	
nonzero_camp	620	首领扮演范阳夜变	首领扮演范阳夜变	1	4096	1	1	10	0	0	128	0	1	1	0	0	0	16	0	0	0	0	128	0	0	1				7		0	0	0	data\source\maps\范阳夜变\范阳夜变.jsonmap	
nonzero_camp	621	磐渊	磐渊	0	1	1	1600	10	1	0	0	0	1	0	0	0	0	16	0	0	0	0	0	0	0	1	0					0	0	0	data\source\maps\磐渊\磐渊.jsonmap	
nonzero_camp	622	楚州_江天夜宴	江天夜宴	1	2048	1	5	2	0	0	128	0	1	1	0	0	0	16	0	0	0	0	131	0	0	1						0	0	0	data\source\maps\楚州_江天夜宴\楚州_江天夜宴.jsonmap	
nonzero_camp	623	英雄楚州_江天夜宴	英雄江天夜宴	1	2048	1	5	2	0	0	128	0	1	1	0	0	0	16	0	0	0	0	131	0	0	1						0	0	0	data\source\maps\楚州_江天夜宴\楚州_江天夜宴.jsonmap	
nonzero_camp	624	沃石火狱	沃石火狱	2	2048	1	1024	2	0	0	8	2	4	0	0	0	0	1	0	1	0	0	8	0	0	1	0			7		0	0	0	data\source\maps\沃石火狱\沃石火狱.jsonmap	
nonzero_camp	625	剧本杀测试场景02	浮生剧坊	5	1600	1	250	10	1	0	0	0	1	0	0	0	0	16	0	0	0	0	16	0	1	1	0					0	0	0	data\source\maps\剧本杀测试场景02\剧本杀测试场景02.jsonmap	
nonzero_camp	626	HD登陆界面_刀宗001	HD登陆界面_刀宗001	0	1	1	1200	10	1	0	0	0	5	0	0	0	0	16	0	0	0	0	0	0	1	1	0					1	1	5	data\source\maps\HD登陆界面_刀宗001\HD登陆界面_刀宗001.jsonmap	
nonzero_camp	627	跨服_烂柯山	跨服·烂柯山	0	100	1	1600	10	1	0	0	0	4	0	0	1	0	16	0	0	0	0	0	0	1	1	0			7		1	1	0	data\source\maps\烂柯山\烂柯山.jsonmap	
nonzero_camp	628	个人家园_红叶	个人家园_红叶	0	1	1	1200	10	1	0	0	0	1	0	0	0	0	16	0	0	0	0	0	0	1	1	0					0	1	0	data\source\maps\个人家园_红叶\个人家园_红叶.jsonmap	
nonzero_camp	629	磐渊_古剑台	古剑台	1	256	1	25	10	0	0	131	0	1	1	0	0	0	16	0	0	0	0	131	0	0	1	0					0	0	0	data\source\maps\磐渊\磐渊.jsonmap	
nonzero_camp	630	天街灯市_明宵灯暖	天街灯市·明宵灯暖	0	20	1	1000	10	1	0	0	0	1	0	0	0	0	16	0	0	0	0	0	0	1	1	0					0	0	0	data\source\maps\天街灯市_明宵灯暖\天街灯市_明宵灯暖.jsonmap	
nonzero_camp	631	沙海迷踪	浪客行·沙海迷踪	1	4096	1	5	1	0	0	512	0	1	1	0	0	0	4	0	0	0	0	171	0		1	0			7		0	0	0	data\source\maps\沙海迷踪\沙海迷踪.jsonmap	
nonzero_camp	632	冰雪盛会_万象长安	尘世曼舞·万象长安	0	1	1	1200	10	1	0	0	0	1	0	0	0	0	16	0	0	0	0	0	0	1	1	0					0	1	0	data\source\maps\冰雪盛会_万象长安\冰雪盛会_万象长安.jsonmap	
nonzero_camp	633	个人家园_明宵灯暖	个人家园_明宵灯暖	0	1	1	1200	10	1	0	0	0	1	0	0	0	0	16	0	0	0	0	0	0	1	1	0					0	1	0	data\source\maps\个人家园_明宵灯暖\个人家园_明宵灯暖.jsonmap	
nonzero_camp	634	春节天街灯市_不良人	天街灯市·蜃墟	0	1	1	1000	10	1	0	0	0	1	0	0	0	0	16	0	0	0	0	0	0	0	1	0					0	0	0	data\source\maps\春节天街灯市\春节天街灯市.jsonmap	
nonzero_camp	636	武狱黑牢	武狱黑牢	1	1024	1	10	5	0	0	128	0	1	1	0	0	0	16	0	0	0	0	128	0	0	1						0	0	0	data\source\maps\武狱黑牢\武狱黑牢.jsonmap	
nonzero_camp	637	25人普通武狱黑牢	25人普通武狱黑牢	1	512	1	25	2	0	0	128	0	1	1	0	0	0	16	0	0	0	0	128	0	0	1						0	0	0	data\source\maps\武狱黑牢\武狱黑牢.jsonmap	
nonzero_camp	638	25人英雄武狱黑牢	25人英雄武狱黑牢	1	512	1	25	2	0	0	128	0	1	1	0	0	0	16	0	0	0	0	128	0	0	1						0	0	0	data\source\maps\武狱黑牢\武狱黑牢.jsonmap	
nonzero_camp	639	鹿桥驿	英雄鹿桥驿	1	2048	1	5	2	0	0	128	0	1	1	0	0	0	16	0	0	0	0	131	0	0	1						0	0	0	data\source\maps\鹿桥驿\鹿桥驿.jsonmap	
nonzero_camp	640	挑战鹿桥驿	挑战鹿桥驿	1	1024	1	5	2	0	0	128	0	1	1	0	0	0	16	0	0	0	0	131	0	0	1						0	0	0	data\source\maps\鹿桥驿\鹿桥驿.jsonmap	
nonzero_camp	642	万灵山庄	万灵山庄	0	2	1	1500	10	1	0	0	0	1	0	0	0	1	16	1	0	0	0	0	0	1	1	0					0	1	0	data\source\maps\万灵山庄\万灵山庄.jsonmap	
nonzero_camp	643	相知相遇_张家界	张家界·相遇	0	20	1	1000	10	1	0	0	0	1	0	0	0	0	16	0	0	0	0	0	0	1	1	0					0	0	0	data\source\maps\相知相遇_张家界\相知相遇_张家界.jsonmap	
nonzero_camp	644	相知相遇_黄龙洞	黄龙洞	1	1024	1	5	2	0	0	128	0	1	1	0	0	0	16	0	0	0	0	131	0	0	1						0	0	0	data\source\maps\相知相遇_黄龙洞\相知相遇_黄龙洞.jsonmap	
nonzero_camp	645	洱海绝境	洱海绝境	2	1024	1	108	2	0	160	512	2	5	0	0	0	0	4	0	0	0	0	8	1	1	1	0		1	7		0	0	0	data\source\maps\洱海绝境\洱海绝境.jsonmap	
nonzero_camp	646	个人家园_沙漠	个人家园_沙漠	0	1	1	1200	10	1	0	0	0	1	0	0	0	0	16	0	0	0	0	0	0	1	1	0					0	1	0	data\source\maps\个人家园_沙漠\个人家园_沙漠.jsonmap	
nonzero_camp	647	银霜口	银霜口	0	1	1	1600	10	1	0	0	0	4	0	0	1	1	16	1	0	0	0	0	0	1	1	0					1	1	0	data\source\maps\银霜口\银霜口.jsonmap	
nonzero_camp	648	九老洞	九老洞	1	1024	1	10	5	0	0	128	0	1	1	0	0	0	16	0	0	0	0	128	0	0	1						0	0	0	data\source\maps\九老洞\九老洞.jsonmap	
nonzero_camp	649	25人普通九老洞	25人普通九老洞	1	512	1	25	2	0	0	128	0	1	1	0	0	0	16	0	0	0	0	128	0	0	1						0	0	0	data\source\maps\九老洞\九老洞.jsonmap	
nonzero_camp	650	25人英雄九老洞	25人英雄九老洞	1	512	1	25	2	0	0	128	0	1	1	0	0	0	16	0	0	0	0	128	0	0	1						0	0	0	data\source\maps\九老洞\九老洞.jsonmap	
nonzero_camp	651	个人家园_张家界	武陵源	0	1	1	1200	10	1	0	0	0	1	0	0	0	0	16	0	0	0	0	0	0	1	1	0					0	1	0	data\source\maps\个人家园_张家界\个人家园_张家界.jsonmap	
nonzero_camp	652	沙漠公益活动	落日丘	0	4	1	600	10	1	0	0	0	1	0	0	0	0	16	0	0	0	0	0	0	1	1	0					0	1	0	data\source\maps\沙漠公益活动\沙漠公益活动.jsonmap	
nonzero_camp	653	稻香村_桃园非梦	稻香村	3	42	1	256	10	1	0	0	0	1	0	0	0	0	16	0	0	0	0	0	0	1	1	0					0	0	0	data\source\maps\稻香村_桃园非梦\稻香村_桃园非梦.jsonmap	
nonzero_camp	654	2023_828	神霄天境	0	20	1	1000	10	1	0	0	0	1	0	0	0	0	16	0	0	0	0	0	0	1	1	0					0	0	0	data\source\maps\2023_828\2023_828.jsonmap	
nonzero_camp	655	个人家园_天宫	重霄阆苑	0	1	1	1200	10	1	0	0	0	1	0	0	0	0	16	0	0	0	0	0	0	1	1	0					0	1	0	data\source\maps\个人家园_天宫\个人家园_天宫.jsonmap	
nonzero_camp	656	阴山大草原_攻防分线	阴山大草原·分线	0	9	1	1000	10	1	0	0	0	4	0	0	1	0	16	0	0	1	0	0	0	1	1	0					1	1	0	data\source\maps\阴山大草原\阴山大草原.jsonmap	
nonzero_camp	658	栖灵洞天	栖灵洞天	1	1024	1	5	2	0	0	128	0	1	1	0	0	0	16	0	0	0	0	131	0	0	1						0	0	0	data\source\maps\万灵山庄_栖灵洞天\万灵山庄_栖灵洞天.jsonmap	
nonzero_camp	659	英雄栖灵洞天	英雄栖灵洞天	1	2048	1	5	2	0	0	128	0	1	1	0	0	0	16	0	0	0	0	131	0	0	1						0	0	0	data\source\maps\万灵山庄_栖灵洞天\万灵山庄_栖灵洞天.jsonmap	
nonzero_camp	660	新旧贴花测试_新	新旧贴花测试_新	0	1	1	1200	10	1	0	0	0	5	0	0	0	0	16	0	0	0	0	0	0	1	1	0					1	1	5	data\source\maps\新旧贴花测试_新\新旧贴花测试_新.jsonmap	
nonzero_camp	661	新旧贴画测试_旧	新旧贴画测试_旧	0	1	1	1200	10	1	0	0	0	5	0	0	0	0	16	0	0	0	0	0	0	1	1	0					1	1	5	data\source\maps\新旧贴画测试_旧\新旧贴画测试_旧.jsonmap	
nonzero_camp	662	罗小黑建木海	罗小黑建木海	1	4096	1	1	2	0	0	130	0	1	1	0	0	0	16	0	0	0	0	131	0	0	1	0					0	1	0	data\source\maps\罗小黑建木海\罗小黑建木海.jsonmap	
nonzero_camp	663	登陆界面_2023_001	登陆界面_2023_001	0	1	1	1200	10	1	0	0	0	5	0	0	0	0	16	0	0	0	0	0	0	1	1	0					1	1	5	data\source\maps\登陆界面_2023_001\登陆界面_2023_001.jsonmap	
nonzero_camp	664	个人家园_李渡城	个人家园_李渡城	0	1	1	1200	10	1	0	0	0	1	0	0	0	0	16	0	0	0	0	0	0	1	1	0					0	1	0	data\source\maps\个人家园_李渡城\个人家园_李渡城.jsonmap	
nonzero_camp	665	联动地图_功夫熊猫	和平谷	0	20	1	1000	10	1	0	0	0	1	0	0	0	0	16	0	0	0	0	0	0	1	1	0					0	0	0	data\source\maps\联动地图_功夫熊猫\联动地图_功夫熊猫.jsonmap	
nonzero_camp	666	南诏段氏	南诏段氏	0	2	1	1500	10	1	0	0	0	1	0	0	0	1	16	1	0	0	0	0	0	1	1	0					0	1	0	data\source\maps\南诏段氏\南诏段氏.jsonmap	
nonzero_camp	667	联动地图_非人哉	山海游园	0	20	1	1000	10	1	0	0	0	1	0	0	0	0	16	0	0	0	0	0	0	1	1	0					0	0	0	data\source\maps\联动地图_非人哉\联动地图_非人哉.jsonmap	
nonzero_camp	668	冷龙峰	冷龙峰	1	1024	1	10	5	0	0	128	0	1	1	0	0	0	16	0	0	0	0	128	0	0	1						0	0	0	data\source\maps\冷龙峰\冷龙峰.jsonmap	
nonzero_camp	669	25人普通冷龙峰	25人普通冷龙峰	1	512	1	25	2	0	0	128	0	1	1	0	0	0	16	0	0	0	0	128	0	0	1						0	0	0	data\source\maps\冷龙峰\冷龙峰.jsonmap	
nonzero_camp	670	25人英雄冷龙峰	25人英雄冷龙峰	1	512	1	25	2	0	0	128	0	1	1	0	0	0	16	0	0	0	0	128	0	0	1						0	0	0	data\source\maps\冷龙峰\冷龙峰.jsonmap	
nonzero_camp	672	个人家园_功夫熊猫	翡翠宫下	0	1	1	1200	10	1	0	0	0	1	0	0	0	0	16	0	0	0	0	0	0	1	1	0					0	1	0	data\source\maps\个人家园_功夫熊猫\个人家园_功夫熊猫.jsonmap	
nonzero_camp	673	河西瀚漠	河西瀚漠	0	2	1	1200	10	1	0	0	0	1	0	0	1	1	16	1	0	0	0	0	0	1	1	0					1	1	0	data\source\maps\河西瀚漠\河西瀚漠.jsonmap	
nonzero_camp	674	江南_花楹_家园	浣花水榭	5	500	1	250	30	1	0	0	0	1	0	0	0	0	16	0	0	0	0	16	0	1	1	0					0	0	0	data\source\maps\江南_花楹_家园\江南_花楹_家园.jsonmap	
nonzero_camp	675	个人家园_非人哉	丹丘闲居	0	1	1	1200	10	1	0	0	0	1	0	0	0	0	16	0	0	0	0	0	0	1	1	0					0	1	0	data\source\maps\个人家园_非人哉\个人家园_非人哉.jsonmap	
nonzero_camp	676	龙门寻宝	龙门绝境	2	512	1	108	2	0	160	512	2	5	0	0	0	0	4	0	0	0	0	8	1	1	1	0		1	7		0	0	0	data\source\maps\龙门寻宝\龙门寻宝.jsonmap	
nonzero_camp	677	龙门寻宝	龙门绝境	2	512	1	108	2	0	160	512	2	5	0	0	0	0	4	0	0	0	0	8	1	1	1	0		1	7		0	0	0	data\source\maps\龙门寻宝\龙门寻宝.jsonmap	
nonzero_camp	682	南诏段氏_天龙寺	天龙寺	1	2048	1	5	2	0	0	128	0	1	1	0	0	0	16	0	0	0	0	131	0	0	1						0	0	0	data\source\maps\南诏段氏_天龙寺\南诏段氏_天龙寺.jsonmap	
nonzero_camp	683	英雄南诏段氏_天龙寺	英雄天龙寺	1	2048	1	5	2	0	0	128	0	1	1	0	0	0	16	0	0	0	0	131	0	0	1						0	0	0	data\source\maps\南诏段氏_天龙寺\南诏段氏_天龙寺.jsonmap	
nonzero_camp	684	河西瀚漠_冰川宫宝库	冰川宫宝库	1	2048	1	5	2	0	0	128	0	1	1	0	0	0	16	0	0	0	0	131	0	0	1						0	0	0	data\source\maps\河西瀚漠_冰川宫宝库\河西瀚漠_冰川宫宝库.jsonmap	
nonzero_camp	685	英雄河西瀚漠_冰川宫宝库	英雄冰川宫宝库	1	2048	1	5	2	0	0	128	0	1	1	0	0	0	16	0	0	0	0	131	0	0	1						0	0	0	data\source\maps\河西瀚漠_冰川宫宝库\河西瀚漠_冰川宫宝库.jsonmap	
nonzero_camp	686	一之窟	一之窟	1	1500	1	10	5	0	0	128	0	1	1	0	0	0	16	0	0	0	0	128	0	0	1						0	0	0	data\source\maps\河西瀚漠_一之窟\河西瀚漠_一之窟.jsonmap	
nonzero_camp	687	25人普通一之窟	25人普通一之窟	1	1024	1	25	2	0	0	128	0	1	1	0	0	0	16	0	0	0	0	128	0	0	1						0	0	0	data\source\maps\河西瀚漠_一之窟\河西瀚漠_一之窟.jsonmap	
nonzero_camp	688	25人英雄一之窟	25人英雄一之窟	1	1024	1	25	2	0	0	128	0	1	1	0	0	0	16	0	0	0	0	128	0	0	1						0	0	0	data\source\maps\河西瀚漠_一之窟\河西瀚漠_一之窟.jsonmap	
nonzero_camp	689	帮会联赛_2024	九素云峰	2	2048	1	210	120	0	160	0	2	5	0	0	0	0	8	0	0	0	0	256	0	0	1	0		1	7	1	0	0	0	data\source\maps\帮会联赛_2024\帮会联赛_2024.jsonmap	
nonzero_camp	690	风砂旧垒	风砂旧垒	1	2048	1	5	2	0	0	128	0	1	1	0	0	0	16	0	0	0	0	131	0	0	1						0	0	0	data\source\maps\河西瀚漠_风砂旧垒\河西瀚漠_风砂旧垒.jsonmap	
nonzero_camp	691	英雄风砂旧垒	英雄风砂旧垒	1	2048	1	5	2	0	0	128	0	1	1	0	0	0	16	0	0	0	0	131	0	0	1						0	0	0	data\source\maps\河西瀚漠_风砂旧垒\河西瀚漠_风砂旧垒.jsonmap	
nonzero_camp	693	不染窟	不染窟	1	2048	1	5	2	0	0	128	0	1	1	0	0	0	16	0	0	0	0	131	0	0	1						0	0	0	data\source\maps\河西瀚漠_不染窟\河西瀚漠_不染窟.jsonmap	
nonzero_camp	694	英雄不染窟	英雄不染窟	1	2048	1	5	2	0	0	128	0	1	1	0	0	0	16	0	0	0	0	131	0	0	1						0	0	0	data\source\maps\河西瀚漠_不染窟\河西瀚漠_不染窟.jsonmap	
nonzero_camp	695	冷龙峰_欲曙	冷龙峰·欲曙	0	1	1	1800	10	1	0	0	0	1	0	0	0	0	16	0	0	0	0	0	0	1	1	0					0	1	0	data\source\maps\冷龙峰\冷龙峰.jsonmap	
nonzero_camp	696	南诏段氏_红叶泽	红叶泽	2	2048	1	1024	2	0	0	8	2	4	0	0	0	0	1	0	1	0	0	8	0	0	1	0			7		0	0	0	data\source\maps\南诏段氏_红叶泽\南诏段氏_红叶泽.jsonmap	
nonzero_camp	697	河西瀚漠_跨服	跨服·河西瀚漠	0	100	1	1600	10	1	0	0	0	4	0	0	1	0	16	0	0	0	0	0	0	1	1	0			7		1	1	0	data\source\maps\河西瀚漠_跨服\河西瀚漠_跨服.jsonmap	
nonzero_camp	698	联动地图_秦时明月	墨家机关城	1	4096	1	1	1	0	0	0	0	1	1	0	0	0	16	0	0	0	0	131	0	0	0	0			7		0	0	0	data\source\maps\联动地图_秦时明月\联动地图_秦时明月.jsonmap	
nonzero_camp	699	个人家园_西湖	西湖	0	1	1	1200	10	1	0	0	0	1	0	0	0	0	16	0	0	0	0	0	0	1	1	0					0	1	0	data\source\maps\个人家园_西湖\个人家园_西湖.jsonmap	
nonzero_camp	700	个人家园_秦时明月	秦时明月	0	1	1	1200	10	1	0	0	0	1	0	0	0	0	16	0	0	0	0	0	0	1	1	0					0	1	0	data\source\maps\个人家园_秦时明月\个人家园_秦时明月.jsonmap	
nonzero_camp	701	长安_皇城	皇城	0	1	1	1200	10	1	0	0	0	1	0	0	1	1	16	1	0	0	0	0	0	1	1						1	1	0	data\source\maps\长安_皇城\长安_皇城.jsonmap	
nonzero_camp	702	联动地图_仙剑一_仙灵岛	仙灵岛	0	20	1	1000	10	1	0	0	0	1	0	0	0	0	16	0	0	0	0	0	0	1	1	0					0	0	0	data\source\maps\联动地图_仙剑一_仙灵岛\联动地图_仙剑一_仙灵岛.jsonmap	
nonzero_camp	703	联动地图_仙剑一_圣灵挑战	仙灵岛·圣灵挑战	1	1024	1	5	2	0	0	128	0	1	1	0	0	0	16	0	0	0	0	131	0	0	1						0	0	0	data\source\maps\联动地图_仙剑一_圣灵挑战\联动地图_仙剑一_圣灵挑战.jsonmap	
nonzero_camp	704	联动地图_仙剑一_魔界缝隙	魔界缝隙	1	1024	1	5	2	0	0	128	0	1	1	0	0	0	16	0	0	0	0	131	0	0	1						0	0	0	data\source\maps\联动地图_仙剑一_魔界缝隙\联动地图_仙剑一_魔界缝隙.jsonmap	
nonzero_camp	705	幻境云图_摄影棚001	万景阁	0	10	1	1000	10	1	0	0	0	1	0	0	0	0	16	0	0	0	0	0	0	0	1	0					0	0	0	data\source\maps\幻境云图_摄影棚001\幻境云图_摄影棚001.jsonmap	
nonzero_camp	706	长安_太极宫	太极宫	1	1500	1	10	5	0	0	128	0	1	1	0	0	0	16	0	0	0	0	128	0	0	1						0	0	0	data\source\maps\长安_太极宫\长安_太极宫.jsonmap	
nonzero_camp	707	25人普通太极宫	25人普通太极宫	1	1024	1	25	10	0	0	128	0	1	1	0	0	0	16	0	0	0	0	128	0	0	1						0	0	0	data\source\maps\长安_太极宫\长安_太极宫.jsonmap	
nonzero_camp	708	25人英雄太极宫	25人英雄太极宫	1	1024	1	25	10	0	0	128	0	1	1	0	0	0	16	0	0	0	0	128	0	0	1						0	0	0	data\source\maps\长安_太极宫\长安_太极宫.jsonmap	
nonzero_camp	709	林海绝境	林海绝境	2	512	1	118	2	0	160	512	2	5	0	0	0	0	32	0	0	0	0	8	1	0	1	0		1	7		0	0	0	data\source\maps\林海绝境\林海绝境.jsonmap	
nonzero_camp	710	长安_空城殿	25人挑战空城殿·上	1	1024	1	25	10	0	0	128	0	1	1	0	0	0	16	0	0	0	0	128	0	0	1						0	0	0	data\source\maps\长安_空城殿\长安_空城殿.jsonmap	
nonzero_camp	711	长安_空城殿_下	25人挑战空城殿·下	1	1024	1	25	10	0	0	128	0	1	1	0	0	0	16	0	0	0	0	128	0	0	1						0	0	0	data\source\maps\长安_空城殿\长安_空城殿.jsonmap	
nonzero_camp	712	雪域关城	雪域关城	2	512	1	34	2	0	160	0	2	5	0	0	0	0	16	0	0	0	0	256	0	0	1	0		1	7		0	0	0	data\source\maps\雪域关城\雪域关城.jsonmap	
nonzero_camp	713	伊丽川	伊丽川	0	2	1	1200	10	1	0	0	0	4	0	0	1	1	16	1	0	0	0	0	0	1	1	0					1	1	0	data\source\maps\伊丽川\伊丽川.jsonmap	
nonzero_camp	715	林海绝境	林海绝境·纷争	2	512	1	118	2	0	160	512	2	5	0	0	0	0	32	0	0	0	0	8	1	0	1	0		1	7		0	0	0	data\source\maps\林海绝境\林海绝境.jsonmap	
nonzero_camp	716	无相楼_贾府	贾府	1	1500	1	1	5	0	0	128	0	1	1	0	0	0	16	0	0	0	0	131	0	0	1						0	0	0	data\source\maps\无相楼\无相楼.jsonmap	scripts/Map/无相楼/无相楼子副本通用.lua
nonzero_camp	717	无相楼_却月楼	却月楼	1	1500	1	1	5	0	0	128	0	1	1	0	0	0	16	0	0	0	0	131	0	0	1						0	0	0	data\source\maps\无相楼\无相楼.jsonmap	scripts/Map/无相楼/无相楼子副本通用.lua
nonzero_camp	718	无相楼	永宁湾	0	2	1	1500	10	1	0	0	0	1	0	0	0	1	16	1	0	0	0	0	0	1	1	0					0	1	0	data\source\maps\无相楼\无相楼.jsonmap	
nonzero_camp	719	玄中观地下	玄中观地下	1	4096	1	1	2	0	0	128	0	1	1	0	0	0	16	0	0	0	0	131	0	0	1						0	0	0	data\source\maps\玄中观地下\玄中观地下.jsonmap	
nonzero_camp	720	缚罪之渊	缚罪之渊	1	1024	1	25	10	0	0	128	0	1	1	0	0	0	16	0	0	0	0	128	0	0	1						0	0	0	data\source\maps\缚罪之渊\缚罪之渊.jsonmap	
nonzero_camp	722	伊丽川_会战弓月城	会战弓月城	1	1500	1	10	5	0	0	128	0	1	1	0	0	0	16	0	0	0	0	128	0	0	1						0	0	0	data\source\maps\伊丽川_会战弓月城\伊丽川_会战弓月城.jsonmap	
nonzero_camp	723	25人普通会战弓月城	25人普通会战弓月城	1	1024	1	25	10	0	0	128	0	1	1	0	0	0	16	0	0	0	0	128	0	0	1						0	0	0	data\source\maps\伊丽川_会战弓月城\伊丽川_会战弓月城.jsonmap	
nonzero_camp	724	25人英雄会战弓月城	25人英雄会战弓月城	1	1024	1	25	10	0	0	128	0	1	1	0	0	0	16	0	0	0	0	128	0	0	1						0	0	0	data\source\maps\伊丽川_会战弓月城\伊丽川_会战弓月城.jsonmap	
nonzero_camp	725	獭山岛	獭山岛	1	1024	1	5	2	0	0	128	0	1	1	0	0	0	16	0	0	0	0	131	0	0	1						0	0	0	data\source\maps\獭山岛\獭山岛.jsonmap	
nonzero_camp	726	英雄獭山岛	英雄獭山岛	1	1024	1	5	2	0	0	128	0	1	1	0	0	0	16	0	0	0	0	131	0	0	1						0	0	0	data\source\maps\獭山岛\獭山岛.jsonmap	
nonzero_camp	727	伊丽川_摩罗道_低级1	摩罗道营地·玄字贰号	1	1500	1	1	2	0	0	128	0	1	1	0	0	0	16	0	0	0	0	131	0	0	1						0	0	0	data\source\maps\伊丽川\伊丽川.jsonmap	scripts/Map/伊丽川/伊丽川野外营地子副本.lua
nonzero_camp	728	伊丽川_摩罗道_低级2	摩罗道营地·玄字壹号	1	1500	1	1	2	0	0	128	0	1	1	0	0	0	16	0	0	0	0	131	0	0	1						0	0	0	data\source\maps\伊丽川\伊丽川.jsonmap	scripts/Map/伊丽川/伊丽川野外营地子副本.lua
nonzero_camp	729	伊丽川_踏实力_低级40	踏实力苍狼营营地·玄字拾号	1	1500	1	1	2	0	0	128	0	1	1	0	0	0	16	0	0	0	0	131	0	0	1						0	0	0	data\source\maps\伊丽川\伊丽川.jsonmap	scripts/Map/伊丽川/伊丽川野外营地子副本.lua
nonzero_camp	730	伊丽川_踏实力_中级41	踏实力苍狼营营地·地字贰号	1	1500	1	1	2	0	0	128	0	1	1	0	0	0	16	0	0	0	0	131	0	0	1						0	0	0	data\source\maps\伊丽川\伊丽川.jsonmap	scripts/Map/伊丽川/伊丽川野外营地子副本.lua
nonzero_camp	731	伊丽川_踏实力_高级45	踏实力苍狼营营地·天字贰号	1	1500	1	1	2	0	0	128	0	1	1	0	0	0	16	0	0	0	0	131	0	0	1						0	0	0	data\source\maps\伊丽川\伊丽川.jsonmap	scripts/Map/伊丽川/伊丽川野外营地子副本.lua
nonzero_camp	732	伊丽川_诺布众_高级34	诺布众营地·天字壹号	1	1500	1	1	2	0	0	128	0	1	1	0	0	0	16	0	0	0	0	131	0	0	1						0	0	0	data\source\maps\伊丽川\伊丽川.jsonmap	scripts/Map/伊丽川/伊丽川野外营地子副本.lua
nonzero_camp	733	伊丽川_诺布众_低级37	诺布众营地·玄字贰号	1	1500	1	1	2	0	0	128	0	1	1	0	0	0	16	0	0	0	0	131	0	0	1						0	0	0	data\source\maps\伊丽川\伊丽川.jsonmap	scripts/Map/伊丽川/伊丽川野外营地子副本.lua
nonzero_camp	734	伊丽川_踏实力_低级44	踏实力苍狼营营地·玄字柒号	1	1500	1	1	2	0	0	128	0	1	1	0	0	0	16	0	0	0	0	131	0	0	1						0	0	0	data\source\maps\伊丽川\伊丽川.jsonmap	scripts/Map/伊丽川/伊丽川野外营地子副本.lua
nonzero_camp	735	伊丽川_踏实力_中级50	踏实力苍狼营营地·地字陆号	1	1500	1	1	2	0	0	128	0	1	1	0	0	0	16	0	0	0	0	131	0	0	1						0	0	0	data\source\maps\伊丽川\伊丽川.jsonmap	scripts/Map/伊丽川/伊丽川野外营地子副本.lua
nonzero_camp	736	伊丽川_踏实力_低级53	踏实力苍狼营营地·玄字拾壹号	1	1500	1	1	2	0	0	128	0	1	1	0	0	0	16	0	0	0	0	131	0	0	1						0	0	0	data\source\maps\伊丽川\伊丽川.jsonmap	scripts/Map/伊丽川/伊丽川野外营地子副本.lua
nonzero_camp	737	伊丽川_踏实力_高级63	踏实力苍狼营营地·天字壹号	1	1500	1	1	2	0	0	128	0	1	1	0	0	0	16	0	0	0	0	131	0	0	1						0	0	0	data\source\maps\伊丽川\伊丽川.jsonmap	scripts/Map/伊丽川/伊丽川野外营地子副本.lua
nonzero_camp	738	伊丽川_踏实力_低级66	踏实力苍狼营营地·玄字壹号	1	1500	1	1	2	0	0	128	0	1	1	0	0	0	16	0	0	0	0	131	0	0	1						0	0	0	data\source\maps\伊丽川\伊丽川.jsonmap	scripts/Map/伊丽川/伊丽川野外营地子副本.lua
nonzero_camp	739	伊丽川_踏实力_低级67	踏实力苍狼营营地·玄字捌号	1	1500	1	1	2	0	0	128	0	1	1	0	0	0	16	0	0	0	0	131	0	0	1						0	0	0	data\source\maps\伊丽川\伊丽川.jsonmap	scripts/Map/伊丽川/伊丽川野外营地子副本.lua
nonzero_camp	740	伊丽川_踏实力_中级68	踏实力苍狼营营地·地字壹号	1	1500	1	1	2	0	0	128	0	1	1	0	0	0	16	0	0	0	0	131	0	0	1						0	0	0	data\source\maps\伊丽川\伊丽川.jsonmap	scripts/Map/伊丽川/伊丽川野外营地子副本.lua
nonzero_camp	741	伊丽川_诺布众_中级71	诺布众营地·地字壹号	1	1500	1	1	2	0	0	128	0	1	1	0	0	0	16	0	0	0	0	131	0	0	1						0	0	0	data\source\maps\伊丽川\伊丽川.jsonmap	scripts/Map/伊丽川/伊丽川野外营地子副本.lua
nonzero_camp	742	伊丽川_踏实力_中级72	踏实力苍狼营营地·地字叁号	1	1500	1	1	2	0	0	128	0	1	1	0	0	0	16	0	0	0	0	131	0	0	1						0	0	0	data\source\maps\伊丽川\伊丽川.jsonmap	scripts/Map/伊丽川/伊丽川野外营地子副本.lua
nonzero_camp	743	伊丽川_吐蕃僧_高级73	莲花会营地·天字壹号	1	1500	1	1	2	0	0	128	0	1	1	0	0	0	16	0	0	0	0	131	0	0	1						0	0	0	data\source\maps\伊丽川\伊丽川.jsonmap	scripts/Map/伊丽川/伊丽川野外营地子副本.lua
nonzero_camp	744	伊丽川_吐蕃僧_低级79	莲花会营地·玄字贰号	1	1500	1	1	2	0	0	128	0	1	1	0	0	0	16	0	0	0	0	131	0	0	1						0	0	0	data\source\maps\伊丽川\伊丽川.jsonmap	scripts/Map/伊丽川/伊丽川野外营地子副本.lua
nonzero_camp	745	伊丽川_诺布众_低级81	诺布众营地·玄字壹号	1	1500	1	1	2	0	0	128	0	1	1	0	0	0	16	0	0	0	0	131	0	0	1						0	0	0	data\source\maps\伊丽川\伊丽川.jsonmap	scripts/Map/伊丽川/伊丽川野外营地子副本.lua
nonzero_camp	746	伊丽川_吐蕃军队_低级82	吐蕃掠锋营营地·玄字壹号	1	1500	1	1	2	0	0	128	0	1	1	0	0	0	16	0	0	0	0	131	0	0	1						0	0	0	data\source\maps\伊丽川\伊丽川.jsonmap	scripts/Map/伊丽川/伊丽川野外营地子副本.lua
nonzero_camp	747	伊丽川_吐蕃军队_中级83	吐蕃掠锋营营地·地字壹号	1	1500	1	1	2	0	0	128	0	1	1	0	0	0	16	0	0	0	0	131	0	0	1						0	0	0	data\source\maps\伊丽川\伊丽川.jsonmap	scripts/Map/伊丽川/伊丽川野外营地子副本.lua
nonzero_camp	748	伊丽川_吐蕃军队_中级91	吐蕃掠锋营营地·地字肆号	1	1500	1	1	2	0	0	128	0	1	1	0	0	0	16	0	0	0	0	131	0	0	1						0	0	0	data\source\maps\伊丽川\伊丽川.jsonmap	scripts/Map/伊丽川/伊丽川野外营地子副本.lua
nonzero_camp	749	伊丽川_突骑施_低级100	突骑施营地·玄字壹号	1	1500	1	1	2	0	0	128	0	1	1	0	0	0	16	0	0	0	0	131	0	0	1						0	0	0	data\source\maps\伊丽川\伊丽川.jsonmap	scripts/Map/伊丽川/伊丽川野外营地子副本.lua
nonzero_camp	750	伊丽川_踏实力_低级101	踏实力苍狼营营地·玄字贰号	1	1500	1	1	2	0	0	128	0	1	1	0	0	0	16	0	0	0	0	131	0	0	1						0	0	0	data\source\maps\伊丽川\伊丽川.jsonmap	scripts/Map/伊丽川/伊丽川野外营地子副本.lua
nonzero_camp	751	伊丽川_踏实力_中级104	踏实力苍狼营营地·地字柒号	1	1500	1	1	2	0	0	128	0	1	1	0	0	0	16	0	0	0	0	131	0	0	1						0	0	0	data\source\maps\伊丽川\伊丽川.jsonmap	scripts/Map/伊丽川/伊丽川野外营地子副本.lua
nonzero_camp	752	伊丽川_踏实力_低级105	踏实力苍狼营营地·玄字拾叁号	1	1500	1	1	2	0	0	128	0	1	1	0	0	0	16	0	0	0	0	131	0	0	1						0	0	0	data\source\maps\伊丽川\伊丽川.jsonmap	scripts/Map/伊丽川/伊丽川野外营地子副本.lua
nonzero_camp	753	伊丽川_吐蕃军队_低级106	吐蕃掠锋营营地·玄字肆号	1	1500	1	1	2	0	0	128	0	1	1	0	0	0	16	0	0	0	0	131	0	0	1						0	0	0	data\source\maps\伊丽川\伊丽川.jsonmap	scripts/Map/伊丽川/伊丽川野外营地子副本.lua
nonzero_camp	754	伊丽川_吐蕃军队_中级109	吐蕃掠锋营营地·地字叁号	1	1500	1	1	2	0	0	128	0	1	1	0	0	0	16	0	0	0	0	131	0	0	1						0	0	0	data\source\maps\伊丽川\伊丽川.jsonmap	scripts/Map/伊丽川/伊丽川野外营地子副本.lua
nonzero_camp	755	伊丽川_踏实力_低级111	踏实力苍狼营营地·玄字叁号	1	1500	1	1	2	0	0	128	0	1	1	0	0	0	16	0	0	0	0	131	0	0	1						0	0	0	data\source\maps\伊丽川\伊丽川.jsonmap	scripts/Map/伊丽川/伊丽川野外营地子副本.lua
nonzero_camp	756	伊丽川_踏实力_低级118	踏实力苍狼营营地·玄字肆号	1	1500	1	1	2	0	0	128	0	1	1	0	0	0	16	0	0	0	0	131	0	0	1						0	0	0	data\source\maps\伊丽川\伊丽川.jsonmap	scripts/Map/伊丽川/伊丽川野外营地子副本.lua
nonzero_camp	757	伊丽川_吐蕃军队_高级119	吐蕃掠锋营营地·天字壹号	1	1500	1	1	2	0	0	128	0	1	1	0	0	0	16	0	0	0	0	131	0	0	1						0	0	0	data\source\maps\伊丽川\伊丽川.jsonmap	scripts/Map/伊丽川/伊丽川野外营地子副本.lua
nonzero_camp	758	伊丽川_吐蕃军队_低级132	吐蕃掠锋营营地·玄字贰号	1	1500	1	1	2	0	0	128	0	1	1	0	0	0	16	0	0	0	0	131	0	0	1						0	0	0	data\source\maps\伊丽川\伊丽川.jsonmap	scripts/Map/伊丽川/伊丽川野外营地子副本.lua
nonzero_camp	759	伊丽川_星宿派_中级137	星宿宗营地·地字壹号	1	1500	1	1	2	0	0	128	0	1	1	0	0	0	16	0	0	0	0	131	0	0	1						0	0	0	data\source\maps\伊丽川\伊丽川.jsonmap	scripts/Map/伊丽川/伊丽川野外营地子副本.lua
nonzero_camp	760	伊丽川_吐蕃军队_低级139	吐蕃掠锋营营地·玄	1	1500	1	1	2	0	0	128	0	1	1	0	0	0	16	0	0	0	0	131	0	0	1						0	0	0	data\source\maps\伊丽川\伊丽川.jsonmap	scripts/Map/伊丽川/伊丽川野外营地子副本.lua
nonzero_camp	761	伊丽川_星宿派_中级151	星宿宗营地·地字贰号	1	1500	1	1	2	0	0	128	0	1	1	0	0	0	16	0	0	0	0	131	0	0	1						0	0	0	data\source\maps\伊丽川\伊丽川.jsonmap	scripts/Map/伊丽川/伊丽川野外营地子副本.lua
nonzero_camp	762	伊丽川_踏实力_低级174	踏实力苍狼营营地·玄字伍号	1	1500	1	1	2	0	0	128	0	1	1	0	0	0	16	0	0	0	0	131	0	0	1						0	0	0	data\source\maps\伊丽川\伊丽川.jsonmap	scripts/Map/伊丽川/伊丽川野外营地子副本.lua
nonzero_camp	763	伊丽川_踏实力_中级175	踏实力苍狼营营地·地字伍号	1	1500	1	1	2	0	0	128	0	1	1	0	0	0	16	0	0	0	0	131	0	0	1						0	0	0	data\source\maps\伊丽川\伊丽川.jsonmap	scripts/Map/伊丽川/伊丽川野外营地子副本.lua
nonzero_camp	764	伊丽川_吐蕃僧_低级178	莲花会营地·玄字壹号	1	1500	1	1	2	0	0	128	0	1	1	0	0	0	16	0	0	0	0	131	0	0	1						0	0	0	data\source\maps\伊丽川\伊丽川.jsonmap	scripts/Map/伊丽川/伊丽川野外营地子副本.lua
nonzero_camp	765	伊丽川_吐蕃僧_中级181	莲花会营地·地字壹号	1	1500	1	1	2	0	0	128	0	1	1	0	0	0	16	0	0	0	0	131	0	0	1						0	0	0	data\source\maps\伊丽川\伊丽川.jsonmap	scripts/Map/伊丽川/伊丽川野外营地子副本.lua
nonzero_camp	766	伊丽川_踏实力_高级182	踏实力苍狼营营地·天字叁号	1	1500	1	1	2	0	0	128	0	1	1	0	0	0	16	0	0	0	0	131	0	0	1						0	0	0	data\source\maps\伊丽川\伊丽川.jsonmap	scripts/Map/伊丽川/伊丽川野外营地子副本.lua
nonzero_camp	767	伊丽川_踏实力_低级184	踏实力苍狼营营地·玄字陆号	1	1500	1	1	2	0	0	128	0	1	1	0	0	0	16	0	0	0	0	131	0	0	1						0	0	0	data\source\maps\伊丽川\伊丽川.jsonmap	scripts/Map/伊丽川/伊丽川野外营地子副本.lua
nonzero_camp	768	伊丽川_踏实力_低级188	踏实力苍狼营营地·玄字拾贰号	1	1500	1	1	2	0	0	128	0	1	1	0	0	0	16	0	0	0	0	131	0	0	1						0	0	0	data\source\maps\伊丽川\伊丽川.jsonmap	scripts/Map/伊丽川/伊丽川野外营地子副本.lua
nonzero_camp	769	伊丽川_踏实力_中级190	踏实力苍狼营营地·地字肆号	1	1500	1	1	2	0	0	128	0	1	1	0	0	0	16	0	0	0	0	131	0	0	1						0	0	0	data\source\maps\伊丽川\伊丽川.jsonmap	scripts/Map/伊丽川/伊丽川野外营地子副本.lua
nonzero_camp	770	伊丽川_星宿派_中级192	星宿宗营地·地字叁号	1	1500	1	1	2	0	0	128	0	1	1	0	0	0	16	0	0	0	0	131	0	0	1						0	0	0	data\source\maps\伊丽川\伊丽川.jsonmap	scripts/Map/伊丽川/伊丽川野外营地子副本.lua
nonzero_camp	771	伊丽川_突骑施_低级212	突骑施营地·玄字叁号	1	1500	1	1	2	0	0	128	0	1	1	0	0	0	16	0	0	0	0	131	0	0	1						0	0	0	data\source\maps\伊丽川\伊丽川.jsonmap	scripts/Map/伊丽川/伊丽川野外营地子副本.lua
nonzero_camp	772	伊丽川_踏实力_低级213	踏实力苍狼营营地·玄字玖号	1	1500	1	1	2	0	0	128	0	1	1	0	0	0	16	0	0	0	0	131	0	0	1						0	0	0	data\source\maps\伊丽川\伊丽川.jsonmap	scripts/Map/伊丽川/伊丽川野外营地子副本.lua
nonzero_camp	773	伊丽川_吐蕃军队_低级215	吐蕃掠锋营营地·玄字叁号	1	1500	1	1	2	0	0	128	0	1	1	0	0	0	16	0	0	0	0	131	0	0	1						0	0	0	data\source\maps\伊丽川\伊丽川.jsonmap	scripts/Map/伊丽川/伊丽川野外营地子副本.lua
nonzero_camp	774	伊丽川_突骑施_低级217	突骑施营地·玄字贰号	1	1500	1	1	2	0	0	128	0	1	1	0	0	0	16	0	0	0	0	131	0	0	1						0	0	0	data\source\maps\伊丽川\伊丽川.jsonmap	scripts/Map/伊丽川/伊丽川野外营地子副本.lua
nonzero_camp	775	伊丽川_吐蕃僧_中级219	莲花会营地·地字贰号	1	1500	1	1	2	0	0	128	0	1	1	0	0	0	16	0	0	0	0	131	0	0	1						0	0	0	data\source\maps\伊丽川\伊丽川.jsonmap	scripts/Map/伊丽川/伊丽川野外营地子副本.lua
nonzero_camp	776	伊丽川_星宿派_高级225	星宿宗营地·天字壹号	1	1500	1	1	2	0	0	128	0	1	1	0	0	0	16	0	0	0	0	131	0	0	1						0	0	0	data\source\maps\伊丽川\伊丽川.jsonmap	scripts/Map/伊丽川/伊丽川野外营地子副本.lua
nonzero_camp	777	伊丽川_吐蕃军队_中级1	吐蕃掠锋营营地·地字贰号	1	1500	1	1	2	0	0	128	0	1	1	0	0	0	16	0	0	0	0	131	0	0	1						0	0	0	data\source\maps\伊丽川\伊丽川.jsonmap	scripts/Map/伊丽川/伊丽川野外营地子副本.lua
nonzero_camp	778	伊丽川_吐蕃军队_高级1	吐蕃掠锋营营地·天	1	1500	1	1	2	0	0	128	0	1	1	0	0	0	16	0	0	0	0	131	0	0	1						0	0	0	data\source\maps\伊丽川\伊丽川.jsonmap	scripts/Map/伊丽川/伊丽川野外营地子副本.lua
nonzero_camp	779	伊丽川_吐蕃军队_低级1	吐蕃掠锋营营地·玄字伍号	1	1500	1	1	2	0	0	128	0	1	1	0	0	0	16	0	0	0	0	131	0	0	1						0	0	0	data\source\maps\伊丽川\伊丽川.jsonmap	scripts/Map/伊丽川/伊丽川野外营地子副本.lua
nonzero_camp	780	伊丽川_摩罗道_中级1	摩罗道营地·地字壹号	1	1500	1	1	2	0	0	128	0	1	1	0	0	0	16	0	0	0	0	131	0	0	1						0	0	0	data\source\maps\伊丽川\伊丽川.jsonmap	scripts/Map/伊丽川/伊丽川野外营地子副本.lua
nonzero_camp	781	伊丽川_摩罗道_高级1	摩罗道营地·天字壹号	1	1500	1	1	2	0	0	128	0	1	1	0	0	0	16	0	0	0	0	131	0	0	1						0	0	0	data\source\maps\伊丽川\伊丽川.jsonmap	scripts/Map/伊丽川/伊丽川野外营地子副本.lua
nonzero_camp	782	伊丽川_突骑施_中级1	突骑施营地·地字壹号	1	1500	1	1	2	0	0	128	0	1	1	0	0	0	16	0	0	0	0	131	0	0	1						0	0	0	data\source\maps\伊丽川\伊丽川.jsonmap	scripts/Map/伊丽川/伊丽川野外营地子副本.lua
nonzero_camp	783	伊丽川_突骑施_高级1	突骑施营地·天字壹号	1	1500	1	1	2	0	0	128	0	1	1	0	0	0	16	0	0	0	0	131	0	0	1						0	0	0	data\source\maps\伊丽川\伊丽川.jsonmap	scripts/Map/伊丽川/伊丽川野外营地子副本.lua
nonzero_camp	784	伊丽川_绣骨寺_高级1	绣骨寺营地·天字壹号	1	1500	1	1	2	0	0	128	0	1	1	0	0	0	16	0	0	0	0	131	0	0	1						0	0	0	data\source\maps\伊丽川\伊丽川.jsonmap	scripts/Map/伊丽川/伊丽川野外营地子副本.lua
nonzero_camp	785	伊丽川_哮蛮谷	伊丽川_哮蛮谷	1	1500	1	1	5	0	0	128	0	1	1	0	0	0	16	0	0	0	0	131	0	0	1						0	0	0	data\source\maps\伊丽川\伊丽川.jsonmap	scripts/Map/伊丽川/伊丽川哮蛮谷子副本.lua
nonzero_camp	786	个人家园_伊丽川	雪岭镜湖	0	1	1	1200	10	1	0	0	0	1	0	0	0	0	16	0	0	0	0	0	0	1	1	0					0	1	0	data\source\maps\个人家园_伊丽川\个人家园_伊丽川.jsonmap	
nonzero_camp	787	伊丽川_刺客信条_弓月城	弓月城·幻境	1	2048	1	1	2	0	0	128	0	1	1	0	0	0	16	0	0	0	0	131	0	0	1						0	0	0	data\source\maps\伊丽川\伊丽川.jsonmap	scripts/Map/ACT_刺客信条/伊丽川弓月城子副本.lua
nonzero_camp	788	昆仑_北茫山营地	昆仑_北茫山营地	1	2048	1	1	5	0	0	128	0	1	1	0	0	0	16	0	0	0	0	131	0	0	1						0	0	0	data\source\maps\昆仑\昆仑.jsonmap	scripts/Map/ACT_场景预热/2026副本前置/昆仑北茫山子副本.lua
nonzero_camp	789	英雄志_唐简_归家	英雄志_唐简_归家	1	4096	1	1	2	0	0	128	0	1	1	0	0	0	16	0	0	0	0	131	0	0	1						0	0	0	data\source\maps\英雄志_唐简_归家\英雄志_唐简_归家.jsonmap	scripts/Map/英雄志/唐简/归家/英雄志_唐简_归家.lua
nonzero_camp	790	扬刀大会_擎霄山	扬刀大会·擎霄山	2	2048	1	10	2	0	0	8	2	4	0	0	0	0	1	0	0	0	0	8	0	0	1	0		1	7		0	0	0	data\source\maps\扬刀大会_擎霄山\扬刀大会_擎霄山.jsonmap	
nonzero_camp	793	阆风悬城	阆风悬城	1	1500	1	10	5	0	0	128	0	1	1	0	0	0	16	0	0	0	0	128	0	0	1						0	0	0	data\source\maps\阆风悬城\阆风悬城.jsonmap	
nonzero_camp	794	25人普通阆风悬城	25人普通阆风悬城	1	1024	1	25	10	0	0	128	0	1	1	0	0	0	16	0	0	0	0	128	0	0	1						0	0	0	data\source\maps\阆风悬城\阆风悬城.jsonmap	
nonzero_camp	795	25人英雄阆风悬城	25人英雄阆风悬城	1	1024	1	25	10	0	0	128	0	1	1	0	0	0	16	0	0	0	0	128	0	0	1						0	0	0	data\source\maps\阆风悬城\阆风悬城.jsonmap	
nonzero_camp	796	JX3_StandardEnv_002_VgTest	JX3_StandardEnv_002_VgTest	0	1	1	1200	10	1	0	0	0	4	0	0	0	0	16	0	0	0	0	0	0	1	1	0					1	1	5	data\whitebox_k\jx3\map\JX3_StandardEnv_002_VgTest\JX3_StandardEnv_002_VgTest.jsonmap	
nonzero_camp	797	界面使用场景	林间小屋	0	10	1	1000	10	1	0	0	0	1	0	0	0	0	16	0	0	0	0	0	0	0	1	0					0	0	0	data/source/maps/界面使用场景/界面使用场景.jsonmap	scripts/Map/界面使用场景/界面使用场景.lua
nonzero_camp	798	JX3_StandardEnv_Water	JX3_StandardEnv_Water	0	1	1	1200	10	1	0	0	0	4	0	0	0	0	16	0	0	0	0	0	0	1	1	0					1	1	5	data\whitebox_k\jx3\map\JX3_StandardEnv_Water\JX3_StandardEnv_Water.jsonmap	
nonzero_camp	799	成都小区域_清明节活动	成都小区域_清明节活动	1	2048	1	1	5	0	0	129	0	1	1	0	0	0	16	0	0	0	0	131	0	0	1						0	0	0	data\source\maps\成都\成都.jsonmap	scripts/Map/成都小区域_清明节活动/成都小区域_清明节活动.lua
nonzero_camp	801	ACT_大富翁	大富翁	2	1024	1	4	1	0	160	0	0	5	0	0	0	0	16	0	0	0	0	256	0	0	1	0		1	7		0	0	0	data\source\maps\ACT_大富翁\ACT_大富翁.jsonmap	
nonzero_camp	804	阆风悬城_元心殿	阆风悬城·元心殿	1	1024	1	25	10	0	0	128	0	1	1	0	0	0	16	0	0	0	0	128	0	0	1						0	0	0	data\source\maps\阆风悬城_元心殿\阆风悬城_元心殿.jsonmap	scripts/Map/挑战阆风悬城/挑战阆风悬城.lua
nonzero_camp	806	洛阳城西	洛阳城西	0	1	1	1200	10	1	0	0	0	1	0	0	1	1	16	1	0	0	0	0	0	1	1						1	1	0	data\source\maps\洛阳城西\洛阳城西.jsonmap	scripts/Map/洛阳城西/洛阳城西.lua
nonzero_camp	807	欢乐谷	鹅鸭大游园	2	1024	1	10	1	0	160	0	2	1	1	0	0	0	16	0	0	0	0	128	0	0	1			1			0	0	0	data\source\maps\欢乐谷\欢乐谷.jsonmap	scripts/Map/ACT_三方杀/ACT_三方杀.lua
nonzero_camp	817	阆风悬城_寒刃铸心	阆风悬城_寒刃铸心	1	1500	1	1	2	0	0	128	0	1	1	0	0	0	16	0	0	0	0	131	0	0	1						0	0	0	data\source\maps\阆风悬城\阆风悬城.jsonmap	scripts/Map/阆风悬城/阆风悬城子副本通用.lua
nonzero_camp	995	八荒衡鉴_仙踪林	八荒衡鉴·仙踪林	1	1500	1	3	2	0	0	130	0	1	1	0	0	0	16	0	0	0	0	131	0	0	1	0					0	1	0	data\source\maps\八荒衡鉴_仙踪林\八荒衡鉴_仙踪林.jsonmap	
